{"type":"FeatureCollection","features":[{"type":"Feature","properties":{"nombre":"México","nivel":"nacional"},"geometry":{"type":"MultiPolygon","coordinates":[[[[-114.73398657799999,18.371696426435044],[-114.72679526599995,18.366647588435125],[-114.726172718,18.368070384435132],[-114.72250317199996,18.36596669543516],[-114.71553319999998,18.36774809743513],[-114.705936821,18.366867948435136],[-114.69776607999994,18.369543433435062],[-114.69545702699997,18.36826108543514],[-114.69371338599997,18.371437005435048],[-114.690567511,18.371306968435025],[-114.68489340800001,18.36753365943512],[-114.68050216599995,18.361308419435296],[-114.69836840799998,18.345159229435705],[-114.70245885699998,18.34895801243564],[-114.70943123999996,18.350457446435584],[-114.71210809099995,18.34839180943565],[-114.72148499399998,18.346117750435706],[-114.721304312,18.34458298743575],[-114.72500128999997,18.34293515743577],[-114.72535515000001,18.344707546435725],[-114.72360068799998,18.34532522143571],[-114.72441398099994,18.347166740435636],[-114.73083136199993,18.348784430435646],[-114.73309231699999,18.345095473435737],[-114.73230126799994,18.34227878143579],[-114.73509509099995,18.34106795043585],[-114.73593929799995,18.3428346794358],[-114.73746048599997,18.341335463435826],[-114.74114552499998,18.344014146435757],[-114.752103047,18.338863909435876],[-114.75843910399999,18.34405623743577],[-114.75950078699998,18.348147591435616],[-114.75562574899998,18.366540473435137],[-114.75237288799998,18.366855859435137],[-114.75095567199998,18.368630824435076],[-114.74943090599997,18.366453344435136],[-114.74799003699995,18.36679226543516],[-114.73928367599996,18.372219460435012],[-114.73398657799999,18.371696426435044]]],[[[-115.76606286699999,24.958785821277576],[-115.76561144699996,24.958515954277594],[-115.76595343699995,24.95827759827759],[-115.76606286699999,24.958785821277576]]],[[[-115.76472321699998,24.959031574277574],[-115.76430425099996,24.958978900277557],[-115.764407143,24.958825722277606],[-115.76472321699998,24.959031574277574]]],[[[-115.76490691999997,24.961143255277555],[-115.76485064099995,24.96091724627755],[-115.76500145399996,24.960998682277562],[-115.76490691999997,24.961143255277555]]],[[[-114.29295002799995,27.109820114234083],[-114.29314789299997,27.106985071234142],[-114.29082572299995,27.10558980123417],[-114.29068903599996,27.10238919523423],[-114.28900845999999,27.10130834223423],[-114.29095630299999,27.09826911923431],[-114.29531501499997,27.10149861623426],[-114.294033744,27.103669093234217],[-114.29511114699994,27.109063902234105],[-114.29295002799995,27.109820114234083]]],[[[-114.29396979799998,27.112971441234038],[-114.29349933099996,27.112228375234068],[-114.29417408399998,27.11278978323401],[-114.29396979799998,27.112971441234038]]],[[[-114.37555619199998,27.150733825233328],[-114.37109120499997,27.14785327523335],[-114.37245770299995,27.14518285723342],[-114.37477071099995,27.147339262233366],[-114.38013367199996,27.144626444233403],[-114.38475314499999,27.14595434323342],[-114.37631035599998,27.147914111233337],[-114.37555619199998,27.150733825233328]]],[[[-114.71039943699998,27.51397248922642],[-114.71096394399996,27.5136296162264],[-114.711142608,27.513879948226396],[-114.71039943699998,27.51397248922642]]],[[[-114.70984757099997,27.515013655226387],[-114.70952940699999,27.51464339622637],[-114.71001708199996,27.514690396226374],[-114.70984757099997,27.515013655226387]]],[[[-114.71113944999995,27.515879806226348],[-114.71073770999998,27.515442291226368],[-114.711233833,27.515528015226398],[-114.71113944999995,27.515879806226348]]],[[[-114.21312754999997,27.751150619221924],[-114.21706157999995,27.755892599221855],[-114.22005283,27.75509741922185],[-114.20792488999997,27.744918149222066],[-114.20663245099998,27.74055501922214],[-114.20234634999997,27.73766945922221],[-114.19948901999999,27.73315864922229],[-114.18889887999995,27.72698831922238],[-114.18521395,27.721336779222504],[-114.20349085999999,27.7317153092223],[-114.21106948999994,27.734695109222283],[-114.21469769,27.733471249222262],[-114.21560308000001,27.735865219222234],[-114.21869168999997,27.737555749222228],[-114.21539251999998,27.739188909222175],[-114.21640250999997,27.741132939222144],[-114.21944368,27.74033059922214],[-114.22835836999997,27.74586145922207],[-114.22814933999996,27.743470909222086],[-114.22369862999996,27.739675939222156],[-114.22331573999998,27.736640599222213],[-114.23044165999995,27.73942154922215],[-114.23402956999998,27.738537569222203],[-114.23945127999998,27.741760709222124],[-114.24685064999994,27.743071509222105],[-114.24988031999999,27.748274119222028],[-114.24755515,27.751018199221928],[-114.24856499999999,27.75547004922186],[-114.23974709,27.7553267792219],[-114.23681413999998,27.753866779221912],[-114.23757973999994,27.75196791922191],[-114.23309930999996,27.74941721922199],[-114.23599593999995,27.753789649221883],[-114.23384176999997,27.75654184922188],[-114.23435568999999,27.7537872192219],[-114.22984385999996,27.74977736922198],[-114.23087761999996,27.752137629221924],[-114.22788818,27.750133109221952],[-114.22590441999996,27.751215519221972],[-114.22725583,27.75267347922191],[-114.22530210999997,27.75381257922189],[-114.22833533999994,27.75614594922188],[-114.22677488999996,27.758346059221825],[-114.22932545999998,27.7596282592218],[-114.23098267999997,27.756660829221833],[-114.23281967999998,27.759088769221815],[-114.23024430999999,27.764991599221656],[-114.22804025099998,27.760399519221803],[-114.22594971999996,27.759654289221814],[-114.22880228999998,27.76211896922177],[-114.22606867999997,27.764791859221706],[-114.22401997999998,27.76128513922174],[-114.22110861999994,27.76006397922178],[-114.22578082999998,27.76523324922169],[-114.22806694999998,27.764340079221714],[-114.22669636999996,27.767902979221603],[-114.21312754999997,27.751150619221924]]],[[[-114.17941828000001,27.767793649221623],[-114.17539416999996,27.7695053692216],[-114.16596747999995,27.76338231922173],[-114.16482914999995,27.754884549221863],[-114.15902317999998,27.74535919922205],[-114.16023108999998,27.740880169222113],[-114.16403227999997,27.744068999222055],[-114.16463823,27.742192829222137],[-114.15125216999996,27.729398249222335],[-114.14978901999997,27.724665569222477],[-114.14600211999999,27.72143628922249],[-114.15024914999998,27.722997879222454],[-114.15424707999996,27.728283539222396],[-114.16283141999999,27.733726349222252],[-114.17308539999999,27.743574629222103],[-114.17717856999997,27.748418289222016],[-114.17973719999999,27.757167379221837],[-114.18201128999999,27.755835169221886],[-114.18221942999998,27.752214169221933],[-114.18341031999996,27.75280010922193],[-114.18446182999998,27.767846689221642],[-114.17988010999996,27.769447539221613],[-114.17929262999996,27.766146619221647],[-114.17941828000001,27.767793649221623]]],[[[-115.21360226899996,27.896275719219258],[-115.20196786999999,27.89013572621934],[-115.198637004,27.88658923521946],[-115.19088664699999,27.885470132219464],[-115.18259984599997,27.87583323321961],[-115.17167807999999,27.874131680219666],[-115.168920218,27.87188435621971],[-115.16211394199999,27.870381821219755],[-115.16026642699994,27.86272382821987],[-115.16631235999995,27.852784998220063],[-115.17068580899995,27.852475668220073],[-115.17111078099998,27.85033225022011],[-115.17501515899994,27.848391085220136],[-115.17830009599999,27.849656831220123],[-115.17599392399995,27.85228560922005],[-115.17658029199998,27.856401398219997],[-115.18282369900002,27.860622214219905],[-115.18003698499997,27.86003201521993],[-115.17885617899998,27.86388376821984],[-115.18175327399997,27.867896035219772],[-115.18471210199999,27.869177965219762],[-115.18904538799995,27.876267429219617],[-115.19226329199998,27.87629425321964],[-115.19573859599997,27.880758072219525],[-115.21319721699996,27.884261429219453],[-115.218945884,27.88843520721938],[-115.22005072699994,27.892790642219342],[-115.21667415299999,27.89628999621925],[-115.21360226899996,27.896275719219258]]],[[[-115.22369801499998,27.89401888021932],[-115.22298193899995,27.892641815219307],[-115.22429992399996,27.893564587219316],[-115.22369801499998,27.89401888021932]]],[[[-114.11599662999998,28.094501969215617],[-114.11680602999996,28.096254149215575],[-114.11594411999995,28.09295799921566],[-114.11783432099998,28.087177549215728],[-114.12052985999999,28.089631689215683],[-114.12173750999995,28.094769139215597],[-114.11788494999998,28.09689025921557],[-114.11526407999997,28.096090459215556],[-114.11599662999998,28.094501969215617]]],[[[-115.21637175499995,28.37776534521045],[-115.21272047199993,28.375193743210513],[-115.21319289799997,28.372961403210525],[-115.21191038499997,28.372305077210587],[-115.20678884399996,28.37305055421056],[-115.206353591,28.366503383210674],[-115.20409969899997,28.364484167210705],[-115.19770785799994,28.365494108210687],[-115.19726051899997,28.36180689521078],[-115.19416531599998,28.361692681210776],[-115.19515136499997,28.35853085321079],[-115.19384741999995,28.354293509210887],[-115.19596609199999,28.348382928210967],[-115.19382838499996,28.343009153211103],[-115.19591279199997,28.33825403821117],[-115.19528271099995,28.332265411211253],[-115.19273002499993,28.32960041421136],[-115.19133280600002,28.323276759211453],[-115.18622553099998,28.3147316382116],[-115.17662202599995,28.310197337211648],[-115.174141676,28.306159868211765],[-115.17596148799998,28.298399018211892],[-115.17401413699999,28.288766960212094],[-115.17030979199995,28.28425169521217],[-115.17066956699996,28.28001815821224],[-115.16556038799997,28.26965132221242],[-115.16584973,28.26444886821249],[-115.16377483999999,28.260417110212575],[-115.17013085699993,28.243656186212903],[-115.17327555199995,28.226249953213188],[-115.173589641,28.214937044213418],[-115.16957691799998,28.202371586213665],[-115.15979447799998,28.192238889213836],[-115.15992963099994,28.186568158213927],[-115.15639660799995,28.17934982521409],[-115.158323019,28.17545322021414],[-115.15664739599998,28.16604631421432],[-115.16051317999998,28.15042427421457],[-115.15756898199999,28.14410432221472],[-115.159202468,28.1378367962148],[-115.16464831199997,28.13102794621496],[-115.17476223899996,28.12382462721509],[-115.17695515099997,28.11727825321518],[-115.18287905699998,28.111799782215275],[-115.18625788999998,28.105375238215423],[-115.18586575599996,28.09903635421555],[-115.18244906599996,28.096015948215584],[-115.18284569499998,28.09472189921558],[-115.18283392499994,28.096068599215556],[-115.18520748900002,28.09746417121556],[-115.18564340999997,28.094349959215606],[-115.18344800899996,28.093764286215617],[-115.18528775799997,28.094127745215584],[-115.18765238799995,28.090459158215666],[-115.187960752,28.086622108215778],[-115.18145137999994,28.069466316216054],[-115.18877360099997,28.06000811321621],[-115.18952514899996,28.054979704216333],[-115.18729914399997,28.04846043421644],[-115.18536892499996,28.04534619521648],[-115.18347863499997,28.047257619216467],[-115.18527293399995,28.045228305216526],[-115.18420584399995,28.043779558216517],[-115.18205491599998,28.04458853321654],[-115.18142171199997,28.042873892216544],[-115.18341521099995,28.043080972216533],[-115.18088221299995,28.040591081216597],[-115.18555550699995,28.037064716216683],[-115.18534227499998,28.031360675216785],[-115.18797519499998,28.03124543221676],[-115.18872681999993,28.034105622216735],[-115.19632967399997,28.038084080216667],[-115.21002335299997,28.039519371216592],[-115.21590538099998,28.03658192721665],[-115.216139163,28.033407131216713],[-115.22094507899999,28.035388032216698],[-115.22381827799995,28.033928233216695],[-115.22510675599997,28.031879517216737],[-115.22386824699997,28.0310461112168],[-115.22983593500001,28.02953277321683],[-115.23268414999998,28.02987541621678],[-115.23256101299995,28.034481457216735],[-115.23958666799999,28.035598737216677],[-115.24567100999998,28.03395101621671],[-115.24487508099998,28.034870083216678],[-115.24657044599998,28.03577844221665],[-115.25119790299999,28.035398323216665],[-115.25144417699997,28.03699018321665],[-115.25536850400002,28.03749879221665],[-115.25568437699997,28.04012928721662],[-115.25218121599994,28.041094753216562],[-115.25214373899995,28.043198791216557],[-115.25701027999999,28.050734697216402],[-115.25930170099997,28.06047383121625],[-115.26545590499998,28.072879037216],[-115.27827102099997,28.086714481215747],[-115.28951280599993,28.092758563215654],[-115.30688629499996,28.094759322215612],[-115.31327875399997,28.09252462521565],[-115.312910635,28.091373108215688],[-115.31800277999999,28.09116574121566],[-115.31953753199996,28.087061171215765],[-115.32076711899998,28.088515617215695],[-115.32279382499998,28.08611497821576],[-115.32560808299998,28.08725855921575],[-115.32676990399995,28.085693814215794],[-115.32734585499998,28.08690876221575],[-115.33425449899995,28.08621848521577],[-115.33652807399994,28.082010051215835],[-115.33867843299998,28.081729911215856],[-115.33840431899993,28.079300006215867],[-115.33981486399995,28.07883743921587],[-115.34210378599994,28.081042842215837],[-115.34375453800001,28.07998993121587],[-115.34357072399996,28.075009124215978],[-115.34537851999997,28.074297070215977],[-115.35071032999996,28.074090100215965],[-115.35968026999998,28.080990910215878],[-115.35645657599996,28.080342745215855],[-115.35572846099996,28.08247141121585],[-115.35839821599997,28.084160352215818],[-115.35426794799997,28.084942719215803],[-115.35514025799995,28.08569796021578],[-115.35282599499999,28.087693852215764],[-115.352973402,28.09128588621563],[-115.35594475399994,28.091730251215655],[-115.35371579399998,28.092263845215633],[-115.35220781099997,28.09516024421559],[-115.35359456099998,28.10260908721547],[-115.35501795399993,28.103558492215424],[-115.35405569999996,28.104792004215394],[-115.356144391,28.10697492221539],[-115.352229702,28.108155611215373],[-115.35390722199998,28.110255723215328],[-115.351711455,28.115757275215238],[-115.35296424099995,28.117236704215173],[-115.34633910799994,28.117161573215228],[-115.34631233899995,28.11934413421516],[-115.33808713699997,28.121198329215083],[-115.33806036799996,28.123898422215092],[-115.33502477099995,28.122836587215083],[-115.33365777099999,28.12576510921501],[-115.33093626199995,28.12622910421503],[-115.32790244899998,28.129842910214936],[-115.32634985099996,28.12937177721499],[-115.31624546999997,28.13784146921484],[-115.28349260299996,28.1727520792142],[-115.28012864000002,28.178685860214102],[-115.275804565,28.182330005213977],[-115.27499614299997,28.185685045213955],[-115.27051859199997,28.188017511213907],[-115.27033477899992,28.191181600213824],[-115.26833246199999,28.190708682213828],[-115.26887319499995,28.191795501213825],[-115.26479539299999,28.194586608213786],[-115.263290979,28.19828607521371],[-115.25644027299995,28.202979027213647],[-115.25605631599994,28.205956976213553],[-115.25395584699997,28.205578642213556],[-115.24295461099996,28.220903824213295],[-115.24490973099996,28.22679570021322],[-115.24059350799996,28.22699004321319],[-115.23803511099997,28.231896967213107],[-115.24116315099997,28.23503928421302],[-115.24047786299998,28.23908302421299],[-115.24595871599996,28.24364389121286],[-115.24548172,28.245880532212855],[-115.24871127699997,28.25020210121278],[-115.247882841,28.25140435221276],[-115.25250318599996,28.25644069121267],[-115.25384377399995,28.261157735212553],[-115.25305160099998,28.26515238221249],[-115.25470037999996,28.266237408212472],[-115.25397654800001,28.26935117121241],[-115.25794120599998,28.273434326212374],[-115.25377381799996,28.286159207212144],[-115.25834391599994,28.291072047212023],[-115.26441000899999,28.29404141021195],[-115.26159671600001,28.294678037211945],[-115.26248443,28.297595254211892],[-115.26074184999999,28.29901820621191],[-115.26289003399995,28.300125092211893],[-115.25913404299997,28.30087100021188],[-115.25710483799998,28.29909306721188],[-115.25755739899996,28.302108794211815],[-115.25626536500002,28.303412265211822],[-115.25742463799997,28.304773316211804],[-115.25408603299996,28.3041387162118],[-115.25513464499996,28.31090090421166],[-115.24956289899997,28.311588093211668],[-115.24926023100001,28.31492504921161],[-115.24771649099996,28.315711686211557],[-115.24958764499995,28.318707440211554],[-115.24736360399999,28.319739976211498],[-115.24696405099998,28.32221095821149],[-115.247865867,28.326241765211414],[-115.249426794,28.3268699432114],[-115.24779227599998,28.326677873211374],[-115.24795627400002,28.328818839211348],[-115.24592718900001,28.32902228321138],[-115.24946724399994,28.334262928211224],[-115.24809429500002,28.335293235211207],[-115.25159448299999,28.33666380421121],[-115.250452341,28.33987607721113],[-115.24283308199995,28.34029096821111],[-115.23994702099998,28.342436377211104],[-115.24242403999995,28.34626017121101],[-115.24083481699994,28.348098108210994],[-115.24146959599996,28.34980454221098],[-115.24570293699996,28.351111892210945],[-115.24576004399998,28.354269436210863],[-115.243056977,28.35318916121088],[-115.24208377699993,28.35633480921087],[-115.23974999599994,28.35548007121085],[-115.235894799,28.361388784210735],[-115.22959398599994,28.36248333621075],[-115.23015553899998,28.3643179002107],[-115.22840104899996,28.366216647210646],[-115.23136192599999,28.36925052321061],[-115.22917044199994,28.372624599210557],[-115.22361782999998,28.374083810210525],[-115.22196646299996,28.376817725210493],[-115.21637175499995,28.37776534521045]]],[[[-115.54246589199994,28.30695971121174],[-115.53687804899994,28.304977061211755],[-115.53837753499994,28.301939144211843],[-115.53682573299994,28.30022376421188],[-115.53943579099997,28.29873632821191],[-115.53848488799997,28.2974607862119],[-115.54126071299999,28.296305434211963],[-115.54036484299996,28.295544312211952],[-115.54366509999994,28.291374949212006],[-115.54562233799999,28.29383483721199],[-115.54394268399996,28.295186730211963],[-115.54794026899998,28.297533187211904],[-115.54590981499996,28.30199982121181],[-115.549556501,28.302587905211812],[-115.54985531199999,28.304465930211784],[-115.54742679599998,28.311301486211647],[-115.54434988999996,28.31147293821167],[-115.54246589199994,28.30695971121174]]],[[[-115.59151847299997,28.316863156211575],[-115.58657953299996,28.308610142211734],[-115.58497774100003,28.306934389211726],[-115.58352836099999,28.30797628621171],[-115.58263172999997,28.305718710211764],[-115.57856171299997,28.30641541921176],[-115.57894004699993,28.308405243211695],[-115.57528930999997,28.31093214321166],[-115.57555520099997,28.308665237211716],[-115.57392890199999,28.30794124821174],[-115.57590758099997,28.302256511211812],[-115.57993013199996,28.302060156211816],[-115.57863701499997,28.299107391211887],[-115.57891779099998,28.297509925211894],[-115.58095267499999,28.29769021321192],[-115.58074051999994,28.295746619211936],[-115.58280737199998,28.299216000211885],[-115.58530635299996,28.296641361211922],[-115.58800636999997,28.297281286211906],[-115.59054929099999,28.295167665211956],[-115.59176105899998,28.299376344211865],[-115.593891424,28.297101455211934],[-115.596623439,28.29694797621193],[-115.59823057999995,28.298989647211865],[-115.59939815699994,28.298151276211897],[-115.60644857999998,28.300203893211858],[-115.60419624099995,28.30550598921174],[-115.60175134499997,28.305641618211745],[-115.60356373499995,28.309494021211666],[-115.60151756299996,28.311511154211683],[-115.60135873399997,28.315929813211586],[-115.59762892799995,28.314130940211587],[-115.59733446999995,28.316042242211555],[-115.59151847299997,28.316863156211575]]],[[[-115.57148369199997,28.31166461721167],[-115.56698906599996,28.313530848211645],[-115.56092819599996,28.308084562211743],[-115.57057288699997,28.308278838211688],[-115.57344564299996,28.313542551211633],[-115.57148369199997,28.31166461721167]]],[[[-114.27707938900001,28.670560098205232],[-114.277664932,28.668690726205277],[-114.27937948999994,28.66934559920524],[-114.27864064099998,28.67043297920522],[-114.27707938900001,28.670560098205232]]],[[[-114.27856973699994,28.69348371420485],[-114.27967753200001,28.692568442204816],[-114.28085593499999,28.693300244204817],[-114.28028887299998,28.694025140204808],[-114.27856973699994,28.69348371420485]]],[[[-114.35227943999998,28.76783819720351],[-114.35112855899997,28.767146759203534],[-114.35240830299996,28.7672696302035],[-114.35227943999998,28.76783819720351]]],[[[-114.61627686099997,28.965449749200033],[-114.61573230399995,28.96553319120005],[-114.61597306099998,28.96519653020006],[-114.61627686099997,28.965449749200033]]],[[[-113.513037883,29.003095101199367],[-113.507728919,29.001139012199413],[-113.50198195200001,28.993975595199533],[-113.50484973799996,28.991690141199566],[-113.50889133599998,28.993244285199548],[-113.51144391599996,28.98871966819961],[-113.51696266199997,28.993835287199555],[-113.51536982399996,28.99944274919946],[-113.51298120599995,28.998676636199473],[-113.51230111299999,28.999838714199456],[-113.51546741099999,29.00212661019939],[-113.513037883,29.003095101199367]]],[[[-113.51857837399996,28.997859403199474],[-113.51879304499994,28.996533082199477],[-113.51808239299999,28.995122527199495],[-113.52070758699995,28.9970387801995],[-113.51857837399996,28.997859403199474]]],[[[-113.52110384799995,28.999427059199455],[-113.51998429699995,28.997904712199457],[-113.521243374,28.998403437199432],[-113.52110384799995,28.999427059199455]]],[[[-113.52393490499999,29.005460785199368],[-113.52130186299996,29.006932836199333],[-113.521287381,29.004845593199388],[-113.52431368199996,29.00160319119941],[-113.52393490499999,29.005460785199368]]],[[[-113.51083340499999,29.01152757519922],[-113.51406611899996,29.00973138619926],[-113.51593055799998,29.009857590199275],[-113.515047226,29.011660796199227],[-113.51083340499999,29.01152757519922]]],[[[-113.52502417099998,29.013318409199215],[-113.52415372099995,29.01176778619923],[-113.52499743699998,29.010720088199268],[-113.52502417099998,29.013318409199215]]],[[[-113.51391167499997,29.01629943319918],[-113.51079216699998,29.014066113199203],[-113.51109083600001,29.013363486199193],[-113.51635401499999,29.0134104961992],[-113.51391167499997,29.01629943319918]]],[[[-118.26191865899993,29.18331696019625],[-118.27055218299996,29.175037185196405],[-118.27365367899996,29.1630160781966],[-118.27798871299996,29.16193282719662],[-118.28238429699998,29.15776170719671],[-118.28819526199997,29.14442609119694],[-118.28745049099994,29.133062975197145],[-118.28157526499996,29.116524230197395],[-118.282387714,29.10860700219753],[-118.27682944199998,29.103730743197662],[-118.25353603299999,29.094654906197803],[-118.24812275899995,29.085714081197935],[-118.23755107899994,29.07231593519818],[-118.231772794,29.067985081198266],[-118.22806524899993,29.061989984198334],[-118.22291907799996,29.03828087519876],[-118.22452683399996,29.033645525198835],[-118.22336677199996,29.028333451198918],[-118.22432497799997,29.02534640219901],[-118.22146278399998,29.010782316199254],[-118.22517137199998,29.006938936199287],[-118.22968144199996,28.9954252751995],[-118.22989663399993,28.990353808199604],[-118.22736260499994,28.982827757199715],[-118.22900943399996,28.974950582199888],[-118.22096953999993,28.962565076200118],[-118.22430385999996,28.955812008200198],[-118.22421343999999,28.946127602200367],[-118.22760381399995,28.93698249720056],[-118.22858639,28.929516154200666],[-118.226319263,28.926397111200743],[-118.22794919399998,28.921766680200808],[-118.23855739699995,28.91528194120091],[-118.24076853999998,28.904476326201106],[-118.24552256299998,28.8947939372013],[-118.24822225499999,28.8935898122013],[-118.24823349599995,28.890998022201337],[-118.25026953799996,28.892013276201315],[-118.26094013999995,28.88347696520146],[-118.265451184,28.883866783201494],[-118.26829281599998,28.888552610201344],[-118.27049236499992,28.888952710201384],[-118.27665725599995,28.88503034020145],[-118.284152353,28.884349847201456],[-118.28759057599996,28.882023042201503],[-118.29196131699997,28.882346221201463],[-118.29374937700001,28.879574535201545],[-118.29574603199995,28.879482245201558],[-118.29695851099996,28.88114039920152],[-118.29460327599999,28.8826905122015],[-118.29607352000002,28.883420267201487],[-118.29565473499996,28.885311939201454],[-118.28611376799998,28.889334011201388],[-118.282820864,28.893321998201323],[-118.282507416,28.89624896520123],[-118.28227639599999,28.901148764201178],[-118.28660326499994,28.906684257201057],[-118.28591230099995,28.91057807920099],[-118.28780489299997,28.911140988200984],[-118.28598058100002,28.912358905200982],[-118.28741591299995,28.915415076200894],[-118.29307185099998,28.918961935200862],[-118.29247397199998,28.927708113200687],[-118.29841412799998,28.93574815620054],[-118.29404862099993,28.94385531020041],[-118.29418981899997,28.946279264200356],[-118.29742869100001,28.94884252520035],[-118.29819843899998,28.951660397200282],[-118.29294481799997,28.953017228200256],[-118.29092452799998,28.9676842432],[-118.29389620499995,28.972060785199908],[-118.30286891799994,28.971769740199928],[-118.31355387099995,28.98004100719979],[-118.312224526,28.98293678319975],[-118.30531927899995,28.98655919719968],[-118.30948376100001,28.998685160199432],[-118.306599584,29.00049841819943],[-118.30499547699998,29.00446377519933],[-118.30613417899997,29.009745791199258],[-118.31410204799994,29.019552835199104],[-118.31600851499998,29.026217758198992],[-118.31482515999996,29.030450364198877],[-118.317110878,29.03783644819877],[-118.31959223999995,29.039113289198756],[-118.32650495699993,29.04925968119859],[-118.33884529599997,29.05515700219846],[-118.33927614899993,29.05846554219844],[-118.34448524099999,29.062512467198378],[-118.343975722,29.065807568198316],[-118.345454541,29.06729036519828],[-118.35353126299998,29.07152278019819],[-118.36091710999997,29.072719649198184],[-118.36465445099998,29.07754686819809],[-118.36204922199997,29.082836777197997],[-118.36185126399994,29.09062661919783],[-118.35710737599999,29.094150965197777],[-118.35118987399994,29.114610060197442],[-118.35451259999998,29.122138658197287],[-118.353550632,29.12939533519721],[-118.35671700599994,29.131057313197147],[-118.357673339,29.137736044197045],[-118.36526321799994,29.146367579196898],[-118.36019849999997,29.151635523196774],[-118.34578659699999,29.16033769219664],[-118.34299595099998,29.16297240819662],[-118.34387220299998,29.16362486319659],[-118.33915527100001,29.16405036519657],[-118.33309678699997,29.169689629196494],[-118.32099171899995,29.169833875196474],[-118.31825058199998,29.172829314196452],[-118.318488728,29.175131232196406],[-118.31726036099998,29.173872590196446],[-118.31585143999997,29.17529503319639],[-118.30808417299994,29.170671156196505],[-118.29488862699998,29.17151443119645],[-118.28865406899996,29.180331121196293],[-118.27970589499995,29.180671797196297],[-118.27020158,29.188634271196168],[-118.26465310299994,29.190631225196118],[-118.260704085,29.18891043719617],[-118.26191865899993,29.18331696019625]]],[[[-113.512765727,29.062015295198332],[-113.51245642799995,29.061124722198365],[-113.51296449999995,29.061313000198346],[-113.512765727,29.062015295198332]]],[[[-113.52652406599998,29.095884713197783],[-113.50814284999996,29.09554199219776],[-113.50233691599999,29.090415986197836],[-113.50817894599999,29.08023774019807],[-113.50303094899999,29.07683023619808],[-113.50293920599997,29.073749512198148],[-113.50600799899998,29.069242758198254],[-113.504300361,29.067152675198244],[-113.50551657999996,29.063279127198314],[-113.499247649,29.054910673198467],[-113.50272519299995,29.049829122198567],[-113.49678010199995,29.047433115198587],[-113.49577688099998,29.0414044471987],[-113.48918258499998,29.037686173198768],[-113.49464759799997,29.0364695421988],[-113.50102430399996,29.03925453419875],[-113.50473209499995,29.039227050198768],[-113.50720410099996,29.04210675219868],[-113.503122524,29.045612286198626],[-113.50697464999998,29.04732133319862],[-113.50250213199996,29.04749630519859],[-113.50285159299995,29.04909475219861],[-113.50664550999994,29.049063530198584],[-113.50690238699998,29.047495879198603],[-113.51410623099999,29.0527947651985],[-113.51315933999997,29.05749025119842],[-113.50947121999997,29.059553993198392],[-113.509716987,29.061999442198346],[-113.51296545199995,29.06385955819831],[-113.51560177799998,29.070572412198196],[-113.51482523899996,29.076987332198076],[-113.52148808799997,29.080113940198036],[-113.52041530499999,29.077418757198117],[-113.51860122599999,29.077897798198062],[-113.51989071299994,29.077021614198078],[-113.52183596799996,29.078340823198083],[-113.52768356099995,29.09382687919781],[-113.52652406599998,29.095884713197783]]],[[[-113.52185183299997,29.069636055198206],[-113.51603904999996,29.067380093198256],[-113.514876776,29.06483327419832],[-113.51783600999994,29.06506675619831],[-113.52185183299997,29.069636055198206]]],[[[-113.52797989199996,29.098746578197737],[-113.52899691,29.096353500197765],[-113.53084581999997,29.09616615919775],[-113.53004240399997,29.09846209419773],[-113.52797989199996,29.098746578197737]]],[[[-113.60664216899994,29.16783060519652],[-113.60712161799997,29.166481572196552],[-113.60806109799995,29.16603868619652],[-113.60821394399996,29.168130977196537],[-113.60664216899994,29.16783060519652]]],[[[-113.55887499099998,29.546475061190094],[-113.56053612299996,29.549846465190036],[-113.55777375099996,29.554457224189942],[-113.55669836099997,29.552437871189948],[-113.55887499099998,29.546475061190094]]],[[[-113.56021053399996,29.561201493189806],[-113.56177989699997,29.55884423718985],[-113.55996995899996,29.55643243118989],[-113.56077357799997,29.55495107118992],[-113.56216693799996,29.560182471189837],[-113.56398731999997,29.552332927189966],[-113.57628026099997,29.546407050190073],[-113.57570258699997,29.549309273190012],[-113.57934271199997,29.560990826189823],[-113.56668882599996,29.566503356189713],[-113.56469341099995,29.56228759418979],[-113.56021053399996,29.561201493189806]]],[[[-113.53539089199995,29.564400793189765],[-113.53454040599998,29.561871505189796],[-113.53934621699995,29.56383901518974],[-113.54418102999995,29.563760593189738],[-113.54528794099997,29.565543510189727],[-113.53978270399995,29.566404768189695],[-113.53539089199995,29.564400793189765]]],[[[-115.499647027,29.614090785188946],[-115.50029045399998,29.614525029188894],[-115.49965739699998,29.615015740188888],[-115.499647027,29.614090785188946]]],[[[-115.79050034899997,29.79666911318587],[-115.78821403499995,29.79333227518593],[-115.79193556899997,29.788151767185994],[-115.795096576,29.786562382186027],[-115.793321674,29.789716908185984],[-115.79485851399997,29.792611517185936],[-115.79196429599997,29.79390553418593],[-115.79259979999995,29.79690576918583],[-115.79050034899997,29.79666911318587]]],[[[-114.38209999999998,29.822599999185474],[-114.37565470999999,29.811529090185644],[-114.36990699899997,29.80901720018568],[-114.369569749,29.806335420185682],[-114.37239999899998,29.805800000185744],[-114.37234485899995,29.809336489185675],[-114.37439202999997,29.810322650185615],[-114.37621082999999,29.809155880185635],[-114.37690722999999,29.811745950185596],[-114.3807,29.813099999185614],[-114.38578915,29.809824829185626],[-114.38949762,29.811258919185622],[-114.39019999899995,29.808499999185656],[-114.39229999999999,29.80979999918565],[-114.39096757999994,29.814210619185573],[-114.39198006,29.818632859185488],[-114.39626794999998,29.819161489185497],[-114.38727244999995,29.820266819185456],[-114.38209999999998,29.822599999185474]]],[[[-114.41931993199996,29.987529794182716],[-114.41121548199999,29.98457123818276],[-114.40662241700001,29.985287291182765],[-114.40195814399999,29.982755030182805],[-114.39883467699998,29.97893676618285],[-114.39581882499999,29.96656064718304],[-114.391686237,29.961844785183096],[-114.39171690699999,29.96068320418316],[-114.39716037899997,29.96088285518316],[-114.409427065,29.95549603518324],[-114.41531879899999,29.948657812183352],[-114.41129654399998,29.956022408183255],[-114.412371744,29.96095116718316],[-114.41307803899997,29.95996758118316],[-114.41755074999999,29.96298607218309],[-114.41957605,29.96240569618313],[-114.41866065499995,29.965659244183055],[-114.421545719,29.96465905318306],[-114.42371851499996,29.966960607183076],[-114.42333617699995,29.968928814183002],[-114.415626353,29.97513927118289],[-114.41578966799995,29.98150632318282],[-114.42006787599996,29.98505210418277],[-114.41931993199996,29.987529794182716]]],[[[-114.38927908799997,29.9947852061826],[-114.388882821,29.992049840182617],[-114.38700687099998,29.99196529718262],[-114.38957345899996,29.988682929182673],[-114.39087910299999,29.993438630182624],[-114.38927908799997,29.9947852061826]]],[[[-114.47509915099995,30.023644447182093],[-114.47329500399998,30.01421248118228],[-114.47498426099997,30.012954590182275],[-114.47555160899998,30.015850350182244],[-114.47995769699999,30.020241892182167],[-114.47509915099995,30.023644447182093]]],[[[-114.49130984699998,30.04726633418175],[-114.49125916199995,30.053339630181604],[-114.48924062799995,30.054718310181595],[-114.48651554399999,30.05124914818167],[-114.49130984699998,30.04726633418175]]],[[[-114.55379220099998,30.092852184180956],[-114.54013191499998,30.09225187418098],[-114.53599711399994,30.087187290181095],[-114.535182009,30.083257834181133],[-114.54177790699998,30.083467328181108],[-114.54186855799999,30.08579157018111],[-114.54556883699996,30.08667014718108],[-114.54691995399999,30.090389804180997],[-114.55393659099998,30.08979936618105],[-114.55379220099998,30.092852184180956]]],[[[-114.62724714999997,30.130386165180365],[-114.62556181499995,30.13103238018037],[-114.62685821499996,30.128941861180376],[-114.62724714999997,30.130386165180365]]],[[[-117.12449807799999,32.53425584114411],[-116.41424173999998,32.593795459143266],[-115.81255956999996,32.641193479142615],[-115.39472254,32.6724991691422],[-114.71971805999999,32.71865356914159],[-114.72914848,32.70539131914176],[-114.73425811,32.69147562914196],[-114.73763228999996,32.68909404914197],[-114.74610239999998,32.67596196914218],[-114.75015925999999,32.66167384914237],[-114.76231257999996,32.65158922914251],[-114.76464377999999,32.643168019142635],[-114.78142553999999,32.63255711914276],[-114.78543471999994,32.622369909142876],[-114.79037629,32.6211233991429],[-114.80221933999998,32.62528047914288],[-114.80594624999998,32.624114659142855],[-114.80791705999995,32.620353599142916],[-114.80903182999998,32.616885319142966],[-114.80797546,32.60621310914313],[-114.80604710999997,32.6007426891432],[-114.80318110999998,32.5989487391432],[-114.80131722000002,32.588350339143346],[-114.80706931999998,32.57358097914355],[-114.81107493999997,32.56831656914362],[-114.81225208,32.56223345914374],[-114.80819834999994,32.55926137914377],[-114.79494701899995,32.56103001914372],[-114.79206373999993,32.560004889143784],[-114.79181344999994,32.55784628914376],[-114.79510623000003,32.55200565914389],[-114.80431913999996,32.54433365914399],[-114.80321281999993,32.53000417914416],[-114.80501361999995,32.52567588914424],[-114.80996683099993,32.52373537914426],[-114.81055750999998,32.5218478891443],[-114.80780844999998,32.51031081914442],[-114.81307431999996,32.50293579914454],[-114.81357276999998,32.493913169144676],[-114.10996881999996,32.28159414914764],[-113.21020517999996,31.999977449151682],[-112.39403365999999,31.750068709155286],[-111.66742373999996,31.522094199158627],[-111.07500201999994,31.332569459161505],[-110.84757487999997,31.33373550916148],[-110.44332783,31.332347709161525],[-110.13323245999999,31.334133029161453],[-109.31236273999997,31.334188289161464],[-108.95697799999999,31.3322079391615],[-108.20847317,31.33336333916149],[-108.20837345999996,31.78375401915479],[-106.52852327999994,31.783817449154807],[-106.52840836999997,31.78162801915481],[-106.52250037999995,31.77515356915492],[-106.51266716699998,31.76941165015499],[-106.50998781999999,31.761486169155134],[-106.50653282999998,31.760909629155137],[-106.48754550899999,31.74771685915529],[-106.47319585999999,31.750479119155308],[-106.46631261999995,31.759885819155166],[-106.45092841999997,31.764368319155118],[-106.43640967999994,31.755644629155206],[-106.41679970899999,31.751556599155286],[-106.38126845999994,31.732335049155576],[-106.37795174899999,31.728440629155635],[-106.37206813999995,31.7125965791558],[-106.35021239899999,31.697494770156037],[-106.33397382999999,31.66282579915658],[-106.30316610999995,31.622314679157157],[-106.30251331799998,31.610818579157357],[-106.28851944999997,31.58722905915766],[-106.28040642999997,31.56229199915808],[-106.24718882999998,31.542805829158368],[-106.23634184999999,31.513188549158784],[-106.22384368999997,31.500111979158966],[-106.21959713999998,31.481547519159243],[-106.20813085999998,31.46758190915945],[-106.20136204999996,31.462927369159537],[-106.17458008999995,31.45524285915966],[-106.15855504999996,31.43849971915991],[-106.13241814999999,31.425183059160094],[-106.10831637999996,31.42262581916015],[-106.08019656999994,31.39860277916048],[-106.00478205999998,31.392655019160603],[-105.97145273999996,31.366610049161007],[-105.95351087999997,31.364094339161024],[-105.94527510999997,31.352095289161234],[-105.94785639999998,31.3405069991614],[-105.93782773999999,31.3182399091617],[-105.93171557999996,31.312817619161777],[-105.90773882999997,31.31236910916183],[-105.90294137999996,31.306098319161883],[-105.89665885999996,31.292966339162135],[-105.89329015,31.290383659162107],[-105.87613431999995,31.291757289162145],[-105.87033130999998,31.289715829162123],[-105.85899265999996,31.276349319162367],[-105.85338097999995,31.27214493916239],[-105.85113339999998,31.265871109162475],[-105.83613016999999,31.24724207916277],[-105.81781446099995,31.23016979916305],[-105.79488870999995,31.203073889163456],[-105.78327493999996,31.198151029163558],[-105.77974381999996,31.19100902916362],[-105.78035350999996,31.182984369163776],[-105.77257748999995,31.16620817916403],[-105.76333237999997,31.164273449164053],[-105.74189888999996,31.164707739164044],[-105.72035344999996,31.149752749164293],[-105.71824525999995,31.147240079164348],[-105.71705271999997,31.141204719164428],[-105.70932351,31.13628985916446],[-105.64828284999999,31.115390539164817],[-105.64233101999997,31.098497549165053],[-105.62704019999997,31.098200429165086],[-105.60414224999994,31.083268059165267],[-105.59884602999995,31.07530116916541],[-105.59563773999997,31.064660519165596],[-105.58844430999994,31.06024154916566],[-105.58501796999997,31.05589657916569],[-105.57987834999994,31.035729139166033],[-105.58123377999999,31.02741699916617],[-105.57893771999994,31.021243599166237],[-105.56966716999995,31.01700441916629],[-105.56866182999995,31.014532679166344],[-105.57039514999997,31.008699449166436],[-105.557586051,30.990049629166712],[-105.54321791999998,30.98479171916679],[-105.53809487999997,30.985913459166785],[-105.53295613999997,30.984637919166826],[-105.52773962999999,30.978827549166912],[-105.52215276999999,30.976198019166922],[-105.51793714999997,30.97100030916705],[-105.51633053999997,30.965464369167105],[-105.50284879999998,30.96800981916709],[-105.49458302,30.95756247916721],[-105.49434411999994,30.955898779167246],[-105.49726595,30.955084309167283],[-105.49929622999998,30.95078670916733],[-105.49390306,30.949115489167365],[-105.48987716999994,30.945675629167397],[-105.48847151999998,30.943261119167452],[-105.49188742999996,30.94351744916745],[-105.49152523,30.942302949167477],[-105.48954983,30.9409347691675],[-105.48636867999994,30.942201149167484],[-105.48248714,30.940920399167464],[-105.47871165099997,30.938579579167538],[-105.47643574999995,30.934326549167565],[-105.47110068899998,30.933687349167617],[-105.47119501999998,30.931264429167637],[-105.46784231,30.92938442916764],[-105.46719318,30.92479131916773],[-105.46498576999996,30.92577808916772],[-105.45186062999994,30.924409059167772],[-105.45199384999995,30.9204575691678],[-105.45462450999999,30.919015549167817],[-105.45318023,30.916154889167846],[-105.44713745999996,30.91936074916783],[-105.44504354999998,30.917618309167814],[-105.44498101999996,30.913482889167934],[-105.44156637999998,30.908406949167965],[-105.43028589000001,30.905657429168052],[-105.42538136999998,30.900870659168124],[-105.41620697999997,30.9002854791681],[-105.41376125000001,30.898596849168147],[-105.41085417999994,30.892099349168205],[-105.41237191,30.8888713791683],[-105.40412382999995,30.89214436916824],[-105.40009525999996,30.889383429168287],[-105.39943727999997,30.884343599168382],[-105.40447090899994,30.88015008916841],[-105.40031299999998,30.87663968916847],[-105.39445649,30.87671322916849],[-105.39166277999999,30.874232179168505],[-105.39520845,30.871409339168576],[-105.39395257999996,30.867392429168618],[-105.39605474999998,30.86459921916867],[-105.39499448,30.85879197916875],[-105.39983962999999,30.857658059168784],[-105.40118645999998,30.853187999168856],[-105.39623524999996,30.850492969168904],[-105.38768774,30.853677089168865],[-105.38526436999996,30.850765249168884],[-105.38336699999996,30.85209684916886],[-105.37596214999998,30.84832305916892],[-105.36901711999997,30.84738350916892],[-105.36185944999995,30.850608119168896],[-105.35950402999998,30.846166649168946],[-105.35354087999997,30.842268319169026],[-105.35422412099996,30.837365619169116],[-105.35194182999999,30.835578489169116],[-105.34583967899994,30.84054368916905],[-105.33910391099995,30.84025641916906],[-105.33709949099996,30.833645109169183],[-105.32816971999996,30.831068489169205],[-105.32958232099998,30.825501349169244],[-105.32743770999997,30.824789419169292],[-105.32393355,30.828541659169222],[-105.31863361999997,30.82830342916925],[-105.31889457999995,30.822906349169312],[-105.31635167999998,30.818606859169392],[-105.31889981999997,30.813221859169474],[-105.31650764999996,30.810878829169475],[-105.31154139999995,30.81276791916948],[-105.30975997999998,30.816934679169385],[-105.30820047999998,30.814833179169433],[-105.30886730999998,30.81062610916951],[-105.30615910999997,30.80975236916954],[-105.30100407999998,30.818333649169393],[-105.30097657999994,30.823950749169306],[-105.29116159999995,30.82582784916926],[-105.28906485099998,30.81909924916941],[-105.28321856999997,30.8183460491694],[-105.27994797999999,30.81615841916945],[-105.27581337999999,30.807122179169593],[-105.27167550999997,30.80932202916952],[-105.26740896999996,30.808578679169525],[-105.26491570999998,30.80164704916965],[-105.25636494999998,30.794423289169774],[-105.24802468999997,30.80013567916966],[-105.24396877899994,30.800104479169693],[-105.23756517999999,30.8035130191696],[-105.22957744999998,30.803689459169604],[-105.22739931999996,30.79926039916967],[-105.21781682999996,30.8058184591696],[-105.21555248,30.80589947916958],[-105.21071096999998,30.798621369169688],[-105.21146927999996,30.79430044916976],[-105.21503299999996,30.79271599916978],[-105.21739468999999,30.793414349169765],[-105.22005350999996,30.78864634916988],[-105.216820371,30.783543449169898],[-105.21154187999998,30.78182050916995],[-105.20855917999997,30.782674089169955],[-105.20656641999994,30.786079549169912],[-105.19930464999999,30.788114539169847],[-105.19555954999998,30.7922541991698],[-105.19135344999997,30.786479829169913],[-105.18600653999994,30.784494719169928],[-105.18452410999998,30.781454119169943],[-105.18497753999998,30.777263029170005],[-105.18233971999996,30.77610711917006],[-105.17554988999996,30.76757962917018],[-105.17014514999994,30.772785179170075],[-105.16856711999998,30.77876796917],[-105.16591493999994,30.77953887917002],[-105.16358271999998,30.771176939170097],[-105.15623717999995,30.76944502917014],[-105.16168874,30.75241707917042],[-105.15567908999998,30.753391429170424],[-105.15162217999995,30.751241449170447],[-105.14279696999996,30.754625219170368],[-105.14071051999997,30.75226662917043],[-105.12980554999997,30.75044661917044],[-105.12673834999998,30.747608479170495],[-105.11858776999998,30.749594799170488],[-105.12083863,30.744176079170547],[-105.11700837999996,30.74277981917059],[-105.11410257999997,30.74581036917054],[-105.11113713999998,30.743327829170575],[-105.11204867999999,30.740360369170627],[-105.10984848999999,30.739447419170617],[-105.11203264999996,30.733413179170732],[-105.10875311999996,30.729949089170773],[-105.10673774999998,30.731918259170733],[-105.10343277999999,30.728829479170795],[-105.10355834999996,30.725798319170817],[-105.10561207999997,30.723666339170897],[-105.10050953999996,30.722157399170918],[-105.09846814999999,30.716542909170975],[-105.09177881999994,30.71711873917096],[-105.08778245999999,30.715383369170993],[-105.08746871999995,30.710022019171095],[-105.08058154999999,30.707926249171138],[-105.07934730999996,30.704071739171187],[-105.08258344999996,30.70138856917123],[-105.07826527999998,30.69958925917124],[-105.07594636999995,30.701612999171232],[-105.06956951999996,30.702015309171188],[-105.06889604999998,30.703487739171216],[-105.06565382999999,30.69832888917125],[-105.06269416999999,30.6981765991713],[-105.06160268999997,30.69463534917133],[-105.06335991999998,30.687708549171397],[-105.06193670999994,30.68582211917149],[-105.05725411999998,30.687747399171414],[-105.05443965999997,30.684305679171516],[-105.05462198,30.68205445917155],[-105.04877345999995,30.68231807917154],[-105.04689916999996,30.679866579171577],[-105.04473822999995,30.6835463191715],[-105.04711685999996,30.688166719171388],[-105.04279756999995,30.687190289171433],[-105.03954454999996,30.688529399171415],[-105.03641422999999,30.686907689171452],[-105.03182587999999,30.680759909171552],[-105.02724459999997,30.67885097917158],[-105.02585577999999,30.68120459917155],[-105.02121471999999,30.68134107917152],[-105.01858523,30.6846900191715],[-105.01360705999997,30.682218429171513],[-105.00690285999998,30.685779689171483],[-105.00218719999998,30.680707379171558],[-105.00141418,30.672613599171658],[-104.99931548999997,30.67073650917169],[-104.99485856999996,30.670294119171707],[-104.99202642999997,30.668096819171765],[-104.99337067999996,30.665106279171773],[-104.98539367999997,30.661763309171818],[-104.98418061999998,30.635164709172237],[-104.98218293999999,30.63009010917234],[-104.97917396999998,30.627593549172364],[-104.98081445999998,30.62508576917244],[-104.98000950999996,30.62154164917247],[-104.97437807999995,30.616110479172544],[-104.97516673999998,30.613964149172624],[-104.97167664999996,30.610004059172674],[-104.96558934999997,30.607905619172705],[-104.95891314,30.610297229172673],[-104.95468322999994,30.608904369172684],[-104.95146191099997,30.604322219172744],[-104.94421453999996,30.602924879172757],[-104.93570233999998,30.606113249172754],[-104.93449361999996,30.599903169172833],[-104.93050633999997,30.598453419172866],[-104.92697917999999,30.60455861917273],[-104.92236057999999,30.603532019172768],[-104.92147234,30.59773314917287],[-104.91853634999995,30.59664351917287],[-104.92110619999994,30.589327969172988],[-104.91981513999997,30.586883489173026],[-104.91699535,30.58484882917307],[-104.90976945999996,30.584930369173073],[-104.90650408999994,30.576680309173177],[-104.89915781999997,30.570510449173263],[-104.89516141999998,30.56010031917346],[-104.89774325999997,30.55410167917353],[-104.89263594999994,30.55248087917361],[-104.89247408999996,30.550864279173595],[-104.89393508999996,30.550739419173624],[-104.88967604999999,30.54868717917364],[-104.88999597999998,30.545829829173673],[-104.88764445999999,30.54662265917365],[-104.88753289,30.5438283791737],[-104.89078686,30.539874339173767],[-104.88918499999996,30.534971919173834],[-104.88190445,30.53223213917392],[-104.88029208999997,30.529846259173947],[-104.881390179,30.52350316917401],[-104.88370624999999,30.525839399174007],[-104.88580079999997,30.524256599174024],[-104.88155041999995,30.52180404917409],[-104.88138645999999,30.520140479174103],[-104.88484865,30.519847369174084],[-104.88568427999996,30.518076139174138],[-104.88263716999997,30.51633145917416],[-104.87913446,30.517449089174157],[-104.87943645999997,30.51532142917414],[-104.87659784999994,30.510652859174247],[-104.87329431999996,30.513597229174216],[-104.87188467999994,30.510357169174267],[-104.87340287999997,30.50371637917436],[-104.87199836999997,30.501675459174393],[-104.87389991899995,30.495407249174466],[-104.86648744999997,30.494033429174504],[-104.86708390999996,30.48552874917467],[-104.86924777999997,30.484672979174636],[-104.87184822999996,30.480033879174748],[-104.86950867999998,30.478847279174726],[-104.86955897099995,30.474008949174813],[-104.86594033999997,30.467802399174914],[-104.86980694999995,30.45773207917507],[-104.86447087999996,30.449913119175246],[-104.86536405999999,30.44544656917529],[-104.86824251999998,30.442027459175364],[-104.86031502999998,30.439998149175388],[-104.85829264999995,30.43735371917539],[-104.85801885999996,30.43261084917549],[-104.86147604999996,30.426441289175614],[-104.85748245999997,30.424886459175603],[-104.85675899999997,30.421883649175655],[-104.85218797999994,30.418945659175744],[-104.84996784999998,30.41926125917569],[-104.84935901999997,30.421589179175697],[-104.84783582999997,30.42068024917566],[-104.84893185999995,30.4182561391757],[-104.84795655,30.413915719175765],[-104.85112641999996,30.413830629175788],[-104.85740521999998,30.40828221917587],[-104.85429414999999,30.400405399176027],[-104.85916217,30.39040105917616],[-104.83728077999996,30.373873689176406],[-104.83061239999995,30.373011229176424],[-104.81656711999995,30.375116599176426],[-104.81936907999994,30.36796454917653],[-104.81651397999997,30.366051179176562],[-104.81153419999998,30.36668347917656],[-104.81109876999994,30.361659319176635],[-104.81382214999998,30.35960421917666],[-104.81473254999997,30.353188539176795],[-104.82154874999998,30.351819969176788],[-104.82213337999997,30.349938489176807],[-104.80997754999999,30.341090259176948],[-104.81128244999998,30.33265305917708],[-104.80662771999995,30.333025429177106],[-104.79757041999994,30.330503999177157],[-104.79180448999996,30.325830979177194],[-104.78804916999997,30.31750901917732],[-104.78330544999996,30.31635430917737],[-104.77707317999995,30.310273379177467],[-104.77903816999998,30.303313429177567],[-104.77281067999998,30.30291596917759],[-104.76533028999997,30.306116619177537],[-104.76691416999995,30.30366771917758],[-104.76143262999994,30.30101205917761],[-104.75808829,30.282682429177918],[-104.76014479999998,30.277530829177987],[-104.76318687999998,30.274582999178048],[-104.75993827999997,30.27429051917805],[-104.76063124999996,30.27229144917807],[-104.75775844999998,30.27141027917808],[-104.75755653999995,30.27418245917806],[-104.75456801999997,30.271868999178054],[-104.75160142999995,30.273759449178044],[-104.75102176999998,30.27155396917809],[-104.74808607999996,30.274195779178058],[-104.74902897999999,30.268156149178115],[-104.75190170999997,30.26384702917824],[-104.75024014999997,30.261692719178225],[-104.74024491999995,30.259358889178277],[-104.73698113999997,30.255942219178337],[-104.73714434999995,30.261484379178256],[-104.73332776999996,30.261122939178247],[-104.72403439999995,30.2528666791784],[-104.72445591999997,30.25056345917839],[-104.71873921999997,30.246390619178484],[-104.71377764999994,30.238497569178598],[-104.70619482999997,30.234131429178674],[-104.70791948,30.22609250917881],[-104.71102896999997,30.223199569178885],[-104.70260325,30.212864249179027],[-104.70476348999995,30.207856849179098],[-104.70016065,30.204522479179147],[-104.69942511999994,30.198717859179247],[-104.69639322999996,30.19676899917931],[-104.69679465999997,30.19145722917935],[-104.69308616999996,30.18885064917942],[-104.69140537,30.18433913917952],[-104.68734436999995,30.180016909179574],[-104.68625719999994,30.172919749179684],[-104.68809159999996,30.16624408917981],[-104.68730262999999,30.159969349179892],[-104.68938107999999,30.154586169179993],[-104.68667484999997,30.15207284917999],[-104.68989085999999,30.149227319180103],[-104.68813170999994,30.14737157918007],[-104.68850861999994,30.145115139180103],[-104.68537119999996,30.14427068918013],[-104.68645086,30.141520339180186],[-104.68955324999997,30.14084771918021],[-104.68944938,30.137570309180248],[-104.69112678,30.138791509180212],[-104.69258456999995,30.13578234918029],[-104.69645023,30.134675459180276],[-104.69568539999996,30.125180879180473],[-104.69370868999994,30.12132761918052],[-104.69535541999994,30.11834179918057],[-104.69397544999998,30.11681493918058],[-104.69051570999994,30.117592509180593],[-104.69143001999998,30.111316779180665],[-104.68607725,30.11080264918068],[-104.68553528999996,30.108969719180738],[-104.68726290999997,30.105678429180784],[-104.69018265999995,30.106240909180762],[-104.69107650999997,30.108614179180748],[-104.69431474999999,30.101679029180858],[-104.69247528999995,30.099846879180845],[-104.69222917999998,30.096204089180947],[-104.68901210999996,30.095242289180938],[-104.68642039999997,30.099356659180895],[-104.68498777999999,30.099263399180863],[-104.68649548999998,30.091083659181006],[-104.68995305999995,30.088613999181064],[-104.68827491999998,30.08520701918111],[-104.68757382999998,30.087346149181048],[-104.68508607999998,30.085396739181135],[-104.68632656999996,30.08170614918117],[-104.69070136999994,30.077590779181214],[-104.68997010999999,30.075428939181272],[-104.68680927999999,30.076558779181227],[-104.68829336999994,30.0736201391813],[-104.69342751999996,30.073570249181287],[-104.69085805999998,30.070492849181356],[-104.69382949,30.069339489181377],[-104.69728464999997,30.065083419181438],[-104.70371465999995,30.064303719181456],[-104.70219742999996,30.059604139181506],[-104.70465488999997,30.058262849181553],[-104.70397645999998,30.054949399181613],[-104.70659307999995,30.050576089181668],[-104.69510102,30.037821369181902],[-104.69569404999999,30.03629331918188],[-104.69720747999999,30.037209019181883],[-104.70077182999995,30.035749579181946],[-104.70394942999998,30.02481861918211],[-104.70329928999996,30.022656769182102],[-104.69349245999996,30.0191139391822],[-104.68984331999997,30.01495599918224],[-104.68946224999996,30.01098419918233],[-104.69351034999994,30.007620939182353],[-104.69404657999996,30.00277897918248],[-104.69250654999996,30.00167524918249],[-104.6898882,30.002875399182464],[-104.69042668999998,30.00080682918249],[-104.68719054999998,29.9961393491826],[-104.68787016999995,29.99463567918258],[-104.69370701999998,29.994177799182594],[-104.69492714999996,29.99255762918266],[-104.68561310999996,29.990256479182648],[-104.68844901999995,29.98080842918279],[-104.69348702999997,29.975833379182895],[-104.68849561999997,29.973776689182962],[-104.68102965999998,29.977593819182854],[-104.68011982999997,29.974605029182946],[-104.68555911,29.971042259182983],[-104.68205274099996,29.96929425918298],[-104.68500557999995,29.956601049183252],[-104.68092507999995,29.957485769183204],[-104.67979525999999,29.95593108918321],[-104.67347554999999,29.95601099918323],[-104.67416445999999,29.95130896918333],[-104.67829505999998,29.95171804918331],[-104.67724561999997,29.950422219183334],[-104.68044245999994,29.9468310591834],[-104.67853264999997,29.944239849183408],[-104.67814205999997,29.93922964918353],[-104.67979171999997,29.938339629183503],[-104.68191967999996,29.94015521918351],[-104.68274348999996,29.935312309183548],[-104.67924172,29.932411859183617],[-104.68038122999997,29.930485909183673],[-104.68315868999998,29.93171494918365],[-104.68294990999999,29.929174549183646],[-104.67869157999996,29.926554649183736],[-104.67992139999997,29.921359879183818],[-104.67637322999998,29.916036889183882],[-104.67694872,29.91307488918396],[-104.67444459999996,29.910882089183946],[-104.67031128999997,29.91195453918397],[-104.66563119999995,29.909417849184017],[-104.66553122999994,29.901611709184127],[-104.66254419999996,29.901319179184107],[-104.66241899999994,29.905229939184043],[-104.65565867999999,29.905996549184053],[-104.65517697999996,29.902794629184136],[-104.65887437999999,29.90089184918414],[-104.65802561999999,29.890465629184316],[-104.65561755,29.889365739184335],[-104.65291853999997,29.892189339184295],[-104.65070999999995,29.891344939184318],[-104.65217828999995,29.88824588918436],[-104.64634976999999,29.883607489184403],[-104.64580076999994,29.87829117918454],[-104.64326811999997,29.8774373391845],[-104.64088184999997,29.873495179184616],[-104.63784737999998,29.874239349184553],[-104.63293445999996,29.870007429184646],[-104.62981362999994,29.86219193918479],[-104.62993854999996,29.853552649184905],[-104.62733801999997,29.851031169184964],[-104.62164050999996,29.84956204918496],[-104.62180351999996,29.846284909185048],[-104.62481171999998,29.843683709185086],[-104.62371485999995,29.842437599185086],[-104.62105137999998,29.8421066191851],[-104.62193421999997,29.843385599185073],[-104.61903392,29.8422179791851],[-104.6195264,29.843749219185092],[-104.61565935,29.846434719185044],[-104.60940333999997,29.839437419185135],[-104.61309565999994,29.834171909185258],[-104.62004794999996,29.833069509185226],[-104.62035894999997,29.83096219918529],[-104.61199450999999,29.827185709185354],[-104.60857771999999,29.82782827918535],[-104.60998676999999,29.818968549185524],[-104.60756062999998,29.819473939185464],[-104.60606496999999,29.81643356918556],[-104.60319479999998,29.817193429185508],[-104.60096019999997,29.81585539918552],[-104.59866096999998,29.81007385918564],[-104.59381630999998,29.805061399185735],[-104.59180661999996,29.808136229185692],[-104.59380690999996,29.809155199185692],[-104.59207087999995,29.810406709185642],[-104.59115361999994,29.809458419185653],[-104.58601033999997,29.8020355391858],[-104.58708868999999,29.800130349185842],[-104.59056130999994,29.799062429185827],[-104.58979691999997,29.7960607991859],[-104.58127136999997,29.79459499918593],[-104.58229879999999,29.79226859918596],[-104.57802345999994,29.78727804918603],[-104.57872784999995,29.782589619186112],[-104.57483685999995,29.781981539186123],[-104.57419908999998,29.779774219186134],[-104.57072027999999,29.778348369186187],[-104.56534653999995,29.77013491918629],[-104.56833711999997,29.766288849186335],[-104.56598188999999,29.764696739186377],[-104.56576441999994,29.761812549186434],[-104.56394106,29.761514849186426],[-104.56678625999997,29.759862909186467],[-104.56595997999995,29.75860470918649],[-104.56733542999997,29.756710369186546],[-104.56968062999995,29.756703169186505],[-104.56970988999996,29.752467379186584],[-104.55762230999994,29.74575236918671],[-104.55533381999999,29.74234597918675],[-104.54971497999998,29.741400139186794],[-104.55059547999998,29.739062049186813],[-104.55941588999998,29.737948339186854],[-104.56043802999996,29.736078799186856],[-104.55597853999996,29.7351667191869],[-104.55633228999994,29.731870629186943],[-104.54950330999998,29.73103293918693],[-104.54944534899994,29.727224349186997],[-104.55248128999996,29.72314470918708],[-104.54952407999998,29.720004649187175],[-104.55236582999999,29.717338089187205],[-104.54497264999998,29.716530249187212],[-104.54733964999997,29.714527679187245],[-104.54443633999995,29.711363369187303],[-104.54636484999997,29.70887207918732],[-104.54359729,29.703989659187418],[-104.54573197999997,29.699121079187492],[-104.54307222999995,29.696000949187532],[-104.53084319999999,29.69049830918765],[-104.53288821999998,29.6868066591877],[-104.54251825999997,29.68432084918775],[-104.54415994999994,29.6807042191878],[-104.53878261999995,29.677685939187867],[-104.53564966,29.673489479187932],[-104.53617487999998,29.667252179188022],[-104.53347407999998,29.666695379188067],[-104.53356648999994,29.669257369187974],[-104.53092365999998,29.67076908918798],[-104.52864867999995,29.668091029187995],[-104.52616991999999,29.667978309187987],[-104.52499404999998,29.659573709188177],[-104.51659525999999,29.65240353918825],[-104.51826670999999,29.648951479188334],[-104.51722011999999,29.64736442918835],[-104.51225601999994,29.646621289188364],[-104.50999008999999,29.644483659188396],[-104.51586035099996,29.64100754918845],[-104.50833439999997,29.632651279188615],[-104.50548241999998,29.634541109188575],[-104.50617554999998,29.637731199188543],[-104.50347709099998,29.63726782918852],[-104.49807445999994,29.639609459188467],[-104.49675194999998,29.639365649188502],[-104.49689268099996,29.63611911918855],[-104.49478979999999,29.634049949188615],[-104.48743834,29.633802909188574],[-104.48585657999996,29.628694479188656],[-104.47635074999995,29.628329719188695],[-104.47400370999998,29.618644419188854],[-104.46557581999998,29.61831401918888],[-104.46666274999997,29.609695969189016],[-104.45634961999997,29.608461149189004],[-104.45247628,29.60465967918909],[-104.39898176999999,29.57300448918963],[-104.39647987999997,29.570005689189685],[-104.39752079999995,29.56745530918973],[-104.39408893999996,29.560390089189823],[-104.39321491,29.553509709189957],[-104.38421045999998,29.55386221918992],[-104.38356207999999,29.54968350919003],[-104.38583070999994,29.54446339919009],[-104.38492331999998,29.542991459190116],[-104.38001665999998,29.54183036919016],[-104.37334910999999,29.544145889190094],[-104.36928668999997,29.542000949190122],[-104.36825022999996,29.5389077991902],[-104.36022348999995,29.535862689190232],[-104.35810624999999,29.538400259190198],[-104.35858993999996,29.54039397919014],[-104.35615364999995,29.541194749190133],[-104.35235717999996,29.536765779190226],[-104.35385622999996,29.53221242919032],[-104.35313699999995,29.52866917919037],[-104.33980930999998,29.52722853919039],[-104.33803237099994,29.520897739190506],[-104.33538325999996,29.519795689190474],[-104.32617393999999,29.52348299919045],[-104.32177745999996,29.522278579190445],[-104.32042642999996,29.525299939190393],[-104.32118676999994,29.52873761919038],[-104.31854433999997,29.531744939190325],[-104.31340837999996,29.53175854919032],[-104.31107167999994,29.52861973919039],[-104.31109364999999,29.523633379190432],[-104.29512908,29.523875059190416],[-104.29206185999999,29.51976674919049],[-104.26364445999997,29.514158429190605],[-104.26111794999998,29.511729119190633],[-104.26231724999998,29.509770539190665],[-104.26030651999999,29.50666974919075],[-104.25406356999997,29.50649727919076],[-104.24276656999996,29.498925449190864],[-104.23682121999998,29.497145569190888],[-104.23337502,29.492857349190984],[-104.23391417999996,29.487129219191054],[-104.23075042999994,29.479118149191176],[-104.21454028999996,29.48565916919111],[-104.21288221999998,29.485088829191103],[-104.20881519999996,29.480674309191166],[-104.21086051999998,29.47660222919121],[-104.21332990999997,29.461560619191488],[-104.21742648999998,29.458613369191514],[-104.21750684999996,29.456118549191594],[-104.20981468999999,29.449254229191713],[-104.19550922999997,29.441400509191837],[-104.19340432099995,29.43526744919191],[-104.18841231999994,29.43040485919204],[-104.18221199999999,29.427218019192082],[-104.18035454999995,29.412847749192295],[-104.17408630999995,29.410014999192374],[-104.16778847999996,29.4028790891925],[-104.16645805999997,29.399901489192526],[-104.16861630999995,29.39768508919257],[-104.16792934999995,29.395514849192605],[-104.16230113999995,29.39165468919268],[-104.15611788999998,29.39396925919266],[-104.15338308999999,29.39325990919265],[-104.15055122999996,29.386955879192772],[-104.14450816999994,29.387761429192768],[-104.14299170999999,29.380578679192872],[-104.13798039899996,29.381735119192847],[-104.13611762999996,29.3848139691928],[-104.13392386,29.381668909192836],[-104.12940927999995,29.379849889192887],[-104.12421599999999,29.381198369192855],[-104.12210222,29.3788742791929],[-104.12199039999997,29.37276267919301],[-104.11951013999999,29.37072957919304],[-104.11251474999995,29.37367317919297],[-104.10781322999998,29.373574689192996],[-104.09848211999999,29.3662265091931],[-104.09814897999996,29.361578259193195],[-104.09108176999996,29.359631079193218],[-104.08934251999995,29.357226999193234],[-104.09126538,29.35346542919332],[-104.08307910999999,29.346582709193456],[-104.07740205999995,29.3444135391935],[-104.07292112,29.346189909193487],[-104.06743908999995,29.341640549193574],[-104.05593934999996,29.336880859193634],[-104.05635473999996,29.332073769193734],[-104.05443847999999,29.329979179193757],[-104.03789388999998,29.319905169193888],[-104.00163647999995,29.30553950919418],[-103.99158370999999,29.303922539194165],[-103.97619893999996,29.2967294591943],[-103.97045970999994,29.29684151919429],[-103.96802557999996,29.29988927919425],[-103.95236248999998,29.2974718891943],[-103.94858677999999,29.295130709194307],[-103.94370824999999,29.295346089194354],[-103.93832268999995,29.29298207919438],[-103.92573990999995,29.294324689194358],[-103.91860577999995,29.2903165091944],[-103.91799104999996,29.28494027919452],[-103.91358192099996,29.2844420191945],[-103.89953544999997,29.287732519194495],[-103.88947644999996,29.27941568919462],[-103.88536011999999,29.281569599194587],[-103.88516891999997,29.284182819194534],[-103.87940022,29.2855143091945],[-103.86954395,29.280697079194564],[-103.86632733999994,29.28222574919457],[-103.86341101999996,29.279799119194617],[-103.85586071999995,29.28195519919453],[-103.84439694999999,29.28000507919457],[-103.83790291999999,29.278429219194656],[-103.83623882999997,29.274079119194724],[-103.82671719999996,29.26977139919474],[-103.81403844999994,29.27451479919471],[-103.80837902999998,29.271608739194726],[-103.80762336999999,29.269902779194766],[-103.80912467999998,29.266965429194794],[-103.80636784999996,29.261454739194885],[-103.80077681999995,29.259299939194957],[-103.79649401999995,29.259736739194945],[-103.78860708999997,29.26546822919486],[-103.78332465999995,29.265518879194843],[-103.777062721,29.255941429195016],[-103.77555253999998,29.249566169195095],[-103.77597862999995,29.244974579195215],[-103.78059011999994,29.243475579195216],[-103.78147482999998,29.240523659195276],[-103.78181244999996,29.228149429195458],[-103.77730274,29.221933779195574],[-103.77626210999995,29.220725509195645],[-103.76957004999998,29.22126573919558],[-103.76775267999994,29.224536259195542],[-103.76812957,29.227588109195494],[-103.76038021999996,29.233457169195407],[-103.75817299999994,29.23297039919541],[-103.75427191999995,29.22773327919551],[-103.75736061999999,29.223575279195536],[-103.75587636999995,29.220044909195643],[-103.74885131999997,29.219953769195637],[-103.74264711999996,29.22229664919557],[-103.74080034999997,29.219453059195608],[-103.74330014999998,29.21532697919571],[-103.73977270999997,29.205404709195868],[-103.73004501999998,29.19794221919603],[-103.72868268999997,29.1936574191961],[-103.72429730999995,29.191177479196153],[-103.71827847999998,29.181147509196318],[-103.71554921999996,29.181372649196305],[-103.71330968099994,29.185071399196207],[-103.70365916999998,29.184872419196203],[-103.69833394999995,29.177607139196386],[-103.68848334999996,29.178185779196333],[-103.67907114999997,29.174666219196418],[-103.66988905999996,29.173588549196406],[-103.66469004999999,29.1707940891965],[-103.65922656999999,29.170590419196472],[-103.65684710999994,29.169408109196507],[-103.65159974999995,29.16172904919665],[-103.65014596999998,29.1566939491967],[-103.64013988999996,29.16089565919665],[-103.63361462999997,29.1584544291967],[-103.62786574999997,29.162785739196618],[-103.61865217999997,29.162827279196595],[-103.61221387999996,29.165298539196552],[-103.60588804999998,29.16015316919666],[-103.60067376999996,29.158231849196678],[-103.59918874,29.15481822919676],[-103.59350413999994,29.150309169196845],[-103.58501784999999,29.149669149196875],[-103.57292216999997,29.15364702919678],[-103.55917591999999,29.15533754919676],[-103.55407247999995,29.158516029196672],[-103.55042284999998,29.154459279196725],[-103.55269734999997,29.149225399196833],[-103.55020584999994,29.14385644919694],[-103.53916907999997,29.144755629196936],[-103.52477354999996,29.137272199197042],[-103.52361154999996,29.128757909197187],[-103.52485365999996,29.121334279197324],[-103.50182137999997,29.11790516919736],[-103.50132965999995,29.114682629197457],[-103.50493361999997,29.111453089197493],[-103.50471107999999,29.107926059197577],[-103.50249430999999,29.10697682919758],[-103.49434899999994,29.10847176919755],[-103.48585224999994,29.09567214919777],[-103.47070830999996,29.085124139197966],[-103.47069491999999,29.077860259198104],[-103.47405165999999,29.070845749198202],[-103.47169251999999,29.066792459198265],[-103.46359005999994,29.065911549198297],[-103.46149004999995,29.068229719198232],[-103.46079748999995,29.072434569198165],[-103.45001253999999,29.07266953919818],[-103.44989461999995,29.065217169198288],[-103.44590424999997,29.061203279198335],[-103.43442222999994,29.0573201691984],[-103.43470188999999,29.055252779198472],[-103.43000504999998,29.04871996919856],[-103.43374250999995,29.045492919198658],[-103.43281713999994,29.04363164919869],[-103.42819870999995,29.042035679198673],[-103.41858928999996,29.0430493091987],[-103.41741016999998,29.038953579198772],[-103.41447321999999,29.038046649198794],[-103.40499508,29.039506579198775],[-103.40353777999998,29.03289416919888],[-103.4016486,29.031286709198916],[-103.39092867999994,29.034643819198823],[-103.38802936999997,29.03206748919885],[-103.38778428999996,29.02426197919902],[-103.38632697999999,29.022092249199076],[-103.38374647999997,29.024148279199036],[-103.37687451999994,29.023902949199005],[-103.36510756999996,29.019660109199116],[-103.35802484999999,29.01898964919909],[-103.35114496999995,29.02805165919897],[-103.34812794999999,29.039272339198725],[-103.34863934999998,29.042800969198677],[-103.34591139999999,29.04671248919863],[-103.34169936999996,29.04455150919868],[-103.33057607999996,29.04315042919866],[-103.32748474999994,29.039895319198724],[-103.32779333999997,29.03260265919888],[-103.33282421999996,29.02872248919895],[-103.34199564999996,29.02838050919893],[-103.33998090999995,29.021764649199017],[-103.33479537999996,29.017412289199118],[-103.32735533999995,29.016069179199153],[-103.32150882999998,29.01909314919911],[-103.31462339999996,29.026045549198976],[-103.30788971999999,29.02496551919897],[-103.30744587999999,29.020018749199103],[-103.31096654,29.01473716919918],[-103.31577990999995,29.011371569199238],[-103.31527433999997,29.00898948919925],[-103.31059374999995,29.004541289199384],[-103.30701454999996,29.003916709199366],[-103.30066412099995,29.008085569199284],[-103.28639868,29.000553429199407],[-103.28168371999999,28.98878354919964],[-103.28311322999997,28.98283216919974],[-103.28847602999998,28.981182889199786],[-103.28835314999999,28.978125229199804],[-103.28514168999999,28.976462229199836],[-103.27967368999998,28.975924139199876],[-103.27416628999998,28.981789049199723],[-103.26734154999998,28.99600368919952],[-103.25318725999995,28.98664144919966],[-103.25052161999997,28.98026016919979],[-103.23741657899996,28.981797879199743],[-103.23633617999997,28.984503169199687],[-103.23109357,28.987663019199676],[-103.22799636999997,28.991712939199594],[-103.22037113999994,28.983481479199686],[-103.21477821999997,28.987638219199663],[-103.20252044999995,28.987104549199643],[-103.18074939999997,28.982228309199737],[-103.17672153999996,28.9778382191998],[-103.17062057999999,28.98034157919979],[-103.16592481999999,28.977683749199798],[-103.16627024999998,28.97421391919989],[-103.16386571999999,28.97204645919992],[-103.16055150999996,28.973723909199894],[-103.15384473999995,28.971475749199893],[-103.15129008999997,28.975294029199862],[-103.14403544999999,28.977496979199845],[-103.13537953999997,28.983513969199716],[-103.13171125999997,28.983931549199742],[-103.12687190999998,28.981928219199737],[-103.12337585999997,28.984276489199733],[-103.11609896999994,28.984184079199693],[-103.11404907999997,28.989278319199613],[-103.11746254999998,29.000149119199442],[-103.10859051999996,29.013265969199225],[-103.10178856999995,29.017628109199116],[-103.09797374999995,29.02675673919896],[-103.10416862999995,29.03318684919884],[-103.10665147999998,29.03836496919875],[-103.10504884999995,29.044490349198657],[-103.10049822999997,29.05145634919851],[-103.10070965999995,29.060330879198382],[-103.09698841999995,29.060647539198367],[-103.09555174999998,29.064541829198323],[-103.09244124999998,29.064457049198317],[-103.09063613999996,29.053955739198496],[-103.08587401999995,29.053812739198506],[-103.08561459999999,29.060283219198368],[-103.08748714999997,29.067334109198253],[-103.07699514999996,29.07561745919811],[-103.07656927999996,29.079445489198072],[-103.08033105,29.087119739197913],[-103.07597214999998,29.091421419197868],[-103.06999965899998,29.093611279197816],[-103.06424485999999,29.09126028919783],[-103.05470105999997,29.100724489197695],[-103.05103074,29.09992427919768],[-103.04835428999996,29.096292549197752],[-103.04497894999999,29.095258419197773],[-103.03953087999997,29.096802089197737],[-103.03379727999999,29.10120396919765],[-103.03227637999998,29.10707713919757],[-103.03636130999998,29.110618689197487],[-103.03714457999996,29.113811859197455],[-103.02817851999998,29.11552904919745],[-103.02016379999999,29.125756119197266],[-103.01354816999998,29.125064049197253],[-103.01219954999999,29.128454249197198],[-103.01568918,29.13444656919707],[-103.01251645999997,29.13707421919705],[-103.00880781999996,29.137545509197047],[-103.00817899999998,29.14824927919688],[-103.00253751999998,29.149986419196836],[-102.99612641999994,29.160620909196638],[-102.99827494,29.173991379196437],[-102.99527408999995,29.179643819196293],[-102.99001331999995,29.18348811919624],[-102.98580837999998,29.18316061919623],[-102.98144773999996,29.1858526791962],[-102.97557691999998,29.186284399196186],[-102.95702324999996,29.17871374919633],[-102.95081936999998,29.173528649196417],[-102.95060954999998,29.179051859196345],[-102.94571613999994,29.18325584919623],[-102.94583335,29.188415619196174],[-102.94318533999997,29.191595749196093],[-102.93799123099997,29.18819997919616],[-102.93251170999999,29.194729819196095],[-102.91789496999996,29.190837379196147],[-102.91905639999999,29.199135419195994],[-102.91435259999997,29.20014425919596],[-102.91287465999994,29.206875769195857],[-102.91617553999998,29.211900119195768],[-102.91627962999998,29.21564382919568],[-102.91231167999997,29.219433689195665],[-102.90869352,29.21967165919564],[-102.89906499999996,29.208877579195804],[-102.89436994999996,29.20857287919584],[-102.87843574999995,29.213668029195738],[-102.87698413999999,29.217101089195655],[-102.86778934999995,29.223121879195578],[-102.86636102999995,29.227074569195523],[-102.87139025999994,29.23186931919541],[-102.87150928999996,29.241599619195252],[-102.88028227999996,29.245993649195192],[-102.88782532,29.24578762919519],[-102.8967436,29.254076169195073],[-102.90310416999995,29.254230319195024],[-102.90630690999997,29.25931905919496],[-102.90534513999995,29.263500799194848],[-102.90233993999999,29.264635089194876],[-102.89918125999998,29.269209739194793],[-102.90298139999999,29.27585024919469],[-102.90318626099997,29.279109279194618],[-102.89863262999995,29.280584999194552],[-102.89628545999994,29.284885449194498],[-102.89044054999995,29.28786053919446],[-102.88817559999995,29.292691919194358],[-102.89015256999994,29.302511199194186],[-102.89311803,29.307856849194135],[-102.89253142999996,29.30946793919409],[-102.88723493899994,29.311465549194047],[-102.88816530999998,29.315316719193987],[-102.88436968999999,29.32066970919392],[-102.88468197999998,29.325920149193824],[-102.88113787999998,29.333617019193696],[-102.88022737999995,29.341209349193523],[-102.88398171999997,29.347980509193455],[-102.87701450999998,29.354849519193333],[-102.87285444999998,29.352133479193384],[-102.86142221999995,29.35128934919338],[-102.83921976999994,29.358895349193265],[-102.84006876999996,29.361954879193195],[-102.84529407999997,29.364908369193117],[-102.84493676999995,29.374308279192974],[-102.84072942999995,29.377382019192908],[-102.83400542999999,29.378753109192903],[-102.83278157999996,29.38833427919273],[-102.82540216999998,29.396927849192593],[-102.81944927999996,29.398297019192533],[-102.81557282999995,29.39691504919262],[-102.81238970999999,29.400268319192556],[-102.81323787999997,29.40218671919249],[-102.81871311999998,29.403560629192505],[-102.82562762999999,29.402347509192474],[-102.82626601999999,29.407506689192402],[-102.83257181999994,29.408474249192388],[-102.83322282999995,29.410196689192393],[-102.82695707999994,29.417295149192224],[-102.83225928999998,29.432710659191997],[-102.83068707999996,29.43436830919193],[-102.83074230999995,29.444269459191798],[-102.81936965999995,29.450775019191667],[-102.82381741999997,29.452075279191632],[-102.82537701999996,29.457938139191576],[-102.82217751999997,29.463971429191474],[-102.81420311999995,29.4714645091913],[-102.81579945,29.475728629191252],[-102.81459122999996,29.48248024919113],[-102.81106815,29.484069229191107],[-102.80411284999998,29.484025889191116],[-102.80066717899997,29.486142289191058],[-102.80726181999995,29.49423210919093],[-102.80440329,29.501276999190836],[-102.80734108999997,29.50386437919077],[-102.80648416999998,29.5156839791906],[-102.80846031999994,29.51895861919051],[-102.80832073999994,29.52264024919047],[-102.79853585999996,29.52663562919039],[-102.79716213999995,29.529408619190324],[-102.79214521999995,29.532722849190264],[-102.79153293999997,29.53601402919023],[-102.79312430999994,29.539626489190166],[-102.79086990999998,29.54321197919008],[-102.780380419,29.542356679190142],[-102.77676437999999,29.547070259190054],[-102.77104981999997,29.54840016919001],[-102.77537879999996,29.551377089189998],[-102.77738041999999,29.554913059189904],[-102.77773930999997,29.560693369189796],[-102.77335045999997,29.566759689189695],[-102.77398693999999,29.573191749189586],[-102.7697796,29.57365690918961],[-102.76627611999999,29.572056319189628],[-102.76212652,29.579538719189514],[-102.76841657999995,29.594944779189237],[-102.76553337999998,29.597637689189202],[-102.76016102999996,29.5985149091892],[-102.74591017999995,29.59258493918928],[-102.74020133999996,29.597899479189152],[-102.74158345999997,29.60269317918913],[-102.73901026,29.60684717918903],[-102.73855541999995,29.618906769188808],[-102.73898589,29.625328569188763],[-102.74217525999995,29.630724059188623],[-102.74102142999999,29.635863719188535],[-102.73700219999995,29.63941762918847],[-102.737398,29.641901079188425],[-102.72971606,29.640602049188455],[-102.72572219999995,29.643261109188398],[-102.72399747999998,29.64841234918835],[-102.72568404999998,29.651303219188282],[-102.72262342999996,29.65113837918833],[-102.71773742999994,29.654255619188273],[-102.71226802999998,29.658758889188174],[-102.70869251999996,29.666736619188036],[-102.70404197999996,29.67128281918796],[-102.69651301999994,29.671955659187926],[-102.69330813999994,29.676724029187877],[-102.69942697,29.685464179187733],[-102.69862257999996,29.697349149187517],[-102.68891393999998,29.705135309187398],[-102.69103144999998,29.722005549187124],[-102.68763273999997,29.722632019187106],[-102.68538014999996,29.726687549187044],[-102.68148931999998,29.72826968918701],[-102.67710744999994,29.741401169186812],[-102.67445114999998,29.744382079186728],[-102.66830317999995,29.745905459186734],[-102.66696273999997,29.738995029186846],[-102.65959971999997,29.735470909186894],[-102.64511042,29.73372496918689],[-102.63028161999996,29.734039489186905],[-102.62249647999994,29.736307819186855],[-102.61240805999996,29.74821610918666],[-102.60741871999996,29.747683649186683],[-102.60424305999999,29.750245309186628],[-102.59787363,29.751333519186627],[-102.58898357999999,29.74900930918669],[-102.57940224999999,29.755626939186566],[-102.57403568999996,29.75501950918658],[-102.57238981999997,29.757459489186502],[-102.57506724999996,29.766166619186357],[-102.56956701999997,29.77174439918628],[-102.56672719999995,29.77148147918627],[-102.56321708999997,29.767895459186324],[-102.55500831999996,29.75489842918654],[-102.55532833999996,29.749077539186626],[-102.54804934999999,29.744603079186728],[-102.54128811999999,29.748391229186648],[-102.53473542999997,29.75508104918657],[-102.51367137999996,29.76573814918639],[-102.51078525999998,29.773582419186233],[-102.51869588999995,29.778824349186138],[-102.51935621999996,29.7812251691861],[-102.51777819899996,29.78393990918611],[-102.49914499999994,29.781149719186097],[-102.48724834999997,29.78692865918604],[-102.48226211999997,29.783305659186077],[-102.48238353999994,29.778007739186194],[-102.48079259999997,29.7762142891862],[-102.47234281999994,29.7763906491862],[-102.47033641999997,29.7808003191861],[-102.46624264999997,29.783777799186076],[-102.46258923,29.78155139918614],[-102.45836299999996,29.774997059186198],[-102.44834871999996,29.777875119186152],[-102.43918934,29.77350613918624],[-102.43420830999999,29.77713682918621],[-102.42645250999999,29.773494089186244],[-102.42238037999999,29.769779289186296],[-102.41220181999995,29.768417819186308],[-102.40928188999999,29.76470902918641],[-102.40466807999996,29.765302539186386],[-102.39893605999998,29.769929139186306],[-102.39447939999997,29.76927414918632],[-102.38979574999996,29.762147919186457],[-102.38757608999998,29.76150884918645],[-102.38505247999996,29.77113442918631],[-102.38697130999998,29.77798670918617],[-102.39027476999996,29.782389169186093],[-102.37721408,29.790087569185957],[-102.37755936999997,29.800474079185825],[-102.37331793999999,29.80808585918569],[-102.36990656999996,29.820834579185476],[-102.36311068999998,29.831402749185294],[-102.36263905999999,29.83610353918523],[-102.36490737999999,29.84554719918505],[-102.35994397999997,29.85015199918496],[-102.35215264999994,29.85290276918495],[-102.35001913999997,29.862707259184752],[-102.34319508999995,29.865371739184734],[-102.34150541999999,29.86939441918466],[-102.33375514999994,29.868246949184698],[-102.33212948999994,29.862899739184755],[-102.32367996999994,29.864026509184722],[-102.32281087999996,29.86593473918472],[-102.32480455099996,29.87347219918459],[-102.32140736999997,29.8786551491845],[-102.31634847999999,29.880013849184493],[-102.31163044999995,29.87699788918453],[-102.30075364999999,29.87768773918452],[-102.29549001999999,29.8735004591846],[-102.28710804999999,29.871328089184644],[-102.28123957999998,29.862927289184782],[-102.27577810999998,29.863222979184766],[-102.26906381999999,29.867933829184658],[-102.26509925999994,29.867701769184688],[-102.26202992099998,29.863183369184778],[-102.26402050999998,29.85527117918489],[-102.26033922999996,29.853123019184935],[-102.25274731999997,29.853483919184896],[-102.24995148,29.86343937918474],[-102.24643821999996,29.864225799184737],[-102.24334296999996,29.859277949184808],[-102.24551636999998,29.85129362918496],[-102.24459737999997,29.848773489184993],[-102.23179253999996,29.84833097918502],[-102.22323013999994,29.84053921918512],[-102.21984601999998,29.840869339185115],[-102.21497767999996,29.844008519185067],[-102.20983659999996,29.844465969185062],[-102.20642156999999,29.843155369185073],[-102.20000073999995,29.837037459185172],[-102.19626292,29.836258349185194],[-102.19330161999994,29.839021349185156],[-102.19122079999994,29.847071659185016],[-102.18702745999997,29.848772999185005],[-102.18206044999994,29.84611430918507],[-102.17853607999996,29.84008508918516],[-102.1781686,29.836615849185193],[-102.18122401999996,29.831060449185298],[-102.17955254999998,29.82606365918536],[-102.16700253999994,29.825943119185354],[-102.16113476999999,29.818882089185486],[-102.15961897999995,29.814423919185543],[-102.14950334999997,29.8110890591856],[-102.14357610999998,29.80357961918575],[-102.12905981999997,29.79857924918583],[-102.12352830999998,29.80208327918575],[-102.11940333999996,29.802641429185762],[-102.11699610999995,29.80070507918581],[-102.11766205999999,29.79634831918587],[-102.11526904999994,29.792420719185937],[-102.11200304999996,29.793671089185885],[-102.10836304999998,29.792009689185942],[-102.10123642999997,29.79387468918592],[-102.09427062999998,29.791432249185966],[-102.08365162999996,29.795287939185872],[-102.08183405999995,29.79334581918594],[-102.07672545999998,29.792357079185926],[-102.07505405999996,29.788283509185995],[-102.07221610999994,29.78661611918606],[-102.05459935,29.787301279186035],[-102.05151502999996,29.785147419186046],[-102.04912108999997,29.785463019186064],[-102.04618202999995,29.790116399185973],[-102.04108841999994,29.789984119185974],[-102.03813757999995,29.791917259185947],[-102.04083271999998,29.799344709185846],[-102.03858337999998,29.803034249185767],[-102.03545009,29.80424785918572],[-102.02729919999996,29.80195477918579],[-102.02166545999995,29.802762709185743],[-102.01755848,29.798359259185833],[-102.01457130999995,29.797552279185844],[-101.99720033999995,29.806182879185712],[-101.99440608099997,29.805130229185703],[-101.99166028999998,29.798415089185827],[-101.98786459999998,29.796991509185872],[-101.98432593999996,29.798942479185833],[-101.98158128999995,29.806346449185693],[-101.98314736999998,29.809785229185643],[-101.98174307999994,29.814965909185574],[-101.97549365999998,29.81567687918557],[-101.96662274999994,29.812614549185582],[-101.96465614999995,29.809462449185666],[-101.96516273999998,29.806232109185714],[-101.96311884999994,29.80000477918581],[-101.95762054999994,29.79587208918588],[-101.95441734999997,29.79570757918589],[-101.94568437999999,29.801513679185767],[-101.93542614999996,29.799558369185828],[-101.93256119999995,29.793420479185926],[-101.93387648999999,29.786294569186047],[-101.92894862999998,29.782710179186086],[-101.92236390999996,29.78579154918604],[-101.91569830999998,29.795492949185874],[-101.91193364999998,29.798040569185858],[-101.89278962999998,29.79779587918582],[-101.88381779999997,29.793530979185945],[-101.88046013999997,29.795580319185884],[-101.87483419999997,29.79407751918589],[-101.86666484999995,29.797954309185823],[-101.85615156999995,29.80703874918571],[-101.85321343,29.807764459185677],[-101.84850773999995,29.806504379185686],[-101.84680734999995,29.80250737918578],[-101.83597451999998,29.79234631918592],[-101.82360117999997,29.78727348918604],[-101.81952508999997,29.789276939185978],[-101.81866817999997,29.792541689185953],[-101.82492996999997,29.80252227918577],[-101.82552208999999,29.807511999185664],[-101.82279927999997,29.810543519185654],[-101.81764666,29.81167042918561],[-101.80376533999998,29.80379439918578],[-101.80643651999998,29.799499369185792],[-101.81354827999998,29.7945182891859],[-101.81402621999996,29.79240982918595],[-101.81130045999998,29.7842303391861],[-101.80436774999998,29.78004290918616],[-101.78878925999999,29.77955988918613],[-101.78613802999996,29.782186379186093],[-101.78545653999998,29.788332909186018],[-101.78177565999994,29.789674709185974],[-101.77529848899998,29.789170619185988],[-101.75625377999995,29.77973251918614],[-101.75458785999996,29.7774576891862],[-101.74237317999997,29.77895947918614],[-101.73889187999998,29.77305556918627],[-101.73455412,29.771493549186285],[-101.7301546,29.771449119186304],[-101.72396868999999,29.776254679186227],[-101.71923722999999,29.775723349186237],[-101.71296037999997,29.76398402918644],[-101.71008144999996,29.76181994918648],[-101.69772464999994,29.765705919186402],[-101.68965841999994,29.7710812591863],[-101.68646793999996,29.76878442918631],[-101.68180950999994,29.761125229186465],[-101.67603157999997,29.760569459186478],[-101.67439425999999,29.7656847691864],[-101.67085993999996,29.76907142918633],[-101.66146497999995,29.77125848918628],[-101.65933653999998,29.767240519186345],[-101.65473557999997,29.765519229186378],[-101.65217226,29.75859876918649],[-101.64385642999999,29.75407376918657],[-101.63388042999998,29.759877859186506],[-101.63276376999994,29.765048539186406],[-101.62719462999996,29.770867379186267],[-101.61639870999994,29.769746549186312],[-101.60394454999994,29.774453419186226],[-101.59515876999995,29.77161459918631],[-101.57486133999998,29.769276019186332],[-101.57236987999995,29.774592999186208],[-101.57283714,29.784557279186078],[-101.57466191999998,29.78847308918598],[-101.56948339999997,29.796811049185848],[-101.56494202999994,29.800687779185786],[-101.55766392,29.801287029185758],[-101.55256517,29.80408710918575],[-101.54464817999997,29.812187779185606],[-101.54042407999998,29.80886174918568],[-101.53498870999995,29.797599709185842],[-101.53896304999995,29.786361289186047],[-101.53798253999999,29.777496019186195],[-101.53972956999998,29.761363879186433],[-101.53665427999994,29.758120999186527],[-101.53060371999999,29.758451709186478],[-101.51999761999997,29.76492985918639],[-101.50222079999999,29.76415862918642],[-101.48642434899996,29.774407949186248],[-101.47946237999997,29.783472849186097],[-101.46429811999997,29.78960990918596],[-101.45720996999997,29.78881768918598],[-101.45342245999997,29.784668969186054],[-101.45547101999996,29.770673569186286],[-101.45272313999999,29.764254979186397],[-101.45104291999998,29.753298089186575],[-101.44767693999997,29.750485049186643],[-101.43685708999999,29.75109564918659],[-101.41386886,29.768424419186307],[-101.40711122,29.771525769186276],[-101.40131976999999,29.77070685918632],[-101.39877373999998,29.76767225918633],[-101.39865384999996,29.762642419186452],[-101.40161248999999,29.758812199186515],[-101.41490245099999,29.752590719186603],[-101.41569644999998,29.7464146191867],[-101.40873159999997,29.74079077918681],[-101.40054865999998,29.738372199186855],[-101.39717964999994,29.735352449186873],[-101.39618730999996,29.728284509186988],[-101.39899497999994,29.718301459187188],[-101.39768253999995,29.713785749187245],[-101.38867736999998,29.70775985918736],[-101.37490616999997,29.702706369187425],[-101.37090888999995,29.698810459187506],[-101.37011877999998,29.693523279187612],[-101.37349182999999,29.677479249187844],[-101.36433299999999,29.666898879188057],[-101.36335554999994,29.65602944918822],[-101.36070942999999,29.648688319188366],[-101.35827851999996,29.647908569188335],[-101.35551141999998,29.64936177918832],[-101.34908291999996,29.660718799188135],[-101.34585750999997,29.662760939188107],[-101.33688162999994,29.659627369188172],[-101.31902113999996,29.660639549188126],[-101.30175050999999,29.650959279188303],[-101.30050211999998,29.6379387391885],[-101.31043468999997,29.617045569188896],[-101.31267659999997,29.605904199189066],[-101.31001608999999,29.585366149189383],[-101.30222810999999,29.576032949189596],[-101.29687645999996,29.572228179189594],[-101.29152465999995,29.572078599189634],[-101.27891288099994,29.58766901918939],[-101.27694027999996,29.601108979189135],[-101.28076810999994,29.617154679188868],[-101.27027164999998,29.628219979188675],[-101.26699330999998,29.630406399188622],[-101.26205415,29.630248679188675],[-101.25275062999998,29.626377999188698],[-101.24915101999994,29.622856289188782],[-101.24801794999998,29.615813979188875],[-101.25225697999997,29.603161319189077],[-101.24301433999995,29.566170579189745],[-101.25434698,29.551279719189957],[-101.25833297999998,29.54276551919012],[-101.26116108999999,29.529395419190365],[-101.26068051,29.52499574919044],[-101.25860147999998,29.5224405691905],[-101.25407796999997,29.520822649190503],[-101.23631285999994,29.523732779190436],[-101.18555225999995,29.518001859190516],[-101.17612973999998,29.51202484919065],[-101.16134233999999,29.489547859191035],[-101.14763302999995,29.47446148919129],[-101.14272873999994,29.47321033919129],[-101.12980644999999,29.476687079191226],[-101.11812391999996,29.470928429191353],[-101.11309479999994,29.47006422919135],[-101.09307554999998,29.473226649191318],[-101.08772037999995,29.472695909191287],[-101.06181233999997,29.46424551919148],[-101.05983427999996,29.460565019191506],[-101.05700376999994,29.44075422919184],[-101.04318896999996,29.429431079192018],[-101.03816722999994,29.41724771919223],[-101.03882830999999,29.41054327919237],[-101.03706522999994,29.406451819192412],[-101.01811161999997,29.3893091491927],[-101.01335124999999,29.38036850919287],[-101.01409642999994,29.374046519192962],[-101.01005871999998,29.368532169193063],[-101.00474365999997,29.365317879193153],[-100.99467853999994,29.363205779193162],[-100.97373102999995,29.35521097919328],[-100.97200610999994,29.351777949193362],[-100.96477684999996,29.34756481919344],[-100.95024394999996,29.347943569193415],[-100.94380859999995,29.34304293919351],[-100.93985044999994,29.33261894919368],[-100.92792848899997,29.3267091491938],[-100.91893088899998,29.325475830193824],[-100.91703125899996,29.319394490193897],[-100.90795419899997,29.316954049193964],[-100.90643586,29.313183489194003],[-100.90056748899997,29.31023975019406],[-100.89789473999997,29.30928796919412],[-100.89340971999997,29.310606229194104],[-100.88643556999995,29.30777514919412],[-100.88132250999996,29.298331449194272],[-100.88032613999997,29.282716579194553],[-100.87686828999995,29.280143569194607],[-100.86325302999997,29.275837649194642],[-100.85509171999996,29.2757163991947],[-100.85282041999994,29.272123339194742],[-100.84862785999997,29.271842179194756],[-100.84041042999996,29.264217909194887],[-100.83488408999995,29.261587089194897],[-100.82449891999994,29.26152997919489],[-100.81818073999995,29.26425353919484],[-100.81378510999997,29.263711979194866],[-100.81285174099999,29.26144641919489],[-100.81633181999997,29.256300279195013],[-100.81620130999994,29.253637139195014],[-100.80576227999995,29.25206404919508],[-100.79597933999997,29.2451894591952],[-100.79427047999997,29.24210033919523],[-100.79702871999996,29.233943399195375],[-100.79580816999999,29.228761219195444],[-100.79164656899997,29.22559822919554],[-100.78516973999996,29.227872109195506],[-100.78151314999997,29.219549659195625],[-100.77382911999996,29.210566649195766],[-100.77664561999995,29.204476139195894],[-100.77603064999994,29.199754909195942],[-100.76932604999996,29.19923979919598],[-100.76701314999997,29.195706029196042],[-100.76624891999995,29.184895309196232],[-100.77607882999996,29.172698019196428],[-100.77277950999996,29.16839151919652],[-100.76844787999994,29.16584214919658],[-100.76410865999999,29.165421119196594],[-100.76350867999997,29.160104419196646],[-100.75959025999998,29.157034349196717],[-100.74684537999997,29.154547419196728],[-100.73932379999997,29.15017953919684],[-100.73703525999997,29.14771122919684],[-100.73876954999997,29.14034256919698],[-100.72447294999996,29.127284049197247],[-100.70878565999999,29.118888849197393],[-100.68440674999994,29.11139456919752],[-100.67361345999996,29.099982679197684],[-100.66884061999997,29.09002879919784],[-100.66442231999997,29.07468145919815],[-100.66366916999999,29.05054865919856],[-100.66020541999995,29.031917459198873],[-100.65630999999996,29.018100519199134],[-100.65103645999994,29.0083353791993],[-100.64858604999995,28.99964059919946],[-100.64919416999999,28.99577405919949],[-100.64566651999998,28.987898399199654],[-100.64851490999996,28.982914509199748],[-100.64637319999997,28.967482579199977],[-100.65062008999998,28.962238349200103],[-100.64765587999995,28.960159829200144],[-100.64698162999997,28.956434509200204],[-100.65071005999994,28.948511859200337],[-100.65145648,28.942863709200424],[-100.64537519999999,28.9398998492005],[-100.63801567999997,28.92698361920071],[-100.63105896999998,28.92451634920074],[-100.62965165999998,28.922550709200785],[-100.62970917999996,28.918957859200834],[-100.63152173999998,28.916776049200912],[-100.63886744999998,28.916555029200882],[-100.64091433999995,28.914615259200943],[-100.63638196999995,28.911323049201002],[-100.63256465999996,28.90374425920112],[-100.62680490999998,28.903909739201143],[-100.62460753999994,28.909472349201007],[-100.62253954999994,28.910192509201014],[-100.61648027999996,28.907300029201046],[-100.61582690999995,28.90293048920115],[-100.61336942999998,28.901183259201147],[-100.61082204999997,28.900714799201186],[-100.60746917999995,28.902768739201143],[-100.60095070999995,28.90161039920114],[-100.60342285999998,28.88768204920137],[-100.59942319999999,28.886519369201398],[-100.59184516999994,28.889612279201362],[-100.58926451999997,28.885497079201436],[-100.59151401999999,28.88290639920145],[-100.59893974999994,28.87963081920153],[-100.59880051999995,28.874796429201623],[-100.59690021999995,28.873136889201668],[-100.59038908999999,28.872917119201674],[-100.59153227999997,28.864635489201806],[-100.58986745,28.861571319201857],[-100.57933822999998,28.85524396920198],[-100.57300142999998,28.848768179202068],[-100.57702307999995,28.83582441920231],[-100.57442284999996,28.828552169202403],[-100.57064048999996,28.826098539202455],[-100.56179210999994,28.82919919920242],[-100.54763174,28.82624036920247],[-100.54551347999995,28.818458339202625],[-100.54610837999998,28.812829079202686],[-100.54182144999999,28.808046249202825],[-100.53512847999997,28.80471142920285],[-100.53298684999999,28.788536449203118],[-100.53810441799999,28.781251368203293],[-100.53506556699995,28.775466382203344],[-100.53050982699995,28.772120988203405],[-100.52969885699997,28.768653898203517],[-100.53293605699999,28.764033628203567],[-100.53344466,28.75881145920368],[-100.52831225999995,28.755779569203746],[-100.52105759999996,28.75761245920371],[-100.51451736699995,28.751331168203777],[-100.51444407999999,28.742166969203936],[-100.50737042799994,28.740417618203974],[-100.50796005999996,28.722456779204332],[-100.50666790999998,28.716932149204407],[-100.51201516999998,28.706489619204607],[-100.50819417999998,28.684085539205],[-100.50017719999995,28.661668149205365],[-100.49661471999997,28.658690859205418],[-100.47962444899997,28.655607089205496],[-100.47435485999996,28.64712276920567],[-100.46146713999998,28.640839619205764],[-100.45533059999997,28.642785509205734],[-100.44617917999994,28.64168919920572],[-100.44542273999997,28.637649309205788],[-100.44864319999999,28.616982149206184],[-100.44715693999996,28.609227029206327],[-100.43359188999995,28.606289999206368],[-100.43213388999999,28.598366719206524],[-100.42985788999995,28.596229539206522],[-100.39869381999995,28.58537601920676],[-100.39680425899998,28.58096693920683],[-100.39738681999997,28.574833879206892],[-100.40920134,28.55642482920724],[-100.41099985999996,28.54975201920735],[-100.40474222999997,28.535549829207625],[-100.39398568999997,28.52739745920775],[-100.38854025999996,28.515398979207998],[-100.38076853999998,28.512094999208045],[-100.36043177999994,28.507802029208126],[-100.35476433999999,28.504358799208173],[-100.33756364999994,28.501565339208256],[-100.33387441999997,28.499281659208297],[-100.33593841999999,28.493259939208365],[-100.34436882999996,28.486157569208512],[-100.35610097999997,28.481878429208585],[-100.36478159999996,28.48151344920857],[-100.36790321999996,28.47947797920866],[-100.36839922999997,28.476666889208673],[-100.36035010999996,28.466452199208863],[-100.34146147999998,28.449660879209187],[-100.33746782999998,28.443022459209313],[-100.33591302999997,28.43013701920955],[-100.34200822999999,28.413553319209832],[-100.34948188999994,28.40340045921],[-100.34293138,28.38715774921027],[-100.31875867999997,28.360022279210806],[-100.31452397999999,28.346063029211024],[-100.31048619999996,28.343132909211107],[-100.30894916999995,28.338757199211145],[-100.29118307999994,28.320012629211526],[-100.28676005999996,28.313242459211597],[-100.28615913999994,28.30746188921175],[-100.29424397999998,28.283574509212162],[-100.29362128999998,28.27876336921223],[-100.29078724999994,28.27503050921235],[-100.28174814999994,28.269513219212445],[-100.27234602999995,28.256176309212677],[-100.25451509,28.23787396921301],[-100.24425219999995,28.23438382921308],[-100.22478630999997,28.235746279213043],[-100.22063694999997,28.232757969213058],[-100.21707285999999,28.2257695192132],[-100.21341199999995,28.209204399213498],[-100.21290414999999,28.199119799213715],[-100.20916111999999,28.19122622921384],[-100.19660850999999,28.189964339213898],[-100.18425445999998,28.184961399213975],[-100.17380644999997,28.178905149214057],[-100.16759851999996,28.17093014921422],[-100.15911939999995,28.167688619214253],[-100.14068245999995,28.16800753921429],[-100.12006650999996,28.155849249214516],[-100.09019956999998,28.148327459214645],[-100.08460985999996,28.145028689214705],[-100.07814065999997,28.12978701921496],[-100.06780693999997,28.114328369215265],[-100.05647374999995,28.1047518792154],[-100.05538481999997,28.10058161921552],[-100.05665267999996,28.09391364921562],[-100.05300301999995,28.085052419215803],[-100.04579788999996,28.079012919215867],[-100.02835136999994,28.073133739216015],[-100.01774708999994,28.065133509216164],[-100.01219213999998,28.035370509216705],[-100.00764131999995,28.02146293921695],[-99.99049225999994,27.993616539217467],[-99.96300317999999,27.983798799217634],[-99.93122436999994,27.980583019217686],[-99.93255996999994,27.966173709217983],[-99.93883486,27.95216407921822],[-99.93727307899998,27.940944599218405],[-99.93284624999995,27.9372135792185],[-99.92629194999995,27.93549314921855],[-99.92386482999996,27.93018287921865],[-99.92582165999994,27.927078769218674],[-99.91884941999996,27.918880449218857],[-99.90062541999998,27.91244728921895],[-99.89352797999999,27.899479549219176],[-99.89394171999999,27.89297827921934],[-99.90275694999997,27.881940149219524],[-99.90408261999994,27.873704919219634],[-99.90113411,27.863973969219888],[-99.89281824999995,27.855615569220014],[-99.88157528999994,27.84961961922012],[-99.87696245999996,27.841466319220274],[-99.87572299999995,27.835982889220347],[-99.87800941999996,27.82558513922056],[-99.87391910999997,27.81434828922077],[-99.87778196999994,27.80146290922102],[-99.87549997999997,27.796797049221126],[-99.86927642999997,27.794280019221123],[-99.85075948999997,27.793903169221174],[-99.84436528999998,27.77843667922142],[-99.84231459999997,27.767631489221635],[-99.83621619999997,27.763182999221705],[-99.83284504999995,27.762745289221744],[-99.82388459999999,27.765323139221714],[-99.81852281999994,27.77634113922148],[-99.81337096999995,27.77425134922151],[-99.80801973999998,27.765335579221688],[-99.79986039999996,27.73962979922216],[-99.79311925999997,27.73290216922228],[-99.78830241999998,27.730680279222334],[-99.77419073999994,27.733553619222295],[-99.76841181999998,27.73009694922237],[-99.76077814999998,27.721504719222498],[-99.75674822999997,27.711371599222712],[-99.73779691999995,27.692676919223043],[-99.72469184999994,27.67547476922336],[-99.72258874,27.667391059223526],[-99.71043250999998,27.657658449223685],[-99.70549990999996,27.65525487922373],[-99.69915850999996,27.655526879223707],[-99.69686281999998,27.663009459223613],[-99.69050334999999,27.669118199223497],[-99.68916942999994,27.663891599223586],[-99.68653691999998,27.661541219223633],[-99.67869005999995,27.65863736922369],[-99.67287742999997,27.660171679223666],[-99.66691979999996,27.659228709223644],[-99.66265197999998,27.656547909223686],[-99.65810097999997,27.648691549223827],[-99.66134388999997,27.642531519223965],[-99.66561993999994,27.639971739224052],[-99.66629230999996,27.636405939224066],[-99.65546727999998,27.62925964922422],[-99.64858882999994,27.630423749224185],[-99.63866430999997,27.62671501922428],[-99.62716530999995,27.629998459224186],[-99.62301399999996,27.63394788922415],[-99.62736968999997,27.639308509224033],[-99.62653228999994,27.642609249223998],[-99.62426404999997,27.64411451922397],[-99.62062962,27.643696649223944],[-99.61824417999998,27.638811569224018],[-99.61585673999998,27.637399339224082],[-99.60946499999994,27.641071799224036],[-99.60317050999998,27.641988259224004],[-99.59590431999999,27.639763769224025],[-99.59262921999999,27.635533219224122],[-99.59150330999995,27.62772921922425],[-99.58312041999996,27.620915309224376],[-99.57710614999996,27.618310779224448],[-99.57682544999994,27.610973979224553],[-99.57967816999997,27.607272399224644],[-99.58433679999997,27.606025089224676],[-99.58423501999994,27.60345859922472],[-99.57873464999994,27.602013619224728],[-99.56125785999996,27.60713027922462],[-99.55483125999996,27.614409939224483],[-99.54025062999995,27.604354799224712],[-99.53504288999994,27.59003756922496],[-99.52901357999997,27.579229679225133],[-99.51340571999998,27.56925861922533],[-99.51140768999996,27.56476573922543],[-99.51325127999996,27.557819249225545],[-99.51869336999994,27.55311965922565],[-99.52201016999999,27.544304749225816],[-99.52247891999997,27.533001089226005],[-99.52553493999994,27.52205025922626],[-99.52497561999996,27.51220765922643],[-99.52818764999995,27.4981532192267],[-99.52311376999997,27.49654310922672],[-99.51442219999996,27.49925330922666],[-99.50213231,27.500217378226658],[-99.49342722999995,27.49762797922671],[-99.48134761999995,27.48909413922689],[-99.47876526,27.47950650922706],[-99.48239850999995,27.475435969227103],[-99.48323864999998,27.46732157922725],[-99.49261914999995,27.454776169227532],[-99.49533634899996,27.446578309227675],[-99.49553021999998,27.43798953922782],[-99.48762099899994,27.411046199228327],[-99.48946374999997,27.399132799228592],[-99.49278484999998,27.39198427922869],[-99.49228068999997,27.380591799228903],[-99.50297357999995,27.36645902922918],[-99.50786085999994,27.3535097792294],[-99.50449873999997,27.33877976922968],[-99.52166285999999,27.324643169229983],[-99.53236762999995,27.323625599230024],[-99.53813262999996,27.316452019230134],[-99.53650127999998,27.312053319230245],[-99.52790354999996,27.304835689230366],[-99.51201934999995,27.304065169230373],[-99.50338031999996,27.306219179230304],[-99.49460391999999,27.303764219230388],[-99.48759021999997,27.29421430923054],[-99.48784590999999,27.288580169230656],[-99.49656664999998,27.272900509230972],[-99.49435594,27.26652721923109],[-99.49089677999996,27.26272470923115],[-99.48600610999996,27.259751969231196],[-99.48153205999995,27.259580079231203],[-99.46643497999997,27.267560049231058],[-99.46195190999998,27.268386909231058],[-99.45299887999994,27.264470309231115],[-99.44183259999994,27.25080664923141],[-99.44151962999996,27.23650542923169],[-99.44536899999997,27.22317854923192],[-99.44251221999998,27.217977429232043],[-99.43260994999997,27.209922169232147],[-99.43303644999997,27.20184624923235],[-99.42621773999997,27.176127289232827],[-99.43008784999995,27.159166349233164],[-99.44002148999999,27.151146459233317],[-99.43878462999999,27.145345859233444],[-99.43102008999995,27.13704701923359],[-99.43103905999999,27.1252280892338],[-99.43235507999998,27.120718429233897],[-99.44254350999995,27.10682965923418],[-99.42956117999996,27.0941725492344],[-99.42866104999996,27.09159274923447],[-99.43557368999996,27.078980399234666],[-99.44816945999997,27.070189519234837],[-99.45270751999999,27.064064999234954],[-99.45103101999997,27.055007779235133],[-99.44468873999996,27.04116502923542],[-99.44370725999995,27.03237754923556],[-99.44569214999996,27.021863849235782],[-99.43851162999995,27.01424834923595],[-99.42984985,27.01051857923602],[-99.42640457999994,27.01144430923599],[-99.41953997999997,27.017810569235866],[-99.41541270999994,27.017375679235876],[-99.40538287999999,27.005333539236087],[-99.40296744999995,26.999756369236213],[-99.38713856999999,26.982049179236547],[-99.37863634999997,26.97974984923663],[-99.37646899999999,26.976851679236646],[-99.37788647999999,26.972923749236735],[-99.39225117999996,26.964235429236876],[-99.39375707999994,26.960227019236978],[-99.38789425999994,26.943518919237288],[-99.38502061999999,26.93960265923737],[-99.37847674999995,26.933929539237507],[-99.37274816999998,26.93138205923752],[-99.36555784999997,26.929023769237595],[-99.35116496999996,26.927859049237604],[-99.34587342999998,26.924578449237686],[-99.33702219999998,26.923398579237663],[-99.32422097999995,26.915945399237835],[-99.32121716999995,26.906559909238023],[-99.32876378099996,26.87964971923853],[-99.32799510999997,26.877781339238602],[-99.32519047999995,26.87725877923857],[-99.31714156999999,26.86546181923883],[-99.30990985999995,26.864243429238837],[-99.29457003,26.86498159923885],[-99.28049896999994,26.858088579238995],[-99.26801994999995,26.84262877923925],[-99.26201747999995,26.814908769239786],[-99.24249359999999,26.78731328924033],[-99.23961974999997,26.745261769241186],[-99.20860343,26.724448939241583],[-99.20962961999999,26.693595479242184],[-99.19997668999997,26.655792819242908],[-99.17816570999997,26.62089570924363],[-99.16731328999998,26.56004410924478],[-99.17119050999999,26.55035065924499],[-99.17151861999997,26.543152059245152],[-99.16788928999995,26.536956419245236],[-99.15343833999998,26.530639089245405],[-99.12775022999995,26.525344919245505],[-99.11787091999997,26.516013199245656],[-99.10431099999994,26.499090739245997],[-99.09164964999997,26.47531764924651],[-99.09355256999999,26.468480799246638],[-99.10014406,26.459559049246796],[-99.10293507999995,26.441595679247136],[-99.10709544999999,26.437653979247226],[-99.11352522999995,26.434805479247263],[-99.11358891999998,26.43252370924733],[-99.11100496999995,26.42645202924746],[-99.09969011,26.417533429247623],[-99.09600908999994,26.411823949247733],[-99.08903864999998,26.407904289247796],[-99.08510777999999,26.398469179248014],[-99.08152757999996,26.39656202924803],[-99.06250580199998,26.397436022248055],[-99.05416674999998,26.40173787924793],[-99.04424487899996,26.410880369247742],[-99.03728859999995,26.413568369247724],[-99.03030534899995,26.412239459247687],[-99.02093830999996,26.40656288924783],[-99.01276344999998,26.393054939248135],[-99.01077470999996,26.392258629248154],[-98.99999927999994,26.3940851992481],[-98.98779391999996,26.391650059248164],[-98.97785436999999,26.40068776924797],[-98.97438676999997,26.401306769247977],[-98.96910065999998,26.398798429247996],[-98.96170114999995,26.398432399247998],[-98.95457645999996,26.394539169248073],[-98.95309945999999,26.390338719248163],[-98.95345691999997,26.384122059248277],[-98.95610785999999,26.37712868924843],[-98.94928102999995,26.37150519924856],[-98.94324145999997,26.36943727924859],[-98.93765027999996,26.37029450924858],[-98.93494468999997,26.372977659248527],[-98.93534047999998,26.38555499924829],[-98.92894191999994,26.393717419248084],[-98.92672337999996,26.394565429248097],[-98.92347317999999,26.391907879248162],[-98.92410281999997,26.38351184924831],[-98.92222691999996,26.37881670924837],[-98.91396236999998,26.372552279248502],[-98.90134653999996,26.371141709248576],[-98.89930222,26.365337429248683],[-98.90086441999995,26.359273219248767],[-98.89613322999998,26.353081089248906],[-98.88932621999999,26.35704288924885],[-98.86083127999996,26.366233479248663],[-98.85119978199998,26.364461571248672],[-98.84833009199997,26.35941080224879],[-98.84359070999994,26.3585564592488],[-98.83255845999997,26.363321909248675],[-98.82421248999998,26.37088065924857],[-98.81901297199994,26.370777742248592],[-98.81441237999996,26.365918619248667],[-98.80460171199996,26.36762663224861],[-98.79864415199995,26.36092498224878],[-98.79578772199994,26.347568322249042],[-98.78800023199994,26.337697422249242],[-98.78851808199995,26.330514682249355],[-98.77623557999999,26.325285939249486],[-98.76860025999997,26.325014379249446],[-98.75457841999999,26.33142182924937],[-98.750717862,26.33118311224936],[-98.74706974199997,26.31847580124957],[-98.74423089199998,26.314943221249692],[-98.738041292,26.313398552249726],[-98.73607286,26.308323489249837],[-98.73813014999996,26.303976449249895],[-98.74208262999997,26.3026679192499],[-98.75076894199998,26.3077776012498],[-98.75498059999995,26.307587849249828],[-98.75636499999996,26.3035710192499],[-98.750919062,26.296011621250045],[-98.74195947999999,26.294042539250114],[-98.73330244999994,26.298939769249994],[-98.72810145199998,26.299003372250006],[-98.72243029199996,26.295876112250085],[-98.71668084999999,26.286126059250275],[-98.70811158,26.289240089250217],[-98.70245958199996,26.28709222225023],[-98.69967497999995,26.280439909250354],[-98.70161297999995,26.2775167792504],[-98.71050771999995,26.27905459925039],[-98.71704548999998,26.278180179250395],[-98.72002691999995,26.27584287925044],[-98.71965777099996,26.272552510250538],[-98.71151013999997,26.268545539250592],[-98.70059633999995,26.26578113925066],[-98.68757424999997,26.265294489250643],[-98.68112162999996,26.26293604925073],[-98.67800285,26.25804976925082],[-98.67963024999995,26.24859565925098],[-98.67820428999995,26.243618019251088],[-98.67056430999997,26.237002629251243],[-98.66550661999997,26.235348479251243],[-98.65646299999997,26.23570276925126],[-98.64425447999997,26.241368309251126],[-98.63457782999996,26.24233305925116],[-98.63305004899996,26.244013399251067],[-98.63270373899996,26.251435619250945],[-98.62441233999999,26.2597404292508],[-98.62153093999996,26.2589427392508],[-98.61846951999996,26.24772133925101],[-98.61625888999998,26.24648867925102],[-98.61155585999995,26.253335849250888],[-98.60781670999995,26.25316964925092],[-98.59770573999998,26.258069139250793],[-98.58572970999995,26.25767068925082],[-98.57942205999996,26.25320993925089],[-98.57983904999998,26.249594249250958],[-98.58510962999998,26.24489176925106],[-98.58009399999997,26.23539576925123],[-98.5772732,26.233583849251307],[-98.57310484999994,26.239470119251216],[-98.56626254899999,26.241561419251116],[-98.56406341899998,26.23618456925124],[-98.56477916899996,26.227766889251424],[-98.56266456899999,26.224410489251465],[-98.55991801899997,26.224450629251475],[-98.55523529,26.23233911925133],[-98.54830862999995,26.2339874892513],[-98.54574064999997,26.23652808925123],[-98.54700559999998,26.241657449251132],[-98.55276828999996,26.24167562925111],[-98.55834890899996,26.24447287925108],[-98.55793457999994,26.24723893925102],[-98.55424301999996,26.247785629251034],[-98.54348242999998,26.243412429251094],[-98.53538888999998,26.22569411925148],[-98.52980965999997,26.227108059251414],[-98.52610011999997,26.233546219251295],[-98.52233693999995,26.235684649251258],[-98.52138090999995,26.23242868925133],[-98.52693002999997,26.226170489251473],[-98.52455331999994,26.221349049251568],[-98.52143391999995,26.22041620025155],[-98.51977716999995,26.22393040025152],[-98.51280316999998,26.227169969251406],[-98.50057347899997,26.2223288302515],[-98.50690741899996,26.212469089251737],[-98.50700150899996,26.209313819251776],[-98.50388256999997,26.208378149251793],[-98.49074201999998,26.213006280251708],[-98.48492887999998,26.212524229251727],[-98.48174162899996,26.208798739251822],[-98.48137971999995,26.205428179251886],[-98.48355574899996,26.202124139251904],[-98.48140102999997,26.200621850251963],[-98.47840839999998,26.201630539251934],[-98.47748361999999,26.203787580251863],[-98.47867047899996,26.209277949251792],[-98.48297913999994,26.215092579251642],[-98.481815629,26.21930436925156],[-98.47052056999996,26.220751510251564],[-98.46064725999997,26.22608594025146],[-98.45726201999997,26.22449529025147],[-98.45449530999997,26.21668476925162],[-98.44983804899994,26.22293764925153],[-98.44410273999995,26.224177740251502],[-98.44000776799999,26.2190640902516],[-98.43856104899999,26.211950879251763],[-98.44400891899994,26.204681049251864],[-98.44393179999999,26.20054136925196],[-98.44146637999995,26.198187350252017],[-98.42655847899994,26.192387249252103],[-98.41707854999999,26.184071259252292],[-98.40276059999998,26.181473546252334],[-98.40145373899999,26.17914264725238],[-98.40239573999999,26.172024017252536],[-98.40084548999994,26.169954197252565],[-98.39778404899994,26.170485647252587],[-98.39314391,26.167460817252636],[-98.38732051999995,26.158424936252814],[-98.38278892099999,26.156663967252836],[-98.36637450999997,26.15766050725283],[-98.36421484899996,26.162109078252744],[-98.36722114999998,26.168506507252616],[-98.35982565999996,26.172514646252544],[-98.35731697999995,26.16866821725259],[-98.35820563,26.158724546252817],[-98.35209116999994,26.15105553725294],[-98.34868677999998,26.153588947252896],[-98.34856326,26.160698996252766],[-98.34622125999994,26.165688826252662],[-98.34279036999999,26.16701650625262],[-98.33569264999996,26.16581857725263],[-98.33368610999999,26.163746047252722],[-98.33311841999995,26.159446827252793],[-98.338400419,26.15270062725292],[-98.33793447999994,26.14942145625301],[-98.33526219999999,26.146180657253048],[-98.32734444999994,26.144426336253066],[-98.32649413999998,26.142937507253112],[-98.32767045899999,26.141651947253163],[-98.33447539899998,26.141180308253155],[-98.33561474899996,26.13831502725323],[-98.32193830999995,26.118892949253585],[-98.30979347999995,26.11398791925371],[-98.30533804999999,26.102886339253928],[-98.29993545999999,26.102023580253924],[-98.29773734999998,26.10337031925394],[-98.29766414999995,26.10540022025385],[-98.30204345999994,26.106728060253875],[-98.30360819999999,26.10995271925375],[-98.29986845999997,26.11780318025363],[-98.29686630999998,26.120298450253575],[-98.29122410999997,26.120843580253545],[-98.27450122999994,26.115865680253663],[-98.26921110999996,26.120520630253562],[-98.26629614999996,26.12093712025356],[-98.26584210999994,26.11714843025362],[-98.27200902999999,26.113422150253726],[-98.27050811999999,26.10662657025386],[-98.28236265,26.107869690253846],[-98.28783891999996,26.106494090253864],[-98.28837494999999,26.10469154025385],[-98.28429924999995,26.10094512025398],[-98.27631448999995,26.098635400253986],[-98.26759208999995,26.09246757025413],[-98.26472874599995,26.08549001925429],[-98.25165359999994,26.078840479254414],[-98.24954927999994,26.07217147925457],[-98.23038350999998,26.077188849254423],[-98.22020834999995,26.076335279254433],[-98.21303679999994,26.069176019254602],[-98.20466316999996,26.066391489254663],[-98.19867011999997,26.055545979254862],[-98.19363537099998,26.05308897925491],[-98.19156741999996,26.054511919254892],[-98.18883745999995,26.06295344925474],[-98.18707614999995,26.064394309254727],[-98.18305877999995,26.06362170925474],[-98.17936493999997,26.060016259254795],[-98.17685034,26.060735429254745],[-98.17684521999996,26.0630676892547],[-98.18059767999995,26.066150659254685],[-98.17965002999996,26.073461109254506],[-98.17658553999996,26.075314879254503],[-98.17226354999997,26.071593179254542],[-98.16786359999998,26.06309464925472],[-98.16126721999997,26.064474489254717],[-98.15802357999998,26.063591679254728],[-98.15791817999998,26.060656909254764],[-98.16217264999995,26.056495689254884],[-98.16173894999997,26.053999079254897],[-98.15930642999996,26.053332919254935],[-98.15375319999998,26.057864659254843],[-98.15079108999998,26.05802645925484],[-98.14948342999998,26.051596249254956],[-98.14686527999999,26.049138979255034],[-98.14337402999998,26.050617889254998],[-98.13969608999999,26.056593219254836],[-98.13656811999994,26.064055539254685],[-98.13684908999996,26.070085309254562],[-98.13187054999997,26.074309829254513],[-98.12817807999994,26.07259225925456],[-98.13107483,26.066630709254635],[-98.12974614999997,26.063183199254702],[-98.12457671,26.062010909254727],[-98.10462670999999,26.067658709254637],[-98.09786913999994,26.060273179254764],[-98.09358461999994,26.058648819254802],[-98.08136107999997,26.06433854925471],[-98.08145746099996,26.066673219254643],[-98.08569654999997,26.069503819254567],[-98.08133104999996,26.07130168925456],[-98.07630468999997,26.06756934925463],[-98.07493256999999,26.059322979254805],[-98.07008370999995,26.05147079925498],[-98.07025856999996,26.047608659255037],[-98.07256276999999,26.043845089255115],[-98.08017951999994,26.041633779255157],[-98.07724153999999,26.036477909255254],[-98.07294930999996,26.036423999255284],[-98.07051570999994,26.03730427925526],[-98.06527142999994,26.044874449255115],[-98.06220671999996,26.046250629255052],[-98.04589411999996,26.0442981492551],[-98.03871301999999,26.04136728925516],[-98.03436461999998,26.050879709254982],[-98.03314681999996,26.06165104925473],[-98.02793022999998,26.066983679254683],[-98.02492734999998,26.065496399254663],[-98.02105328999994,26.058629679254793],[-98.01591904999998,26.061630219254752],[-98.01399396999996,26.06624581925468],[-98.01204519999999,26.066102179254646],[-98.01066625999995,26.06259421925474],[-98.01273082999997,26.05752599925485],[-98.01188705999999,26.056081579254887],[-98.00781745999996,26.062142709254747],[-98.00260227999996,26.064932449254723],[-97.99727177999996,26.064748139254704],[-97.99187948999997,26.058222939254843],[-97.98875388999994,26.060597199254804],[-97.98747921999995,26.066094339254683],[-97.98019711999996,26.067216979254663],[-97.97864413999997,26.058896149254828],[-97.97358602999999,26.057585999254872],[-97.96999497999997,26.053276659254923],[-97.96587491999999,26.051666079254982],[-97.96234681999994,26.05297736925494],[-97.95553031899999,26.0612071502548],[-97.95107491999994,26.062238029254754],[-97.94480205899998,26.060237709254764],[-97.93701622999998,26.05299502925491],[-97.93355028999997,26.052985719254913],[-97.93143811999995,26.054991249254897],[-97.93139748,26.05748491925483],[-97.93726682,26.062095519254772],[-97.93364291999995,26.06555701925466],[-97.93057250999999,26.06449730925468],[-97.92708521999998,26.0548392592549],[-97.91955773999997,26.057988859254806],[-97.91049791999995,26.056468449254876],[-97.90099816999998,26.061134279254752],[-97.89104411999996,26.06030831925478],[-97.88840341999997,26.062006169254772],[-97.88709222999996,26.066596749254636],[-97.87682671,26.064623349254678],[-97.86897625999995,26.05677773925483],[-97.86407851999998,26.068234259254634],[-97.86139661999994,26.070029249254596],[-97.85942485,26.06668856925467],[-97.86235811999995,26.060976399254788],[-97.86100165,26.052961419254903],[-97.85052919999998,26.051927739254964],[-97.83920262999999,26.053108539254925],[-97.83613794999998,26.050850859254954],[-97.83426177999998,26.045602219255066],[-97.82869202999996,26.050267859255023],[-97.82584631999998,26.055822779254857],[-97.81928570999999,26.056584309254866],[-97.81468394999996,26.053233999254903],[-97.81645917999998,26.045402679255087],[-97.81241117999997,26.04406557925511],[-97.81098948999994,26.045439309255094],[-97.81241270999999,26.049074879254984],[-97.81126736999994,26.055256149254877],[-97.80802961999996,26.05812262925484],[-97.80109270999998,26.060210169254795],[-97.79887808999996,26.05283987925497],[-97.79277259999998,26.053229029254947],[-97.78882184999999,26.04944711925498],[-97.78940250999996,26.047398119255014],[-97.79543842999999,26.046715089255095],[-97.79779348999995,26.042547419255165],[-97.79728451999996,26.0393483792552],[-97.79172777999999,26.03379597925531],[-97.78183893999994,26.033772569255326],[-97.77789885,26.029208059255396],[-97.77418896999995,26.03365907925534],[-97.76929888999997,26.03594108925527],[-97.77569573999995,26.039535859255217],[-97.77678439999995,26.044317739255117],[-97.76803548999999,26.047258909255035],[-97.76267037999997,26.041574479255168],[-97.76419453999995,26.028371289255432],[-97.76153861999997,26.025561339255475],[-97.75219274999995,26.031539219255386],[-97.74883059999998,26.030320419255407],[-97.74931101999995,26.027020909255445],[-97.74800317999996,26.026113079255495],[-97.74277701999995,26.029694179255387],[-97.73527102999998,26.028441509255426],[-97.73469154999998,26.032006049255376],[-97.72138539999999,26.031270309255348],[-97.71820271999997,26.02886017925541],[-97.72157397999996,26.024074149255515],[-97.72045545999998,26.023023119255544],[-97.70949636999995,26.02618319925546],[-97.70922071999998,26.03459948925532],[-97.70712007999998,26.037734569255253],[-97.70416036999995,26.035430419255302],[-97.70222557999995,26.030816709255394],[-97.69697917999997,26.030645939255393],[-97.69755859999998,26.023906539255506],[-97.69155987999994,26.01881782925563],[-97.68996005999998,26.022354599255532],[-97.69342508999995,26.026540889255458],[-97.69327068999998,26.03235845925537],[-97.68756942999994,26.027302879255448],[-97.67565611999999,26.0258249492555],[-97.67324922999997,26.028036029255457],[-97.67599102999998,26.0297725192554],[-97.67484448999996,26.03281950925531],[-97.67089697999995,26.033973119255304],[-97.66903541999994,26.02939217925542],[-97.66724085999995,26.02888277925543],[-97.66450507999998,26.031432749255405],[-97.66415924999997,26.03687953925524],[-97.66261399999998,26.038076479255217],[-97.66061342999997,26.031440429255355],[-97.66741208899998,26.024536619255517],[-97.66813728999995,26.019425309255592],[-97.65773839999997,26.02004499925559],[-97.65161891999998,26.015868259255676],[-97.65008719999997,26.017801579255618],[-97.65043179999998,26.023714679255544],[-97.64638870999994,26.02738756925543],[-97.64483136999996,26.02777645925543],[-97.63992094999999,26.023950829255522],[-97.63711979999994,26.019659059255602],[-97.63777093999994,26.013755659255754],[-97.64160266,26.011639719255793],[-97.64903651999998,26.012593119255776],[-97.64929498,26.010443679255783],[-97.63566784999995,26.00013961925597],[-97.63240456999996,26.000934999255964],[-97.63102131999996,26.00468774925593],[-97.62713381999998,26.006113049255905],[-97.62629730999998,26.003050179255954],[-97.62840257999994,25.997555859256035],[-97.62731827999995,25.996540309256087],[-97.62320597999998,25.99719301925607],[-97.62025396999996,26.002314089255936],[-97.61836105999998,26.002315279255974],[-97.61845470999998,25.995032049256125],[-97.62048367999996,25.99216690925614],[-97.62339730999997,25.991695889256192],[-97.62580287999998,25.99515799925611],[-97.63103674999998,25.996456419256095],[-97.63329104999998,25.994614029256105],[-97.63444962999995,25.99003676925623],[-97.63043376999997,25.987885369256272],[-97.62164144999997,25.9891464592562],[-97.61974531999994,25.987610509256232],[-97.62008077999997,25.98436274925632],[-97.61668058,25.97905797925644],[-97.60790761999999,25.976810519256496],[-97.60777062999995,25.971805979256587],[-97.61060333999995,25.965961659256713],[-97.60209519999995,25.957355459256856],[-97.59847097999995,25.95674782925687],[-97.59384207999994,25.961640849256767],[-97.58212151999999,25.962378249256748],[-97.58312399999994,25.954975459256946],[-97.57811704999995,25.942093619257165],[-97.57480817999999,25.943252319257166],[-97.57288051999996,25.946230679257084],[-97.57446745999994,25.953947029256938],[-97.56790757999994,25.952513859256978],[-97.56596436999996,25.947941109257055],[-97.56639764999996,25.944740969257133],[-97.58219362999996,25.938633689257266],[-97.58403496999995,25.935731179257314],[-97.58327422999997,25.93321647925737],[-97.58098631999997,25.93256007925735],[-97.57459931999995,25.935187399257345],[-97.56697211999995,25.93372404925732],[-97.56593188999994,25.93185010925737],[-97.56797884999997,25.92777790925745],[-97.56172404999997,25.92567779925754],[-97.55937342999994,25.926711139257513],[-97.55772422999996,25.93539290925735],[-97.55585257999998,25.937237949257284],[-97.55234594999996,25.937183779257285],[-97.54617508999996,25.934220859257326],[-97.54517256999998,25.924375169257562],[-97.54367590999999,25.92336111925755],[-97.53731444999994,25.930809549257415],[-97.53729525999995,25.927178029257487],[-97.54305214999994,25.920112819257618],[-97.53000554999996,25.919866119257637],[-97.52992561999997,25.916975739257694],[-97.53387942999997,25.911732079257778],[-97.53325757999995,25.90844337925787],[-97.52853911999995,25.906781739257884],[-97.52714597999994,25.902579169257944],[-97.52374781999998,25.898994059258065],[-97.52333817999995,25.889175849258265],[-97.52127162999996,25.886323749258306],[-97.51090091999998,25.887542619258266],[-97.50542284999995,25.891173739258225],[-97.49819021999998,25.89916267925808],[-97.49635199999996,25.895946219258114],[-97.49715021999998,25.87986742925844],[-97.49224997999995,25.881236379258453],[-97.48790791999994,25.88545193925833],[-97.48626299999995,25.883496979258396],[-97.48780648999997,25.879214419258453],[-97.48445027999998,25.878823079258492],[-97.46898941999996,25.888918749258284],[-97.46839745999996,25.883966649258358],[-97.47474273999995,25.87972087925844],[-97.47447557,25.876846319258483],[-97.47057787999996,25.87535821925855],[-97.46397498,25.882126579258376],[-97.45551745999995,25.88411924925834],[-97.45488373999996,25.878469849258465],[-97.45674459999998,25.86864622925864],[-97.45350822999997,25.867405059258708],[-97.449041719,25.872287369258586],[-97.44461268899994,25.867806579258676],[-97.44770736999999,25.863444520258806],[-97.44824474999996,25.85931448025889],[-97.45204467999997,25.858693800258898],[-97.45405657899994,25.854280849258984],[-97.44508141999995,25.856372079258897],[-97.44401071999994,25.854867029258948],[-97.44588110999997,25.851184779259015],[-97.44404987999997,25.848613629259077],[-97.43611108,25.849987649259067],[-97.42445179999999,25.84044002925922],[-97.41236936999996,25.841136979259232],[-97.41463545999994,25.84747290925914],[-97.41397750999994,25.85599833925892],[-97.41217908999995,25.860263049258872],[-97.40945471999999,25.862269949258792],[-97.40778239999999,25.86152159925883],[-97.40923727999996,25.857541279258932],[-97.40791647999998,25.85464490925896],[-97.41055410999998,25.849566909259096],[-97.40789336999995,25.845215059259147],[-97.40558593999998,25.845205969259148],[-97.40481297999999,25.849020849259063],[-97.40196637999998,25.852236549258997],[-97.39865714999996,25.85033650925903],[-97.40070624999998,25.846401259259125],[-97.40053267999997,25.841363979259214],[-97.40690785999999,25.840036799259277],[-97.40615059999999,25.83789596925928],[-97.39899404999994,25.838947649259246],[-97.39338831999999,25.8372913392593],[-97.38911801999997,25.839321179259287],[-97.38704505999999,25.84390884925918],[-97.38191431999998,25.839625539259263],[-97.37263077999997,25.840125149259276],[-97.37099324999997,25.84959488925907],[-97.36786759999995,25.85067759925903],[-97.36459021999998,25.849603369259082],[-97.36421188999998,25.850867149259038],[-97.36632870999995,25.85345196925897],[-97.37584705999996,25.853975279258968],[-97.37618624999999,25.85559293925895],[-97.36938434999996,25.857756749258925],[-97.36145201999994,25.86947557925864],[-97.35901707999994,25.868890969258675],[-97.35901681999997,25.86582084925872],[-97.35665905999997,25.867350519258707],[-97.35942930999995,25.872682619258573],[-97.35943442999996,25.87980447925847],[-97.36418985999997,25.877772649258485],[-97.37328448999996,25.878249769258446],[-97.37417293999994,25.880277379258445],[-97.36760397999996,25.884640749258374],[-97.35880779999997,25.885886829258332],[-97.35640127999996,25.887761949258262],[-97.35818102999998,25.889683089258256],[-97.366496,25.890545219258215],[-97.36753117999997,25.89413077925817],[-97.36601561999998,25.90235301925802],[-97.37427982999998,25.90574768925793],[-97.37503187999995,25.908292489257875],[-97.36809934999997,25.909770109257856],[-97.36913662999996,25.915134769257754],[-97.36119968999998,25.915913779257696],[-97.35476013999994,25.919785619257603],[-97.35049496999994,25.92468944925755],[-97.34791539999998,25.93131030925742],[-97.34265957999997,25.928828569257462],[-97.33684248999998,25.929684459257412],[-97.33787799999999,25.92038856925763],[-97.33422224999998,25.920289049257633],[-97.33301334999999,25.926154819257533],[-97.33085710999995,25.917903029257673],[-97.32609590999999,25.917544079257667],[-97.32457144999997,25.918602509257628],[-97.32460999999995,25.92494376925751],[-97.31827691999996,25.931148109257382],[-97.31362187999997,25.93101734925741],[-97.30948931999995,25.926341799257496],[-97.30483010999997,25.928016859257493],[-97.30320470999999,25.93698056925729],[-97.29952510999999,25.93703361925726],[-97.29784465999997,25.933933919257377],[-97.29564211999997,25.93327101925737],[-97.29168522999998,25.93640562925727],[-97.27682199999998,25.935197629257328],[-97.27695517999996,25.93923408925727],[-97.28096748999997,25.94427164925716],[-97.27806493999998,25.947040429257108],[-97.28377026,25.949012279257023],[-97.28925282999995,25.954010369256928],[-97.28396567999994,25.95932799925681],[-97.27643361999998,25.952168089256972],[-97.26095193999998,25.950998459257],[-97.24749436999997,25.948030549257066],[-97.23876899999999,25.955734079256924],[-97.22657221999998,25.959294109256813],[-97.21986322,25.957278219256857],[-97.20863165999998,25.963870319256756],[-97.20630296999997,25.963149949256767],[-97.20495567999997,25.957984049256865],[-97.19708724999998,25.95794437925688],[-97.18862467999998,25.953721849256965],[-97.18671422999996,25.954889169256926],[-97.18680927999998,25.95842574925686],[-97.17754939999999,25.961768479256772],[-97.17621764999996,25.96564553925667],[-97.16704839999994,25.960265849256793],[-97.15853964999997,25.961752999256777],[-97.16024221999999,25.95135016925702],[-97.15877151999996,25.948814629257072],[-97.15157084999998,25.951028939257007],[-97.14637374999997,25.9548869092569],[-97.14436345999997,25.919167429257662],[-97.14473978999996,25.89260195525821],[-97.15009640299996,25.835951535259323],[-97.16425443099996,25.74564426726118],[-97.16893159599994,25.72304179226165],[-97.18233564999997,25.678789724262558],[-97.20139864699996,25.631673331263528],[-97.20237790999994,25.62839790026357],[-97.20098584299996,25.628339260263612],[-97.20745917799998,25.621802480263714],[-97.262548586,25.523227252265787],[-97.33752926999995,25.399826330268322],[-97.406390323,25.2756042802709],[-97.41713344699997,25.25379277327136],[-97.42019951499998,25.243694423271613],[-97.42054049699999,25.23643294627171],[-97.41196212999995,25.23409456827178],[-97.42497554699997,25.237203283271697],[-97.42777743299996,25.234445879271792],[-97.41302661399999,25.230621759271887],[-97.425433797,25.2333656712718],[-97.43387191599999,25.223887505271996],[-97.44146298699997,25.210883057272262],[-97.50771028799994,25.06449019327533],[-97.52855823699997,25.01111653527646],[-97.53031903799996,25.004927747276618],[-97.52919859499997,25.002722107276664],[-97.53039184899995,25.003707611276614],[-97.53089658999994,25.006098865276588],[-97.53246520999994,25.0015762132767],[-97.52988028499999,25.0006951452767],[-97.53174102299994,25.0008055922767],[-97.53869242199995,24.985369866277004],[-97.57207714999998,24.887685158279105],[-97.58229931499996,24.85083206627989],[-97.582614091,24.844667063280035],[-97.580641314,24.844025101280014],[-97.58548177999995,24.845169502279973],[-97.58625405999999,24.843283999280033],[-97.58123163799996,24.84199694428008],[-97.58385749999997,24.84248957028005],[-97.58872576299997,24.832333184280262],[-97.62006326499994,24.7241152972826],[-97.64787513899995,24.623605040284765],[-97.67534125799995,24.509323989287196],[-97.67908355499998,24.487365133287685],[-97.67920133899997,24.480876343287786],[-97.67744525899997,24.480090309287814],[-97.68063284599998,24.479923226287806],[-97.68101783999998,24.47764434528786],[-97.67644836499996,24.47785599628789],[-97.67972359199996,24.47708806728791],[-97.68691738099996,24.45056099328847],[-97.70659209699994,24.317108204291383],[-97.72457892899997,24.12507606529559],[-97.73640111899995,23.96916032829896],[-97.73745166299994,23.923200510300013],[-97.73585463299997,23.79621417430281],[-97.73445151299995,23.773458007303297],[-97.73177705999996,23.771697538303368],[-97.73399999899999,23.76780000030346],[-97.73312602299995,23.76714371430344],[-97.73495456899997,23.76768096630344],[-97.73598895099997,23.76594907830349],[-97.73825807999998,23.75459664030372],[-97.74235995599999,23.662142662305808],[-97.75695231799995,23.520163139308956],[-97.76902762199995,23.36462280231246],[-97.77001161599999,23.323247546313407],[-97.76881370999998,23.244795621315156],[-97.76164169599998,23.055470094319475],[-97.76036541599997,23.05543547631949],[-97.76171089999998,23.051534999319593],[-97.76076374599997,22.997258158320836],[-97.76234963699996,22.963565700321585],[-97.76500214299995,22.943165679322043],[-97.76585957199995,22.89499041632314],[-97.77689539899997,22.83609545332449],[-97.78885450299998,22.790604853325554],[-97.80067446599998,22.760490762326263],[-97.82067362799997,22.717336101327252],[-97.82665364999997,22.69755914932773],[-97.83255999099998,22.687320933327975],[-97.83676734399995,22.67276567032826],[-97.83833080699999,22.674227784328227],[-97.84123002999996,22.67148033932833],[-97.839899254,22.670562377328338],[-97.84497491199994,22.660258894328553],[-97.85164462299997,22.63286668632921],[-97.85897424799998,22.57417477033058],[-97.85975859099995,22.553437732331066],[-97.85739605499998,22.515265358331956],[-97.850327156,22.493010626332456],[-97.83350739399998,22.49262523033244],[-97.85783972299998,22.49218221733247],[-97.85746403099995,22.482175317332686],[-97.83437269599995,22.481881685332727],[-97.85676629699998,22.481791644332706],[-97.85875924099997,22.47047783033297],[-97.85688751299995,22.45250509033338],[-97.84940357299996,22.42072174033412],[-97.83335127799997,22.365536988335467],[-97.81429526699998,22.31206554433668],[-97.80265137599997,22.29100477233718],[-97.78357044799998,22.265087262337786],[-97.77295329399999,22.267040480337727],[-97.78416075999998,22.26420836133779],[-97.78459981899994,22.262357520337872],[-97.77432013999999,22.263648309337828],[-97.78996768999997,22.260060059337906],[-97.79268467999998,22.257494829337958],[-97.79378184999996,22.245549509338236],[-97.79275533999999,22.21200219933901],[-97.78729879999997,22.175128479339918],[-97.77178474999995,22.11771227934123],[-97.75462130999995,22.068535349342408],[-97.73089014,22.015329459343654],[-97.70729344999995,21.97134474934473],[-97.70553511999998,21.971002979344707],[-97.70521507999996,21.96827073934477],[-97.69470947999997,21.951277689345186],[-97.61612992,21.83488085934796],[-97.58827581999998,21.798723509348825],[-97.56433442999999,21.770793819349493],[-97.52192390999994,21.72936344935048],[-97.47294945999994,21.689925349351434],[-97.44231796999998,21.658918319352164],[-97.37530037,21.60842664935339],[-97.35410239999999,21.5933532793537],[-97.34358819999994,21.587690569353878],[-97.34023767999997,21.57934354935406],[-97.32790439999997,21.567165199354342],[-97.32732224999995,21.56288219935447],[-97.33150297999998,21.556379089354632],[-97.33274461999999,21.551303169354735],[-97.33280550999997,21.538959909355057],[-97.32932439999996,21.523532139355407],[-97.33047811999995,21.515979079355564],[-97.34157813999997,21.486831399356277],[-97.35058664999997,21.456606249357026],[-97.37528997999999,21.399216569358444],[-97.40156314999996,21.357673879359414],[-97.41059808999997,21.337835059359882],[-97.41443779999997,21.32539094936018],[-97.42039328,21.293942539360955],[-97.42092008999998,21.2706982793615],[-97.41831377999995,21.26051516936179],[-97.42026253999997,21.258888489361816],[-97.41870487999996,21.25874279936182],[-97.42070271999995,21.25874925936182],[-97.42235528999998,21.249138769362066],[-97.42024157999998,21.23089713936245],[-97.41224645999996,21.200708219363197],[-97.39813999999996,21.16237091936416],[-97.38057516999999,21.125967849365036],[-97.36584557999998,21.098370489365703],[-97.36424647999998,21.097961679365707],[-97.36456033999997,21.09595019936578],[-97.33693894999999,21.031632629367344],[-97.32936961999997,21.017835889367703],[-97.32664067999997,21.01874890936766],[-97.32546988999997,21.01716013936769],[-97.32834128999997,21.016011379367733],[-97.32628121999994,21.005664079367964],[-97.31126401999995,20.978640449368644],[-97.30589233999996,20.971983919368824],[-97.30165104999998,20.974069849368743],[-97.30616154999996,20.971577289368792],[-97.30497437999998,20.96783554936893],[-97.30166650999996,20.970146969368827],[-97.30152002999995,20.969985179368834],[-97.30563345999998,20.966699689368916],[-97.29712688999996,20.946401679369448],[-97.25999548,20.875938049371168],[-97.24180119999994,20.847693139371856],[-97.22838708999996,20.830278089372275],[-97.22513233999996,20.819212229372557],[-97.22464116999998,20.811110749372773],[-97.21861771999994,20.796248109373096],[-97.20517304999998,20.776131549373623],[-97.20388722999998,20.758367429374083],[-97.19368819999994,20.73886530937453],[-97.19834511,20.732800999374682],[-97.20117844999999,20.72455788937487],[-97.19588250999999,20.720287089375002],[-97.19432322999997,20.700329429375508],[-97.18997416999997,20.68964524937577],[-97.18349697999997,20.679256679376],[-97.17746751999994,20.662087889376444],[-97.16540741999997,20.641712429376934],[-97.15479262999997,20.627270259377287],[-97.11238633999994,20.578938829378473],[-97.05748387999995,20.523739999379842],[-97.03085613999997,20.49943674938044],[-96.99885733999997,20.47258871938113],[-96.99151065999996,20.469025199381196],[-96.98573184999998,20.463822079381366],[-96.95507728999996,20.417379769382485],[-96.92411037999996,20.3819863793834],[-96.84568485999995,20.302408139385385],[-96.78527751999998,20.244769619386826],[-96.78374308999997,20.240649049386928],[-96.78016117999994,20.237835629387007],[-96.77126361999996,20.224681459387334],[-96.71018865999997,20.165220749388823],[-96.69839036999997,20.146456649389293],[-96.58255202999999,20.01223724939266],[-96.57432985999998,20.00520757939284],[-96.57411465999998,19.99190284939316],[-96.56411959999997,19.97156305939369],[-96.55171111999995,19.95450802939414],[-96.51968961999995,19.917183259395067],[-96.49646330999998,19.894234539395672],[-96.49081125,19.885171349395897],[-96.47135416999998,19.867292349396347],[-96.46299386,19.86094531939649],[-96.46001507999996,19.86092968939649],[-96.44949564999996,19.849204179396818],[-96.44677274999998,19.841454059396973],[-96.44704033999994,19.830217029397247],[-96.43918103,19.8166758593976],[-96.43890793999998,19.81085801939778],[-96.43606157999994,19.804282379397947],[-96.42187614999995,19.78656864939837],[-96.42215051999995,19.783862139398448],[-96.42461497999996,19.782047309398493],[-96.42389285999997,19.777815919398567],[-96.41473590999999,19.75604624939916],[-96.41042819999996,19.749126049399305],[-96.40724484999998,19.748315319399378],[-96.40670871999998,19.743869619399458],[-96.40831313999996,19.738621649399565],[-96.40449522999997,19.727664889399847],[-96.40216528999999,19.727300849399896],[-96.40107125999998,19.725334339399954],[-96.40178039999995,19.721899429400036],[-96.39954330999996,19.71907001940011],[-96.39942430999999,19.717679019400126],[-96.40062967999995,19.71535221940019],[-96.39965042999997,19.71887001940011],[-96.40303374999996,19.721540119400025],[-96.40193125999997,19.72026622940006],[-96.40388510999998,19.71787624940015],[-96.40111334999995,19.717393349400144],[-96.40432802999999,19.715703649400147],[-96.40681882999998,19.70912673940033],[-96.40627903999996,19.700439191400555],[-96.39476251799994,19.679114146401112],[-96.39211417799999,19.678982086401128],[-96.39108624999996,19.677265305401143],[-96.39563847999995,19.676688749401155],[-96.39759716999998,19.672832909401283],[-96.39848161499998,19.66282435640151],[-96.39691976999995,19.649789969401837],[-96.39082569999994,19.63595191340219],[-96.37388988599997,19.60832637140289],[-96.37165271699996,19.60143611840306],[-96.37716354799994,19.594963984403247],[-96.37904443499997,19.589579205403385],[-96.37729917799999,19.584905764403484],[-96.37776674199996,19.578388420403684],[-96.37561927999998,19.56644479940399],[-96.37039279199996,19.55349331040433],[-96.35749730299995,19.53244578740488],[-96.33208094899999,19.499540145405707],[-96.32063518599995,19.486827573406035],[-96.31394414199997,19.48175932240616],[-96.31263543899996,19.47865650440623],[-96.31236338599996,19.471398078406395],[-96.30867231999997,19.462556689406632],[-96.31934687999996,19.452794459406903],[-96.32079223099998,19.432571104407376],[-96.31967579599996,19.418469864407797],[-96.32173622999994,19.414344119407886],[-96.31650840099996,19.395184394408364],[-96.30662077799997,19.373126466408962],[-96.30634951899998,19.36992847140899],[-96.31076181299994,19.35676276240936],[-96.30038183099998,19.33088627541003],[-96.29041812599998,19.317436851410385],[-96.27655260299997,19.302539983410774],[-96.26391757099998,19.291229677411025],[-96.25005839999994,19.281582152411282],[-96.22688507999999,19.267588029411677],[-96.20765645999995,19.259251309411837],[-96.19684115999996,19.2572926144119],[-96.189351807,19.251314218412073],[-96.18167209599994,19.250695558412094],[-96.17672918099998,19.247461725412155],[-96.16471486699999,19.246617162412193],[-96.15377623099995,19.229410030412634],[-96.15799051099998,19.226197818412718],[-96.155786198,19.23185522441258],[-96.16440698499997,19.24546669341224],[-96.17156392799997,19.246941483412176],[-96.167399038,19.222883347412782],[-96.16495953799995,19.21941910341289],[-96.15685184999995,19.21612974941298],[-96.15416982999994,19.2179471564129],[-96.14173896299997,19.217984152412907],[-96.13203013499998,19.21998516441285],[-96.14179045999998,19.217614519412926],[-96.15436631999995,19.21754884941296],[-96.15549825999994,19.215645279412986],[-96.13318417299996,19.21804233441293],[-96.12712948999996,19.21705914941298],[-96.12350288,19.213872689413062],[-96.12344502999997,19.208163629413193],[-96.12009482999997,19.203886829413293],[-96.12032968999995,19.203595349413302],[-96.12374396999996,19.208179179413186],[-96.12324412899994,19.20458059941326],[-96.12410576999999,19.20814254941318],[-96.12541257999999,19.20544199941327],[-96.12669510999996,19.207595629413213],[-96.12713436999998,19.205407029413262],[-96.12693261999999,19.20753697941319],[-96.13256902999996,19.209390719413143],[-96.13194494,19.210311419413113],[-96.13313462199994,19.209905188413128],[-96.13538698699995,19.214118861413052],[-96.13626078,19.21218084941307],[-96.136776479,19.213887061413015],[-96.13966648999997,19.213277849413057],[-96.13832425999999,19.211212879413118],[-96.14027596999996,19.21005765941316],[-96.13674970999995,19.209827549413152],[-96.13916022999996,19.208373859413175],[-96.13656808999997,19.208857679413164],[-96.13868457999996,19.207612619413222],[-96.13808430999995,19.20670410941321],[-96.13487565999998,19.20743799941318],[-96.13803917999996,19.205535029413277],[-96.13533383,19.204861969413244],[-96.13697291999995,19.20388882941328],[-96.13621488999996,19.20276845941334],[-96.13427427999994,19.203572319413297],[-96.13607664999995,19.20249547941333],[-96.13545619999996,19.201570679413333],[-96.13228243799996,19.203449075413282],[-96.12951388999994,19.198701399413437],[-96.12600533999995,19.201782649413335],[-96.13000691999997,19.198260629413436],[-96.12794861199995,19.19540022341348],[-96.12344634999995,19.194581779413554],[-96.12180208999996,19.200572339413394],[-96.12125999999995,19.200774339413385],[-96.12383039999999,19.191523279413634],[-96.12288595299998,19.190510929413666],[-96.12229358499998,19.19072030041364],[-96.12166147299997,19.190142437413666],[-96.12089017899996,19.189075616413696],[-96.12047900799996,19.187573700413736],[-96.12229929599994,19.190556117413664],[-96.12370300299995,19.18971532841364],[-96.12184283,19.187084769413744],[-96.12390471399999,19.184395562413812],[-96.12361086999994,19.179625387413903],[-96.11622697799999,19.169495973414154],[-96.10365460499997,19.165313410414296],[-96.10220147999996,19.16172288941441],[-96.09981001599999,19.161813872414353],[-96.10021686,19.160464079414425],[-96.09856550999996,19.16020342941439],[-96.09868221999994,19.15857394941447],[-96.09271277999994,19.151529509414637],[-96.09353267999995,19.14818082941475],[-96.09897851599999,19.14487324141484],[-96.10102437599996,19.14122933541489],[-96.10049649299998,19.133998272415084],[-96.10481339999995,19.129444169415226],[-96.10504465099997,19.123694016415364],[-96.10084682199994,19.108889837415745],[-96.09780296999998,19.10423996241588],[-96.09580990699999,19.105018340415857],[-96.09882519099996,19.10341363941589],[-96.09828035399994,19.101659118415913],[-96.10015348099995,19.100634715415982],[-96.09943993999997,19.097391889416034],[-96.09011540699998,19.08532780441639],[-96.08761333799998,19.08582635341637],[-96.08931151899998,19.08374661341641],[-96.08740965599998,19.084952615416388],[-96.08827768299994,19.082841558416405],[-96.08260236899997,19.077673429416564],[-96.07295276199994,19.07093080241675],[-96.05757371299995,19.063438957416942],[-96.03146507699996,19.056693185417128],[-96.00728380499999,19.057271394417086],[-95.99282983199998,19.063174935416935],[-95.99297972499996,19.064337530416896],[-95.99193039499994,19.063025125416953],[-95.98257975199994,19.063982370416934],[-95.98230849,19.065468932416863],[-95.98144978899995,19.06613352541685],[-95.97815990299995,19.065329740416853],[-95.98172017099995,19.06578481141688],[-95.98258240899997,19.062997388416925],[-95.98155955799997,19.063964524416935],[-95.979855269,19.06253684741694],[-95.97937640199997,19.06433631541688],[-95.97196438099996,19.055692922417112],[-95.96984071199995,19.05023800841727],[-95.968221681,19.032080775417732],[-95.96539111999994,19.022335853418006],[-95.96693524699998,19.01980659141807],[-95.96521037999997,18.995991109418664],[-95.95991109199997,18.962818975419538],[-95.95325428999996,18.944803492420007],[-95.94125135899998,18.925437643420516],[-95.94336501999999,18.913896849420837],[-95.94124061299999,18.906233989420997],[-95.92821364999998,18.88670794942154],[-95.90891510999997,18.867363539422012],[-95.90399968999998,18.86486365942206],[-95.90082493999995,18.85943785942225],[-95.86226856999997,18.832503509422914],[-95.83440504999999,18.819470259423277],[-95.77258137999996,18.79674627742387],[-95.75234837199997,18.79193112542401],[-95.75037625899995,18.795411525423912],[-95.75213243899998,18.791845993423966],[-95.74303317,18.787343079424094],[-95.74262591899999,18.790812764424025],[-95.74263188599998,18.788695356424075],[-95.73387084999997,18.779623679424297],[-95.72024675899996,18.7688362974246],[-95.69003771299998,18.753358957424975],[-95.64946076399997,18.737301164425443],[-95.60244587999995,18.724903749425756],[-95.56628075599998,18.71881870142593],[-95.52496645999997,18.714756539426006],[-95.45788738399995,18.711285827426074],[-95.35754774499998,18.711015835426096],[-95.29483814999998,18.713569879426007],[-95.28991293999997,18.714518019426034],[-95.28825471999996,18.716673969425944],[-95.28168086899996,18.71169106242608],[-95.263240409,18.705713723426264],[-95.24716488999998,18.70370513942631],[-95.24403041999994,18.706656599426186],[-95.23241080199995,18.703935802426273],[-95.21492616199998,18.703216850426283],[-95.20498298899999,18.70613466442622],[-95.19480009999997,18.70458653942626],[-95.19289298099996,18.709079103426166],[-95.19125013999998,18.709845164426127],[-95.18949904999994,18.708440349426155],[-95.18898039999999,18.70973785942616],[-95.18607719199998,18.706102272426232],[-95.18470436999998,18.708069829426183],[-95.18141550999997,18.706028029426214],[-95.18359639999996,18.70203074942635],[-95.18191797999998,18.69797925942645],[-95.16759645999997,18.687617889426736],[-95.15762310099996,18.68390967842683],[-95.15424289399995,18.685129115426783],[-95.15083744999998,18.681672619426852],[-95.14620208999997,18.681022679426906],[-95.14431414999996,18.676213119427022],[-95.13703125999997,18.67145257942714],[-95.13276865499995,18.671422408427148],[-95.13073577999995,18.674294949427058],[-95.12764120199995,18.658320192427492],[-95.12163597999997,18.652491889427612],[-95.09796555599996,18.64370217242788],[-95.09635070999997,18.646688309427795],[-95.09436497699994,18.64558693742783],[-95.09316536999995,18.648239719427743],[-95.09092235099996,18.64523692442783],[-95.08785834099996,18.64506333642785],[-95.08670933599996,18.64342295642786],[-95.08494636599994,18.64457422742786],[-95.08479597399997,18.64255062642789],[-95.07953213099995,18.64190745742791],[-95.08095611899995,18.6308111984282],[-95.072710692,18.62320763042842],[-95.07024794999995,18.62193461942843],[-95.06824920299994,18.623487217428384],[-95.06977800599998,18.62177995442841],[-95.06903210299998,18.620645707428466],[-95.06517493899997,18.622205877428428],[-95.06483943499995,18.61948258442852],[-95.06184964199998,18.616868984428564],[-95.06142542999999,18.612440289428683],[-95.05776614999996,18.611347284428685],[-95.06006818799996,18.60659060842881],[-95.05431547999996,18.599613089429006],[-95.04946131499999,18.599747825429024],[-95.05150695199995,18.59511940142911],[-95.049349953,18.592876641429168],[-95.05217913199999,18.589371695429303],[-95.05058727299996,18.58393700642942],[-95.04492204999997,18.578364629429593],[-95.03381277999995,18.572341909429717],[-95.00105948599997,18.56039059343007],[-94.98774521199995,18.5579421284301],[-94.98891397999995,18.556810027430124],[-94.98795481999997,18.55444788943022],[-94.98587933999994,18.55747562943013],[-94.97715684799994,18.55615669943014],[-94.97525377999995,18.558278519430104],[-94.96846722499998,18.554125897430215],[-94.95112340799996,18.550541413430327],[-94.90701756399994,18.547360571430403],[-94.90071259799998,18.54934729243033],[-94.89076257399995,18.54789419443035],[-94.87412173399997,18.548747992430382],[-94.86334664699997,18.544992104430467],[-94.84464431999999,18.545763769430447],[-94.84085073999995,18.543483939430487],[-94.83298444999997,18.543025709430513],[-94.81657371999995,18.53857587943063],[-94.81030259999994,18.533959219430734],[-94.80779833999998,18.528202089430877],[-94.79955991999998,18.52490864943098],[-94.794130936,18.514060526431248],[-94.78749408999994,18.50568559943149],[-94.78296524999996,18.491973679431858],[-94.77948861999995,18.47412225943233],[-94.77425457999999,18.46384288943257],[-94.77569656999998,18.45637971943276],[-94.77369968999996,18.44920542943299],[-94.76011039999999,18.435359889433318],[-94.74379302999995,18.421747139433684],[-94.74413419999996,18.41182353943396],[-94.74148010999994,18.402893289434207],[-94.73652933999995,18.393889369434454],[-94.71371243,18.372542739434977],[-94.68338134999999,18.354007249435483],[-94.68186953999998,18.349068689435594],[-94.67396674999998,18.342704349435817],[-94.67229941999994,18.343471859435734],[-94.67270831999997,18.341656369435828],[-94.67028816999994,18.339199479435873],[-94.66622231999997,18.337083399435915],[-94.66398379999998,18.33838964943591],[-94.66340427999995,18.334569449436014],[-94.66606330999997,18.332418259436054],[-94.66501985999997,18.3276209794362],[-94.65711427999997,18.31161407943659],[-94.63954682999997,18.29741147943698],[-94.62310173999998,18.287129419437246],[-94.62570625999996,18.285544859437316],[-94.62708397999995,18.277198549437497],[-94.62369207999996,18.250252549438216],[-94.61751696999994,18.2314289694387],[-94.61119985999994,18.219396369439025],[-94.60796511999996,18.205731059439433],[-94.60256944999998,18.198727449439588],[-94.58778010999998,18.18561937943995],[-94.55654462999998,18.16778530944043],[-94.52803590999997,18.1576892194407],[-94.50743637999994,18.153288079440795],[-94.48746522999994,18.151044629440875],[-94.45704704999997,18.151511289440833],[-94.41997151999999,18.156813859440703],[-94.41584056999996,18.158114799440703],[-94.41574381999999,18.166434659440448],[-94.41561411999999,18.158230339440664],[-94.40761496999994,18.159676769440615],[-94.41270408999998,18.166258369440442],[-94.41244915,18.166598109440454],[-94.40611296999998,18.15952393944063],[-94.38458262999997,18.160188679440605],[-94.35420533999996,18.164104739440486],[-94.29321824999994,18.175390489440193],[-94.14489274999994,18.21080825943924],[-94.12942950999997,18.212924919439214],[-94.12387305199996,18.217152567439125],[-94.02377384999994,18.24604788143832],[-93.93858362999998,18.27401133943762],[-93.85017499099996,18.300610690436876],[-93.84958488499996,18.302971115436833],[-93.85051057899996,18.29855462143694],[-93.84768170999996,18.298150569436995],[-93.84590916999997,18.29901490743695],[-93.84450872399998,18.301001988436873],[-93.84606383499994,18.300198689436908],[-93.84486220699995,18.303059991436825],[-93.84622444799999,18.306102132436727],[-93.83186202199994,18.308779025436664],[-93.80965122299995,18.315591840436518],[-93.58551981999994,18.392095079434473],[-93.51005408999998,18.412432306433967],[-93.43986956699996,18.427237318433537],[-93.38888493699996,18.434084237433346],[-93.31584749099996,18.43817074043324],[-93.23226362299994,18.43990088543321],[-93.21476863599997,18.442274397433156],[-93.21449099599994,18.445933588433064],[-93.21386599099998,18.446966626433042],[-93.21416137799997,18.441203995433213],[-93.20643219399994,18.439228985433235],[-93.20501046599998,18.441211670433212],[-93.20684764799995,18.432497489433434],[-93.21036092199995,18.431896675433443],[-93.21052747099998,18.430471804433438],[-93.20520199199996,18.430915701433456],[-93.20092070399994,18.434574283433367],[-93.20182370699996,18.436114956433304],[-93.20227072499995,18.441555104433206],[-93.20154817799994,18.43847059043326],[-93.19675184499994,18.438787681433258],[-93.19342629799996,18.440608180433223],[-93.19275878199994,18.443638472433147],[-93.19432077399995,18.43335891843341],[-93.18873847099997,18.43319391743337],[-93.18897729799994,18.431171706433435],[-93.18679279899999,18.43116224543345],[-93.18679885999995,18.433356110433362],[-93.18369275899994,18.433292155433396],[-93.18369712399999,18.437675854433287],[-93.19033437999997,18.437878719433293],[-93.18950008099995,18.44755658743303],[-93.19836290899997,18.45316499943289],[-93.18977197999999,18.44859475043297],[-93.18878073699995,18.446866402433045],[-93.18881441999997,18.443003109433157],[-93.18507768599996,18.44125668843319],[-93.18401288099994,18.442627568433117],[-93.18320407099998,18.44121060843319],[-93.17973614599998,18.441274528433187],[-93.17923076499994,18.443122480433136],[-93.17910479499994,18.441776406433195],[-93.17792400199994,18.443132400433157],[-93.17667346299999,18.44155065243316],[-93.17217466099999,18.44273559343315],[-93.17084644599998,18.441558192433174],[-93.16456270499998,18.441867576433157],[-93.16411195799998,18.44370058943312],[-93.16295130999998,18.441914722433143],[-93.15939854999999,18.441736879433194],[-93.09990808399994,18.443207996433145],[-93.08863376099998,18.44218529043315],[-93.07104307699996,18.436045600433314],[-93.03594618899996,18.43191227443344],[-92.99099687999997,18.432176387433454],[-92.95087574099996,18.43500740743335],[-92.92684661099997,18.437595610433295],[-92.89798969799995,18.44315165143313],[-92.85939825099996,18.455340514432812],[-92.82943511699995,18.468301144432477],[-92.803389537,18.482977659432112],[-92.77365579199994,18.505149477431534],[-92.74474058199996,18.533127180430782],[-92.72263394999999,18.558842289430075],[-92.71228864499994,18.575120578429654],[-92.71336116399999,18.575272853429652],[-92.70291744999997,18.589712219429252],[-92.70057422399998,18.60091183542896],[-92.70173194999995,18.603709289428906],[-92.69249150299999,18.614292535428635],[-92.69198301899996,18.617748595428566],[-92.68730601999994,18.619392459428482],[-92.67650544999998,18.612347649428695],[-92.67129520699996,18.611332281428698],[-92.63961231099995,18.61330057842867],[-92.60781619599999,18.61787496642852],[-92.53112594199996,18.633398687428148],[-92.46668179999995,18.651553939427654],[-92.36805262699994,18.669207965427187],[-92.28535419099995,18.67414249142706],[-92.27106495899994,18.676669310427013],[-92.16746309199999,18.68675565342671],[-92.16663343199997,18.685719240426785],[-92.16508315299996,18.68717742442675],[-92.11826725799995,18.68995395842664],[-92.08876194199996,18.693594533426563],[-92.08100489899994,18.692428597426595],[-92.06436054599999,18.693123956426586],[-92.03410723199994,18.69811956342642],[-91.97838404099997,18.699460083426423],[-91.95659244999996,18.695825205426505],[-91.95122326499995,18.693157295426555],[-91.93952392299997,18.678481333426923],[-91.92699432099994,18.66680064642727],[-91.92208797299998,18.65913810942749],[-91.91491746699995,18.6419917134279],[-91.90087626799999,18.630159843428217],[-91.87853486799997,18.61774217642852],[-91.85668616599997,18.612631581428694],[-91.82587391399994,18.63019768942822],[-91.83118001799994,18.63103471542819],[-91.84121852499999,18.642117680427905],[-91.84249248999998,18.642636560427917],[-91.84304771099994,18.641346559427923],[-91.84366567299998,18.64176816142793],[-91.84256854799997,18.642629353427907],[-91.84389004699995,18.642081645427925],[-91.84301890199998,18.643190062427905],[-91.84400793699996,18.642705024427897],[-91.84468221999998,18.64333037742786],[-91.84400246799999,18.647069739427796],[-91.84628419499995,18.644330122427828],[-91.84801157999999,18.647246163427745],[-91.85019823299996,18.64605348542778],[-91.85404484099996,18.647280395427767],[-91.84828348499997,18.64718130642776],[-91.85041396799994,18.64787500342778],[-91.85286801099994,18.653510587427622],[-91.85510219999998,18.651162918427676],[-91.85228476399999,18.654692593427573],[-91.84134054299994,18.664257652427327],[-91.79369764199998,18.667106157427224],[-91.74356091999994,18.679067717426946],[-91.71964663399996,18.68830519142668],[-91.70085984799994,18.69857687042644],[-91.69921220499998,18.70537690242626],[-91.69692791599994,18.706785536426196],[-91.68541717499994,18.711551348426084],[-91.66247157499998,18.716994597425934],[-91.65124702399999,18.723627362425777],[-91.64937201499998,18.727348843425688],[-91.63930689299997,18.732935813425506],[-91.55780916699996,18.76554514842467],[-91.54939539399999,18.769342760424596],[-91.53435982499997,18.7797650054243],[-91.53065796299995,18.780096918424324],[-91.52847130999999,18.768985897424585],[-91.52239859299999,18.765615877424686],[-91.49826167599997,18.78163798842425],[-91.50071061799997,18.78585744942414],[-91.49747139499999,18.79196496042401],[-91.44995412899999,18.83049039842297],[-91.42115714299996,18.86497255142207],[-91.39649022499998,18.89007083542145],[-91.32944891099999,18.92876087142042],[-91.28901591999994,18.94755861341995],[-91.23606398999999,18.968239103419425],[-91.20500702699997,18.983021477419026],[-91.18574555999999,18.993359451418737],[-91.18559235199996,18.995757965418683],[-91.18422464399998,18.993978507418728],[-91.18549041899996,18.996571376418668],[-91.16327030799994,19.006594878418372],[-91.11815850799996,19.031969947417732],[-91.11089128499998,19.037535861417577],[-91.11120152399997,19.044215291417423],[-91.09229135599998,19.056784915417072],[-91.08053443999995,19.067927931416794],[-91.03457339599998,19.096237678416095],[-90.99331757599998,19.11929050141549],[-90.89920255999994,19.183728284413796],[-90.89744781899998,19.187803133413688],[-90.85539113699997,19.22341980441278],[-90.85565220499996,19.225321484412735],[-90.85368210699994,19.224725870412737],[-90.85531071099996,19.226072910412746],[-90.85247435799994,19.22647119641268],[-90.82601967399995,19.249858367412106],[-90.79714042599994,19.271126508411566],[-90.77767048799996,19.288106937411126],[-90.75831414199996,19.307702078410586],[-90.74839852499997,19.321593048410268],[-90.74049964699998,19.329583865410065],[-90.72857095799998,19.35339130540944],[-90.72529763299997,19.358010602409294],[-90.72266276599998,19.358913789409282],[-90.72203583999999,19.36530330940915],[-90.72582894399994,19.385954429408574],[-90.72504621899998,19.401906567408215],[-90.71318579999996,19.4289967284075],[-90.70977720999997,19.442584873407135],[-90.71009844899999,19.447549388407044],[-90.70595738099996,19.461388563406683],[-90.70771023499998,19.468001964406486],[-90.70339436899997,19.482638504406133],[-90.70325602799994,19.492093679405865],[-90.70407940399997,19.500536432405653],[-90.70966125099994,19.50870458640547],[-90.71075877699997,19.514555331405298],[-90.70858693699995,19.523942545405085],[-90.70952360499996,19.52558305040505],[-90.71004055899994,19.523494131405084],[-90.71110147999997,19.527526210404986],[-90.70734753299996,19.535542205404788],[-90.70790283599996,19.539090188404664],[-90.70403086199997,19.552616746404343],[-90.70634912099996,19.560843260404127],[-90.70973598599994,19.56064654840415],[-90.71191622299995,19.5622861834041],[-90.70714367099998,19.568527443403916],[-90.69377546699997,19.59546374140324],[-90.68730809199997,19.61470525340276],[-90.68555610799996,19.625363711402457],[-90.68622636499998,19.6319051374023],[-90.68966471399995,19.63961219040209],[-90.69495257799997,19.638322616402128],[-90.69574167499997,19.63673324040219],[-90.69506904099995,19.63843678240212],[-90.69063393799996,19.640404450402098],[-90.69152444299993,19.642743683402013],[-90.69940448299997,19.648703390401856],[-90.70743565499998,19.649155595401893],[-90.70634809699999,19.64926598340188],[-90.70627252999998,19.654393205401753],[-90.70967615999996,19.64967079140186],[-90.71055551799998,19.654402158401712],[-90.73767477499996,19.654755812401746],[-90.73797425199996,19.65221306440181],[-90.74008484699999,19.652284691401764],[-90.74038432399999,19.6547961024017],[-90.74368082799998,19.6550888604017],[-90.70636037899999,19.65466733940174],[-90.70407609699998,19.6605089164016],[-90.70409226999999,19.666743067401445],[-90.70688461399999,19.66898698940138],[-90.70719021599996,19.67133368040134],[-90.70813129299995,19.670325978401323],[-90.71236210699999,19.67170562340127],[-90.70711447599996,19.67201856040131],[-90.70697765599994,19.675694835401192],[-90.68971997499995,19.692274515400772],[-90.68399641999997,19.70308045240048],[-90.67938400199995,19.706354310400403],[-90.67097831699994,19.717431659400138],[-90.66671625999999,19.728762255399836],[-90.67024889299995,19.735385943399663],[-90.66628081399995,19.744545457399457],[-90.66588543699999,19.750801964399294],[-90.66130609599998,19.758897583399094],[-90.63418964499994,19.781385547398518],[-90.62894223799998,19.787010838398373],[-90.63053821099999,19.788644632398317],[-90.63164152199994,19.787302709398364],[-90.63114741899994,19.78968688739831],[-90.62914812699995,19.788340346398314],[-90.62341479299994,19.79418808339818],[-90.61492352599998,19.796838432398122],[-90.61434715299998,19.798871240398043],[-90.61398291899997,19.797147370398108],[-90.61397078699997,19.79890970539808],[-90.61442713199995,19.79917671839806],[-90.61395224799998,19.798999604398073],[-90.61374052299999,19.797608934398077],[-90.61225145899994,19.79824605939808],[-90.61164252399999,19.799795813398042],[-90.61346766699995,19.799468643398054],[-90.59885790499999,19.808191281397832],[-90.59826816499998,19.811495885397743],[-90.59490109099994,19.811989453397754],[-90.59813216899994,19.81301563839773],[-90.59501324599995,19.812587092397713],[-90.59161874899996,19.81452865439768],[-90.59322622399998,19.817060524397593],[-90.59005102799995,19.814016422397682],[-90.58593727399995,19.816829618397584],[-90.58646445699998,19.81822643939756],[-90.58459541599996,19.817917347397568],[-90.57204753999997,19.824816579397407],[-90.57245357899995,19.827112710397333],[-90.57140985799998,19.82521924539742],[-90.57161485599994,19.827376902397365],[-90.57015663199996,19.8259329513974],[-90.56002294999996,19.83135382939725],[-90.55734166399998,19.834982842397128],[-90.55605114399998,19.834103524397175],[-90.54868179999994,19.839457969397053],[-90.53462233999994,19.853098680396702],[-90.52211109599995,19.85836125939654],[-90.52573016999997,19.860320701396486],[-90.52471570499995,19.861245422396493],[-90.52799554899997,19.8644189673964],[-90.53048386199998,19.86227448039644],[-90.53134209899997,19.86327886839643],[-90.52865867599996,19.864649713396403],[-90.52943162999998,19.865423879396364],[-90.53188342699997,19.863253884396446],[-90.52912682099998,19.86595219339636],[-90.52149219799998,19.858798842396542],[-90.50887807999999,19.866247745396368],[-90.50118235499997,19.87596008539613],[-90.50030620299998,19.88092804239597],[-90.49651570999998,19.884726163395865],[-90.49296079799996,19.8850540273959],[-90.48268696499997,19.904979844395392],[-90.47696399699998,19.91111882739521],[-90.47638876599996,19.91609683139509],[-90.47228862899999,19.920065218394974],[-90.47331328799999,19.922408082394924],[-90.47218288699997,19.92512535839487],[-90.46566197299995,19.9310002463947],[-90.46206780599994,19.930325670394723],[-90.46183580599995,19.934216089394656],[-90.45723459299995,19.94210595039441],[-90.45801320399994,19.945833806394322],[-90.45248498199999,19.95212693939416],[-90.45189776199999,19.958585039394023],[-90.44908248999997,19.961239429393935],[-90.44730496999995,19.95947281939397],[-90.44862641999998,19.961520539393938],[-90.44939294999995,19.961389659393966],[-90.45162810099998,19.95956480839397],[-90.45375140199997,19.96190464239391],[-90.45457614299994,19.965001959393856],[-90.45226151999998,19.969026584393756],[-90.45209221699997,19.9741486313936],[-90.46040620799994,19.974534918393633],[-90.46118651699999,19.972949376393675],[-90.46692577499994,19.980723079393492],[-90.46611825799994,19.98222827339339],[-90.47066628699997,19.985769914393334],[-90.47001669399998,19.991644805393197],[-90.47313711299995,19.994802017393084],[-90.46563372799994,19.99816929039304],[-90.46128320299994,20.00264700239291],[-90.46328519099995,20.007556265392786],[-90.46256421499999,20.014030773392605],[-90.46544098299995,20.015130086392592],[-90.46885033299998,20.020270501392492],[-90.46807851999995,20.02143367639244],[-90.47618799599996,20.03051705539222],[-90.47857151099998,20.030972441392198],[-90.47970293599997,20.041554308391927],[-90.48533565199995,20.048530580391727],[-90.48531244199995,20.051107941391678],[-90.49123444499998,20.061255295391444],[-90.48608518899994,20.069281857391246],[-90.48532501499994,20.07892139039099],[-90.48661480199996,20.087513322390773],[-90.48466780599995,20.09266171139064],[-90.48014742799995,20.096336355390548],[-90.48105054999996,20.099775108390475],[-90.47865918499997,20.10466132739037],[-90.48054716899998,20.107536478390244],[-90.47877446999996,20.11320674039012],[-90.48120110799994,20.117902256389986],[-90.48173351099996,20.126048942389797],[-90.48767908699995,20.136234754389527],[-90.48879753599994,20.144498681389337],[-90.48990695799995,20.14413581938934],[-90.49213038499994,20.148945804389218],[-90.49515069399996,20.160099022388927],[-90.48846143499998,20.169988661388683],[-90.47983473599999,20.17342883538859],[-90.47965691699994,20.18026895438842],[-90.47852991199994,20.179815413388475],[-90.47957957999995,20.181509251388427],[-90.47743211199997,20.185206338388305],[-90.47929999699994,20.18769881738826],[-90.47786983499998,20.191714196388165],[-90.48067156599996,20.19968953338797],[-90.48071577499996,20.20298388238788],[-90.47843587399996,20.205153697387825],[-90.47936203599994,20.20803096538771],[-90.48038829399997,20.20842121938772],[-90.47923865499996,20.2054823303878],[-90.48031940599998,20.20434875538784],[-90.48557611099994,20.20426595038781],[-90.48754336499996,20.208314369387725],[-90.48675469699998,20.211804101387628],[-90.48395585699996,20.211664305387647],[-90.48048464099998,20.20890332738775],[-90.48540445799995,20.214060766387576],[-90.48909960699996,20.21562707638753],[-90.48650329499998,20.22163269338739],[-90.48805874499999,20.22987469738721],[-90.48780327999998,20.241316658386918],[-90.48965845599997,20.247523602386753],[-90.48839853299995,20.251260545386625],[-90.49212118999998,20.272258098386143],[-90.48936696999994,20.282129293385907],[-90.49048531399995,20.292636992385596],[-90.48861506099996,20.300167987385432],[-90.49225959599994,20.311321789385122],[-90.48998899999998,20.320635795384906],[-90.49034033399994,20.3293707513847],[-90.48879367799998,20.330857906384665],[-90.49122370599997,20.331741286384656],[-90.49462994599998,20.340695284384406],[-90.49668395899994,20.340921772384405],[-90.49659533899995,20.34231798738437],[-90.48800250799997,20.34676460338426],[-90.48930946999997,20.34806208738426],[-90.49195538999999,20.347249422384262],[-90.49338901599998,20.349016169384182],[-90.48915717699998,20.355578803384056],[-90.48982280099995,20.357567357383985],[-90.48644991399999,20.362814067383848],[-90.48463854599999,20.368875744383693],[-90.48564386799995,20.369095852383683],[-90.48286406399995,20.37451209938359],[-90.48420370199995,20.37526638338355],[-90.49057062999998,20.401583063382873],[-90.48990628099995,20.40526075738281],[-90.48615377899995,20.406296918382786],[-90.48823818499994,20.407974445382717],[-90.49265658099995,20.405810459382796],[-90.49186543599996,20.413240667382624],[-90.49422846999994,20.421296723382415],[-90.49237931799996,20.421883452382417],[-90.49511318299994,20.423819068382333],[-90.49649466899996,20.429170891382217],[-90.49630574699995,20.434820050382054],[-90.49162058699994,20.43899065038196],[-90.49335382999999,20.443567705381874],[-90.49265701899998,20.447544228381787],[-90.49435677199995,20.448521743381747],[-90.49586845899995,20.45538700938156],[-90.49735489599999,20.45580467538156],[-90.49902646099997,20.453609623381578],[-90.50071528999996,20.45579932138157],[-90.50261647899998,20.464120297381367],[-90.50056061799995,20.468933953381196],[-90.49822124899998,20.469211121381207],[-90.49354917899996,20.466207243381273],[-90.49079377199996,20.467320832381247],[-90.48726676499996,20.463022693381397],[-90.48549704399994,20.462865059381386],[-90.47498398099998,20.4705822383812],[-90.47588222899998,20.473580359381078],[-90.47786908599994,20.470320503381163],[-90.48237221299996,20.470177731381163],[-90.48883839999996,20.47387184838109],[-90.49117621799996,20.478714048381004],[-90.49379956999996,20.479320818380973],[-90.49682743999995,20.477958572380963],[-90.49496550899994,20.475757574381063],[-90.50075454799997,20.471251474381138],[-90.50215437099996,20.471821865381127],[-90.50253746299995,20.488761254380723],[-90.49943928499994,20.493744411380632],[-90.50200446499997,20.49330839838062],[-90.50229594799998,20.497713970380506],[-90.49716648599997,20.507726509380266],[-90.49588812499996,20.51564099238004],[-90.49318936099996,20.51933054837999],[-90.49499285199994,20.520825244379896],[-90.49465080499994,20.523597318379842],[-90.48572833299994,20.542087139379394],[-90.48414736899997,20.55129967337919],[-90.48193903799995,20.55431421237912],[-90.48238589199997,20.557195269379005],[-90.47246484699997,20.570066984378695],[-90.46878728099995,20.581798416378437],[-90.46603899499996,20.58513347437837],[-90.46448695899994,20.584760616378325],[-90.46247980299995,20.59891340837798],[-90.45763854399996,20.6038602983779],[-90.45709652399995,20.611025770377722],[-90.45308475999997,20.61328864437766],[-90.45326559399996,20.615108925377605],[-90.45650166599995,20.61564906137757],[-90.45666346699994,20.617345623377535],[-90.45332270299997,20.62165958137745],[-90.45403415599998,20.62327761337742],[-90.45055538999998,20.632405229377188],[-90.44817354399999,20.633775795377147],[-90.44882857799996,20.637576163377048],[-90.44639370599998,20.64333884937693],[-90.44682715599998,20.647708237376797],[-90.44560539099996,20.647722028376762],[-90.44730028699996,20.649216119376764],[-90.44495889699994,20.667528457376296],[-90.44555137599997,20.673964892376144],[-90.44230579699996,20.678709544376026],[-90.44210464699995,20.68130385637595],[-90.44348481999998,20.682289441375946],[-90.44148820599997,20.68479263037587],[-90.44377249099995,20.69062825937572],[-90.44260476799997,20.691704962375713],[-90.44382721499994,20.693513355375636],[-90.44131094299996,20.697171775375573],[-90.44165499499996,20.713670339375184],[-90.44405824899997,20.71781297537507],[-90.44332061699998,20.719188310375],[-90.44804146699994,20.715359752375086],[-90.44824375999997,20.70997444437526],[-90.45320026399997,20.696050538375594],[-90.45130500499994,20.69041940337575],[-90.45254671999999,20.68573263237584],[-90.45321577899995,20.690047562375753],[-90.45479873199997,20.689410041375776],[-90.45487883899995,20.68958103237572],[-90.45336170599995,20.690151184375733],[-90.45501851299997,20.69819167437551],[-90.45401312799999,20.70331160437544],[-90.44850592499995,20.716276611375097],[-90.43388667299996,20.728178247374817],[-90.43045549099998,20.73743403637459],[-90.43117170299996,20.74658068437432],[-90.42379818399996,20.746374506374337],[-90.41792941199998,20.752686973374168],[-90.41441673399999,20.754203880374124],[-90.41070774799994,20.760179308373978],[-90.41057687199998,20.76500663837387],[-90.40747833899997,20.768274352373798],[-90.40683024599997,20.776360479373608],[-90.41492438399996,20.7759365613736],[-90.41410151299999,20.800743885373045],[-90.41454445899996,20.80643448237285],[-90.41512381999996,20.80729255137284],[-90.41425816099996,20.800821024373015],[-90.41596264999998,20.802521259372963],[-90.41634074299998,20.808140461372815],[-90.41539847599995,20.816896877372585],[-90.40344093999994,20.842291013372012],[-90.40439018199999,20.846647226371893],[-90.40698595799995,20.84861998137184],[-90.40309922399996,20.855458496371636],[-90.40394885099994,20.858841243371597],[-90.40038609599998,20.8625949453715],[-90.39358153399996,20.875844013371164],[-90.39048343799999,20.88919640737082],[-90.36935869899997,20.953644975369283],[-90.36355734899996,20.96642839936893],[-90.33913028299997,21.004595981368027],[-90.32853610099994,21.015607465367744],[-90.31142567899997,21.028089894367437],[-90.27078781499995,21.05260411336686],[-90.20523807899997,21.089032030365942],[-90.15088684699998,21.125343802365087],[-90.10729748999995,21.147309459364493],[-90.09461231999995,21.155552769364313],[-90.07183412699999,21.160010404364208],[-90.05344247999994,21.16143332236417],[-90.04965437799996,21.162504079364176],[-90.04941728899996,21.164453089364113],[-90.04839796599998,21.159694531364224],[-90.04730207899996,21.16086324936417],[-90.04646613999995,21.159444419364235],[-90.04678268899994,21.16097151936418],[-90.04543188899999,21.159722799364225],[-90.04479912999994,21.161621891364156],[-90.04795544299998,21.161152545364168],[-90.04929269999997,21.166301699364084],[-90.03519443299996,21.166577112364077],[-89.99662634099997,21.17624305436381],[-89.97940888399995,21.18436032236365],[-89.93325577999997,21.212946985362954],[-89.89771033399995,21.232180254362458],[-89.86851710099995,21.241265290362232],[-89.84921929799998,21.245314998362165],[-89.84411359999996,21.247897079362062],[-89.84493824799995,21.24942036136201],[-89.84512753999996,21.250811679361977],[-89.81583485099998,21.25490401536193],[-89.81615043999994,21.256644217361888],[-89.81577748399997,21.2549149393619],[-89.80535175799997,21.256517828361886],[-89.76886339999999,21.26620088936163],[-89.70431568299995,21.279644339361315],[-89.70307193999997,21.28464512536117],[-89.70261324399996,21.28288370036123],[-89.69985966799999,21.283256115361244],[-89.70208446399994,21.284338770361167],[-89.69934112399994,21.283820107361187],[-89.69916345999997,21.282489000361227],[-89.69288906699995,21.28184218036126],[-89.66676912799994,21.287506487361142],[-89.66611151499995,21.290517564361064],[-89.66495235999997,21.288552300361072],[-89.67051846599998,21.338373266359895],[-89.67488219799998,21.338761374359866],[-89.67176854999997,21.34009868935984],[-89.67623350999997,21.34144613935983],[-89.67095665099998,21.342248749359804],[-89.67121591099999,21.344826354359736],[-89.67462236999995,21.346190659359692],[-89.67609008999995,21.344799119359738],[-89.68114803299994,21.34485553035974],[-89.68130331899994,21.34874514935965],[-89.68376119599998,21.34693471335967],[-89.68419124399998,21.347482574359674],[-89.68101823299997,21.349220770359604],[-89.67524090199998,21.348483138359644],[-89.67073063299995,21.34567656335968],[-89.66465277599997,21.288733325361083],[-89.64570282699998,21.28955013736106],[-89.60925194899994,21.295490628360895],[-89.60733746799997,21.296018653360882],[-89.60729263599995,21.297712737360843],[-89.60725700399996,21.296023987360915],[-89.60458747999996,21.296200909360888],[-89.57563788299996,21.300935418360773],[-89.55394614899996,21.30729467036061],[-89.50104396899997,21.316141026360448],[-89.41501021999994,21.32703273936015],[-89.39597747999994,21.331072109360047],[-89.31350609799995,21.339416001359872],[-89.30953342899994,21.341127579359807],[-89.30959373399998,21.34380480735977],[-89.28152570499998,21.34246414635977],[-89.26407959499994,21.34412862835976],[-89.26394049399994,21.345320446359725],[-89.26034342899999,21.344278510359715],[-89.21018310999995,21.349429829359636],[-89.18527990999996,21.35346147935955],[-89.14696854999994,21.355178567359463],[-89.14474277899996,21.356067919359447],[-89.14474427899995,21.358034179359418],[-89.14453742899997,21.356325509359433],[-89.14474675099996,21.35478489235948],[-89.14072568899996,21.354950278359464],[-89.14381747099998,21.35539894535945],[-89.14394928199994,21.358332456359424],[-89.13872147899997,21.35658986035943],[-89.11002205999995,21.3578242903594],[-89.08924250999996,21.361582600359334],[-89.07536851999998,21.36677471235918],[-89.04344176999996,21.37197556935909],[-88.99026884999995,21.37828099935894],[-88.99049832699995,21.37719849235893],[-88.95718366199998,21.38440947535875],[-88.92075223299997,21.38733726035867],[-88.88049881999996,21.395710434358513],[-88.88005398099995,21.396995101358474],[-88.88019362299997,21.394017259358534],[-88.87987436999998,21.397785079358453],[-88.87953394899995,21.396325520358484],[-88.87653192999994,21.395721354358482],[-88.85901314299997,21.395812229358484],[-88.84823043299997,21.3985575103584],[-88.84097775799995,21.39892270135841],[-88.84062229299997,21.39787365935846],[-88.83831532299996,21.39880511035842],[-88.83976968299999,21.39922299935843],[-88.83865758299999,21.40038922935836],[-88.82647800199999,21.403555231358283],[-88.81407760299999,21.410345290358148],[-88.79801741799997,21.4127653733581],[-88.79670500099996,21.417277230357993],[-88.79973607799997,21.413613335358036],[-88.80064042099997,21.41499714335802],[-88.79819609099997,21.417829741357952],[-88.80486095799995,21.415480123358012],[-88.79653185199999,21.41999204935794],[-88.77395959999996,21.42462313935779],[-88.75593605999995,21.426156709357745],[-88.73871853999998,21.430725259357626],[-88.70290262999998,21.448660889357203],[-88.69473919999996,21.451073249357144],[-88.69429054999995,21.454248219357112],[-88.69575291299998,21.454260445357054],[-88.69356495499994,21.456803279357004],[-88.64748541199998,21.491518450356175],[-88.63379253299996,21.506493045355835],[-88.62976447999995,21.514300969355602],[-88.61672353999995,21.52189007935545],[-88.60632285199995,21.52481734235538],[-88.56515611199995,21.52942572135526],[-88.56057447199998,21.5319266883552],[-88.54497119599995,21.53517365035512],[-88.52846136799997,21.53344919235514],[-88.49761470199996,21.54352035235496],[-88.46226226299996,21.552701359354728],[-88.42276850999997,21.558325089354568],[-88.39755096999994,21.565389569354398],[-88.37134301999998,21.566357709354367],[-88.36248464999994,21.563709149354416],[-88.36172887999999,21.561661879354475],[-88.36082213999998,21.56153773935451],[-88.35862021999998,21.563963149354457],[-88.35416996999999,21.562120859354483],[-88.35047216599997,21.557181535354584],[-88.34233170599998,21.557556138354585],[-88.33790043499994,21.55290787935473],[-88.33229407999994,21.554488289354666],[-88.32357568999998,21.552449263354738],[-88.32097472799995,21.550331372354776],[-88.32103977999998,21.55242605935473],[-88.31704345999998,21.550638089354777],[-88.31430617999996,21.55145747935475],[-88.31414836999994,21.553422709354706],[-88.30575926199998,21.551772218354724],[-88.30593410999995,21.553201749354677],[-88.30456413999997,21.55187519935472],[-88.30385657999994,21.55315151935468],[-88.30057756999997,21.55146694935477],[-88.30121597999994,21.555342909354636],[-88.29692734999998,21.552952849354696],[-88.29323328999999,21.553412769354658],[-88.28912685999995,21.55521959935464],[-88.28850850999999,21.554314399354684],[-88.28570273999998,21.557359579354575],[-88.28106288999999,21.55390534935467],[-88.28113740999999,21.5568135103546],[-88.27828694999994,21.560947199354505],[-88.27343696999998,21.55592641935463],[-88.27127851999995,21.556786019354625],[-88.26990836999994,21.555657349354632],[-88.26104265999999,21.561344599354477],[-88.25717236999998,21.561227879354504],[-88.25440642999996,21.564212019354454],[-88.24867805999997,21.562432369354493],[-88.24334167999996,21.562870769354486],[-88.24313734999998,21.566942139354357],[-88.23830874999999,21.567414749354374],[-88.23816985999997,21.574290999354215],[-88.24046006299994,21.574719048354204],[-88.23216468899994,21.57787165735411],[-88.23194598899994,21.579834146354045],[-88.23068482999997,21.578798679354072],[-88.23226612099995,21.58213865535399],[-88.22679886399999,21.582895769353986],[-88.19723870699994,21.601155665353563],[-88.17619369499994,21.60811108035339],[-88.17588524599995,21.61018253835333],[-88.17444891899999,21.60929996935334],[-88.17758854999994,21.613342199353244],[-88.14504172999995,21.623728352353],[-88.13204913499999,21.624923291353003],[-88.11718278499995,21.623287145353018],[-88.07812790299994,21.614605600353226],[-88.04535208899995,21.611098833353328],[-88.00656881099997,21.609844506353337],[-88.00716714699996,21.614788893353236],[-88.00651824299996,21.60984858235331],[-87.98942454999997,21.610924155353324],[-87.95753456899996,21.608798830353376],[-87.89116759899997,21.585278969353922],[-87.86018401999996,21.57112631935428],[-87.81848850899996,21.554681396354642],[-87.73836082999998,21.530390859355265],[-87.69729351799998,21.520301072355473],[-87.68679954899994,21.519979294355487],[-87.68741048599998,21.517100534355567],[-87.68438164899999,21.51752735035557],[-87.68644565999995,21.51883211035553],[-87.68651273899997,21.52039487935547],[-87.68625882699996,21.52179045235545],[-87.67311479399996,21.51726271035557],[-87.55132387299994,21.49129606935617],[-87.51351125999997,21.488646139356273],[-87.50284194199998,21.486011414356323],[-87.48833322999997,21.48518313935635],[-87.48598768999994,21.4836571693564],[-87.48568602999995,21.48123087935644],[-87.48658217999997,21.46525536935679],[-87.47606979999995,21.457925549356965],[-87.46418082999998,21.45711301935703],[-87.45411687999996,21.463792999356862],[-87.44469108999994,21.465044999356795],[-87.43764291999997,21.46888516935676],[-87.42927010999995,21.468246349356765],[-87.40281662999996,21.45720373935702],[-87.37921219999998,21.45480551935706],[-87.36938499999997,21.44877104935723],[-87.35544897999995,21.446768089357246],[-87.34710214999996,21.435132019357525],[-87.34109596999997,21.432266349357633],[-87.33751822999994,21.43302848935757],[-87.33695113099998,21.434705143357576],[-87.33222357099999,21.432567259357594],[-87.32738348999999,21.43248244935762],[-87.32139113999995,21.435702339357512],[-87.31933196999995,21.439339179357425],[-87.31575668999994,21.441374719357402],[-87.30026716999998,21.43507668935756],[-87.29673947999999,21.435790689357518],[-87.29567834999995,21.43461304935755],[-87.29315971999995,21.43570262935752],[-87.29271445999996,21.439949679357408],[-87.28807062999994,21.437221249357492],[-87.28600482999997,21.437885319357502],[-87.28221691999994,21.434447549357586],[-87.27788211999996,21.434973779357563],[-87.27212976999994,21.432341119357606],[-87.27386431999997,21.44328421935736],[-87.27315405999997,21.440926349357387],[-87.26992616999996,21.44031822935743],[-87.27136420599999,21.437229559357498],[-87.26940090899996,21.43674474035749],[-87.26810928699996,21.43410348335757],[-87.26538145999996,21.43640948935753],[-87.26656821999995,21.437510986357484],[-87.26573933999998,21.439145419357445],[-87.26382210999998,21.43839354935747],[-87.26450820699995,21.435467259357534],[-87.25852717999999,21.437788459357463],[-87.25827002999995,21.434910829357534],[-87.25666027999995,21.436942079357507],[-87.25589791999994,21.43345185935759],[-87.25340173999996,21.43488664935757],[-87.25010670999995,21.43407917935755],[-87.24427999999995,21.42545617935774],[-87.24171161999999,21.425722969357764],[-87.24056937999995,21.42295576935783],[-87.23897584999997,21.425159769357787],[-87.23664841999994,21.419925979357934],[-87.23246217999997,21.418610779357937],[-87.22929565999999,21.424607139357775],[-87.22801773999998,21.43098097935766],[-87.22897591999998,21.432716119357615],[-87.22557585999994,21.430716139357674],[-87.22245407999998,21.43132756935765],[-87.22170227999999,21.43850999935748],[-87.21563981999998,21.443261569357357],[-87.20585037999996,21.444997089357322],[-87.18837451999997,21.43970676935743],[-87.18626970999998,21.440516879357432],[-87.18552927999997,21.442937289357328],[-87.17502184999995,21.444852879357313],[-87.17086364999994,21.448425889357235],[-87.16661073999995,21.4497133993572],[-87.15837517999995,21.46325299935688],[-87.14955225999995,21.464912449356817],[-87.14151881199996,21.46046988835691],[-87.13175805999998,21.459746339356933],[-87.12419811999996,21.46428148935686],[-87.12198377999994,21.469614569356693],[-87.12026870999995,21.469002449356736],[-87.11911022999999,21.470701799356664],[-87.11869834199996,21.46812831035674],[-87.11559948999997,21.46712851935679],[-87.11530683699993,21.46974753335674],[-87.11173190999995,21.471221049356675],[-87.11239107999995,21.475891519356562],[-87.11057651999994,21.47716661935653],[-87.11350679999998,21.483958689356385],[-87.11118674999994,21.483818709356356],[-87.10990017999995,21.485939379356324],[-87.10941228999997,21.490243889356204],[-87.11078579699995,21.491850156356172],[-87.10877508999994,21.496134489356063],[-87.11049161999995,21.498303679356017],[-87.10859213999998,21.498722139356005],[-87.10790693999996,21.5029408793559],[-87.10968345999999,21.50553242935588],[-87.10675814899997,21.505911769355855],[-87.11105199999997,21.514259949355637],[-87.11080417999995,21.520063339355485],[-87.10813017999999,21.519593289355495],[-87.10879073999996,21.52596222935537],[-87.10263604999994,21.52591894935537],[-87.10011524999999,21.528279519355316],[-87.09908919599997,21.532603340355163],[-87.10158356999995,21.53587470935509],[-87.10317108399994,21.545257616354906],[-87.10468224199997,21.546824331354838],[-87.11584381699998,21.55078042235475],[-87.12472111099999,21.551108788354753],[-87.12870933999994,21.55453733935464],[-87.11887605999999,21.561904779354514],[-87.11240331999994,21.569211979354286],[-87.11280882999995,21.57157071935427],[-87.11020317999998,21.570475419354267],[-87.10655087999999,21.573394169354184],[-87.10651453999998,21.577427479354107],[-87.10152014999994,21.584969549353918],[-87.09867630999997,21.583008829353968],[-87.09508102099994,21.58326416935398],[-87.09384764999999,21.58398553935399],[-87.09469148999995,21.588300599353836],[-87.08574719999996,21.58941368935385],[-87.08375715399995,21.58847457635385],[-87.08274994999994,21.584795199353923],[-87.07524971999999,21.58222110935398],[-87.07869725999996,21.57841931935407],[-87.06598027999996,21.570451579354277],[-87.05327797999996,21.567204849354354],[-87.04550239999998,21.562798619354428],[-87.04165457999994,21.56587696935437],[-87.03821742999997,21.56427053935444],[-87.03676547999999,21.56066347935454],[-87.03269148999999,21.560964599354485],[-87.03149965999995,21.55873610935455],[-87.02934624999995,21.559593709354555],[-87.02939253999995,21.56190813935451],[-87.02732976999994,21.557793919354587],[-87.02595510999998,21.55749410935459],[-87.02581804999994,21.55976571935451],[-87.02320581999999,21.55710877935464],[-87.01761594999994,21.55903816935458],[-87.01381031999995,21.556933019354585],[-87.01030510999999,21.557443309354607],[-87.00705759999994,21.551058309354737],[-87.00574504999997,21.552237219354726],[-87.00396957999999,21.544049569354897],[-87.00100850999996,21.54534728935489],[-87.00234227999994,21.54155407935496],[-87.00046076299998,21.540502084355023],[-86.99935457999999,21.535914169355127],[-86.99662510999997,21.535281339355116],[-86.98883279999995,21.52596297935533],[-86.98167744999995,21.524871909355376],[-86.98210741999998,21.519372449355508],[-86.97482719999994,21.510542419355712],[-86.97436104999997,21.512331059355688],[-86.97739025999994,21.51605019935559],[-86.97741079999997,21.521059919355444],[-86.97651701999996,21.52377294935538],[-86.96960037999997,21.529128139355297],[-86.97020445999999,21.531332819355217],[-86.98143976999995,21.539395769355032],[-86.98357456999997,21.53896470935506],[-86.99005474999996,21.543281779354913],[-86.99765942999994,21.541354029354963],[-86.99769527299998,21.548358338354834],[-86.99525751599998,21.550983478354723],[-86.99722949399995,21.55173003435473],[-86.99594458499996,21.55257176835471],[-86.99335830899997,21.549955198354787],[-86.99154932399995,21.551320414354773],[-86.99232383799995,21.553015780354702],[-86.99149935499997,21.55176299335474],[-86.99019279299995,21.55280495935472],[-86.99043099099998,21.555664953354654],[-86.99212992599996,21.553444915354685],[-86.99247673299999,21.555946919354632],[-86.99014367099994,21.55684159635463],[-86.98979032099999,21.55455136535468],[-86.98508196299997,21.55147424635473],[-86.98649869399998,21.553218867354694],[-86.98565290999994,21.555421199354658],[-86.98782567999996,21.55486494935463],[-86.98870367999996,21.5578744793546],[-86.99307268999996,21.560458859354508],[-86.99278899899997,21.562234689354458],[-86.99139550999996,21.563541339354426],[-86.98024225799998,21.548908768354778],[-86.98365350499995,21.545906879354902],[-86.97732724999997,21.549007949354777],[-86.97592668999994,21.547602309354847],[-86.97332011999998,21.53999024935505],[-86.96737370999995,21.534268969355125],[-86.95531750999999,21.516710309355595],[-86.95231888999996,21.514686739355632],[-86.94757157999999,21.495246579356127],[-86.94860770999998,21.491848319356162],[-86.95245547999997,21.48859491935623],[-86.94435148999997,21.479812259356486],[-86.94213132099998,21.475249100356557],[-86.94083970999998,21.47553819935659],[-86.93499522099995,21.46958592035669],[-86.93580953399999,21.468623585356724],[-86.93308855899994,21.464999865356795],[-86.93428758599998,21.464799416356826],[-86.93298587999999,21.46180661935691],[-86.92980300099998,21.456588078357004],[-86.92599750999995,21.456152879357028],[-86.92551859999998,21.45228288935713],[-86.92309347999998,21.44782128935722],[-86.92066151999995,21.446668169357277],[-86.91896111699998,21.440188194357443],[-86.91037471299995,21.436049598357528],[-86.90715937999994,21.425495569357796],[-86.89898205999998,21.417824279357944],[-86.89671178099996,21.410420464358168],[-86.89233419999994,21.411346629358093],[-86.88673621999999,21.40354619935831],[-86.88696930999998,21.396415509358476],[-86.88457070999993,21.392037689358574],[-86.88546077999996,21.386206219358744],[-86.88026502999998,21.369615309359098],[-86.87918387999997,21.36005002935934],[-86.87561477999998,21.353221949359497],[-86.87447893999996,21.344547179359754],[-86.86180808999995,21.323057509360275],[-86.86106934999998,21.318781179360336],[-86.86446234999994,21.3134515993605],[-86.86427267999994,21.303871999360734],[-86.86321274999995,21.299092179360844],[-86.85886653999995,21.2956230793609],[-86.86116221999998,21.292023569360982],[-86.86142508999995,21.28722610936113],[-86.85345777999999,21.27632322936139],[-86.85586651999995,21.271906689361483],[-86.85369901999997,21.266853459361613],[-86.85410725999998,21.262787089361737],[-86.85091625999996,21.255861849361857],[-86.84850019999999,21.25187302936199],[-86.84415511999998,21.250592999361988],[-86.84318213999995,21.251897429361975],[-86.83407267999996,21.246639779362123],[-86.83151365999998,21.248511089362033],[-86.82346759399996,21.243991578362184],[-86.82271331999993,21.24582310936213],[-86.82060426299995,21.245498103362102],[-86.82377894699994,21.25021359336204],[-86.82315927999997,21.25144819936196],[-86.83156302999998,21.253725689361946],[-86.83047429499999,21.25839108536184],[-86.83148554599995,21.261447624361768],[-86.82945538999996,21.267450052361617],[-86.83092543799995,21.272391816361452],[-86.83688442399995,21.27254773036146],[-86.83032805699997,21.282632362361245],[-86.82849349199995,21.282196920361223],[-86.82734373699998,21.279057102361335],[-86.82499092599994,21.2796262693613],[-86.82470539099995,21.281947553361245],[-86.82110610299998,21.28178160136122],[-86.82115000399995,21.283026416361196],[-86.82400107399997,21.283741682361224],[-86.82032195099998,21.284759616361207],[-86.82476107399998,21.28637955336115],[-86.82312971499994,21.287799615361084],[-86.82464776999996,21.289504799361048],[-86.82583391299994,21.2974381693609],[-86.82678177999998,21.29509791936092],[-86.82744919999999,21.296326259360903],[-86.82228347999995,21.305338079360705],[-86.82291186199996,21.31061664836056],[-86.82132511799995,21.315974600360427],[-86.81781160599996,21.31892275236034],[-86.80209572599995,21.325782509360206],[-86.79903087699995,21.328832850360126],[-86.79552462199996,21.336779893359946],[-86.79638384599997,21.337839229359897],[-86.79254272899999,21.342364274359756],[-86.79292442199994,21.345659869359736],[-86.79658650999994,21.347893539359628],[-86.79528405999997,21.35034811935958],[-86.79551944999997,21.358511919359408],[-86.79418874999999,21.35998991935934],[-86.79642361999998,21.363558429359287],[-86.79487402999996,21.365515629359226],[-86.80049161999995,21.37390107935902],[-86.80568657999999,21.375239249358984],[-86.80466165999997,21.3828689493588],[-86.81349580699998,21.393036641358535],[-86.81005704999995,21.398560289358404],[-86.81577268999996,21.400810249358383],[-86.81758556999995,21.40398034935828],[-86.82242187899999,21.404745136358304],[-86.82343457799999,21.406795755358246],[-86.82077196099993,21.409184258358145],[-86.82648504999997,21.409706649358146],[-86.82792068999998,21.412998049358084],[-86.82360530999995,21.419889509357937],[-86.82206793999995,21.420090819357892],[-86.81514960399994,21.413907473358044],[-86.80983471999997,21.4129052793581],[-86.80517731999998,21.408943799358156],[-86.80389837999996,21.400046149358374],[-86.79921973999996,21.38879885935868],[-86.79505407999994,21.385918089358753],[-86.79830111999996,21.38856874935867],[-86.79437971999994,21.388152349358663],[-86.79825581999995,21.394391259358557],[-86.79658738899997,21.395171767358526],[-86.79994762999996,21.402381489358326],[-86.79831285499995,21.404417044358294],[-86.79823480899995,21.40727620435824],[-86.79911485199995,21.406702754358204],[-86.79630042599996,21.409728952358172],[-86.79799103299996,21.410325007358125],[-86.79632915299999,21.41098612635813],[-86.80132235699995,21.41235238235807],[-86.79580479399993,21.412256632358066],[-86.79370665999994,21.39759994935843],[-86.78984908999996,21.388742459358667],[-86.79114694999998,21.376421399358932],[-86.79040002999994,21.345640999359713],[-86.79705853999997,21.328576509360136],[-86.81160177999999,21.30303344936073],[-86.81573765999997,21.286801109361125],[-86.81551404999999,21.279194309361305],[-86.81198984999997,21.26549262936164],[-86.81101563599998,21.262847419361744],[-86.80973528099997,21.263164050361695],[-86.81087306899997,21.26246031036171],[-86.80431630199996,21.24510054236213],[-86.80154502299996,21.24020273936223],[-86.80006975699996,21.24032004636227],[-86.80168463299998,21.240005089362295],[-86.80143100999999,21.23873525836231],[-86.79978500099998,21.239198810362296],[-86.80100368099994,21.238701186362302],[-86.80127757099996,21.234591473362414],[-86.79958934299998,21.233142857362445],[-86.80116004599995,21.23328646836244],[-86.80200568999999,21.229510289362537],[-86.80074394999997,21.213544259362905],[-86.80432705999993,21.204773449363127],[-86.80443011999995,21.20336083536317],[-86.80293340999998,21.203388829363146],[-86.80319575499999,21.202256121363174],[-86.80381159699994,21.202047142363213],[-86.80305548799998,21.20303885736319],[-86.80443371699994,21.203311517363183],[-86.80635192999995,21.19089956536345],[-86.80490140999996,21.190791062363473],[-86.80636525499995,21.190865301363488],[-86.80706018899997,21.184232631363606],[-86.80443129999998,21.18443134036362],[-86.80451053599995,21.182690526363643],[-86.80700468699996,21.18369561036366],[-86.80708464299994,21.18232985536365],[-86.80535532399995,21.182258978363652],[-86.80708035399994,21.18228792136368],[-86.80691368999999,21.17949107936373],[-86.80472706699999,21.17092334636393],[-86.80332493199995,21.170429254363953],[-86.80413633599994,21.16898024136397],[-86.80182189399994,21.169883360364],[-86.80330345299996,21.169075119364],[-86.80303329299994,21.16682405736403],[-86.80024679999997,21.15814117936423],[-86.78848323399995,21.147022694364505],[-86.78810601999999,21.143475089364603],[-86.77998311999994,21.146377279364515],[-86.76194982299995,21.13664272536478],[-86.75598664999995,21.13673501936479],[-86.74963496699996,21.1397767453647],[-86.74355039299996,21.136290373364794],[-86.74100788899995,21.138299739364736],[-86.74059941999997,21.134896449364817],[-86.74087680399998,21.134827976364818],[-86.74177597999994,21.132845534364886],[-86.74243842199996,21.132127888364902],[-86.74350110899996,21.133634597364882],[-86.74575422099997,21.132531954364875],[-86.75107322899999,21.12551486436508],[-86.76074435699996,21.107430913365516],[-86.77025666899993,21.084823852366043],[-86.78150154499997,21.04928500836694],[-86.78110584099994,21.03889533036716],[-86.77895671199997,21.03626459836723],[-86.77737274999998,21.03689144936721],[-86.77862885999997,21.032534979367313],[-86.77981944999999,21.03101501936734],[-86.78208157999995,21.03194705936733],[-86.78765510999995,21.02980467936738],[-86.79210570999999,21.034021539367266],[-86.80046756899998,21.035190470367287],[-86.80980030999996,21.029186139367386],[-86.81296834999995,21.023054249367533],[-86.82194494999999,21.00128008936806],[-86.82872085999998,20.979592019368614],[-86.82991482999995,20.966895139368955],[-86.83420977099996,20.95715724936914],[-86.83684099999994,20.945563569369448],[-86.83806439999995,20.928655029369885],[-86.84421108999999,20.92017808937006],[-86.84646811999994,20.904798139370428],[-86.86053885999996,20.891216149370784],[-86.86410222999996,20.881875289371],[-86.86488104599994,20.8737317773712],[-86.87468905999998,20.847540969371877],[-86.87375762999994,20.847109889371886],[-86.87880289299994,20.843349379371972],[-86.87792507999995,20.841401829372018],[-86.87881644999999,20.84059822937204],[-86.87932716999995,20.843062309371973],[-86.88188736999996,20.84109922937202],[-86.88968601999994,20.831986049372258],[-86.88805625999998,20.830452249372303],[-86.88905556999998,20.827847489372356],[-86.88999651999995,20.83132934937224],[-86.89016924199996,20.829491379372286],[-86.89187422999998,20.8289949493723],[-86.88982805999996,20.828243229372347],[-86.89335474999996,20.82856197937235],[-86.90473524999999,20.812385919372726],[-86.91012997999997,20.812466889372732],[-86.92024554999995,20.808005819372838],[-86.93492033999996,20.787425659373348],[-86.94045322999995,20.782329219373477],[-86.94640656999997,20.768325399373797],[-86.95021077599995,20.763307207373945],[-86.95714234999997,20.758967949374046],[-86.96141074999997,20.74947682937426],[-86.96415871999994,20.747800369374318],[-86.96525176999995,20.73743048937459],[-86.96273159999998,20.730089999374773],[-86.97540639599998,20.723979315374912],[-86.97346392999998,20.723747926374887],[-86.97413081299999,20.722967224374923],[-86.97547469899996,20.723955147374912],[-86.97767147799999,20.72280003737494],[-86.97918653899995,20.72155421437494],[-86.97848056999999,20.720291228374997],[-86.98014982999996,20.720849449374985],[-86.98770599399995,20.714340521375128],[-86.99767482999994,20.710682489375248],[-87.00266184999998,20.705217369375386],[-87.00577236999999,20.70522085937537],[-87.01024257999995,20.702374109375437],[-87.01840339999995,20.69073731937571],[-87.02180183799999,20.674255545376123],[-87.02676798999994,20.66973401837623],[-87.03176334499994,20.661980563376414],[-87.03623570999997,20.660044059376506],[-87.04492815899994,20.652410859376644],[-87.04708870899998,20.64795460537678],[-87.05345538699999,20.646844892376798],[-87.05924497899997,20.635775163377094],[-87.06569637999996,20.629955169377254],[-87.06663201599997,20.627864974377257],[-87.06482029399996,20.626555676377322],[-87.06863861999994,20.627887479377254],[-87.07143138899994,20.62544970237735],[-87.07468268399998,20.621221876377426],[-87.07277425199999,20.619069654377487],[-87.07518762999996,20.62075659937745],[-87.07911750999995,20.6142461993776],[-87.09885163499996,20.592633915378173],[-87.11853939999997,20.57735471937856],[-87.12144041399995,20.576518797378554],[-87.13023149099996,20.566921321378786],[-87.13358445499995,20.565679806378803],[-87.13379877899996,20.563986017378852],[-87.13693771999993,20.56511257937884],[-87.14280785999995,20.56241277937889],[-87.14639685999998,20.55600484937903],[-87.15269245999997,20.551424689379154],[-87.15328525599995,20.548542007379215],[-87.15713644999994,20.546886579379276],[-87.16898266499999,20.53581281937956],[-87.17486897499998,20.532105143379674],[-87.18080662999995,20.532479369379633],[-87.18609425999995,20.529725309379728],[-87.18976877999995,20.521796089379926],[-87.19293496999995,20.5219104893799],[-87.19321069299997,20.51916097837998],[-87.19569937099999,20.517285843380037],[-87.21827821899996,20.502389200380378],[-87.21745573899994,20.503334089380395],[-87.21864344999995,20.50384099938033],[-87.22364388899996,20.49695496938051],[-87.22691825999999,20.49899265938048],[-87.23130822899998,20.49737082038053],[-87.23229076899997,20.49566084938054],[-87.23071928899998,20.494191619380576],[-87.23246037899997,20.495622030380545],[-87.23259059199995,20.493265498380644],[-87.23050927799994,20.492695522380647],[-87.23436644999998,20.492737638380618],[-87.23671688699994,20.48812003638074],[-87.23894893999994,20.48913487938071],[-87.24159787499997,20.485555453380822],[-87.24634857999996,20.48485407938083],[-87.24504211999994,20.479719319380983],[-87.25288307999995,20.477520739381006],[-87.26686569999998,20.457180907381524],[-87.28223962999994,20.446063059381764],[-87.28511113999997,20.4421003193819],[-87.28414079999999,20.437585969382006],[-87.28894373199995,20.432891628382105],[-87.28817611799997,20.431366631382158],[-87.29031430199996,20.42867831638222],[-87.29288078799999,20.428895918382235],[-87.29136733199994,20.426720401382283],[-87.29811424999997,20.415844119382527],[-87.30187659999996,20.41413670938257],[-87.30127963099994,20.410909781382646],[-87.30355541999995,20.410943149382646],[-87.30339877499995,20.40701239838276],[-87.30858927899999,20.40556721938277],[-87.30925328899997,20.402842219382848],[-87.30746797899997,20.400658509382904],[-87.31004873399996,20.39570720238302],[-87.31146784499998,20.39433568138311],[-87.31269625899995,20.396040450383023],[-87.31465984999994,20.39545462938307],[-87.32292451599994,20.386515467383244],[-87.32410443899994,20.381749571383388],[-87.32230556599995,20.376941870383504],[-87.32336166999994,20.374663437383543],[-87.32820397099994,20.37206534038364],[-87.33173537999994,20.366518919383754],[-87.33109287499997,20.361522305383886],[-87.33342492499997,20.35648731638405],[-87.33802596999999,20.356391681384004],[-87.33552206299998,20.3530298603841],[-87.33950385299994,20.351393742384175],[-87.33865676499994,20.346691927384256],[-87.34140250399997,20.341643110384403],[-87.34702788599998,20.339237437384458],[-87.34875384899999,20.333457883384593],[-87.35385774499997,20.3296545053847],[-87.35412160399994,20.325632114384824],[-87.35092967599996,20.321432246384923],[-87.35335077699995,20.319561990384948],[-87.35421452199995,20.314864934385078],[-87.35643313999998,20.315115047385063],[-87.35516740099996,20.31232369638514],[-87.36145520599996,20.29820342538548],[-87.36382836199994,20.29593779738556],[-87.36356900099997,20.293946189385583],[-87.37002465699999,20.295718590385523],[-87.37260637199995,20.29111512638568],[-87.37453333899998,20.290609887385678],[-87.37338949599996,20.28681877138577],[-87.36757361399998,20.28595407538579],[-87.37019815899998,20.28403456438586],[-87.37533486399997,20.286002814385817],[-87.37894588999995,20.283557219385834],[-87.38122880999998,20.277757157385984],[-87.37817451299998,20.27401857938611],[-87.38199541399996,20.267211273386238],[-87.38595626399996,20.269398473386225],[-87.39090042199996,20.266018996386308],[-87.40049516799996,20.253032184386615],[-87.40975025999995,20.244114747386856],[-87.41639371499997,20.232670967387108],[-87.42435954799998,20.224189125387344],[-87.43010933299996,20.210729093387666],[-87.43101721599999,20.20381961438784],[-87.43962536899994,20.19261116938815],[-87.45792086699998,20.14976144738921],[-87.47277694399997,20.102341811390424],[-87.47803198399998,20.076008910391046],[-87.47659164399994,20.05806656739153],[-87.47888663399993,20.041375559391945],[-87.47589246299998,20.020685479392455],[-87.47824854999999,20.007226149392796],[-87.47623124299997,19.999200889393],[-87.47153802999998,19.992473859393186],[-87.46432632299997,19.994507402393115],[-87.46381580999997,19.985974060393325],[-87.46795269299997,19.98036233939347],[-87.46668919999996,19.97026295539372],[-87.46466903699996,19.96614839139381],[-87.46504129199997,19.95863111939403],[-87.45763355399998,19.947286206394296],[-87.45247147999999,19.93323964939469],[-87.44809181999995,19.929168969394752],[-87.44016331299997,19.930753354394714],[-87.43748879899994,19.929915783394755],[-87.43598022099997,19.927031877394807],[-87.43213881899999,19.90824111439531],[-87.42993597099996,19.886185418395865],[-87.43620839699997,19.8724144773962],[-87.43541841599995,19.865201855396393],[-87.44410570899998,19.853154922396673],[-87.44855840199995,19.839048280397034],[-87.45204878499999,19.834395767397147],[-87.45901822699994,19.83316225539718],[-87.46757429299998,19.828022619397334],[-87.47248081899994,19.81884918039758],[-87.47386707999999,19.818753489397572],[-87.47691619299997,19.80821233539784],[-87.47675379499998,19.803296012397915],[-87.46828485599997,19.783612081398456],[-87.46962318399994,19.78023300839852],[-87.47698987999996,19.777215649398634],[-87.48109139999997,19.781192119398536],[-87.47565613999996,19.781536979398517],[-87.47561359999997,19.78401450939847],[-87.48647039999997,19.78695819939838],[-87.48517293999998,19.79375131939822],[-87.48719102999996,19.80129602939801],[-87.48106228999995,19.803483319397962],[-87.48090131999999,19.80806833939782],[-87.48328025999996,19.811223709397737],[-87.48256022999999,19.81231104939774],[-87.48019285999999,19.811359461397736],[-87.48016971999994,19.813615249397696],[-87.47710573999996,19.81492119939768],[-87.47667964199997,19.817231225397588],[-87.47793536999995,19.817113349397612],[-87.47397114999995,19.822349619397485],[-87.47499073999995,19.82483859939743],[-87.47250147399996,19.826021880397356],[-87.47504177999997,19.825674549397363],[-87.47413241999999,19.826908139397368],[-87.47689907999995,19.8283954793973],[-87.47530378699997,19.828860075397323],[-87.47591530999995,19.831679479397245],[-87.47249799999997,19.835836459397132],[-87.47048004999994,19.836886999397095],[-87.46944728999995,19.83561479939712],[-87.47262622999995,19.832621889397203],[-87.47262027999994,19.83060714939726],[-87.47207516999998,19.8325538793972],[-87.46685614999996,19.836146619397088],[-87.46684548999997,19.838386769397065],[-87.46493677999996,19.83676674939709],[-87.45202007999995,19.836975229397115],[-87.44880833999997,19.851373969396736],[-87.43851070999995,19.866422429396355],[-87.44195441999995,19.87541184939611],[-87.43351319099997,19.885947855395834],[-87.43749181999999,19.886624999395828],[-87.43800311999996,19.88546288939586],[-87.43853462999994,19.887394539395817],[-87.43291333999997,19.886451719395826],[-87.43116074999995,19.888260799395816],[-87.43293418599995,19.90861975539529],[-87.43522033999994,19.911842139395176],[-87.43531367999998,19.915231939395134],[-87.43643756299997,19.915000613395144],[-87.43615751999994,19.912075939395162],[-87.43826676099997,19.913166231395156],[-87.43649476999997,19.910157749395246],[-87.43974979999996,19.910952429395238],[-87.45021264999997,19.921562059394955],[-87.45493050999994,19.92209379939492],[-87.45890679999997,19.924810429394853],[-87.46084302999998,19.927254379394785],[-87.45590821999997,19.929889739394767],[-87.45771644999996,19.932542459394664],[-87.45665348999995,19.93348308939463],[-87.45773477999995,19.938289689394512],[-87.45970084999999,19.93828461939453],[-87.46186147999998,19.94201321939441],[-87.46740128999994,19.94507293939435],[-87.47169585499995,19.9438233873944],[-87.47297866099996,19.93816028839454],[-87.46916854899996,19.9319915353947],[-87.46493370399998,19.92858533739479],[-87.46567133699995,19.923241067394898],[-87.46245816799996,19.916039403395104],[-87.46014688999998,19.91545601939508],[-87.45877970399994,19.917950693395067],[-87.45728492599994,19.917080048395064],[-87.46401219699999,19.905470243395392],[-87.46355401299996,19.893845999395666],[-87.45956365699999,19.891270471395703],[-87.45916669899998,19.88769400139582],[-87.45289821999995,19.88833925939581],[-87.44999576999999,19.890710909395747],[-87.44745061999998,19.89020581939576],[-87.45048416499998,19.88564939839585],[-87.45383206699995,19.885271064395866],[-87.45646137099999,19.881294985395986],[-87.45517831999996,19.874743709396153],[-87.45977730899995,19.866695968396325],[-87.45937393999998,19.858391049396523],[-87.46176131999994,19.861021979396476],[-87.46412517899995,19.861291380396487],[-87.47433306599999,19.855268964396632],[-87.47769762399997,19.8492179943968],[-87.47991290199997,19.83960973139702],[-87.48420806799999,19.837498300397073],[-87.48752206199998,19.833058226397185],[-87.48834059599994,19.82895841539729],[-87.48625071999999,19.826891089397357],[-87.48723291999994,19.82476805939742],[-87.49084572899994,19.824109537397447],[-87.49381257999994,19.810889509397757],[-87.49772293999996,19.806903629397834],[-87.50267767999998,19.80664316939785],[-87.51503970699997,19.798971721398043],[-87.52160125999995,19.800871349397983],[-87.52574253999995,19.796667739398103],[-87.53325148999994,19.795553659398156],[-87.53773150999996,19.79702913939812],[-87.54019999999997,19.79969999939802],[-87.54415942999998,19.799391279398062],[-87.54294031999996,19.797302769398097],[-87.54524134299999,19.79572627939815],[-87.55230761999997,19.80030810939804],[-87.55159841999995,19.804958419397906],[-87.55459866499996,19.808471956397828],[-87.56188029899994,19.8047678423979],[-87.56854822999998,19.795867279398124],[-87.57865620499996,19.790261108398262],[-87.58701073099996,19.774332401398663],[-87.58523753999998,19.771925289398762],[-87.58777273999993,19.771891369398748],[-87.59481188599995,19.76369186439896],[-87.60259033099999,19.750010383399324],[-87.60651644199999,19.73904225839956],[-87.60896893299997,19.73712076639961],[-87.61561074199994,19.724619155399967],[-87.62873471999995,19.710364649400294],[-87.63465108999998,19.698410419400645],[-87.64280947999998,19.688030730400854],[-87.65285886499998,19.64999838340188],[-87.66677942999996,19.616488119402703],[-87.67073237999995,19.61474567940276],[-87.67933768999995,19.61457788940278],[-87.68399050999994,19.621471139402566],[-87.68132879999996,19.62004914940263],[-87.67641376999995,19.621318029402577],[-87.68939567999996,19.62622468940248],[-87.68746974999999,19.627965339402422],[-87.68094840199996,19.624958236402477],[-87.67244759999994,19.62567497940246],[-87.66902271999999,19.62748370940241],[-87.67978171999994,19.628852879402405],[-87.66761099999997,19.628557419402394],[-87.66635814999995,19.630445289402367],[-87.66783025999996,19.63048070940232],[-87.66341113999994,19.63175199940234],[-87.66543207999996,19.63288121940229],[-87.66215112299994,19.632742194402283],[-87.66279599999996,19.633936679402243],[-87.66068501999996,19.634262709402226],[-87.66727950999996,19.638489549402127],[-87.65949688999996,19.637222449402156],[-87.66048354999998,19.63783262940217],[-87.65874073999998,19.640157829402128],[-87.66162087999999,19.6400563394021],[-87.66167205999994,19.64082908940211],[-87.65862719999996,19.641749599402036],[-87.66287993999998,19.64429533940199],[-87.66337291999997,19.647430739401923],[-87.65703336999997,19.64693113940193],[-87.65758305999998,19.64967270940187],[-87.66049999999996,19.651299999401818],[-87.65599999999995,19.655999999401708],[-87.65659999999997,19.660399999401577],[-87.65079999999995,19.675599999401175],[-87.65335402299996,19.67957933940108],[-87.65118723299997,19.68090213240108],[-87.65176805199997,19.684074002400955],[-87.64997669399997,19.684722127400946],[-87.64909999999998,19.688099999400904],[-87.65100057699999,19.688331601400893],[-87.65669234999996,19.681351449401024],[-87.66610425199997,19.682597509401027],[-87.66895517999995,19.68101830940108],[-87.67621694999997,19.682265279401005],[-87.69342842999998,19.68107816940104],[-87.70787257999996,19.674530139401234],[-87.72210797999998,19.671219679401293],[-87.72594000299995,19.6685874334014],[-87.72780109899998,19.66902537340137],[-87.72726337999995,19.67032567040134],[-87.73218948999994,19.669071179401367],[-87.73124060999999,19.664828004401485],[-87.74045637599994,19.666170398401448],[-87.74223389599996,19.66373127140152],[-87.74335485999995,19.655076279401733],[-87.74157302999998,19.652873909401762],[-87.74288990899998,19.64788937940189],[-87.73840073999997,19.6411734794021],[-87.73963210999995,19.640930509402065],[-87.74210660799997,19.62499276340251],[-87.74037554999995,19.621536596402567],[-87.74238493999997,19.619111199402667],[-87.74071159999994,19.61787142940265],[-87.74329098399994,19.61650677240268],[-87.74225850999994,19.6127126594028],[-87.74579536699997,19.60988830240287],[-87.74437273999996,19.608477999402915],[-87.74840062199996,19.603120044403024],[-87.74847245999996,19.599479979403153],[-87.74566987999998,19.59818557940318],[-87.74570439999997,19.59394170940326],[-87.74366465999998,19.590225999403348],[-87.74086248999998,19.589597059403417],[-87.73889481999998,19.586519749403458],[-87.73734185999996,19.587320769403473],[-87.73661427999997,19.585609987403483],[-87.73295281999998,19.585334659403507],[-87.72344821999997,19.587486599403423],[-87.72676137999997,19.585342909403515],[-87.72690592099997,19.58270411040358],[-87.73259933999998,19.584905939403516],[-87.73491077999995,19.583942629403502],[-87.73022241299998,19.58147238240362],[-87.72851110499994,19.576426735403704],[-87.72497814999997,19.576860379403698],[-87.72372802999996,19.574989419403774],[-87.72067791899997,19.57790675940371],[-87.70758065999996,19.573060029403777],[-87.70807571999995,19.571150289403857],[-87.71312749299994,19.568395459403906],[-87.71387107499999,19.561224358404118],[-87.71239005599995,19.557694144404184],[-87.70658635499996,19.555974077404276],[-87.70199213599994,19.55020940340439],[-87.69989177899998,19.54971941040442],[-87.69544894999996,19.5531634894043],[-87.68999928999995,19.553081089404298],[-87.68719756999997,19.55709819940422],[-87.68163127999998,19.55810499940421],[-87.67639999999994,19.563799999404072],[-87.68213705999995,19.56665644940397],[-87.68354384999998,19.566015199403974],[-87.68268982999996,19.565314999404006],[-87.68967977999995,19.564751779404023],[-87.69245276999999,19.561847649404097],[-87.69319008999997,19.561622229404126],[-87.68921902999995,19.56688391940398],[-87.67677994499996,19.56936268340392],[-87.66976248999998,19.550710139404366],[-87.66704671999997,19.549221279404417],[-87.67386901999998,19.54366327940455],[-87.67362898299996,19.54037700140467],[-87.66935708999995,19.537550719404738],[-87.67772522599995,19.53786607540472],[-87.68385757999994,19.53321013940483],[-87.68644475999997,19.533043503404816],[-87.68724030499999,19.530473383404914],[-87.67638370999998,19.534687429404816],[-87.67229999999995,19.532999999404858],[-87.67299999999994,19.529999999404886],[-87.67029999999994,19.52859999940494],[-87.66379999999998,19.52939999940494],[-87.66414853999999,19.521119169405168],[-87.67297733999999,19.519014419405217],[-87.67283428999997,19.517251029405262],[-87.66883450999995,19.516174749405273],[-87.66899999999998,19.512599999405385],[-87.66352984999997,19.513190939405366],[-87.66715667999995,19.51011488940544],[-87.67012076999998,19.50990357940545],[-87.67169999999999,19.507499999405482],[-87.66871833999994,19.50584901940551],[-87.66949999999997,19.50099999940564],[-87.66253811999997,19.504112719405555],[-87.66313007999997,19.500723089405675],[-87.65868808999994,19.500251139405666],[-87.65595871999994,19.503923139405575],[-87.65044293999995,19.50516664940554],[-87.64728093999997,19.513107999405335],[-87.63774179999996,19.52400554940505],[-87.63275896999994,19.538399379404694],[-87.62407941999999,19.54744630940447],[-87.61007667999996,19.554100179404287],[-87.58250164999998,19.556452579404226],[-87.55041668999996,19.56609944940397],[-87.54516216999997,19.56115661940414],[-87.54009417999998,19.561638019404096],[-87.53789999999998,19.559699999404174],[-87.53809999999999,19.55769999940422],[-87.53529999999995,19.557399999404186],[-87.53399319999994,19.561089249404123],[-87.53146114999998,19.561963749404125],[-87.53149999999994,19.55769999940422],[-87.53359999999998,19.557199999404197],[-87.53324636699995,19.552938305404325],[-87.53629999999998,19.55039999940438],[-87.53447952299996,19.54788551940443],[-87.53679999999997,19.546599999404506],[-87.53129999999999,19.545099999404524],[-87.52569999999997,19.540499999404663],[-87.52549999999997,19.546399999404507],[-87.51499999999999,19.56309999940409],[-87.51029999999997,19.56489999940399],[-87.50789999999995,19.564099999404043],[-87.50679999999994,19.56829999940391],[-87.50249999999994,19.570399999403893],[-87.49999999999994,19.569299999403917],[-87.49239999999998,19.570699999403868],[-87.50279999999998,19.575699999403735],[-87.50449999999995,19.57459999940375],[-87.50989999999996,19.57639999940372],[-87.50869999999998,19.581799999403575],[-87.50199999999995,19.58059999940363],[-87.50719999999995,19.586699999403486],[-87.50419999999997,19.588499999403428],[-87.50478839999994,19.590131979403353],[-87.50109999999995,19.59049999940339],[-87.50019999999995,19.587699999403423],[-87.49540000099995,19.585799999403495],[-87.49209999999994,19.587899999403433],[-87.49260465999998,19.589672479403387],[-87.49022541999994,19.59026267940334],[-87.48189999999994,19.587899999403433],[-87.47619999999995,19.588899999403385],[-87.47429999999997,19.591799999403317],[-87.47049999999996,19.590199999403364],[-87.46459999999996,19.59319999940328],[-87.45169999999996,19.595999999403244],[-87.45189999999997,19.600699999403133],[-87.45439999999996,19.602199999403062],[-87.45719999999994,19.600799999403094],[-87.45619999999997,19.602799999403064],[-87.45836046999995,19.607330063402944],[-87.45934128399995,19.607826894402947],[-87.45926514099995,19.60597472240295],[-87.46231798999997,19.607465692402943],[-87.45619999999997,19.6157999994027],[-87.45249999999999,19.61759999940266],[-87.45029999999997,19.616399999402713],[-87.44514787999998,19.622767549402553],[-87.45049244099994,19.629442898402353],[-87.44903299999999,19.630372449402334],[-87.45131210999995,19.63153179940233],[-87.45334848999994,19.63758427940217],[-87.45441129499994,19.633857333402247],[-87.45612810999995,19.63623745940223],[-87.45725451999994,19.64302099940201],[-87.45563879999997,19.642675579402045],[-87.45445439999997,19.648017169401914],[-87.45302442599996,19.647557556401885],[-87.45254258499995,19.641624370402045],[-87.45000488999995,19.639215760402138],[-87.44828164499995,19.632110849402313],[-87.43523855199999,19.62211128540257],[-87.42831277999994,19.61892845940266],[-87.42348746499994,19.61201761240281],[-87.42498065299998,19.610686861402822],[-87.42306748999994,19.61089644940284],[-87.41937066099996,19.603387312403026],[-87.41594704999994,19.601890319403083],[-87.41643641999997,19.600869769403083],[-87.41229943699994,19.60140825040311],[-87.41005679499995,19.598173372403185],[-87.41432697999994,19.56406585940402],[-87.41645389699994,19.55739186940422],[-87.41997502299995,19.55761506340422],[-87.42335195399994,19.551702578404374],[-87.42410512299995,19.545258465404533],[-87.42229928099994,19.538812800404692],[-87.42742815899999,19.531271911404847],[-87.42669862999998,19.523472279405105],[-87.43086153299998,19.51665383140524],[-87.43099097599998,19.507240684405506],[-87.42870910999994,19.49862953940569],[-87.43265579999996,19.486118219406023],[-87.43773028999999,19.47958425940618],[-87.44020251999996,19.46903050940647],[-87.44499748999993,19.468655049406486],[-87.45888356999995,19.455573449406806],[-87.46465394999996,19.452648739406875],[-87.47110559999999,19.444925059407097],[-87.49184401699995,19.436428806407285],[-87.50380290999999,19.42410343640762],[-87.52057442999995,19.399922489408244],[-87.52847684399995,19.39399604540839],[-87.54557724299997,19.391349465408478],[-87.54927165999999,19.39195627940845],[-87.54755599199996,19.39277240740843],[-87.54961686399997,19.3936158824084],[-87.55506490999994,19.391441429408452],[-87.56475757999993,19.394185199408387],[-87.56471037999995,19.397124569408337],[-87.56233250999998,19.396627919408356],[-87.56100587999998,19.394199429408406],[-87.56113102999996,19.39574497940837],[-87.55874304899999,19.39556927840833],[-87.55758418299996,19.392796451408405],[-87.55574735799996,19.39375391240842],[-87.55398060799996,19.392706949408428],[-87.55072539999998,19.39445899940837],[-87.55276694999998,19.395703199408384],[-87.54876507999995,19.39598813940834],[-87.54920205499997,19.39801314740832],[-87.54730450999995,19.396447229408317],[-87.54645208999995,19.399587169408278],[-87.54410503199995,19.397512921408282],[-87.54146751999997,19.39992034940825],[-87.53806037699997,19.41217507440794],[-87.53934640099999,19.418483349407747],[-87.54327431999997,19.419624139407738],[-87.54590714999995,19.418546679407797],[-87.54540621999996,19.417006709407822],[-87.54789550899994,19.41857264640779],[-87.54392032199996,19.420703869407728],[-87.54182342199994,19.420229762407743],[-87.53937178399997,19.425808805407613],[-87.53573715799996,19.428188266407528],[-87.53544305599996,19.428608122407525],[-87.53554308299994,19.429045394407506],[-87.54328116999994,19.42756828940755],[-87.54438756999997,19.428656229407515],[-87.55195110999995,19.42504134940763],[-87.55458764999997,19.42678234940756],[-87.56558671099998,19.41712942740782],[-87.57630671999999,19.41397839940791],[-87.58871397999997,19.403741149408134],[-87.59434183899998,19.40400882540814],[-87.60060650999998,19.398132319408305],[-87.60198347799997,19.398835877408278],[-87.60531999999995,19.3967114794083],[-87.61891585999996,19.381816059408713],[-87.62554547999997,19.380314539408726],[-87.63595547999995,19.37343390940895],[-87.64562457799997,19.346580578409593],[-87.65018128999998,19.339345859409786],[-87.65499999999997,19.3197999994103],[-87.65626853999999,19.302797689410728],[-87.66753684599996,19.297364739410874],[-87.66907214099996,19.295181797410933],[-87.66839999999996,19.291399999411052],[-87.65992327999999,19.287405289411126],[-87.65789999999998,19.2820999994113],[-87.65979999999996,19.26679999941167],[-87.66119999999995,19.260699999411816],[-87.66639999999995,19.257499999411902],[-87.67815370999995,19.24283876941229],[-87.68339999999995,19.23939999941237],[-87.68685111999997,19.23475241941251],[-87.68649999999997,19.23089999941263],[-87.67639717999998,19.229676019412626],[-87.67359656999997,19.227952149412694],[-87.67381891999997,19.223536709412812],[-87.68327994999999,19.22333596941279],[-87.68613650999998,19.220458819412848],[-87.68376399999994,19.218325459412938],[-87.68274482999999,19.218686289412915],[-87.68457475799994,19.220057841412896],[-87.68334457999998,19.220826289412848],[-87.68020025999994,19.21816270941293],[-87.67685034999994,19.219096229412887],[-87.67729464999996,19.216427539412962],[-87.68230927999997,19.21362391941302],[-87.68218361799995,19.205801816413256],[-87.67873005999996,19.207381279413198],[-87.67823813999996,19.205134199413234],[-87.67387408999997,19.20576593941325],[-87.67849147999999,19.199906779413404],[-87.66928811999998,19.1992685194134],[-87.67357685599995,19.19396940941352],[-87.67062524999994,19.19239887941358],[-87.67081713999994,19.18985388941366],[-87.66627265999995,19.19111857941359],[-87.66492547999997,19.187866519413713],[-87.66262784999998,19.189835649413684],[-87.66133956999994,19.188647369413715],[-87.65988721999997,19.190746139413626],[-87.65717939999996,19.190135569413656],[-87.65891067999996,19.186273289413734],[-87.65519127999994,19.181139479413904],[-87.63924499999996,19.182477739413823],[-87.63787790499998,19.181867135413853],[-87.64050958899998,19.179867198413916],[-87.63775857999997,19.177154279413962],[-87.63361459999999,19.17914791941393],[-87.63245035399996,19.183725494413803],[-87.63232164399994,19.18258234141384],[-87.62999999999994,19.18339999941384],[-87.63386316999998,19.187916139413677],[-87.62875591999995,19.18996153941367],[-87.62749999999994,19.188199999413698],[-87.62439999999998,19.191699999413586],[-87.61773753799997,19.20839844441318],[-87.61438518699998,19.210723441413133],[-87.61340603899998,19.216372282412976],[-87.60842820599999,19.222061573412848],[-87.60687353799995,19.230238704412603],[-87.60206372399995,19.233136275412523],[-87.59884824999995,19.23738482941244],[-87.59339416999995,19.236854969412413],[-87.58909999999997,19.246699999412165],[-87.58681255999994,19.24612997441218],[-87.58596904099994,19.2513136304121],[-87.58329999999995,19.254299999411998],[-87.58326443699997,19.261886170411827],[-87.58119999999997,19.26289999941178],[-87.57782271999997,19.26984499941157],[-87.58945794999994,19.259728519411862],[-87.58943137999995,19.254646549412012],[-87.59177099999994,19.25490524941196],[-87.59316079999996,19.251173219412077],[-87.59770392199994,19.249076693412132],[-87.59977284799999,19.24267462441231],[-87.60222529399994,19.241454383412332],[-87.60165296299994,19.24787921341213],[-87.60558379999998,19.246215319412183],[-87.61244424999995,19.23873594941238],[-87.61198782999998,19.24012187941237],[-87.60503022999995,19.248205579412144],[-87.59389597999996,19.25481825941197],[-87.58726467999998,19.264723619411715],[-87.56899747999995,19.27819333941135],[-87.56649250999999,19.285161919411212],[-87.55621097999995,19.296090819410935],[-87.53891062999998,19.30675494941062],[-87.52293316999999,19.305822019410655],[-87.51608981299995,19.308227393410576],[-87.50963544999996,19.319783449410302],[-87.50102421999998,19.324263319410196],[-87.49845237999995,19.321542179410258],[-87.49233361699999,19.323403486410225],[-87.48925427999995,19.32638710041011],[-87.47979999999995,19.3236999994102],[-87.47909999999996,19.32569999941014],[-87.47649999999999,19.326099999410143],[-87.47249999999997,19.323299999410242],[-87.47039999999998,19.325799999410172],[-87.46709999999996,19.32419999941022],[-87.46379805899994,19.32592399741016],[-87.46061053999995,19.319115089410293],[-87.45358358099998,19.31305541841045],[-87.44666225199995,19.31336794441046],[-87.44532839799996,19.311991918410488],[-87.47117537999998,19.282778879411232],[-87.47507127999995,19.2811277174113],[-87.48971955899998,19.26073871041181],[-87.49663141699995,19.255570521411936],[-87.50073551199995,19.24977415441213],[-87.50509366599994,19.247504037412163],[-87.50644861999996,19.244106949412267],[-87.50995686899995,19.24223084041229],[-87.51481551999996,19.23529847941247],[-87.51714777999996,19.236584010412447],[-87.51961243599999,19.23574022241247],[-87.52102821999995,19.23312062941252],[-87.52628154999996,19.229961552412632],[-87.52847861999999,19.222729939412783],[-87.53231589399996,19.218347120412886],[-87.53724328999994,19.207976229413177],[-87.54004107999998,19.19485456941356],[-87.53798944999994,19.184735859413788],[-87.53975319999995,19.183050459413842],[-87.53971762599997,19.172215979414094],[-87.54227764999996,19.166672859414273],[-87.54075690999997,19.155073059414566],[-87.54859744999999,19.144368369414828],[-87.54737451999995,19.136391969415016],[-87.54941297999994,19.130523769415163],[-87.54975713999994,19.10374208941586],[-87.55222816999998,19.09373145941616],[-87.54903599199997,19.08622233841636],[-87.55190277399998,19.08235083441644],[-87.55346952299999,19.073766409416674],[-87.55628918399998,19.068590129416815],[-87.56199417999994,19.068637719416763],[-87.56682653899998,19.06229852741695],[-87.57122933999995,19.053042679417192],[-87.57351377999998,19.04296842941743],[-87.58072032199999,19.03289304941771],[-87.59030513899995,19.006618494418404],[-87.60051607599996,18.9916634084188],[-87.60533028999998,18.98766770941889],[-87.60922866299995,18.97214902041931],[-87.61501445899995,18.95985047941962],[-87.61638429899995,18.95377590841979],[-87.61434726099998,18.954069887419763],[-87.61404506999997,18.953156174419803],[-87.61638704499995,18.953759016419763],[-87.61788849399994,18.949399838419858],[-87.62437812499996,18.94476370542002],[-87.62743210999997,18.939660739420113],[-87.63227789499996,18.922349626420612],[-87.63147539999994,18.903010919421092],[-87.63365753899996,18.897909729421205],[-87.63935490999995,18.89276770942136],[-87.64203048199994,18.884326468421555],[-87.64170214999996,18.86163262942215],[-87.64356559999999,18.85688017942232],[-87.64727201999995,18.854782949422376],[-87.65392357999997,18.846306619422585],[-87.65388661999998,18.83935462942276],[-87.65730811999998,18.837580089422815],[-87.65776608999994,18.832237019422923],[-87.66257893999995,18.827774539423064],[-87.66253821999999,18.81695274942333],[-87.66652311999997,18.810664509423486],[-87.66890987999994,18.802014649423725],[-87.66738825999994,18.788730279424065],[-87.67143493999998,18.775938579424416],[-87.66824002999994,18.770939399424517],[-87.66934921999996,18.763380599424742],[-87.67655565699994,18.74793365542513],[-87.68108239999998,18.741942078425314],[-87.68457654999997,18.740752059425304],[-87.68465159099998,18.73788271742538],[-87.69210113299994,18.73324772142552],[-87.68991257999994,18.730199437425608],[-87.68664367599996,18.731891829425553],[-87.68984214799997,18.730118655425613],[-87.68797855399998,18.727886720425673],[-87.69223445799997,18.732810777425534],[-87.69530154999995,18.728900420425635],[-87.69883862999995,18.728151119425657],[-87.69952859999995,18.72540651042575],[-87.70580841899994,18.7199098604259],[-87.70686793899995,18.715428509425976],[-87.71035415299997,18.71205856942609],[-87.70939266599999,18.7115335064261],[-87.71176524899994,18.710112050426144],[-87.71530201999997,18.694119319426527],[-87.71745613999997,18.690821919426654],[-87.71763090999997,18.685550449426763],[-87.72154270999994,18.680077219426906],[-87.72523050999996,18.668543829427193],[-87.72511777499994,18.65903669442746],[-87.72824654499999,18.645044263427817],[-87.72923580599996,18.628274416428283],[-87.73159664999997,18.62358627942838],[-87.73152354899997,18.61797381742853],[-87.73936796799995,18.58200159242947],[-87.73975183399995,18.545808127430416],[-87.74222637499997,18.540471788430555],[-87.74062676199998,18.539022539430636],[-87.74337741899996,18.537202252430642],[-87.74481256999997,18.528968019430867],[-87.75776450999996,18.514176019431243],[-87.76190836099994,18.497320394431682],[-87.76160713999997,18.47726156343224],[-87.76429815099993,18.460242468432668],[-87.76147373099997,18.451581230432897],[-87.76141900399995,18.44137810143318],[-87.76488615599999,18.430779327433434],[-87.76379163599995,18.418316773433794],[-87.76621107199998,18.414246943433913],[-87.76580908999995,18.411968349433955],[-87.77085750199996,18.40447712543418],[-87.77023833999993,18.40142261943425],[-87.77706704999997,18.397324179434356],[-87.78496528999995,18.385792689434666],[-87.78846745999994,18.38373591943471],[-87.79356494999996,18.371777629435023],[-87.79862734999995,18.36422777943519],[-87.80209356999995,18.35230711943551],[-87.81966131699994,18.331331737436102],[-87.82787544899998,18.310543526436632],[-87.83331856999996,18.290386089437146],[-87.83478567199995,18.274190373437612],[-87.83234032799999,18.274192113437618],[-87.83480069099994,18.273789984437627],[-87.83667217599998,18.24776125843832],[-87.84164346499995,18.229263923438797],[-87.84175449299994,18.211177844439288],[-87.84429467999996,18.19094004943981],[-87.84740197999997,18.18919802943986],[-87.84958981999995,18.184387489439988],[-87.85377105699996,18.18469834743996],[-87.85630804999994,18.18130581944004],[-87.86018857999994,18.18983031943984],[-87.86751130999994,18.18823865943985],[-87.90242565999995,18.142692249441073],[-87.92545256999995,18.160235819440594],[-88.03029888999998,18.1603610894406],[-88.03036588999998,18.41479428943386],[-88.24963364999996,18.41555244943388],[-88.25009436999994,18.473072289432363],[-88.26080079999997,18.474922889432325],[-88.28898659999999,18.475272949432267],[-88.30449967999994,18.47875311943217],[-88.31035842999995,18.485216449432038],[-88.32685259999994,18.4901766894319],[-88.35111777999998,18.48447367943206],[-88.36227657999996,18.48666087943198],[-88.36723476999998,18.486106749431986],[-88.37684965999995,18.479229449432182],[-88.38013296999998,18.478946349432196],[-88.38699765099994,18.481639319432123],[-88.38985464999996,18.486278459432004],[-88.40239545999998,18.496658479431737],[-88.41074548999995,18.492969449431804],[-88.41749936999997,18.49247004943186],[-88.42799221999996,18.485236739432036],[-88.44248927999996,18.481401419432135],[-88.44714139999996,18.475591569432293],[-88.45242976999998,18.482165089432094],[-88.45422831999997,18.488514649431966],[-88.45839544999995,18.48960296943194],[-88.46507007999998,18.487023079431967],[-88.46774456999998,18.490222319431886],[-88.47265431999995,18.489896769431876],[-88.47432916999998,18.494505419431782],[-88.47642313999995,18.49467436943177],[-88.48716576999999,18.48492153943206],[-88.49181947999995,18.48380837943204],[-88.49643290999995,18.477113109432253],[-88.51761408999994,18.4634652194326],[-88.52058736999999,18.459250019432734],[-88.52794307999994,18.435360939433355],[-88.53193527999997,18.408221629434074],[-88.54138450999994,18.393859659434412],[-88.54519981999994,18.391207339434505],[-88.54738716999998,18.38241273943475],[-88.55163750999998,18.376148149434915],[-88.55129931999994,18.373248249435],[-88.54587450999998,18.368395219435087],[-88.54438474999995,18.360024449435308],[-88.56446604999996,18.334077999435987],[-88.57067497999998,18.32865364943614],[-88.57526617999997,18.320224709436374],[-88.57883591999996,18.32041339943639],[-88.59835407999998,18.296950139436987],[-88.60208861999996,18.29582959943702],[-88.60583159999999,18.291741049437125],[-88.60500371999996,18.290604169437167],[-88.59872277999995,18.29123745943715],[-88.59725371999997,18.288878419437225],[-88.60098419999997,18.279282279437492],[-88.59997445999994,18.275204319437574],[-88.60269385999999,18.270458479437703],[-88.60233784999997,18.268266279437736],[-88.60638879999999,18.264387049437843],[-88.60555582999996,18.259176849438024],[-88.60383137999997,18.257447289438065],[-88.60557748999997,18.256478709438085],[-88.60546505999997,18.252161509438196],[-88.60310425999995,18.250594659438217],[-88.60658188999997,18.245575859438336],[-88.60412950999995,18.245097629438348],[-88.60442061999998,18.24151817943848],[-88.60841147999997,18.238267399438538],[-88.60945305999996,18.233993339438655],[-88.61231901999997,18.232439489438693],[-88.61191557999996,18.23001293943877],[-88.61386673999993,18.228513599438813],[-88.61554439999998,18.223278089438953],[-88.61886833999995,18.223744349438935],[-88.62414410999997,18.221367199438973],[-88.62580521999996,18.21867881943905],[-88.62900741999994,18.218968489439085],[-88.63232394999994,18.215734739439167],[-88.63237745999999,18.212928459439226],[-88.64164982999995,18.216371019439126],[-88.64838547999994,18.209565969439282],[-88.65824741999995,18.20372288943947],[-88.66657030999994,18.20273148943952],[-88.67349454999999,18.19422971943974],[-88.68668222999997,18.19469597943972],[-88.69756391999994,18.182418579440025],[-88.69589164999996,18.179127379440132],[-88.68439021999995,18.177805889440158],[-88.68330168999995,18.166847629440454],[-88.68008676999995,18.16252028944054],[-88.68008881999998,18.160184889440607],[-88.68633645999995,18.15589827944072],[-88.68922417999994,18.15581468944074],[-88.69292180099995,18.149466279440926],[-88.69519959999997,18.148206819440936],[-88.69940336999997,18.138099449441185],[-88.70358694999999,18.134787659441276],[-88.70950782999995,18.12390513944157],[-88.71017921999999,18.117142679441738],[-88.71860801999998,18.10882937944197],[-88.71207981999999,18.10412199944213],[-88.71031299999999,18.096960509442283],[-88.71573810999996,18.094228379442377],[-88.71866071999995,18.088195919442516],[-88.71764390999994,18.08570491944262],[-88.71959485999997,18.083881229442632],[-88.71921105999996,18.081104169442728],[-88.71540821999997,18.080762449442737],[-88.71389796999995,18.0754498194429],[-88.71517436999994,18.072555999442972],[-88.71914891999995,18.071981369442977],[-88.71668661999996,18.060526309443272],[-88.72029890999994,18.059549579443303],[-88.73148328999997,18.049572119443557],[-88.73961051999999,18.04816810944361],[-88.74075133999997,18.04370862944369],[-88.74380505999994,18.043923419443708],[-88.74742270999997,18.040201689443816],[-88.74955170999993,18.04099067944379],[-88.75691341999999,18.037853199443852],[-88.75803084999995,18.035608819443926],[-88.76665173999999,18.03429822944396],[-88.77077847999999,18.02917744944413],[-88.76800661999994,18.024563169444196],[-88.76767417999997,18.01986710944436],[-88.76912794999998,18.01727477944441],[-88.76693491999998,18.016018349444426],[-88.76839211999999,18.01377207944449],[-88.77280217999999,18.01205604944458],[-88.77309279999997,18.009881739444594],[-88.77299093999994,18.007476019444695],[-88.76984619999996,18.00678527944468],[-88.77772144999994,18.004615079444775],[-88.77733450999995,18.00278630944479],[-88.78308502999994,18.00021342944486],[-88.78441027999997,17.995859549444976],[-88.78849561999994,17.993037479445068],[-88.78770219999996,17.98964121944516],[-88.78579102999998,17.990529979445153],[-88.78546696999996,17.98716205944524],[-88.78313253999994,17.988265889445174],[-88.78511257999997,17.985235049445254],[-88.78153205999996,17.985087349445294],[-88.78467784999998,17.982901399445343],[-88.78445534999997,17.97986082944542],[-88.78640807999994,17.97894667944543],[-88.78713768999995,17.981118579445372],[-88.78877731999995,17.980967889445377],[-88.79173336999997,17.976985709445504],[-88.79058924999998,17.97443256944554],[-88.79254793999996,17.97156027944565],[-88.79303074999996,17.974005769445604],[-88.79596711999994,17.974336629445553],[-88.79588184999994,17.971625739445614],[-88.80420550999997,17.966262709445743],[-88.80656028999994,17.962908259445882],[-88.80506121999997,17.9610951094459],[-88.81517131999999,17.950299279446178],[-88.82129031999995,17.94937196944626],[-88.82589854999998,17.946682519446266],[-88.83054244999994,17.94877108944623],[-88.83005334999996,17.94640154944633],[-88.83379842999994,17.94523237944634],[-88.83371754999996,17.941928279446454],[-88.83798664999995,17.94022228944649],[-88.84426559999997,17.940269349446474],[-88.84391110999996,17.937434889446582],[-88.84740011999997,17.93700521944657],[-88.85220850999997,17.933477049446623],[-88.85560387999999,17.92615814944685],[-88.85943479999997,17.925191059446856],[-88.85496564999994,17.920131279447034],[-88.85651754999998,17.918504939447047],[-88.85500930999996,17.917601539447105],[-88.85415162999999,17.90774851944734],[-88.85494579999994,17.90423947944745],[-88.86041884999997,17.900841169447514],[-88.85779134999996,17.89977517944757],[-88.86027750999995,17.894104569447677],[-88.86661251999999,17.89617970944766],[-88.87223625999997,17.894473739447665],[-88.87507001999995,17.896065119447663],[-88.87763311999998,17.89439105944768],[-88.88294371999996,17.896225479447658],[-88.88262119999996,17.900606969447548],[-88.88517433999994,17.900698309447524],[-88.88727721999999,17.903819369447458],[-88.88535693999995,17.90756165944735],[-88.89625337999996,17.906120649447377],[-88.90207545999993,17.9096252894473],[-88.90658191999995,17.915857109447117],[-88.91328656999997,17.910350739447292],[-88.91311730999996,17.914141749447175],[-88.91542887999998,17.91656896944712],[-88.92046157999994,17.91581117944712],[-88.92622436999994,17.928916689446773],[-88.93403171999995,17.93176382944667],[-88.93069976999999,17.93492753944661],[-88.93047570999994,17.941390429446457],[-88.93289501999999,17.94330331944639],[-88.93600661999994,17.93993664944648],[-88.93796302999993,17.940634539446496],[-88.93736642999994,17.946420819446335],[-88.94527210999996,17.95274047944614],[-88.94477967999995,17.959129919445985],[-88.94757273999994,17.958914579445974],[-88.95382117999998,17.95462871944612],[-88.95500654999995,17.95676887944601],[-88.95691705999997,17.95667793944606],[-88.95976584999994,17.951716949446165],[-88.96610744999998,17.954253449446117],[-88.97043821999995,17.95245250944616],[-88.97302716999997,17.9533612194461],[-88.97391985999997,17.95619334944603],[-88.97983054999997,17.955368369446045],[-88.98325230999995,17.95798194944598],[-88.98506207999998,17.956468519446034],[-88.98591877999996,17.947470339446284],[-88.98722385999997,17.947284309446278],[-88.99362985999994,17.95593117944606],[-88.99296685999997,17.959719829445948],[-88.99962108999995,17.96747382944577],[-88.99815877999998,17.971662259445655],[-89.00398874999996,17.972485539445604],[-89.00382619999993,17.975824909445496],[-89.00011779999994,17.977293179445496],[-88.99885367999997,17.979925149445403],[-89.00119230999996,17.982828249445358],[-89.00062068999995,17.98442905944526],[-89.02156837999996,17.992736819445085],[-89.02861031999998,17.997306619444966],[-89.02854314999996,18.002581949444792],[-89.03586544999996,18.002270079444838],[-89.03752070999997,18.00512168944476],[-89.04355022999994,18.003553219444804],[-89.04916816999997,17.999233139444904],[-89.05226387999994,18.000190599444878],[-89.05553914999996,17.992578259445093],[-89.05859768999994,17.990307489445154],[-89.06736064999996,17.990846799445123],[-89.07635291999998,17.99381828944503],[-89.08506019999999,17.990417679445148],[-89.09480017999994,17.984404509445294],[-89.09605364999999,17.981864109445368],[-89.10195159999995,17.9809896294454],[-89.10311127999995,17.97785061944545],[-89.10659756999996,17.97627704944549],[-89.10560079999999,17.975253249445522],[-89.10773004999999,17.975280999445538],[-89.10695844999998,17.9737968194456],[-89.11159217999995,17.969760079445706],[-89.11443867999998,17.970432969445667],[-89.11669404999998,17.96886221944572],[-89.11994581999994,17.971979079445614],[-89.12240859999997,17.97215779944562],[-89.12421399999994,17.97527834944554],[-89.13396754999997,17.97121828944562],[-89.13268271999999,17.968619939445716],[-89.13345917099997,17.960844749445908],[-89.13560031999998,17.959510089445942],[-89.13621084999994,17.955439919446082],[-89.14497090999998,17.951071089446156],[-89.14812225999998,17.94237090944639],[-89.15195662999997,17.940256909446497],[-89.15171384999996,17.81561424944982],[-89.92967930999998,17.815046689449805],[-90.12669819999996,17.816617889449766],[-90.28073970999998,17.815521540449826],[-90.36059577999998,17.812871169449885],[-90.58632279899996,17.81613013944978],[-90.98763950399996,17.815473449449833],[-90.98745919999999,17.25102488946504],[-91.43969685999997,17.250966879465004],[-91.43455381999996,17.23289688946554],[-91.43108777999998,17.227919429465658],[-91.42863922999999,17.21832231946589],[-91.41843431999996,17.209050919466158],[-91.40337250999994,17.204620249466302],[-91.38663596999999,17.20641916946625],[-91.37640321999999,17.204857649466295],[-91.37170287999999,17.202425079466373],[-91.36563756999999,17.196326379466534],[-91.35474765999999,17.190771139466644],[-91.34695354999997,17.17680442946706],[-91.35030699999999,17.163703199467403],[-91.34786717999998,17.15942870946752],[-91.33971121999997,17.15854214946757],[-91.33557056999996,17.16124416946745],[-91.33123814999999,17.17679265946705],[-91.32445027999995,17.18274730946687],[-91.31852437999999,17.18291165946689],[-91.30898308999997,17.17939985946697],[-91.30188313999997,17.180807179466928],[-91.28478508999996,17.178093459467036],[-91.27908550999996,17.179632519466956],[-91.26644705999996,17.17013302946723],[-91.26311696999994,17.16446316946736],[-91.26344345999996,17.158264249467557],[-91.27208802999996,17.143866289467947],[-91.27306781999994,17.13773447946813],[-91.27056767999994,17.115961459468704],[-91.26694322999998,17.107878109468935],[-91.25629636999997,17.10103950946914],[-91.23445854999994,17.10058748946914],[-91.22695801999998,17.09505896946925],[-91.21725245999994,17.07658553946978],[-91.21706807999999,17.06501471947006],[-91.21458404999998,17.063241879470173],[-91.21030699999994,17.05307813947039],[-91.20335965999999,17.044948599470644],[-91.18984930999994,17.034845149470893],[-91.17525328999994,17.015703999471423],[-91.15440299999995,17.004870049471705],[-91.14904496999998,17.00423771947175],[-91.13671702999994,17.00690094947167],[-91.12771930999997,17.00616474947169],[-91.12275902999994,17.003383939471764],[-91.11995867999997,16.997581689471946],[-91.12223531999996,16.983022379472306],[-91.12004968999997,16.97752833947248],[-91.11625114999998,16.97442822947258],[-91.11249727999996,16.974449679472595],[-91.10440908999999,16.97020064947267],[-91.09916241999997,16.96510728947282],[-91.09320191999996,16.95181947947318],[-91.07981754999997,16.943510259473406],[-91.07173030999996,16.93197479947371],[-91.06448005999994,16.925129749473918],[-91.06460814999997,16.92209799947401],[-91.06772370999994,16.918710909474104],[-91.07251944999996,16.91663025947413],[-91.07404430999998,16.913635659474245],[-91.07307699999996,16.910342109474307],[-91.06562731999998,16.902858249474544],[-91.05997750999995,16.89977644947461],[-91.04853193999998,16.898459569474646],[-91.00711225999999,16.886183509474954],[-90.99387368999999,16.877057889475243],[-90.98995597999999,16.864389319475574],[-90.98783148999996,16.86308494947559],[-90.98229054999996,16.865767429475557],[-90.98050284999994,16.87268045947533],[-90.98061030999997,16.877112769475232],[-90.98634461999995,16.89172093947481],[-90.98506308999998,16.897954079474648],[-90.98193139999995,16.900924379474578],[-90.97607556999998,16.902899029474543],[-90.96500933999994,16.90150001947459],[-90.95730310999994,16.896579799474683],[-90.95450921999998,16.884474169475013],[-90.95769676999998,16.878622689475183],[-90.97213076999998,16.870959089475384],[-90.97454717999995,16.86712324947553],[-90.97405477999996,16.863626459475586],[-90.96792919999996,16.860367599475715],[-90.95683654999999,16.86520727947556],[-90.95004688999995,16.865403739475532],[-90.93363879999998,16.859326489475727],[-90.93218401999997,16.85517991947585],[-90.93421844999995,16.847598119476032],[-90.93388874999994,16.842321089476187],[-90.92605664999996,16.833170749476405],[-90.92176511999998,16.82193537947676],[-90.91621108999999,16.82048239947679],[-90.89199297999994,16.82524751947666],[-90.87771253999995,16.823786219476688],[-90.86130514999996,16.81164907947703],[-90.85564057999994,16.798760599477365],[-90.84878447999995,16.796534879477413],[-90.83692761999998,16.79595507947746],[-90.82225161999997,16.798987289477395],[-90.80409191999996,16.798715799477346],[-90.80174882999995,16.795083119477503],[-90.80489951999994,16.782091479477867],[-90.80280937999999,16.776234509478],[-90.78244856999999,16.76818925947821],[-90.76243084999999,16.76275421947835],[-90.75856047999997,16.759415579478457],[-90.75684511999998,16.751060939478702],[-90.72251511999997,16.729739689479256],[-90.71525802999997,16.72789065947935],[-90.70944502999998,16.721947719479495],[-90.70776573999996,16.718095279479602],[-90.70951228999996,16.704754749479974],[-90.69867876999996,16.69971148948008],[-90.68944908999998,16.691557019480335],[-90.68169162999999,16.688570339480425],[-90.67943614999996,16.68344782948053],[-90.67937893999994,16.673510829480833],[-90.67594307999997,16.664655379481072],[-90.67594822999996,16.660561489481204],[-90.65759561999994,16.63945764948177],[-90.65731479999994,16.63706636948184],[-90.66198451999998,16.627965879482055],[-90.66018370999996,16.619501859482327],[-90.65558596999995,16.61105991948255],[-90.65620911999997,16.603476149482763],[-90.65335788999994,16.594503049483016],[-90.65622258699995,16.591848711483074],[-90.66697372699997,16.58918558148313],[-90.66684143799995,16.581806450483338],[-90.65755952699999,16.577181780483464],[-90.64463491799995,16.57907722048341],[-90.64080677799996,16.584535021483287],[-90.64040335799996,16.58858169148316],[-90.64249322799998,16.595069351482984],[-90.64049252699994,16.59581426048295],[-90.63517978699997,16.592342340483068],[-90.62560072799994,16.57770434048348],[-90.62615942799994,16.5754505704835],[-90.63911328799998,16.569201201483686],[-90.64707757699995,16.560517780483927],[-90.64648771699996,16.55078808048422],[-90.64856266799995,16.54476015148436],[-90.64260925799994,16.534347851484657],[-90.64541008699996,16.518643481485118],[-90.64208622699994,16.514489780485224],[-90.63559482799997,16.513520850485243],[-90.61947655799997,16.521994541485014],[-90.61658369799994,16.521789620484984],[-90.60921625799995,16.514366460485224],[-90.60562545799996,16.50363734048551],[-90.60921868799994,16.494193711485746],[-90.61859162799999,16.48863820048593],[-90.62354092799995,16.487780311485928],[-90.63105860799999,16.49015112148587],[-90.63344191799996,16.489111540485915],[-90.63493260699994,16.483490770486057],[-90.63249365299998,16.480079850486135],[-90.62768745999995,16.477565319486235],[-90.62042262999995,16.477178089486237],[-90.61659774999998,16.479800979486168],[-90.61344956999994,16.488449969485902],[-90.60420787999999,16.48733633948597],[-90.59832176999998,16.49046848948589],[-90.59436845999994,16.490651579485895],[-90.59235094999997,16.48765725948594],[-90.59366959999994,16.47534533948628],[-90.58978397999994,16.47008213948643],[-90.58667004999995,16.46951297948645],[-90.56946797999996,16.4747665694863],[-90.56496916999998,16.477532969486198],[-90.55693514999996,16.478658199486187],[-90.55021490999997,16.482121999486107],[-90.54401745999996,16.4817065094861],[-90.54317028999998,16.47871468948621],[-90.54799621999996,16.471953179486405],[-90.54693911999999,16.46805561948647],[-90.52780170999995,16.457716219486795],[-90.52506391999998,16.458674219486735],[-90.52546488999997,16.464430479486573],[-90.52381017999994,16.4671914494865],[-90.51421576999996,16.46989633948643],[-90.50060910999997,16.466915169486516],[-90.49901561999997,16.46487741948657],[-90.49942633999996,16.4574930794868],[-90.49580413999996,16.45348854948687],[-90.49157041999996,16.454047319486854],[-90.48509490999999,16.461129509486664],[-90.48192887999994,16.46158659948665],[-90.47811997999997,16.459826779486736],[-90.47732999999994,16.456770199486808],[-90.47950681999998,16.449835049486992],[-90.47830490999996,16.44197434948723],[-90.48696561999998,16.429331119487546],[-90.48697608999998,16.425446179487658],[-90.48455868999997,16.423017629487752],[-90.47181559999996,16.42503551948768],[-90.45877408999996,16.421019599487764],[-90.44385984999997,16.424266569487695],[-90.42072421999995,16.424896539487715],[-90.41610762999994,16.42160234948777],[-90.41174214999995,16.40743448948819],[-90.40771987999995,16.404033249488265],[-90.40219097999994,16.407049949488165],[-90.39792328999994,16.41617596948792],[-90.39426893999996,16.415935519487938],[-90.38729225999998,16.412002079488026],[-90.38906385999996,16.403530879488294],[-90.40134631999996,16.398632999488438],[-90.40181590999998,16.393001969488576],[-90.39681656999994,16.38534176948875],[-90.38645205999995,16.37793870948896],[-90.37292754999999,16.374350319489107],[-90.37038657999994,16.36951974948922],[-90.37069811999999,16.364675719489338],[-90.37455576999997,16.359620349489497],[-90.37972197999994,16.36002748948948],[-90.38892617999994,16.372750399489107],[-90.39581202999995,16.374511549489043],[-90.40976587999995,16.363015889489393],[-90.41207150999998,16.355704519489638],[-90.40931419999998,16.345899139489852],[-90.40698547999995,16.34587048948986],[-90.40621090999997,16.347727219489787],[-90.40813744999997,16.35430188948963],[-90.40752397999995,16.35890285948952],[-90.40303436999994,16.361056569489474],[-90.40070030999999,16.35843785948951],[-90.40085991999996,16.352345949489667],[-90.39924096999994,16.34939328948975],[-90.38332859999997,16.345211799489913],[-90.38150957999994,16.342485079489986],[-90.38164230999996,16.33844957949007],[-90.38417539999995,16.33497707949017],[-90.38686927999998,16.334248749490175],[-90.39331719999996,16.339165579490047],[-90.39753525999998,16.33959856949007],[-90.40044162999999,16.33773008949008],[-90.40322188999994,16.33214641949027],[-90.41001090999998,16.32918293949036],[-90.41212279999996,16.324676489490464],[-90.40868414999994,16.316188549490693],[-90.40865585999995,16.312341399490784],[-90.41164371999997,16.30723628949095],[-90.41818947999997,16.304688399491],[-90.43272853999997,16.305147599491015],[-90.43857014999998,16.302095339491082],[-90.43885988999995,16.29802344949122],[-90.43289950999997,16.29505642949128],[-90.43179185999998,16.292224479491384],[-90.43999630999997,16.28715267949153],[-90.44048157999998,16.279792169491728],[-90.43815614999994,16.276526539491826],[-90.43218248999995,16.274625889491833],[-90.42722656999996,16.269597119492012],[-90.42285164999998,16.263145149492196],[-90.42242987999998,16.259178909492288],[-90.42520910999997,16.25522731949241],[-90.42826477999995,16.25389328949244],[-90.43878957999999,16.260800519492214],[-90.44547477999998,16.261524739492184],[-90.44970954999997,16.257500349492314],[-90.45493588999994,16.246936569492625],[-90.45353002999997,16.242099879492777],[-90.44936791999999,16.2405262894928],[-90.44655170999994,16.241673109492734],[-90.44341205999996,16.246472449492636],[-90.44004393999995,16.247574419492583],[-90.43808916999996,16.24008553949282],[-90.42808467999998,16.23460790949294],[-90.42877225999996,16.230274229493112],[-90.43814402999999,16.231682659493046],[-90.45119084999999,16.224895219493245],[-90.45461581999996,16.219337319493363],[-90.45667330999999,16.20950567949367],[-90.45197821999994,16.185040369494313],[-90.43146225999999,16.17764810949456],[-90.42662830999996,16.173247649494687],[-90.42450499999995,16.163184449494974],[-90.43517711999993,16.156663779495116],[-90.44533651999996,16.155080999495176],[-90.44988156999995,16.151012859495275],[-90.45024436999995,16.147322619495416],[-90.44851485999999,16.14379774949547],[-90.43827511999996,16.142722679495545],[-90.42868062999997,16.139340139495616],[-90.42788113999995,16.137121379495674],[-90.43000699999999,16.128234399495927],[-90.42862062999995,16.120954479496103],[-90.42976579999998,16.117768859496234],[-90.43383884999997,16.116865689496247],[-90.44550473999999,16.12039554949616],[-90.44998710999994,16.124486579496025],[-90.45283754999997,16.123606519496064],[-90.45709925999995,16.108845969496468],[-90.45406776999994,16.099211449496725],[-90.45563957999997,16.093440679496915],[-90.45221391999996,16.09201324949691],[-90.44763381999996,16.092529909496925],[-90.44118459999999,16.100451369496668],[-90.43179159999994,16.105881289496566],[-90.42589144999994,16.104781859496583],[-90.42459911999998,16.09798659949679],[-90.42684056999997,16.09538551949683],[-90.43516317999996,16.095992539496823],[-90.43864814999995,16.08864517949705],[-90.44515379999996,16.08302214949716],[-90.44518593999999,16.080508679497246],[-90.44084088999995,16.074194889497434],[-91.73138414999994,16.074020369497415],[-92.21007593999997,15.261215379520326],[-92.05919721999999,15.070333649525754],[-92.06090487999995,15.068863429525754],[-92.06371205999994,15.069865279525747],[-92.06999044999998,15.06267999952597],[-92.07315954999996,15.061510819525969],[-92.07232408999994,15.057724509526123],[-92.06835447999998,15.055357149526197],[-92.06881861999994,15.052346539526232],[-92.07085450999995,15.050930769526273],[-92.07019601999997,15.046781109526401],[-92.07268784999997,15.044216949526517],[-92.07792405999999,15.045881479526443],[-92.07692171999997,15.042974419526535],[-92.07966291999998,15.03482431952674],[-92.07865894999998,15.032300689526837],[-92.08566581999997,15.020728859527178],[-92.09096884999997,15.019818969527199],[-92.09730265999997,15.015078889527308],[-92.09879128999995,15.0096074295275],[-92.10974977999996,15.011116569527452],[-92.11131797999997,15.01358751952736],[-92.11391470999996,15.012721279527383],[-92.11711730999997,15.015308079527333],[-92.11835771999995,15.015258119527308],[-92.11955681999996,15.011538139527401],[-92.12337599999995,15.01500364952731],[-92.12698291999999,15.01523661952732],[-92.12840224999997,15.012777219527367],[-92.13144608999994,15.01284362952741],[-92.13534194999994,15.003975149527617],[-92.13923736999999,15.002511019527677],[-92.13789482999994,14.999931549527751],[-92.13943824999996,14.994569519527879],[-92.14744964999994,14.990650059528027],[-92.15076762899997,14.986917570528128],[-92.15078057999995,14.983631279528224],[-92.14717590999999,14.98033148052833],[-92.14477404999998,14.97494708952848],[-92.14710373899999,14.970190449528623],[-92.14601722899994,14.959230850528895],[-92.14856736899998,14.952923679529068],[-92.14669719899996,14.944114739529319],[-92.14327841999994,14.93983717052944],[-92.14364850899995,14.927851220529787],[-92.14119704999996,14.922598769529944],[-92.14166993999999,14.916701880530129],[-92.14469496899994,14.90950371053036],[-92.14156111999995,14.906360579530446],[-92.13621630899996,14.891649570530864],[-92.13788477999998,14.88648540053102],[-92.14201222899999,14.884534650531032],[-92.14656277899996,14.870205419531462],[-92.16588141999995,14.860252949531763],[-92.17174193999995,14.860192659531752],[-92.17227845999997,14.855993740531892],[-92.18178617999996,14.846866879532126],[-92.18279125999999,14.842568369532234],[-92.18150321999997,14.839071509532356],[-92.18483408999998,14.828264249532685],[-92.17707448999994,14.815785859533024],[-92.17890930999994,14.810444139533192],[-92.17727971999994,14.800973689533425],[-92.17174185999994,14.793007649533672],[-92.17107173999995,14.789426379533781],[-92.16485213999994,14.782976109533957],[-92.16425213999997,14.776596709534122],[-92.16072584999995,14.77349653953423],[-92.16185541999994,14.76202477953455],[-92.16431137999996,14.759249969534627],[-92.17176090999999,14.756746139534734],[-92.17180670999994,14.752745169534798],[-92.16877281999996,14.74723779953498],[-92.16993059999999,14.74374965953508],[-92.15783724899995,14.736367059535318],[-92.15444379999997,14.72597902953561],[-92.14749470999999,14.719034539535786],[-92.14895016999998,14.705401049536174],[-92.14741614999997,14.697758599536394],[-92.14299817999995,14.69115922953658],[-92.14705142999998,14.679440259536909],[-92.14726077999995,14.669105879537247],[-92.14573813999993,14.66344257953738],[-92.15013368999996,14.655908179537596],[-92.16043802999997,14.650717219537748],[-92.15909893999998,14.64192530953799],[-92.16826490999995,14.640584569538039],[-92.17288405999994,14.630043679538327],[-92.17705437999996,14.62622562953843],[-92.17692277999998,14.620641379538627],[-92.18121981999997,14.614462249538777],[-92.17529630999996,14.61310625953883],[-92.17444404999998,14.611619259538882],[-92.17771816999999,14.607771919538997],[-92.17785799999996,14.600951449539162],[-92.18184111999994,14.591067479539465],[-92.18247634999994,14.57832947953982],[-92.19824930999994,14.564286719540226],[-92.20430685999997,14.564271849540257],[-92.20809464999996,14.559187689540382],[-92.21526041999994,14.556898349540436],[-92.21654119999994,14.543148289540833],[-92.22007124999999,14.53592685954108],[-92.22675193999999,14.532098369541146],[-92.32686198099998,14.625525535538483],[-92.37372846599999,14.66655164553732],[-92.40877673699998,14.693228973536497],[-92.41146790699997,14.694813694536489],[-92.41553563999997,14.692790561536519],[-92.41089117499996,14.695358226536467],[-92.40869279199995,14.701815694536288],[-92.41104526999999,14.69923434353636],[-92.41137970599999,14.699295780536353],[-92.40870148999994,14.702455679536278],[-92.43013201299999,14.721405365535725],[-92.42951384299994,14.724550067535633],[-92.43257321999994,14.728423459535517],[-92.43446501199998,14.728422396535496],[-92.43701804899996,14.732314032535381],[-92.46639708999999,14.757554779534711],[-92.51589804999998,14.805035689533335],[-92.62311057999995,14.915755149530158],[-92.65839005999999,14.954974369529044],[-92.70191612999997,14.999968300527723],[-92.80015203999994,15.100183335524887],[-92.85136494099999,15.149898842523498],[-92.85388945999995,15.153176419523355],[-92.85397770999998,15.158786599523216],[-92.85893394399994,15.158854332523196],[-92.88000335,15.183001279522529],[-92.95644405199994,15.255666240520446],[-93.16470042399999,15.446623907515061],[-93.24275905999997,15.515320339513142],[-93.33234554999996,15.591124579510979],[-93.46326194799997,15.695283686508024],[-93.59117595699996,15.790810213505344],[-93.69766379999999,15.864029919503318],[-93.77951410999998,15.914884509501865],[-93.84076693999998,15.948678429500916],[-93.87517502999998,15.965685819500449],[-93.91601881099997,15.982682436499985],[-93.92854203899999,15.981285653500004],[-93.93749356499995,15.983645972499925],[-93.94123288999998,15.983006739499995],[-93.94923604099995,15.987878650499859],[-93.95511765199997,15.987821786499817],[-93.95715014999996,15.984601969499908],[-93.96003579999996,15.985637979499886],[-94.03337876999996,16.01709171949902],[-94.20236607999999,16.096783019496783],[-94.29478108999996,16.130607509495867],[-94.38404561999994,16.158265029495094],[-94.42736022999999,16.169844949494735],[-94.481273167,16.181822958494426],[-94.55445254999995,16.19387030949407],[-94.69976159999999,16.209910339493625],[-94.71530247999999,16.210424179493668],[-94.72513613999996,16.20802891949371],[-94.74368804999995,16.208142569493713],[-94.77356748999995,16.212004449493598],[-94.80209296999999,16.213492349493524],[-94.86474906499997,16.21405757649355],[-94.92830464999997,16.206928349493733],[-95.02769999899994,16.18839999949426],[-95.06271504899996,16.183986489494373],[-95.07013077999994,16.183364859494375],[-95.11370831999994,16.187621969494288],[-95.14234201999994,16.188650749494208],[-95.15225667999994,16.185442769494344],[-95.15713485999999,16.179388895494483],[-95.15145895199998,16.167748102494834],[-95.16194168999999,16.165171999494888],[-95.16528508999994,16.16619825449485],[-95.16881134999994,16.164475349494897],[-95.18196557999995,16.16843389849479],[-95.18838819799998,16.168418634494778],[-95.19229999999999,16.167400001494805],[-95.19453865899999,16.160981434495024],[-95.19574501899996,16.161490890494985],[-95.19337045499998,16.16862761149477],[-95.19744160299996,16.168852683494798],[-95.19314905499994,16.170413609494723],[-95.19401023699999,16.172774299494698],[-95.20290022399996,16.170608124494755],[-95.20199362099999,16.167242765494862],[-95.19791142099996,16.1686627614948],[-95.20074443199996,16.166232295494844],[-95.20003056599995,16.16343681749493],[-95.19694440499995,16.160728990495013],[-95.19791998399995,16.150311710495288],[-95.20253137899994,16.145650346495465],[-95.19829589899996,16.150469480495328],[-95.19828690999998,16.159909419495065],[-95.20892256999998,16.15987691949504],[-95.20963481999996,16.154482019495187],[-95.20999934599996,16.159375879495027],[-95.21223130999994,16.159366139495038],[-95.213053356,16.152091547495253],[-95.21329843999996,16.156036693495114],[-95.21510207199998,16.156912335495132],[-95.22684471199995,16.15789981149509],[-95.23486587499997,16.156222291495144],[-95.24810891299995,16.14694151249542],[-95.24945484299997,16.138912913495634],[-95.24628503399998,16.135092531495726],[-95.24749231999994,16.133342139495756],[-95.26601661699999,16.130347644495846],[-95.27214890999996,16.12776514949596],[-95.28005207699994,16.121130619496103],[-95.28033236299997,16.115659982496275],[-95.27853851999998,16.11087768949641],[-95.27538922999997,16.107987649496476],[-95.27565896999994,16.107403249496514],[-95.28454448999999,16.10429499949658],[-95.28619681999999,16.100982279496673],[-95.30313250999997,16.09904945949675],[-95.30539947999995,16.097492979496753],[-95.30586774099999,16.0941949504969],[-95.33191465999994,16.089882539497015],[-95.35040916999998,16.081640919497207],[-95.36049596999999,16.07257070949746],[-95.37803799999995,16.046349719498174],[-95.37679488799995,16.037386268498437],[-95.37123710099996,16.026165650498765],[-95.36784881699998,16.022729389498863],[-95.36817718299994,16.02068543249891],[-95.37135852199998,16.01874379249898],[-95.39476024,16.013363441499145],[-95.39960510399999,16.008017182499273],[-95.39885259999994,16.006278219499354],[-95.41844974999998,16.002297859499443],[-95.42413274999996,15.99971239949948],[-95.42633042199998,15.996707596499615],[-95.42738252699996,15.9920079804997],[-95.42629175099995,15.991096042499725],[-95.42953487999995,15.986992259499843],[-95.42871880099995,15.984985586499915],[-95.43108593999996,15.980636709500054],[-95.43547151999996,15.978357429500132],[-95.43556867399997,15.975810979500196],[-95.46605670799995,15.976922187500154],[-95.48532426399998,15.9757624365002],[-95.49373876299995,15.973256628500248],[-95.495787357,15.966596505500421],[-95.49769580599997,15.96560904050047],[-95.51531770999998,15.963607049500533],[-95.52073659199999,15.961075213500596],[-95.56853216499997,15.957789198500675],[-95.57940491699998,15.951844910500824],[-95.58015483799994,15.94764946350097],[-95.58385308999999,15.946232419501014],[-95.58441968999995,15.944475879501033],[-95.60557222999995,15.942456579501115],[-95.61332568999995,15.93573377950132],[-95.61396273299994,15.933247084501378],[-95.61237861999996,15.931778939501433],[-95.61350573999994,15.930762769501445],[-95.62007473999996,15.927630139501552],[-95.63639907999999,15.925913149501573],[-95.64532410999999,15.923381319501628],[-95.64864462999999,15.921306369501682],[-95.64885958099995,15.919164878501766],[-95.65975905999994,15.916853749501808],[-95.66264339299994,15.912354298501972],[-95.70620627999995,15.908832889502051],[-95.77002365999995,15.894602089502438],[-95.77625751999994,15.889883519502606],[-95.78003357999995,15.884754399502745],[-95.78035903499995,15.88100707950286],[-95.77622482999999,15.874160659503003],[-95.77662271599996,15.87129134650313],[-95.80283641999995,15.86985979950313],[-95.80873033999995,15.868776979503183],[-95.81150714199998,15.866563105503245],[-95.83362142,15.863718739503287],[-95.83668045199995,15.861086379503416],[-95.87947305999995,15.851134369503681],[-95.88468537999995,15.844536479503846],[-95.88998823099996,15.842788740503895],[-95.92429767899995,15.837111346504088],[-95.95402939999997,15.829636429504276],[-95.96406957999994,15.824675799504384],[-95.96595728199998,15.819208282504535],[-95.98066710999996,15.812303086504738],[-96.00505284999997,15.807736249504904],[-96.01026191999995,15.80467127950496],[-96.01117001599994,15.80139077950509],[-96.01748642999996,15.799991019505097],[-96.03102171999996,15.791976569505302],[-96.05344221999997,15.78725587950544],[-96.05534312299994,15.783744696505538],[-96.05760361099999,15.783801803505574],[-96.05850780599998,15.781243882505635],[-96.06060625999999,15.78155394950562],[-96.06300498699994,15.776175630505788],[-96.06427568999999,15.780052309505638],[-96.06663051999999,15.780932849505641],[-96.06745933799999,15.777791284505705],[-96.07190493999998,15.778167749505698],[-96.07510905299996,15.774979844505832],[-96.07632815899996,15.770207412505929],[-96.07358942499997,15.768723753505999],[-96.07606882299996,15.766061136506066],[-96.07969750099994,15.76736032250602],[-96.07976602999997,15.769273999505968],[-96.08287170199999,15.769018806505981],[-96.08407094999995,15.767346045506018],[-96.08794777699995,15.77035645250592],[-96.08944448099999,15.769693013505945],[-96.09075608999996,15.773042509505848],[-96.09447633299999,15.773556439505846],[-96.09918630999994,15.770361550505951],[-96.09985922899995,15.766815510506046],[-96.09855685699995,15.764548469506073],[-96.096177648,15.764564455506124],[-96.09575172499996,15.762161200506133],[-96.09705673399998,15.763135576506158],[-96.09749348999999,15.76100478250618],[-96.09887357699995,15.76215644150616],[-96.10023224999998,15.760892947506202],[-96.09942085299997,15.75834454450629],[-96.10386439499996,15.759212530506257],[-96.10332316899996,15.757592635506272],[-96.10611427699997,15.757647362506294],[-96.10558603699997,15.75589132050633],[-96.10702561099998,15.755586749506378],[-96.11172690999996,15.763200509506138],[-96.12035297199998,15.760683555506212],[-96.11862310399994,15.766142038506048],[-96.11914896499997,15.767115238506054],[-96.12047570899995,15.762607710506147],[-96.12295862999997,15.76485077950611],[-96.12049977599997,15.760174220506228],[-96.12359051999994,15.758750569506285],[-96.12319166899994,15.756381489506298],[-96.12515710399998,15.753490444506427],[-96.12273064799996,15.749837971506494],[-96.12527548199995,15.749400150506498],[-96.12501151999999,15.751097919506494],[-96.12822491999998,15.754317149506411],[-96.12969939599998,15.754237861506365],[-96.12944429799995,15.753956818506403],[-96.12945381499998,15.753057382506416],[-96.12793028099998,15.750782410506478],[-96.12803346899996,15.750717769506492],[-96.12960610099998,15.753012172506423],[-96.12989586599997,15.754177358506382],[-96.13145256299998,15.752607664506412],[-96.13062926899994,15.748955191506525],[-96.12827836199995,15.748272286506582],[-96.12922776699997,15.743946426506648],[-96.12588001399996,15.744760102506635],[-96.12391398399996,15.742095106506753],[-96.12408054599996,15.740676352506755],[-96.12720781499996,15.740226364506809],[-96.12720477899997,15.737850148506858],[-96.13210646799996,15.73637250250688],[-96.13215643699999,15.739361105506797],[-96.14159992299994,15.734188752506972],[-96.14406891799997,15.73782399650688],[-96.14560638899997,15.73774786750684],[-96.14679428599999,15.733310731506997],[-96.15087727999997,15.733867264506987],[-96.15202199399995,15.731396534507022],[-96.14374686299999,15.72769409250711],[-96.14633095799996,15.726411563507169],[-96.15359307299997,15.726773241507148],[-96.15269185199999,15.722934728507258],[-96.15605477999998,15.723269379507236],[-96.15855524999995,15.72569505950721],[-96.16340121099995,15.722173743507275],[-96.16616106799997,15.722837613507286],[-96.16621817499998,15.719772867507368],[-96.17303332199998,15.716120751507464],[-96.17219411199994,15.714092776507544],[-96.175308827,15.713697786507543],[-96.17507801899995,15.715418136507452],[-96.17803081999995,15.716552519507447],[-96.17902316499999,15.712434292507579],[-96.18225394599995,15.714303498507496],[-96.18353462399995,15.710821017507609],[-96.18461821999996,15.711967319507576],[-96.19065753999996,15.70998939650765],[-96.19196921799994,15.708297004507706],[-96.19089548599999,15.70763075550772],[-96.19262528999998,15.707777169507688],[-96.19281690099997,15.704590993507786],[-96.19415913999995,15.706636546507744],[-96.19737951699994,15.706696816507698],[-96.19763530899998,15.711116665507621],[-96.20296530199994,15.711925682507589],[-96.20523470999997,15.708242059507663],[-96.20246858999997,15.705420830507743],[-96.20586526999995,15.705120423507742],[-96.20515502999996,15.70158662950789],[-96.20859272699994,15.699644689507947],[-96.20817394199997,15.701334106507868],[-96.21076755499996,15.703492277507824],[-96.21368001499997,15.700141996507924],[-96.21434114999994,15.701453077507866],[-96.21683177999995,15.700835569507872],[-96.21423442899999,15.698031414507977],[-96.21634865199997,15.696592496508002],[-96.22060610999995,15.69846451950798],[-96.22102541099997,15.695973181508023],[-96.22265305499997,15.695764192508042],[-96.22581145599997,15.697631556507947],[-96.22436416999994,15.691717819508156],[-96.22842077599996,15.689965041508186],[-96.23524859399998,15.691558134508135],[-96.23824657999997,15.687796139508254],[-96.23640428999995,15.685068058508337],[-96.23736278999996,15.682467360508378],[-96.24239599299995,15.684732501508327],[-96.25213924299999,15.685189463508351],[-96.26019609799994,15.682743377508402],[-96.26506209599995,15.684758781508366],[-96.28092467399995,15.686184375508276],[-96.283789545,15.685758452508333],[-96.28597864899996,15.683145804508374],[-96.28918841999996,15.684657479508349],[-96.30469786899995,15.685844112508294],[-96.30720591699998,15.684856248508346],[-96.30778401899994,15.682909991508415],[-96.31542666099995,15.686257182508315],[-96.32911193199999,15.688087786508216],[-96.33942689499997,15.68453525050836],[-96.34129973999995,15.686011381508314],[-96.34468312399997,15.684835062508322],[-96.34777166499998,15.689415525508227],[-96.35159182999998,15.690172193508213],[-96.36134351599998,15.681735814508398],[-96.36292948,15.683868119508372],[-96.36470331399994,15.6818428905084],[-96.36766496199999,15.685740099508294],[-96.37453365699999,15.688256970508235],[-96.38437431899996,15.689357228508216],[-96.38729153799996,15.687477454508288],[-96.41238295399997,15.694187534508051],[-96.41701397999998,15.692694422508106],[-96.41992406099996,15.695323726508065],[-96.42444741599996,15.69472648250808],[-96.42645568099994,15.696030426508017],[-96.43042462199998,15.692047209508143],[-96.43088623799997,15.694819281508032],[-96.43328949299996,15.695164303508065],[-96.43653983699994,15.69217332050812],[-96.44030176499996,15.691733120508118],[-96.44243614099997,15.685931994508294],[-96.44518138699999,15.687889946508232],[-96.45304377899998,15.681163554508462],[-96.45716500499998,15.681480022508445],[-96.46121032999997,15.684155782508359],[-96.46308688899995,15.68195294050845],[-96.46459004999997,15.683230999508371],[-96.46762051999997,15.679742259508506],[-96.46702174999996,15.67530790950863],[-96.47072912299996,15.673162616508677],[-96.47250529399999,15.67459517250863],[-96.47406512699996,15.672891358508684],[-96.47739652199994,15.673973991508666],[-96.47721791299995,15.670174013508756],[-96.48145971999998,15.668995109508757],[-96.48162467399999,15.663316407508967],[-96.48528247999997,15.664811509508905],[-96.48696180599995,15.662074328508995],[-96.48887489199996,15.66406117850891],[-96.49084270599997,15.661969632509004],[-96.49152721299998,15.665932333508865],[-96.49511933799995,15.665577513508895],[-96.49519165999999,15.663660139508929],[-96.49402404599995,15.663649531508906],[-96.49487113399994,15.658019727509098],[-96.49716493399995,15.659023859509071],[-96.49872823999999,15.657408205509132],[-96.50182700799996,15.657412077509107],[-96.50579970199999,15.659347439509045],[-96.50921645999995,15.658860119509061],[-96.51114694599994,15.661482411509],[-96.51825885599999,15.662664434508983],[-96.52568776099997,15.662558392508958],[-96.52929765199997,15.660583834509037],[-96.54515797999994,15.665278119508885],[-96.54644819999999,15.663737599508933],[-96.54824134999997,15.664923939508906],[-96.55454505999997,15.663957799508927],[-96.55454673999998,15.658191319509104],[-96.55778515399999,15.65686527250912],[-96.55767331899995,15.659649241509053],[-96.57165622199996,15.666295076508836],[-96.61422607699996,15.679325965508463],[-96.65838757199998,15.70146516550787],[-96.70172889699995,15.716936336507437],[-96.74376267999997,15.725096570507215],[-96.78056273599998,15.728874478507121],[-96.80813273599995,15.733975949506968],[-96.81190440099994,15.73205581750702],[-96.82901073399997,15.733660647506985],[-96.83603035099998,15.732356224507],[-96.86092022699997,15.739064638506818],[-96.86057460999996,15.742353648506725],[-96.87945325399996,15.751821722506438],[-96.90945349799995,15.77072891950594],[-96.93520955699995,15.783127147505585],[-96.96493556199995,15.793613409505266],[-97.01438916999996,15.805512139504978],[-97.02430372499998,15.809790429504854],[-97.04946655599997,15.827984581504325],[-97.04602347599996,15.830770929504213],[-97.046537695,15.835592573504083],[-97.06187544499994,15.860078751503416],[-97.06400147299996,15.860071838503425],[-97.06640071,15.856543149503516],[-97.07058427199996,15.855622020503535],[-97.07312795399997,15.858094049503459],[-97.074244089,15.856130309503499],[-97.07674945599996,15.85638344850355],[-97.07930261699994,15.857696910503494],[-97.07920030099996,15.859859840503436],[-97.08378552199997,15.85860824450344],[-97.08595083099999,15.86034287150341],[-97.08605711199999,15.86255178750337],[-97.10361832899999,15.86899459150316],[-97.12471413299994,15.886581548502653],[-97.14247561999998,15.896983361502402],[-97.17480228499994,15.910677037502023],[-97.21288436899994,15.923366703501639],[-97.240129891,15.92816149550149],[-97.27375560099996,15.938184856501247],[-97.28882234799994,15.937187861501236],[-97.33430693499999,15.945739644501028],[-97.35869127299998,15.944431023501044],[-97.36188491799999,15.94254960050111],[-97.36163269499997,15.939427747501215],[-97.36545009199995,15.939049396501234],[-97.36794302599999,15.936646157501258],[-97.41011550699996,15.943952826501047],[-97.41807291499998,15.943869606501098],[-97.42209658399997,15.94144493550113],[-97.47748528999995,15.953358849500786],[-97.52088336999998,15.96740257850043],[-97.53138169799996,15.96921011250034],[-97.53570041999996,15.969012617500342],[-97.53655702599997,15.967461208500435],[-97.54546513299994,15.964936699500505],[-97.55272486899999,15.964704702500491],[-97.55599781699999,15.962516788500553],[-97.56490842699999,15.962945620500568],[-97.61860605599998,15.97536486650019],[-97.65575690999998,15.977796939500147],[-97.66366359999995,15.976821289500128],[-97.67086139999998,15.973847959500242],[-97.67560782899996,15.969554817500365],[-97.67625028399999,15.96732288250043],[-97.67493682099996,15.96643058550045],[-97.67815871899995,15.967522261500406],[-97.67834504099994,15.96617968850045],[-97.67464232299994,15.96545242850046],[-97.67964632999997,15.962102147500554],[-97.74470705,15.973853539500226],[-97.76699273999999,15.976341199500151],[-97.78578499799995,15.980802618500018],[-97.78945001899996,15.982694542499978],[-97.79359517999997,15.989791319499789],[-97.80382813899996,15.99682106149957],[-97.82748793999998,16.008835849499228],[-97.85461307099996,16.025255175498778],[-97.88293341599996,16.04443839049824],[-97.92363187699999,16.075059508497382],[-97.962845234,16.1011980534967],[-98.10741849199997,16.17927962949451],[-98.13633608099997,16.192685513494144],[-98.18623196999994,16.212238029493573],[-98.18626133,16.214902544493498],[-98.19148218199996,16.220813012493355],[-98.20427284999994,16.228544599493148],[-98.22966301299994,16.237952270492862],[-98.29640094599995,16.252713851492462],[-98.42049725299995,16.269477729492003],[-98.45877802199999,16.281498766491687],[-98.52447889999996,16.307012977490942],[-98.54955350499995,16.313491985490753],[-98.55499057299996,16.318936192490636],[-98.56871054499999,16.32466117549047],[-98.57083540399998,16.326978770490374],[-98.56675462799996,16.327990041490384],[-98.56548399599997,16.334462175490184],[-98.56879716999998,16.342355139489964],[-98.57497794999995,16.349074079489775],[-98.65494522999995,16.426699679487648],[-98.69748687599999,16.46042628048667],[-98.70517253499997,16.469370674486456],[-98.71426526599998,16.484539136486053],[-98.73347304999999,16.505746144485446],[-98.73953065999996,16.51701528948515],[-98.76440535999996,16.5428145034844],[-98.76807068899997,16.5501061234842],[-98.77274774999995,16.554754638484113],[-98.79064129699998,16.555035415484102],[-98.80665625899998,16.558095401484],[-98.81365324999996,16.554119599484096],[-98.82148777299994,16.554333586484088],[-98.84172255199998,16.548447211484255],[-98.84575790999997,16.546035369484304],[-98.85201453999998,16.538490689484554],[-98.85504670999995,16.529108579484813],[-98.85695491999998,16.528249369484794],[-98.88868831999997,16.535630859484595],[-98.90585762999996,16.53442674948463],[-98.91270774999998,16.53583266448461],[-98.92223830999995,16.541846849484468],[-98.98617170999997,16.564452569483844],[-99.07409227999995,16.59189261948308],[-99.11802479999996,16.602050799482768],[-99.14874982999999,16.612494399482507],[-99.22205157999998,16.63217516948195],[-99.33288588,16.658449109481236],[-99.42185908999994,16.67627565948074],[-99.46043971799998,16.68217985648058],[-99.54969234899995,16.68884329948038],[-99.57165715299999,16.688343612480388],[-99.59326893099995,16.684195485480494],[-99.59607495399996,16.685154683480498],[-99.608000915,16.683139645480537],[-99.65760427599997,16.69592889748019],[-99.70394995,16.714035822479733],[-99.75581744099998,16.741121227478963],[-99.794436094,16.771787720478134],[-99.81764773599997,16.78790381047766],[-99.82804122099998,16.790316583477605],[-99.83012402999998,16.78595850947774],[-99.83258936999995,16.785864979477722],[-99.83513154999997,16.782954689477812],[-99.84022750999998,16.78549014947774],[-99.84512770999999,16.784311749477755],[-99.84417396699996,16.786457098477733],[-99.846434,16.792818049477546],[-99.85658921999999,16.793387659477542],[-99.85906010999997,16.79624414947746],[-99.85282446299999,16.799256830477347],[-99.84907196999997,16.799196549477355],[-99.83979662999997,16.793986879477497],[-99.83786882199996,16.79641242247744],[-99.83914164399995,16.79751003347739],[-99.84074581099998,16.79576367547744],[-99.83913947799994,16.7976484994774],[-99.83707825899995,16.79705516547744],[-99.83644913999997,16.799061349477363],[-99.83698010099994,16.805607081477188],[-99.84638236999996,16.81102809047701],[-99.85003240399999,16.809688149477086],[-99.85088490599998,16.805857989477186],[-99.85961316999999,16.807305419477128],[-99.86170977999996,16.81022521947708],[-99.86550170999999,16.810390800477048],[-99.86618262999997,16.807822659477132],[-99.87652170999998,16.814546180476913],[-99.86981367199996,16.81835951747681],[-99.87065598599999,16.82111838547673],[-99.868174475,16.828172833476565],[-99.86534713299994,16.8301424664765],[-99.86304951999996,16.834790489476386],[-99.85699312099996,16.833667662476394],[-99.85339821999999,16.834479170476396],[-99.85132762399996,16.836703854476337],[-99.85255919399998,16.837348959476312],[-99.85121873899999,16.836982804476325],[-99.85285534999998,16.84646411947608],[-99.86208850999998,16.855132489475857],[-99.88249751999996,16.85966642947572],[-99.89809158499997,16.853880354475873],[-99.90060154499997,16.852082772475924],[-99.90035857899994,16.849196421475984],[-99.90161493499996,16.84865152547599],[-99.90030861099996,16.84858014147602],[-99.907384064,16.848213704476002],[-99.90804047999997,16.845543579476068],[-99.90686164599998,16.844525539476138],[-99.91092243699995,16.84186029847622],[-99.91027505299996,16.840488515476228],[-99.907256637,16.84122760647623],[-99.90684261099995,16.839818965476255],[-99.90728994899996,16.84117525847623],[-99.90776822099998,16.839581019476228],[-99.90912005299998,16.840646485476206],[-99.90845350599996,16.83860068147629],[-99.90641517299998,16.837424719476324],[-99.90621004599996,16.838559045476295],[-99.90522695699997,16.838250901476272],[-99.90637998299997,16.837412672476344],[-99.90484719999995,16.83651650947631],[-99.90564812099996,16.837470437476295],[-99.90401759699995,16.839080583476264],[-99.90367304899996,16.83652583047637],[-99.90153887899999,16.839029250476276],[-99.90238350099997,16.840066429476227],[-99.90166014499994,16.840492353476236],[-99.90134606599999,16.83920710647627],[-99.89887953199997,16.840968492476215],[-99.89446491999996,16.83950474947627],[-99.89196865999997,16.837490060476302],[-99.89406057999997,16.83279045047644],[-99.89740673999997,16.83037865947652],[-99.90109753899999,16.830796655476522],[-99.90149567999998,16.829615939476536],[-99.90363617999999,16.831568956476485],[-99.90379928,16.82972529247651],[-99.90514770999994,16.83064498047649],[-99.90838934999994,16.827927879476587],[-99.91574964899996,16.827757949476563],[-99.91446069299997,16.829233308476567],[-99.91650771999997,16.82968322947654],[-99.92005037999998,16.834980249476395],[-99.91711605199998,16.83795661747633],[-99.91932762299996,16.839602633476282],[-99.91471924099996,16.841797765476223],[-99.91763408099996,16.843327758476143],[-99.91537359299997,16.84523846547612],[-99.91602945299996,16.846718531476082],[-99.92414101999998,16.84949114947599],[-99.92273793999999,16.850140449475944],[-99.92412762999999,16.851898577475897],[-99.92168827799998,16.853405073475855],[-99.92519957999997,16.8556540894758],[-99.92289744899996,16.859517611475713],[-99.93283565899999,16.860367980475658],[-99.93221399999999,16.863202109475587],[-99.93467102199997,16.866244347475543],[-99.93644430999996,16.866150319475516],[-99.93767866099995,16.86921391547543],[-99.94065298699996,16.868897446475454],[-99.938739179,16.8701696604754],[-99.94003899899997,16.87311411947532],[-99.94407227199997,16.87320189147534],[-99.94318693899999,16.874134767475287],[-99.94573464899997,16.876619459475226],[-99.94530657999996,16.87934850947518],[-99.95222097399994,16.880386436475113],[-99.95804170899999,16.88406722947502],[-99.956561111,16.88497156347503],[-99.95765521599998,16.886239904474948],[-99.95646831199998,16.887853184474924],[-99.95920868999997,16.89296807947481],[-99.98987644899996,16.909264919474357],[-100.07777180699998,16.93930902947354],[-100.10109623499994,16.945647913473362],[-100.12160549,16.94903088947328],[-100.19943745999996,16.980524779472407],[-100.41261830399998,17.056495009470325],[-100.48907854199997,17.08012955446967],[-100.60004856599994,17.118533882468636],[-100.63647379499999,17.129126169468364],[-100.66306313999996,17.133759279468222],[-100.67578517899994,17.1375935374681],[-100.76265593299996,17.172589649467195],[-100.82471781099997,17.195351960466528],[-100.88357599399997,17.21396634046604],[-100.90960599399996,17.21967568646589],[-100.99320986499998,17.25191138546503],[-101.002168553,17.25336044946497],[-101.00727118899994,17.25188078146501],[-101.01075233999995,17.25448629146491],[-101.01346968499998,17.254031813464927],[-101.01359368999994,17.256094257464916],[-101.01711008999996,17.25898090846481],[-101.03758076299994,17.268539387464525],[-101.04836210099997,17.270516719464496],[-101.05072966399996,17.26724496046461],[-101.05250950099997,17.26945072146453],[-101.05575984499995,17.270093175464506],[-101.05827485099996,17.26907678446452],[-101.05856284999999,17.265465124464633],[-101.06143111899996,17.26605598446461],[-101.06126591799996,17.264763183464673],[-101.06624374999997,17.27324834146442],[-101.06375959299999,17.27716017446433],[-101.05961645899998,17.277950769464326],[-101.06035974599997,17.276950933464345],[-101.05784908599999,17.27474055946439],[-101.05535113999997,17.276239319464345],[-101.05640745999995,17.277327218464293],[-101.05725414599999,17.276320225464346],[-101.05308533099998,17.283273010464164],[-101.05440593199995,17.28543356046409],[-101.05025968699995,17.291571840463945],[-101.051936051,17.292831305463892],[-101.05075565699997,17.295418311463816],[-101.05260151999994,17.301027718463665],[-101.05620480399996,17.306953406463496],[-101.06658163399999,17.314248833463335],[-101.06898311699997,17.31934288646319],[-101.07347731199997,17.32349303946309],[-101.12080901199994,17.36023571846207],[-101.13836580799995,17.371515321461764],[-101.14810077799996,17.375465226461664],[-101.159709573,17.383986671461425],[-101.17019109899996,17.389197691461273],[-101.174471155,17.389123333461267],[-101.17522068499994,17.391184541461246],[-101.17328439799996,17.391107208461214],[-101.17252327699998,17.393353872461145],[-101.17595534299994,17.39920035046101],[-101.17975950699997,17.40084812746098],[-101.17808323599996,17.40475115746088],[-101.18049362999994,17.407389979460795],[-101.17966795699999,17.408948526460758],[-101.18133357999996,17.408872383460768],[-101.18291830099997,17.412206008460657],[-101.20682326899998,17.428733031460194],[-101.24402995199996,17.44726989145973],[-101.28966658399997,17.467024044459208],[-101.34232164999997,17.484578819458676],[-101.44300772399998,17.525754965457566],[-101.45289134899997,17.527973050457547],[-101.45720110399998,17.52508302445763],[-101.45646004999998,17.529666139457518],[-101.45972158399996,17.531350161457418],[-101.46055910999996,17.53667614945732],[-101.454965041,17.53902630345725],[-101.44295251999996,17.53623613945729],[-101.44409899999994,17.537884509457253],[-101.44108761999996,17.543226429457132],[-101.44049413999996,17.553441919456866],[-101.44360314999996,17.56389887945658],[-101.45097381999994,17.57466442945627],[-101.46899901999996,17.5931065494558],[-101.48939703199996,17.609848421455304],[-101.504368125,17.61970081845508],[-101.51630588099994,17.62401716045494],[-101.520177264,17.621837574454982],[-101.521742949,17.623438951454986],[-101.52245440799999,17.621059490455018],[-101.52505707999995,17.62070018445502],[-101.524881458,17.618872765455066],[-101.527068183,17.617668758455096],[-101.52896699299998,17.620804887455055],[-101.53239341599999,17.618494431455076],[-101.53778389199994,17.61796033845509],[-101.54033129799996,17.615327368455187],[-101.54307719599996,17.6180114004551],[-101.54494951499998,17.61517577045519],[-101.55244751399994,17.611317382455265],[-101.554508888,17.615905538455152],[-101.55719339999996,17.61351390945523],[-101.55773459999995,17.619956799455075],[-101.55446220199998,17.621958431455],[-101.55226930899994,17.620411200455017],[-101.54572886999995,17.62529002545494],[-101.54657704399995,17.630293068454783],[-101.55052068099997,17.63392269145469],[-101.55182047999995,17.638571970454535],[-101.55786957299995,17.637602584454562],[-101.55822836899995,17.63604736245462],[-101.56029611999998,17.63694917745461],[-101.55902636999997,17.63304033945469],[-101.55712925099999,17.632208354454722],[-101.56201943499998,17.630758623454774],[-101.56143170799999,17.62732744045484],[-101.56398248999994,17.6290977594548],[-101.56805136899999,17.62790802945487],[-101.57081868199998,17.628797947454817],[-101.57015679999995,17.624605976454923],[-101.572124009,17.622337677455008],[-101.57416463,17.627459319454868],[-101.57178711699999,17.63281865645468],[-101.57616533099997,17.633014352454676],[-101.57729548599997,17.636497341454604],[-101.58239854699997,17.636871617454588],[-101.58531100699997,17.639346256454544],[-101.59593790199996,17.634745299454682],[-101.59875790299998,17.638136608454584],[-101.59787833299998,17.639977095454515],[-101.59934214899995,17.643039629454417],[-101.597339477,17.645961026454362],[-101.59829751999996,17.64855154045431],[-101.60014024899999,17.648272120454294],[-101.60116652999996,17.65024296645424],[-101.60045651999997,17.654481920454153],[-101.60678800599999,17.66079647145398],[-101.61614337899994,17.663099219453894],[-101.62038533899995,17.66216315645394],[-101.61997505899996,17.665016019453848],[-101.62118435199994,17.662392528453918],[-101.62456714999996,17.664702229453848],[-101.62755036199998,17.663404481453867],[-101.63107672299998,17.66519859445384],[-101.63119569599996,17.667006985453792],[-101.63746795599997,17.664117129453835],[-101.64259093499999,17.66674405445379],[-101.64551529299996,17.666008801453792],[-101.64666576199996,17.663075401453906],[-101.64928554899996,17.664174712453836],[-101.64915943699998,17.661509716453942],[-101.653168829,17.66247339845394],[-101.65321165899996,17.66408905245388],[-101.64941731299997,17.664398560453858],[-101.64685354899996,17.667979519453787],[-101.643595824,17.66872725345373],[-101.64283855999997,17.67161413445364],[-101.64328589899998,17.67762465345351],[-101.64711921099996,17.68102014445341],[-101.64545987899999,17.688331980453206],[-101.64799825999997,17.696125549452994],[-101.64748927999995,17.701155969452888],[-101.65952492699996,17.72080631845237],[-101.66244690499997,17.722940694452273],[-101.66146816999998,17.724280349452272],[-101.66706921499998,17.73375014445199],[-101.68061479999996,17.748172649451643],[-101.69536654899997,17.760071024451307],[-101.70869649599996,17.76782552645111],[-101.71163333899995,17.768057060451063],[-101.71405562999996,17.773503646450916],[-101.74742816499997,17.79281493545044],[-101.74753927999996,17.794337199450357],[-101.74514513999998,17.795802019450345],[-101.75017654999999,17.803031279450117],[-101.74747356999995,17.804795259450085],[-101.74807177999999,17.808121599450004],[-101.75516219999997,17.816972739449753],[-101.77161933599996,17.83065145844937],[-101.76965416999998,17.83294062944935],[-101.77084894899997,17.835752409449277],[-101.76960793999996,17.836562369449226],[-101.76953534999996,17.844026519449052],[-101.77983795499995,17.856307005448727],[-101.78520484999997,17.865963149448437],[-101.80315491199998,17.882217967448053],[-101.82482942199995,17.896418590447635],[-101.85625665599997,17.910009820447303],[-101.86527312099997,17.910678700447267],[-101.87119268,17.919873259446998],[-101.91393761299999,17.94118445544642],[-101.91531410999994,17.943172779446396],[-101.91750680399997,17.942972025446416],[-101.92861932399995,17.948523545446253],[-101.93667043399995,17.95536576544607],[-101.95957510999995,17.9651757994458],[-101.98931023299998,17.973904661445584],[-101.99158737799996,17.972729207445582],[-101.99672225399996,17.974002219445566],[-102.00546824099996,17.9791976634454],[-102.01405571599997,17.981234482445366],[-102.01565674999996,17.98337136944531],[-102.02109360599997,17.98339368444534],[-102.0224338,17.98563961944524],[-102.03216761799996,17.987560120445224],[-102.065690852,17.987964926445215],[-102.097429993,17.98339379944531],[-102.10143693999999,17.98161548144537],[-102.11508876999996,17.96218877944591],[-102.13293601999999,17.948516219446248],[-102.13782666499999,17.93803800344656],[-102.13761486099997,17.93542267644663],[-102.14540021799996,17.93449670044663],[-102.16268462299998,17.928241097446804],[-102.16402331899997,17.926840679446833],[-102.16159331199998,17.925249574446884],[-102.16292279999999,17.925755519446856],[-102.16355029499994,17.921922048446955],[-102.16805663899999,17.921867811446987],[-102.18141563899998,17.915085384447146],[-102.19135226799995,17.915309054447114],[-102.19194642799994,17.913373135447213],[-102.19162828599997,17.915521836447105],[-102.21821822,17.92748373944683],[-102.25714345399996,17.949008785446225],[-102.30918270099995,17.96948637344569],[-102.38129492399997,17.98783042544522],[-102.48042075399998,18.017365886444406],[-102.49692337199997,18.021274186444337],[-102.50002559599996,18.021219458444328],[-102.50213111699999,18.019356067444356],[-102.50301782299994,18.020727158444327],[-102.51435916699995,18.021333498444285],[-102.51605860599994,18.02278636644425],[-102.51871001199999,18.0214584194443],[-102.52074653599999,18.02394632044423],[-102.52627164399998,18.02624963944419],[-102.53357183099997,18.026780258444195],[-102.53430946399999,18.028117515444144],[-102.54911446999995,18.031955586444003],[-102.56215391599996,18.033573620444017],[-102.61104938099999,18.04852619244357],[-102.61273784699995,18.04658074544366],[-102.61767171599998,18.047850814443613],[-102.61808189299997,18.046730479443653],[-102.61981721899997,18.049003988443555],[-102.62738422199999,18.051143599443513],[-102.62807141099995,18.049683562443537],[-102.631193264,18.05135489544353],[-102.63345182299997,18.048831879443544],[-102.63501134699999,18.050533506443553],[-102.63594409499996,18.049267632443573],[-102.63815461499996,18.05023892844354],[-102.63939384599996,18.052157741443516],[-102.64211665499995,18.05245777644346],[-102.64415752699995,18.050691993443504],[-102.64537847499997,18.052699296443482],[-102.64964218399997,18.049328562443595],[-102.65022180799997,18.051255037443486],[-102.65310950499999,18.05007705844353],[-102.65908797799995,18.0544567774434],[-102.67350350699996,18.059203310443287],[-102.67957761599997,18.056761983443362],[-102.67997736599996,18.058391438443323],[-102.68313859899996,18.059558920443312],[-102.68498125299999,18.058445332443334],[-102.68758533499994,18.05953607744331],[-102.69141341199997,18.055247337443436],[-102.69434191199998,18.054975351443414],[-102.69601338599995,18.05651606544335],[-102.69597531499994,18.055278746443403],[-102.69923993499998,18.055135978443417],[-102.69922280299994,18.056717844443355],[-102.70147472499997,18.056609340443394],[-102.70260925199995,18.058592859443305],[-102.70465792099999,18.05677237644339],[-102.70677997099995,18.059167737443293],[-102.70822097299998,18.057382075443368],[-102.710017942,18.059323829443283],[-102.71555923099999,18.059599847443312],[-102.71603131599994,18.062028801443223],[-102.71894758299999,18.061018006443227],[-102.71892426499994,18.066373696443137],[-102.725165829,18.070322697443],[-102.73845844999995,18.072454695442914],[-102.74166786699999,18.067484476443084],[-102.74426433399998,18.067042848443112],[-102.74484123499998,18.068431027443083],[-102.74303722999998,18.070342079443005],[-102.74573967199996,18.070134902443012],[-102.74396690199997,18.072576999442923],[-102.74811245999996,18.074939179442893],[-102.75205974199997,18.073764334442945],[-102.75123257999996,18.071877999442943],[-102.75287274,18.07091156944301],[-102.75573393999997,18.072906799442944],[-102.75913399999996,18.069875909443027],[-102.75956499999995,18.073563369442915],[-102.76204737999997,18.07381533944293],[-102.761401188,18.075942918442863],[-102.76338597699998,18.077773250442817],[-102.77263264899995,18.080604333442725],[-102.789674522,18.08286482044267],[-102.79326823899999,18.08761628244254],[-102.80556714999994,18.091109843442474],[-102.95485990699996,18.157250781440705],[-102.96812778199997,18.162444668440532],[-102.97236512599994,18.162170555440554],[-102.972728707,18.163906609440488],[-102.98558842499995,18.17101013344031],[-103.00595108899995,18.177123096440173],[-103.01332545299994,18.176758150440193],[-103.01807060699997,18.18186949944005],[-103.02836174299995,18.186746175439907],[-103.03446839199997,18.188495555439896],[-103.04445076899998,18.18675515543992],[-103.05416848699997,18.189953150439838],[-103.05680864199996,18.188351150439882],[-103.05745915199998,18.192452208439775],[-103.06293051899996,18.19413038543971],[-103.06518434499998,18.191670974439752],[-103.06678206399995,18.193098926439745],[-103.06688613499995,18.19010814443984],[-103.07008250299998,18.18895354843987],[-103.07120180099997,18.191795577439766],[-103.07215168199997,18.189419923439836],[-103.07505462399996,18.192067787439754],[-103.09671342999997,18.193110943439756],[-103.10038779399997,18.19169849543981],[-103.10198917099997,18.18913105643986],[-103.10818623999997,18.19212251543976],[-103.10952064099996,18.19020942843981],[-103.11000414799997,18.19215677943978],[-103.11271292599997,18.191090780439822],[-103.11579242499994,18.193222301439725],[-103.11470167999994,18.195116352439715],[-103.11623785999997,18.19624897643965],[-103.11419723399996,18.199165243439566],[-103.11758280799995,18.20270334243949],[-103.12922019899997,18.205092956439408],[-103.137537416,18.20108738843955],[-103.14491702699998,18.20166843643949],[-103.14660358899994,18.20034735943953],[-103.14814214899998,18.20182053143952],[-103.14705140399997,18.20398869643946],[-103.15032363899996,18.206286304439402],[-103.15895251599996,18.21041704843929],[-103.16721210099996,18.212286353439257],[-103.16938216899997,18.21124890843927],[-103.16969245099995,18.214047154439204],[-103.17178637699999,18.213561744439204],[-103.17304463599999,18.21613394143914],[-103.17975314499995,18.217365931439115],[-103.18195938199995,18.220101359439035],[-103.18492656999996,18.219132443439033],[-103.18628175199996,18.221822344439012],[-103.19074181399998,18.223004460438965],[-103.19218890299999,18.221833090438995],[-103.19696838699997,18.22446069043891],[-103.20318758399998,18.223862256438945],[-103.20403738099998,18.221780459438985],[-103.20632513599999,18.222299848438944],[-103.20617154699994,18.228511128438786],[-103.21232584099995,18.232035003438735],[-103.221006059,18.23392864543865],[-103.22331128099995,18.23206124443873],[-103.22646692199999,18.234395019438626],[-103.22805735399999,18.234042859438652],[-103.22805164299996,18.23174144443874],[-103.22939196299996,18.2333532254387],[-103.23178374799994,18.23103022443873],[-103.23469240199995,18.23180878343873],[-103.23511499399997,18.230569560438738],[-103.23719523799997,18.233458226438653],[-103.24855525999999,18.23443237743866],[-103.28835444199996,18.247347258438293],[-103.29183987699999,18.24712454143831],[-103.29305244999996,18.249207045438247],[-103.29587472899999,18.249488757438247],[-103.29716605699998,18.25482452243809],[-103.308126842,18.26068924143798],[-103.31181648299997,18.262125599437915],[-103.31311281399998,18.26104437243795],[-103.31987295999994,18.261919385437917],[-103.33960524499997,18.270764434437687],[-103.34549488599998,18.270585499437686],[-103.34955420699998,18.266048303437795],[-103.35359142299995,18.268055680437786],[-103.356138398,18.267446538437774],[-103.35771588499995,18.26439725143785],[-103.35907122599997,18.2658610954378],[-103.35954140799998,18.26418785843787],[-103.36139167699997,18.264551440437828],[-103.36449861899996,18.26948674343774],[-103.36791167999998,18.269005029437757],[-103.36807941999996,18.272337799437647],[-103.37107079999998,18.273366519437594],[-103.37217342999998,18.27046896943767],[-103.37352835599997,18.273840855437605],[-103.37156241599996,18.277246216437486],[-103.37413940099998,18.277863096437468],[-103.37655502999996,18.28106299543742],[-103.38916997999998,18.279689095437426],[-103.38830626,18.282170149437405],[-103.39001516499998,18.285142819437294],[-103.39300376799997,18.283840778437355],[-103.39468301299998,18.285130730437295],[-103.39576584599996,18.283475293437327],[-103.39688248999994,18.283248739437337],[-103.39630836299996,18.288080026437214],[-103.39743146899997,18.289300214437176],[-103.40378241999997,18.286382709437277],[-103.40410136999998,18.290576489437143],[-103.40753837999995,18.29202982943713],[-103.4089542,18.29071245943717],[-103.40990813999997,18.293667369437063],[-103.41473233999994,18.296902819437012],[-103.47846113399999,18.323495884436298],[-103.48471534199996,18.32782818443617],[-103.49332486599998,18.32861307343614],[-103.49189084999996,18.332281029436054],[-103.49454296999996,18.33633053943596],[-103.50038857999999,18.33946794943585],[-103.50187034999999,18.33852173943588],[-103.50230741999998,18.34040177943584],[-103.50540924999997,18.339932489435835],[-103.50825231999995,18.34231310943582],[-103.50769687999997,18.343941049435774],[-103.51080679999995,18.344286860435755],[-103.50991044899996,18.346384570435685],[-103.51227248999999,18.34637315043566],[-103.50960128999998,18.348433660435646],[-103.51172894999996,18.35144041143555],[-103.51475467299997,18.352342608435546],[-103.512687397,18.356947341435433],[-103.51362014599995,18.362559061435277],[-103.51612248999999,18.36668039443516],[-103.51802738399999,18.36680164043515],[-103.51758385199999,18.368895566435082],[-103.52202077999999,18.37075213943502],[-103.52097318399996,18.373576183434977],[-103.52524450999995,18.376457219434922],[-103.52697249099998,18.381267002434786],[-103.53006354199995,18.383293956434706],[-103.52767038699996,18.39255540343448],[-103.53029921599996,18.4017496414342],[-103.52941659399995,18.404954299434127],[-103.53406974999996,18.414493379433914],[-103.53840313799999,18.419336408433754],[-103.54130036999999,18.43131889743342],[-103.55256045999994,18.44730287943302],[-103.56114390999994,18.455395199432818],[-103.55992962999996,18.460863049432678],[-103.56117165999996,18.46663982943255],[-103.57368578599994,18.484590270432047],[-103.574010194,18.48811662943193],[-103.57615471499997,18.489189293431902],[-103.57614767999996,18.495649569431773],[-103.58182353999996,18.504309999431506],[-103.62327565699997,18.544735192430476],[-103.64567304699995,18.560142678430026],[-103.65338647999994,18.564191519429965],[-103.65713443499999,18.563601463429954],[-103.65779277999997,18.568446119429822],[-103.66989634999999,18.579254919429545],[-103.68490722999996,18.588130489429286],[-103.69485876999994,18.592016319429202],[-103.70091531999998,18.593252709429194],[-103.70329760499999,18.590351181429277],[-103.70647787999998,18.590540279429238],[-103.71003365999997,18.596604029429084],[-103.71142994999998,18.596747949429115],[-103.71189374999996,18.597150489429087],[-103.70645605999995,18.598452749429036],[-103.70578249,18.60229027942893],[-103.69890470999997,18.602245019428956],[-103.69665719299996,18.609956749428743],[-103.69028051999999,18.61243874942866],[-103.68877008,18.616288049428576],[-103.69002586299996,18.620992412428485],[-103.68686950799999,18.621950146428446],[-103.68561967999995,18.624461749428345],[-103.68748684999998,18.632276649428164],[-103.69590833999997,18.646003249427793],[-103.72271873999995,18.675746229427055],[-103.739728045,18.68476077842678],[-103.74312357999997,18.692990479426577],[-103.77530424999999,18.724405259425723],[-103.80341893999997,18.748910229425093],[-103.83374413999996,18.77064717942452],[-103.87659559999999,18.799230909423812],[-103.94750413999999,18.842092249422688],[-103.97023321399998,18.863157131422103],[-103.98320841499998,18.87225143142188],[-103.99057879499998,18.87417522542183],[-103.99934144999999,18.880551829421687],[-104.04876315999996,18.903665075421074],[-104.12133436999996,18.944915799419995],[-104.16081368999994,18.96268390941956],[-104.22279043599997,18.986528497418913],[-104.25017874899999,18.996027618418697],[-104.25646035999995,18.997081923418634],[-104.25767832999999,18.994894898418686],[-104.25652970699998,18.998393335418616],[-104.26120897199996,18.998997811418583],[-104.26264426599994,18.996699600418655],[-104.26201079699996,18.99904213841859],[-104.26509302999996,19.001310739418553],[-104.28357271,19.008702119418356],[-104.316493456,19.018376329418075],[-104.32876927999996,19.020005229418036],[-104.32981999999998,19.017937379418086],[-104.33206411999998,19.01762187941811],[-104.33646497999996,19.02241988941798],[-104.33446759999998,19.026693349417908],[-104.336290573,19.029441299417787],[-104.33284514999998,19.03094902941776],[-104.33399522999997,19.033612749417678],[-104.33100237999997,19.03629065941766],[-104.33206577999995,19.0443105394174],[-104.32984342199997,19.047213493417356],[-104.33007424999994,19.051159859417233],[-104.31466433899999,19.061171080416987],[-104.318184063,19.058015056417055],[-104.31787527999995,19.056130649417124],[-104.31662987899995,19.057341460417103],[-104.31589879999997,19.05756410941707],[-104.31768658199996,19.05467619641715],[-104.31486916999997,19.05425785941718],[-104.31452625999998,19.056158399417136],[-104.31169289399998,19.058515934417066],[-104.31420560599997,19.0563173114171],[-104.31427222899998,19.05409965441719],[-104.31109818,19.053690371417197],[-104.30535163099997,19.057295568417118],[-104.30406910199997,19.05901948641705],[-104.30543650999999,19.061638029416965],[-104.30324937699999,19.062549417416967],[-104.303953698,19.07185548841668],[-104.30817010299995,19.081744528416454],[-104.31446139899998,19.089825179416238],[-104.32457886599997,19.097639329416037],[-104.33397297699997,19.10216030441592],[-104.34023452899999,19.10405554441588],[-104.34538963199998,19.103172764415913],[-104.34695531599999,19.10089919041596],[-104.34667215999997,19.10020795741598],[-104.34547311999995,19.100124509415984],[-104.34498650999997,19.09954833941601],[-104.34687077999996,19.09969771941599],[-104.34401676999994,19.09843279941603],[-104.34876898399995,19.096761326416036],[-104.35026719999996,19.0908217494162],[-104.35415533999998,19.091037799416206],[-104.35507071999996,19.09258327941616],[-104.35387681999998,19.094486149416092],[-104.35617267799995,19.096944544416058],[-104.35075107499995,19.100725507415948],[-104.34982665399998,19.10350709741586],[-104.35081769999994,19.105139408415855],[-104.35369027999997,19.1039764594159],[-104.35459917999998,19.10532328941585],[-104.35252983699996,19.106051991415836],[-104.35080937099997,19.110011354415715],[-104.35540855,19.115383849415586],[-104.36524415399998,19.118722730415495],[-104.37538377999999,19.11966413941548],[-104.38563065999996,19.118335449415525],[-104.39394294,19.114612949415587],[-104.39812287999997,19.10978291941572],[-104.39879501999997,19.10648441941584],[-104.39685677699998,19.103128923415884],[-104.39204169,19.10099684941596],[-104.38980028999998,19.09601601941607],[-104.39225567999996,19.094310649416144],[-104.39181700099999,19.091339723416173],[-104.39533979399994,19.09013214741624],[-104.39431187999998,19.08825927941628],[-104.39585214999994,19.087769182416288],[-104.39458193499998,19.08683421441633],[-104.39543140499995,19.085027014416365],[-104.39672407999996,19.08779557941628],[-104.39837955699994,19.087533776416286],[-104.39767999499998,19.089315993416275],[-104.39917905499999,19.089515867416235],[-104.39869602399995,19.09314692441615],[-104.40204392599999,19.097086123416048],[-104.40422476999998,19.096979139416035],[-104.40460898399999,19.10086708541596],[-104.407414369,19.10080331641596],[-104.40631505799998,19.102752095415926],[-104.40897172699995,19.104234499415902],[-104.41013890999994,19.103420779415863],[-104.41132025499996,19.10644977741583],[-104.41737955199994,19.10544921341582],[-104.41996959599999,19.10086875141596],[-104.42318424799998,19.100543955415937],[-104.42358399599999,19.097512521416036],[-104.425815931,19.097495865416022],[-104.42798123999997,19.09443112041615],[-104.42725669399995,19.09264057541618],[-104.42782300599998,19.09179943541618],[-104.42775837,19.093285079416145],[-104.42978011299999,19.091916030416176],[-104.43253671999997,19.094672636416092],[-104.43366934199999,19.09362329241616],[-104.43486026199999,19.097087788416054],[-104.43847466499994,19.098395302416048],[-104.43959895899998,19.09480588541614],[-104.43652588599997,19.090608515416207],[-104.43848163899997,19.089327308416255],[-104.43705888399995,19.088035128416283],[-104.43815819499999,19.085561678416326],[-104.43641574999998,19.086046719416366],[-104.43835094999999,19.084987939416393],[-104.43752796999996,19.08351971941638],[-104.43946570899999,19.08469555541637],[-104.44171797999996,19.083256749416396],[-104.44482727999998,19.091113979416203],[-104.44825134999996,19.09104825941619],[-104.44565349799997,19.091816092416167],[-104.446086559,19.09336512241617],[-104.449526071,19.094206260416144],[-104.44797292,19.099049429415988],[-104.45244923899998,19.10086875241595],[-104.44976864999997,19.10342144941588],[-104.45004897999996,19.103923709415895],[-104.45097219999997,19.10350544941589],[-104.45152237999997,19.103940109415884],[-104.45040061999998,19.103773089415895],[-104.45147239999996,19.108483719415748],[-104.46334122099996,19.111930866415687],[-104.46719356899996,19.109892858415737],[-104.47323674999996,19.116466319415537],[-104.48938204999996,19.124553149415355],[-104.56294956999996,19.14399727941486],[-104.60400928999996,19.150866119414662],[-104.68025559899996,19.175924566414007],[-104.68995588999998,19.17700853941397],[-104.69056610999998,19.17408664941407],[-104.69334662999995,19.173262909414095],[-104.69534430999994,19.17716470941399],[-104.69559262999998,19.175664649414017],[-104.69800828999998,19.175511399414038],[-104.69838314799995,19.179100770413918],[-104.70075733999994,19.179923139413887],[-104.70281274999996,19.17813197941396],[-104.70346087999997,19.18037607941388],[-104.69733025000001,19.187815079413728],[-104.69506705999999,19.186975229413704],[-104.69138597999995,19.1886912894137],[-104.68997736999995,19.19516905941353],[-104.69117702999995,19.196936919413467],[-104.68880442999996,19.19858768941345],[-104.68541054999997,19.197723579413456],[-104.686394943,19.19887281841341],[-104.68440711999996,19.202055979413352],[-104.68576200599995,19.20699272941319],[-104.69395805999996,19.21637732341298],[-104.70252411899999,19.221945262412845],[-104.708872521,19.222897046412807],[-104.712889051,19.221764423412854],[-104.714288174,19.21802746441291],[-104.71244171299998,19.214997236412987],[-104.71604897599998,19.216748519412977],[-104.71704715999999,19.21905183741289],[-104.72194884899994,19.21876630241291],[-104.72347170399998,19.221526477412834],[-104.72668873599999,19.218775820412933],[-104.73080996199997,19.222525850412815],[-104.73401127999995,19.221697569412846],[-104.73588405,19.228660449412658],[-104.73156299899996,19.228358709412674],[-104.72955241699998,19.231342943412592],[-104.73185930399997,19.234607563412496],[-104.73045185299999,19.23673956141242],[-104.73252555299996,19.23904644841239],[-104.73655635999995,19.238205308412372],[-104.73924634099996,19.24000418141238],[-104.746017097,19.23502396941248],[-104.75187651999994,19.237323718412455],[-104.75821421399998,19.228495918412673],[-104.76112905399998,19.231626099412555],[-104.76748340499995,19.22978558641261],[-104.77194727399997,19.232267364412554],[-104.77124224999994,19.237732579412423],[-104.77633635999996,19.24025950241236],[-104.77848484299996,19.237647325412432],[-104.78098150999995,19.239307119412363],[-104.78452272499999,19.236831170412458],[-104.79008902,19.237921089412406],[-104.79280919799999,19.232908628412563],[-104.79569905299996,19.232633801412565],[-104.79553249099996,19.230685022412587],[-104.79775494999997,19.230133179412615],[-104.79893470999998,19.23438656941248],[-104.806983647,19.23559028141246],[-104.80848727599994,19.232568984412552],[-104.81057763299998,19.2344511384125],[-104.80799367999998,19.24343953941228],[-104.80917851,19.24742633941218],[-104.81052766399995,19.247567916412148],[-104.80837319999995,19.247828779412185],[-104.80949497799998,19.24984982041211],[-104.80773957999999,19.25005036941211],[-104.80651944999994,19.253283999412027],[-104.80944613999998,19.25860484941187],[-104.80578304999995,19.26174822941176],[-104.8010526,19.260289249411816],[-104.79948891,19.26312513941177],[-104.79957368,19.26839527941163],[-104.79526970999996,19.271825719411527],[-104.79265099999998,19.278919279411326],[-104.78935028999996,19.279772250411337],[-104.78866145899997,19.28177822941128],[-104.79183237999997,19.292265219411007],[-104.79798867399997,19.298683553410836],[-104.81273776299997,19.30509620141071],[-104.82707877399997,19.30772788541064],[-104.83275022,19.30687008941066],[-104.83773657999996,19.30424727941068],[-104.84094069999999,19.300008819410834],[-104.83997893999998,19.296229079410907],[-104.83644790199999,19.294402903410948],[-104.83709056199997,19.289609789411088],[-104.83915884999999,19.29021530941108],[-104.83970210999996,19.29224368941104],[-104.84279545999999,19.291410289411036],[-104.844385989,19.289118431411104],[-104.84540619999996,19.289949319411075],[-104.84489400399997,19.288843603411134],[-104.84625581999995,19.289647369411103],[-104.84656795499995,19.2879858074111],[-104.84742750999999,19.29055741941103],[-104.85046071,19.289953679411077],[-104.850482168,19.288343916411133],[-104.85526465999999,19.29106859941107],[-104.86680176999995,19.289514219411085],[-104.87288690999999,19.285406879411177],[-104.87370017999996,19.28248301941124],[-104.87159042599995,19.278864738411336],[-104.87354753299998,19.27625803941145],[-104.87597101399996,19.27762384941139],[-104.87400557899997,19.27978083141131],[-104.87733682399994,19.28097175141128],[-104.87771158999999,19.284136434411224],[-104.88647964999996,19.289391319411095],[-104.90546919199996,19.29673687041091],[-104.90991402499999,19.296131297410902],[-104.91381158199994,19.300078823410786],[-104.93226668199998,19.308981576410595],[-104.93740326899997,19.308638240410573],[-104.93872213999998,19.31389136941043],[-104.95231892,19.322188080410225],[-104.953568137,19.321630097410285],[-104.96132993899995,19.331423958410014],[-104.96524415199997,19.331357333410033],[-104.96426976299996,19.33204856741],[-104.96674797199995,19.334058022409955],[-104.96848411999997,19.339640539409803],[-104.976416912,19.345559146409663],[-104.97927345399995,19.34505946040967],[-104.97903908999996,19.347159089409594],[-104.98230726699995,19.347980050409568],[-104.98335499999997,19.350704489409512],[-104.98550961999997,19.35057241940951],[-104.98473456999994,19.35191214940946],[-104.98789337999995,19.352619662409452],[-104.98763309799995,19.35543496840938],[-104.99331377999995,19.35835697940932],[-104.99539700999999,19.362896555409215],[-105.01786626099994,19.379652719408732],[-105.02428723599998,19.382909011408653],[-105.02630864999999,19.3822681994087],[-105.03051666499994,19.387447833408572],[-105.03208829899995,19.387248553408575],[-105.03245473599998,19.389630394408503],[-105.02996601999996,19.394343179408423],[-105.03105433999998,19.396628029408323],[-105.02619971999998,19.393601289408398],[-105.02357172599994,19.393915770408366],[-105.01986571499998,19.398762732408297],[-105.01750885899997,19.407648829408032],[-105.02064855799995,19.42153179440772],[-105.02538725399995,19.424230103407627],[-105.02467994999995,19.42584553940759],[-105.02654516999996,19.426252089407576],[-105.02704602999995,19.428726399407534],[-105.02986186,19.42910776940748],[-105.02962827999995,19.43060514940748],[-105.02736315,19.430777139407443],[-105.02522628199996,19.436412659407292],[-105.03062289999997,19.437936704407246],[-105.02985336999996,19.439064319407244],[-105.03206701999996,19.440877689407177],[-105.033173682,19.444858556407084],[-105.036529912,19.44564972640707],[-105.03769584699997,19.444367197407125],[-105.03669647399994,19.443459433407114],[-105.03807061299995,19.443301198407156],[-105.04264334199996,19.446327873407085],[-105.04175172,19.44868976940699],[-105.04614947799998,19.450275399406973],[-105.04465469699996,19.451176628406913],[-105.04447552699997,19.454364502406822],[-105.05257045299999,19.454372831406847],[-105.05423607599994,19.45756249840678],[-105.05530207399994,19.45640489040678],[-105.05590169799996,19.459627870406727],[-105.06294966199994,19.461817807406643],[-105.06122419399998,19.46274672940663],[-105.06997026199997,19.46807222040651],[-105.06807812199997,19.469077008406465],[-105.07312477999994,19.47110397940644],[-105.07232061999999,19.47249979940637],[-105.06551342999995,19.472238199406398],[-105.06541548999996,19.47356881940634],[-105.061645786,19.471239122406402],[-105.05910421999994,19.471574649406396],[-105.06061570099996,19.47425935740633],[-105.05778414199995,19.47434263840633],[-105.06125696599997,19.47744902440626],[-105.05981620199998,19.479472756406206],[-105.06233962,19.479655974406228],[-105.05888329,19.4808703994062],[-105.06099881999995,19.482436199406123],[-105.05997341999995,19.48358017940609],[-105.06309611999995,19.483608851406082],[-105.06390914999997,19.48489722940608],[-105.06245531999998,19.485882259406033],[-105.06660997999995,19.48944591940593],[-105.06070380499996,19.4955126414058],[-105.06584230999995,19.496598779405776],[-105.06715943799998,19.501131995405633],[-105.07039284999996,19.501934079405643],[-105.07186205,19.49978742940566],[-105.07667847199997,19.502381212405613],[-105.07615661499995,19.504059432405597],[-105.07847734399996,19.502873760405606],[-105.081711032,19.50582548240551],[-105.08201798199998,19.50714965240551],[-105.07956694999996,19.508100629405487],[-105.08265686799997,19.509805130405443],[-105.08294597199995,19.512403502405345],[-105.07909162999995,19.51361607940536],[-105.08064773999996,19.51543259940529],[-105.08437248699994,19.51431957740529],[-105.08248313999997,19.515948679405287],[-105.08293013999997,19.519222659405166],[-105.08007008,19.520101139405188],[-105.08493341099995,19.529024036404948],[-105.081453792,19.53196534840489],[-105.08535342999996,19.54867572440445],[-105.08956418499999,19.55426565740431],[-105.08895383,19.56045321940415],[-105.09715347599996,19.565681121404005],[-105.10570602999996,19.579607089403613],[-105.11103208999998,19.583845089403553],[-105.11871070699999,19.587025673403478],[-105.127800488,19.587818436403452],[-105.13226911599997,19.586609670403497],[-105.13448675799998,19.58474909340354],[-105.13316619999995,19.580260509403654],[-105.13433885999997,19.580520649403603],[-105.13423542999999,19.576035709403737],[-105.13866735,19.575607829403722],[-105.14160810999999,19.57706841940371],[-105.14090988,19.574992539403755],[-105.14231473999996,19.575081199403773],[-105.14422942999994,19.581789999403604],[-105.14600982999997,19.58277147940359],[-105.14439641999996,19.583303539403524],[-105.15228876999998,19.58713588940347],[-105.15239282,19.59038493940335],[-105.15056114999999,19.592281079403353],[-105.15312134799997,19.595087962403237],[-105.15060785999998,19.600350889403146],[-105.15270399999999,19.603510799403022],[-105.15953082999994,19.604731979403006],[-105.16007665999996,19.603032429403036],[-105.16187017999995,19.603738749403032],[-105.15959901999999,19.606736579402973],[-105.16216142999998,19.611522969402845],[-105.16934816999999,19.615691739402724],[-105.17707545999998,19.617058349402672],[-105.18071750999998,19.620711029402596],[-105.18943861999998,19.622142169402586],[-105.19951937999997,19.62126033940258],[-105.20170185999997,19.622896459402543],[-105.19867952,19.62589342940249],[-105.20223537999999,19.631378629402302],[-105.20868036999998,19.635389599402227],[-105.24593373699999,19.667788724401383],[-105.26134544499996,19.678938537401123],[-105.26468246899998,19.679170168401086],[-105.26370428999996,19.681348489401067],[-105.26058744999995,19.681242569401057],[-105.25950580399996,19.68510815440094],[-105.26354791999995,19.69559993940066],[-105.27614867399996,19.709444432400325],[-105.29123854999995,19.720077059400072],[-105.29202615699997,19.725624696399933],[-105.30353525999999,19.742190079399506],[-105.31901229099998,19.758229930399114],[-105.33033831999997,19.766357999398856],[-105.32789019999996,19.77110562939875],[-105.33113950999996,19.78105624939852],[-105.34463568999998,19.8049105393979],[-105.35828139999995,19.822720779397457],[-105.38912437999994,19.85605330939662],[-105.41705668299996,19.88999553839574],[-105.49235449299995,19.991121305393175],[-105.51039438499998,20.020618612392468],[-105.54626025599998,20.09168420939066],[-105.54998592499999,20.094524322390573],[-105.54926571599998,20.09897314339049],[-105.54707128999996,20.099330379390437],[-105.54599657999995,20.102110449390402],[-105.54533095,20.11129976939019],[-105.54822943199999,20.13669026338952],[-105.54845138099996,20.169627765388736],[-105.54286919999998,20.18436861438833],[-105.546824255,20.20345547538784],[-105.55333835799996,20.221561188387415],[-105.55901652599994,20.231173478387174],[-105.56307609599997,20.23494686438706],[-105.57229659999996,20.239041862386987],[-105.57451177499996,20.238285874386964],[-105.57516048699995,20.23482184838709],[-105.58092659699999,20.236692897387034],[-105.58201992399995,20.23866093238698],[-105.57913425599997,20.239951318386936],[-105.58300134299999,20.24408507038682],[-105.58254499799996,20.247153486386768],[-105.58571445699994,20.248879444386723],[-105.58401473999999,20.25076850938668],[-105.58477648999998,20.255614429386533],[-105.59021241999996,20.263054509386382],[-105.61218051999998,20.282593089385852],[-105.65616178,20.317713059385017],[-105.65944950999994,20.325354079384823],[-105.67345802999995,20.342583029384397],[-105.67654697999997,20.347845539384224],[-105.67631025999998,20.352348739384105],[-105.68655205,20.36720810938374],[-105.68536707999999,20.369261459383743],[-105.68633617999997,20.373249819383627],[-105.69276539999998,20.388234459383213],[-105.69496010999997,20.409227779382697],[-105.68887114299999,20.4103536903827],[-105.68760807999996,20.412029089382624],[-105.68155068,20.410898479382684],[-105.68012014999994,20.411969949382666],[-105.67830870699999,20.408544006382723],[-105.67317914599994,20.406907256382766],[-105.67170254399997,20.408909131382742],[-105.67403665999996,20.413862279382595],[-105.67058652999998,20.414194110382557],[-105.67260909,20.417860289382528],[-105.67083199999996,20.422113549382406],[-105.67127484999999,20.425883449382308],[-105.66775930999995,20.428016169382218],[-105.65951577,20.427414489382254],[-105.65755797999998,20.425908739382308],[-105.65659894999999,20.42793504938222],[-105.65441842999998,20.42809025938222],[-105.64973391999996,20.438404549381964],[-105.65130411999998,20.441260019381932],[-105.64815308999994,20.44317824938189],[-105.64820545999999,20.445096824381825],[-105.64295890999995,20.442348569381867],[-105.63560137999997,20.44584188938181],[-105.62428261999999,20.45688588938151],[-105.61549869899996,20.470781932381186],[-105.60901205999994,20.471263219381132],[-105.60830402099998,20.473702822381107],[-105.60600371299996,20.473361827381133],[-105.60414927999994,20.475768519381045],[-105.59501216999996,20.473736109381115],[-105.59409381899997,20.474990222381102],[-105.592565117,20.473652559381108],[-105.57387643699997,20.483771869380863],[-105.56628766599994,20.48259947338087],[-105.56076532799995,20.486470370380797],[-105.55443727799997,20.48822292138072],[-105.54479773999999,20.486251829380816],[-105.54034134999995,20.489453649380692],[-105.51787497,20.4935141793806],[-105.50760179999997,20.49160721938065],[-105.50261094999996,20.49253193938063],[-105.49487774,20.489400339380694],[-105.48943948599998,20.490100660380687],[-105.48422341999998,20.49401285938061],[-105.48121997,20.493405679380597],[-105.47511321999997,20.496016399380522],[-105.46578236999996,20.49650984938054],[-105.45630079999995,20.494901829380584],[-105.44841185999996,20.48885422038073],[-105.445503918,20.488381660380746],[-105.442564072,20.49177086638068],[-105.44556402199999,20.495551339380587],[-105.445824127,20.498459630380495],[-105.44277118199994,20.50099331138042],[-105.42510154999998,20.50012197938047],[-105.41691191999996,20.503986579380356],[-105.41183045999999,20.502779769380403],[-105.41116710999997,20.504352369380342],[-105.40203147699998,20.506760242380253],[-105.40088158999998,20.50892373438023],[-105.39112019999999,20.50595457938029],[-105.38619958,20.507401019380247],[-105.38272237999998,20.504931089380342],[-105.37939534299996,20.50599409238028],[-105.37577082999998,20.50436667938033],[-105.37232482999997,20.50645267938029],[-105.36973054899994,20.504163679380323],[-105.35292053999996,20.50853434938023],[-105.34756151,20.506797479380275],[-105.34405294,20.507347739380272],[-105.335325335,20.512072076380132],[-105.32552911899995,20.51210672738014],[-105.32498142499998,20.51431622838008],[-105.316458556,20.51175669938015],[-105.31581014899996,20.513244000380105],[-105.31957487999996,20.51597585938003],[-105.31975192799996,20.51891261837998],[-105.31590271899995,20.520650691379952],[-105.31500299199998,20.522631680379906],[-105.31344370599999,20.52216156437989],[-105.30254868699997,20.527756307379757],[-105.30038543999997,20.53020881937969],[-105.29628013899999,20.531014134379713],[-105.29675154999997,20.533765059379633],[-105.29204193199998,20.532323879379632],[-105.29231250999999,20.53553065937958],[-105.28804607099994,20.53939386137948],[-105.28735051999996,20.544871579379354],[-105.28039865299998,20.546217549379303],[-105.27640536999996,20.54872864937923],[-105.27417650999996,20.54823830937924],[-105.26396330999997,20.555654893379057],[-105.25830617299995,20.55733030237905],[-105.24475300699999,20.582168391378385],[-105.24555627999997,20.587712279378298],[-105.244264925,20.592165117378137],[-105.23969824299998,20.59753341837804],[-105.23860177799999,20.60542677337781],[-105.23270045899994,20.617220542377524],[-105.232301432,20.62529554337733],[-105.23436111299999,20.63660124537706],[-105.24131917199999,20.642662947376923],[-105.24507165999995,20.65331451937664],[-105.25005520799999,20.655558497376592],[-105.25251339999996,20.658532815376514],[-105.27802236999997,20.671803519376166],[-105.28392189,20.67197601937618],[-105.28615384699998,20.67471247637613],[-105.288276667,20.673365279376142],[-105.28897026199998,20.678782228376004],[-105.292803307,20.68597730537583],[-105.29408228699998,20.68782096737578],[-105.29574623399999,20.68734165937583],[-105.29408822499995,20.688023604375804],[-105.29507922899995,20.68908165437577],[-105.29649848299995,20.688104688375795],[-105.29555507199996,20.689429054375765],[-105.30104095399997,20.704031519375402],[-105.31151322999996,20.726329515374868],[-105.32747943399994,20.74483063837438],[-105.34362240199994,20.757563620374054],[-105.35314684499997,20.761330328373962],[-105.36357671499998,20.762219102373976],[-105.36625227399998,20.757624366374085],[-105.36983067199998,20.756215477374113],[-105.37058037499997,20.753744891374154],[-105.36938706999997,20.75336709937418],[-105.37074128399998,20.752714096374167],[-105.36945810299994,20.751854672374193],[-105.37298982599998,20.75056047837426],[-105.37544356299998,20.751382971374216],[-105.38042764899997,20.749858750374237],[-105.38099720899999,20.74796740237432],[-105.37995849400001,20.748120999374283],[-105.380992414,20.747943683374338],[-105.38079825199998,20.746979001374328],[-105.37932563999999,20.748000328374296],[-105.37951477499996,20.749166752374286],[-105.37732941299998,20.749241593374297],[-105.37943688599995,20.748808369374313],[-105.37741010699995,20.748509502374283],[-105.37902506399998,20.74734623037434],[-105.37715018499996,20.7476304973743],[-105.376368809,20.749336779374296],[-105.376719951,20.747592038374307],[-105.38686363099998,20.744013131374423],[-105.38831559999994,20.74038642037448],[-105.394230301,20.73885240637451],[-105.39897733999999,20.734645319374614],[-105.40575979199997,20.736866392374605],[-105.41189359799995,20.735032036374623],[-105.43342242499995,20.747451080374343],[-105.44024931799999,20.74892749237428],[-105.44465058299996,20.74792650837428],[-105.45705747199997,20.752722086374195],[-105.45968876399998,20.751359399374245],[-105.46677082999999,20.7557437213741],[-105.46885434399998,20.753974296374185],[-105.47181099999996,20.755060429374158],[-105.47589595299996,20.752187590374206],[-105.47773157299997,20.75452891337414],[-105.48176197799997,20.754601933374143],[-105.48395241599998,20.757538879374046],[-105.49925870299997,20.76720564937383],[-105.50169184999999,20.76673507937384],[-105.50358275999997,20.768974481373778],[-105.51061396299997,20.771816891373717],[-105.51511056599998,20.77151371337372],[-105.51598897399998,20.769901941373757],[-105.51637942699995,20.77138266637375],[-105.51650650199998,20.76994430137377],[-105.52001550199999,20.770902716373765],[-105.52873428799995,20.76452891637392],[-105.52976811699995,20.76324285537391],[-105.52843933999998,20.762275611373955],[-105.52834329399997,20.761824080373966],[-105.52979984699999,20.76320335237394],[-105.53215448999998,20.75808487937408],[-105.53456737099998,20.7573440073741],[-105.53831303199998,20.76222986337397],[-105.53762457299996,20.765654887373845],[-105.53957483299997,20.770694062373764],[-105.53468769099999,20.77541767337362],[-105.53579536999996,20.777359876373584],[-105.53372663299996,20.776647707373595],[-105.53113808299999,20.779691506373535],[-105.53185862599999,20.78153780437346],[-105.52862602699999,20.78558522137341],[-105.52867155499997,20.78786151437331],[-105.524476785,20.790720846373247],[-105.51948022999994,20.7922131193732],[-105.51834483999994,20.788875747373314],[-105.51323794299998,20.785879226373385],[-105.51183516099996,20.783274035373417],[-105.50740583599998,20.78260533637346],[-105.49514653499996,20.789011561373293],[-105.48966312999995,20.794212411373156],[-105.47752846199995,20.814527581372655],[-105.47724345599994,20.819912069372524],[-105.47377794299997,20.822278621372487],[-105.47112351599999,20.827499029372383],[-105.47208964399994,20.82835151437235],[-105.469524644,20.829459248372284],[-105.46970574599999,20.831215128372246],[-105.46548393999996,20.836618278372125],[-105.46268086299996,20.851566686371765],[-105.45614954599995,20.86051777237152],[-105.45289187099996,20.874415130371172],[-105.45103077999994,20.876342829371154],[-105.44978491299997,20.873547701371216],[-105.44520920899998,20.872844570371218],[-105.44348323299995,20.870401591371312],[-105.43599420499999,20.873843391371185],[-105.42746803799997,20.884410817370952],[-105.42123067999995,20.897948739370634],[-105.418411726,20.897985737370607],[-105.40175572899994,20.931617432369787],[-105.39322940499994,20.934111845369745],[-105.390477558,20.937363378369632],[-105.38787879299997,20.937092280369658],[-105.38350854999999,20.944225679369477],[-105.37678970899998,20.945415474369465],[-105.37066277999999,20.953427279369237],[-105.36714575299999,20.95546274836921],[-105.36210591599998,20.95403450236925],[-105.35970041999997,20.954888109369247],[-105.34511624599998,20.97933607836863],[-105.34091557999994,20.978633619368633],[-105.33188005899996,20.985671855368494],[-105.32677076099999,20.996770191368185],[-105.32135434999998,21.000676339368088],[-105.31872699399997,21.00530650836797],[-105.315595623,21.01688972436771],[-105.31350493599996,21.035150313367293],[-105.30756307399999,21.03683763236723],[-105.30350168199999,21.035497714367274],[-105.30313804999999,21.0335581793673],[-105.29866226099996,21.031951414367317],[-105.29538576999994,21.025850019367503],[-105.28826361399996,21.025665781367472],[-105.28201990799994,21.028430715367428],[-105.28024007099998,21.027174359367464],[-105.27787964599997,21.027864403367445],[-105.27826404999996,21.024466689367525],[-105.27351571399998,21.023405293367542],[-105.26761940999997,21.027167221367467],[-105.25668904999999,21.03892324936716],[-105.25519088999995,21.03866447936715],[-105.24429040599996,21.04791322136693],[-105.24034610699994,21.053762040366777],[-105.23155161899997,21.078689274366187],[-105.22866771300001,21.102074617365645],[-105.23034473599995,21.117168141365227],[-105.23335713399996,21.120994315365177],[-105.237687753,21.12158442136517],[-105.23898256999998,21.132292119364887],[-105.23148211899998,21.138687987364747],[-105.23459445399999,21.140781912364705],[-105.236097526,21.140016988364714],[-105.23480148999995,21.14378502936462],[-105.23593179999996,21.14516573936457],[-105.23274337599997,21.145806932364586],[-105.23165487999995,21.149817769364432],[-105.22754745799995,21.15164602636439],[-105.22401656399995,21.159432143364228],[-105.22620887999996,21.164797392364118],[-105.23236727799997,21.164942959364122],[-105.232195957,21.171334192363943],[-105.22982527999996,21.170076149363968],[-105.22852116999996,21.17205889736391],[-105.23284792899996,21.177278085363803],[-105.23325342,21.18068307936371],[-105.23121477999996,21.186488969363552],[-105.22777037099998,21.18770871136357],[-105.22390591499999,21.196366121363305],[-105.21795921999995,21.19952542936325],[-105.21638228999997,21.2050071493631],[-105.21993697399996,21.24649184736212],[-105.22945481799997,21.299853640360787],[-105.24467127999998,21.346990709359677],[-105.24818854999995,21.34729137935967],[-105.24386319999998,21.353037739359518],[-105.24223978099997,21.351551475359564],[-105.23966533699998,21.35306370635953],[-105.238513545,21.360274579359363],[-105.23953195399999,21.361978273359274],[-105.23717628799994,21.365414215359195],[-105.23751892999998,21.370639511359077],[-105.23880650499996,21.371402916359095],[-105.236939469,21.373000574359043],[-105.23246685099997,21.372021075359086],[-105.23037909899996,21.374714122359],[-105.22902425499997,21.382446397358834],[-105.23069661999996,21.386409949358693],[-105.22327179999996,21.384927309358723],[-105.220387406,21.38749525335868],[-105.21830775799998,21.39618504535846],[-105.22012694799997,21.40470211935825],[-105.21368428299996,21.415385619358016],[-105.20840387499999,21.418514944357913],[-105.20514451099997,21.425307868357784],[-105.20606882999999,21.4291868003577],[-105.20419293999998,21.43035788935764],[-105.20336047799998,21.435782858357495],[-105.19449241599995,21.43650691335752],[-105.18894520899994,21.44436437135732],[-105.18786033999999,21.458295769357],[-105.19068048499999,21.465909750356776],[-105.20189304599995,21.48128289935643],[-105.19752826399998,21.488553588356254],[-105.198281024,21.491653779356167],[-105.212942022,21.50870139035576],[-105.22887965199999,21.523592057355437],[-105.23549455299997,21.526514035355326],[-105.24303268599999,21.526594937355355],[-105.24817959599994,21.523520087355415],[-105.24889402699996,21.518545868355517],[-105.24685885899999,21.515520925355567],[-105.24817232199996,21.512418108355696],[-105.25019486299999,21.511766136355703],[-105.257123854,21.515573273355635],[-105.26549955699994,21.511851796355717],[-105.26773527999995,21.515331115355583],[-105.28429967799997,21.52768829935528],[-105.28791758799997,21.528388410355284],[-105.29059754599996,21.525581792355382],[-105.30174175199994,21.534952110355132],[-105.34126797999996,21.561010479354504],[-105.37905310499998,21.581813826354043],[-105.411354288,21.602098731353525],[-105.44129980499999,21.62785639735291],[-105.44610631599996,21.634423709352784],[-105.44658857799999,21.636728407352713],[-105.44482140699995,21.63745752235265],[-105.44881488299995,21.643029232352543],[-105.45002052899997,21.649866411352384],[-105.46807121999996,21.67667797935171],[-105.47932606999997,21.697902771351256],[-105.48327163999994,21.706645284351005],[-105.48268110999999,21.708098762350996],[-105.48443956799998,21.70922490835096],[-105.501971342,21.743539328350128],[-105.502473539,21.74922566735002],[-105.50525182499997,21.751828743349908],[-105.50659000699996,21.758862484349784],[-105.53438542499998,21.8092810673486],[-105.53371624399995,21.81225965434849],[-105.53831626099998,21.81587510534844],[-105.54899395499996,21.83415565434799],[-105.59424924999996,21.900745489346416],[-105.63150915199998,21.96310934434494],[-105.64694907599994,22.000634053344015],[-105.65215359399998,22.022918337343516],[-105.65429169999999,22.042856008343016],[-105.64775182099999,22.137890494340756],[-105.64993616699996,22.167229248340085],[-105.64919377499997,22.17429624733994],[-105.64655273599999,22.181251526339736],[-105.63651379099998,22.181474897339733],[-105.63877551399997,22.18986998133957],[-105.64220384599997,22.191845535339525],[-105.64575216299994,22.19695711433937],[-105.64653469999998,22.21306745233903],[-105.649816403,22.21714965833889],[-105.65874837999996,22.273066199337617],[-105.67164059999999,22.328496726336322],[-105.68541668599994,22.374677589335196],[-105.70039979399998,22.41427756333428],[-105.71842855499995,22.45455114833335],[-105.75959909799997,22.534335340331474],[-105.75811531099998,22.543189555331306],[-105.76049431399997,22.550968999331122],[-105.76364566899997,22.55061784333111],[-105.76892974899994,22.555991822331],[-105.77109913099997,22.569919641330678],[-105.77977841399996,22.58865114733023],[-105.79374109199996,22.613121524329678],[-105.81781171899998,22.648699225328855],[-105.86432481599996,22.701400361327646],[-105.90445416999995,22.7402472293267],[-105.93759984999997,22.769544689326032],[-105.97965933999996,22.801333909325308],[-106.02684444699999,22.831392376324615],[-106.03449730099999,22.829658311324664],[-106.06488556299996,22.86929321632376],[-106.14609835399996,22.961204036321664],[-106.20662598499996,23.02260930732021],[-106.25175338999998,23.06340423331933],[-106.29020884999996,23.091010059318663],[-106.33073334999995,23.131480799317785],[-106.39431069799998,23.1819212793166],[-106.40835606099995,23.186951757316514],[-106.41186654499995,23.185992464316488],[-106.41328785099996,23.182050349316604],[-106.41173965499996,23.18030592231665],[-106.41407747499996,23.178018071316696],[-106.41864004499996,23.177708089316717],[-106.42036441999994,23.179454049316668],[-106.42362098199999,23.179492683316635],[-106.42572323599997,23.176398194316732],[-106.42999041999997,23.17657836931675],[-106.42461745999998,23.185988399316503],[-106.42831364999995,23.18950574931641],[-106.42869694299998,23.192981467316336],[-106.42681162399998,23.195987722316264],[-106.43024031,23.199633149316234],[-106.43098122599997,23.202938322316154],[-106.42875438199997,23.205467942316055],[-106.42930073199994,23.208509235316015],[-106.42632067999996,23.209611549315962],[-106.42542271199994,23.207647839316024],[-106.42288516499997,23.20963122431599],[-106.422164922,23.216637014315832],[-106.42478312699997,23.222057142315673],[-106.430655636,23.22809145531558],[-106.44185813899999,23.236405292315396],[-106.45356112599995,23.24142386231524],[-106.45815494999994,23.252703013315017],[-106.46657272399995,23.260571538314842],[-106.46865820999996,23.267170791314687],[-106.46624665999998,23.27162454931459],[-106.47043479999998,23.28079193931435],[-106.47865971499999,23.291139221314115],[-106.49060936999997,23.30286044531389],[-106.49389913199998,23.30403078331386],[-106.49406331499996,23.30953447731372],[-106.48910051999997,23.30740125131374],[-106.48387266199995,23.30902434131372],[-106.47972067999996,23.317263679313545],[-106.48233423799996,23.328925894313286],[-106.49088602099994,23.339198027313046],[-106.49454087299996,23.346072290312875],[-106.50238045999998,23.354084459312688],[-106.50546973699994,23.360184873312544],[-106.527056207,23.388938280311915],[-106.54341024299998,23.40665574731152],[-106.56969999999995,23.431299999310998],[-106.59360782999994,23.44965450931058],[-106.59907535399998,23.456638705310382],[-106.62249787499997,23.47740664030995],[-106.62698910799998,23.47815319630991],[-106.63038281399997,23.487026206309714],[-106.62912467399998,23.490408015309647],[-106.62641030399999,23.49190767130958],[-106.627802289,23.496804601309503],[-106.63953779099995,23.508597210309226],[-106.67219999999999,23.535399999308613],[-106.68221818299999,23.540984054308478],[-106.68228956599997,23.544182049308457],[-106.68595631599999,23.55031630030831],[-106.68392735399999,23.553087190308215],[-106.68602056099996,23.55808524030814],[-106.69113293599999,23.562251728308006],[-106.69939999999998,23.57349999930775],[-106.72915881999997,23.595157319307297],[-106.75359999999995,23.609099999307006],[-106.76417477999996,23.613223619306872],[-106.77126567999994,23.624016889306667],[-106.78119999999997,23.631199999306478],[-106.78585262200001,23.631881703306444],[-106.78501505199995,23.634917895306398],[-106.78902788999994,23.637233429306338],[-106.79022191299998,23.640415564306295],[-106.80266137899999,23.648268705306123],[-106.804665275,23.647124213306117],[-106.80646917999998,23.648001289306087],[-106.80866752899999,23.65035076230607],[-106.80784423499995,23.65145483230604],[-106.81092325799995,23.652739741306007],[-106.81003284199994,23.653733378306],[-106.81159999999994,23.658099999305875],[-106.80530297099995,23.659625901305866],[-106.80369231399999,23.66412522430578],[-106.80439663399996,23.66758496030567],[-106.79874414299996,23.666098215305677],[-106.79563121999998,23.67002239930562],[-106.79462196299995,23.675513949305483],[-106.79571041199995,23.683204139305328],[-106.80493320299996,23.698051975304992],[-106.81982387,23.714798622304606],[-106.84700384999996,23.740091399304045],[-106.84439999999995,23.74259999930399],[-106.84368213999994,23.74641631930391],[-106.84311614999996,23.750881919303804],[-106.84478099999995,23.755267219303732],[-106.87169393999994,23.786098549303063],[-106.88176456999999,23.795284749302855],[-106.88378357999994,23.80100925930272],[-106.88256756999999,23.8048885393026],[-106.88505925999999,23.81191961930244],[-106.88588724999994,23.823452679302207],[-106.89089999999999,23.83879999930187],[-106.99775194399996,23.94035195629964],[-107.05579999999998,23.98969999929851],[-107.12175037599997,24.041865580297358],[-107.16492568999996,24.07365939629666],[-107.19621335299996,24.09361669929624],[-107.20310552099994,24.101862082296087],[-107.20168329299997,24.103226841296017],[-107.19923010099996,24.09956457129615],[-107.19560317999998,24.103410018296007],[-107.2067952,24.11017115029587],[-107.21899562499999,24.121427868295648],[-107.23729432299996,24.129717407295438],[-107.320323547,24.182449766294287],[-107.40521081899999,24.232013939293232],[-107.41972552599998,24.24381843629299],[-107.42167924799998,24.247806094292862],[-107.42087627099995,24.249777555292805],[-107.42248117099996,24.251200419292783],[-107.42670506899998,24.25290083129273],[-107.42954514999997,24.25710755629266],[-107.44010022899994,24.265579860292483],[-107.47104610799994,24.287291538291996],[-107.47085494999999,24.288685749292007],[-107.475009819,24.292200290291884],[-107.64944950799998,24.40699550928942],[-107.75863124600001,24.471214546288017],[-107.82171209099994,24.501469168287393],[-107.82461503899998,24.50379507528735],[-107.825157425,24.50830122228722],[-107.82154659299994,24.51447592328709],[-107.81706811599997,24.51649370728703],[-107.82313285799995,24.522419179286914],[-107.82845554999996,24.52148377928693],[-107.83090186399994,24.53988251628651],[-107.84079278399999,24.55031251028634],[-107.84995846799995,24.557115389286153],[-107.88051074699996,24.57394055828581],[-107.96067211999998,24.622581399284766],[-107.984796556,24.639825001284407],[-107.998067355,24.652199306284125],[-108.01101162199996,24.66828446228381],[-108.01928220199994,24.68268783228346],[-108.02125996299998,24.698238769283133],[-108.02022013699997,24.724070926282593],[-108.02621158399995,24.736254864282312],[-108.04600159699999,24.760167349281833],[-108.06946308199998,24.779869286281393],[-108.07162730699997,24.78430396328131],[-108.06991125899998,24.78514103028126],[-108.09078952099998,24.816136036280604],[-108.10657468899997,24.82027662028055],[-108.11799579699999,24.82857745928037],[-108.12372304399999,24.84756054327993],[-108.13649031499996,24.872123374279425],[-108.18870467599999,24.957028025277616],[-108.20557658399997,24.981794458277125],[-108.21561596099998,25.00066483827667],[-108.22783687299996,25.01825381327633],[-108.25092738199999,25.045118242275752],[-108.27845774599997,25.069614793275267],[-108.29755292,25.083534640274934],[-108.32690357199999,25.099607899274577],[-108.33323769699997,25.107843214274453],[-108.34229223999995,25.11149673527437],[-108.34376108599999,25.11499619127427],[-108.34243371099996,25.119203487274188],[-108.334372025,25.1247851892741],[-108.35580971999997,25.1659625092732],[-108.35814582999997,25.16728167927317],[-108.35745287999998,25.169193830273127],[-108.38462494899994,25.18730250927277],[-108.38901428099997,25.18553845927279],[-108.40378204899997,25.20691363027238],[-108.43507662999997,25.243602170271608],[-108.44401267899997,25.251615019271405],[-108.47166880499998,25.270204138271026],[-108.49516683199995,25.280117216270828],[-108.49566884999996,25.282567119270787],[-108.50204018499994,25.28605539827072],[-108.53328360299997,25.297045678270482],[-108.54279387599998,25.304145177270332],[-108.56915296999995,25.31481742927011],[-108.64691240299999,25.342096944269517],[-108.69594967899997,25.35537481826927],[-108.73014253399998,25.36151382826912],[-108.74537584299999,25.361942131269085],[-108.75158908599997,25.364872989269045],[-108.75256901999995,25.366949029269005],[-108.75153859899996,25.36851832626898],[-108.78580605999998,25.369333709268947],[-108.80147155499999,25.373640587268874],[-108.82923931899997,25.385081950268656],[-108.88379999899998,25.41100000026809],[-108.92775359899998,25.424921170267808],[-108.96272367899996,25.431749720267685],[-109.02103030899997,25.438291918267524],[-109.02510634199996,25.440918049267466],[-109.03639753899995,25.462179949267057],[-109.04348892899998,25.462774946267036],[-109.05483419899998,25.4726116372668],[-109.06646601999995,25.485724681266564],[-109.08067990499997,25.492746636266382],[-109.07963091899995,25.496038680266352],[-109.08081638799997,25.49981030326625],[-109.08701402999998,25.51133022726605],[-109.11786486499994,25.541456383265405],[-109.11922311999996,25.544999310265297],[-109.16174470399994,25.56176846026496],[-109.16754107099996,25.574798389264725],[-109.17676386199997,25.588009156264423],[-109.18671952599999,25.598830945264233],[-109.21102809999998,25.61794277626381],[-109.22805552299998,25.626784853263626],[-109.273769728,25.64116631526334],[-109.29788794499996,25.645392238263238],[-109.33288067999996,25.646520148263193],[-109.37116620799999,25.63960781426335],[-109.38428893499999,25.63954237926334],[-109.39240903599995,25.637646227263406],[-109.397104874,25.63849726626337],[-109.39214800099997,25.642822381263333],[-109.39049999999999,25.66960000126274],[-109.39248604999996,25.677072429262612],[-109.39658499699999,25.677960213262573],[-109.39970662999998,25.68539790926242],[-109.40502300299994,25.73125576826146],[-109.41160221299998,25.75891700326094],[-109.42127472199998,25.78384185726042],[-109.43227687199999,25.805945482259983],[-109.42194417899998,25.85266329225898],[-109.42156142799996,25.870730356258647],[-109.42485663899998,25.895945688258102],[-109.43413976899996,25.91189354225782],[-109.44369983399997,25.9418553082572],[-109.44385138699994,25.95940523825681],[-109.430822747,26.00715271725585],[-109.406642693,26.0588356132548],[-109.40521501599996,26.05813605125485],[-109.40312061499999,26.06486421525469],[-109.388829296,26.087429825254247],[-109.385277988,26.088118212254194],[-109.37333309399997,26.10414388225391],[-109.36869314499995,26.107427538253855],[-109.31028754899995,26.2024946892519],[-109.29573024899997,26.236283981251233],[-109.29097637999998,26.271390009250556],[-109.28843630499996,26.277314867250443],[-109.25189163,26.31217826024972],[-109.25832413999997,26.319928430249576],[-109.26000796999996,26.31970217924956],[-109.26130804999997,26.32907979924938],[-109.25552529799995,26.356368420248863],[-109.25306202999997,26.379641369248386],[-109.25202943,26.412233459247712],[-109.25522777999998,26.450054179246976],[-109.26663677399995,26.49850943424604],[-109.27451054199999,26.516455658245654],[-109.28598137999997,26.535479619245287],[-109.31671966899995,26.57187297524458],[-109.33189111199995,26.58390353024431],[-109.358246023,26.59915111624406],[-109.38273543499997,26.63459556724335],[-109.404573504,26.654639617242918],[-109.41768909299999,26.662701231242814],[-109.43725777999998,26.67062007724264],[-109.47411444199999,26.676119607242544],[-109.48496835299994,26.6827690102424],[-109.48457931099996,26.684721358242324],[-109.47470721599997,26.683474521242363],[-109.46071598499998,26.676853670242508],[-109.45277453399997,26.678495499242484],[-109.44834516699996,26.67491916924255],[-109.44661053999994,26.676057741242538],[-109.44399432299997,26.67445874324255],[-109.43916163799999,26.67448372724254],[-109.435728075,26.671175087242602],[-109.43001736899998,26.67124647124263],[-109.43104886499998,26.68975272924226],[-109.43371862099998,26.692533129242225],[-109.43810515699995,26.692069134242203],[-109.44164579499996,26.694467631242155],[-109.44122106099996,26.697030310242113],[-109.43530334199995,26.70245191224202],[-109.43579232099995,26.712652661241787],[-109.43214817599996,26.717164119241726],[-109.43465731799996,26.715607952241758],[-109.43253721800001,26.7189237312417],[-109.43739845699997,26.71843475224169],[-109.43743414899996,26.719712522241675],[-109.43928299,26.716411020241736],[-109.44192062299999,26.71627182124174],[-109.44110970199995,26.715189643241775],[-109.44836229999999,26.71736684924173],[-109.45681414499995,26.71730617324171],[-109.46225002399997,26.715558459241755],[-109.471458538,26.71689571624173],[-109.47668859299995,26.72077423824162],[-109.48186629999998,26.73031587624147],[-109.48202810399995,26.733866032241355],[-109.48173304999995,26.732043365241402],[-109.48052428399997,26.735598280241323],[-109.48308934299996,26.74426546624119],[-109.49397216499995,26.73997339524125],[-109.50005763699995,26.73574747224136],[-109.50819539299994,26.721899009241643],[-109.50812757899996,26.733541711241372],[-109.51140231199999,26.74918131424107],[-109.51394833499997,26.75327398724101],[-109.51302510399996,26.754787324240976],[-109.51572206699997,26.75629763324098],[-109.51704639299999,26.75472545824097],[-109.51903972599996,26.758388136240907],[-109.52819178899996,26.759056077240917],[-109.52918164399995,26.75635776824094],[-109.52773493199999,26.75368801324098],[-109.53090913299998,26.75564393024098],[-109.53354010299996,26.74759861524113],[-109.54163859899995,26.741588097241213],[-109.55382024899995,26.72797877024149],[-109.55607597799997,26.716960675241705],[-109.55121116999999,26.71006499724186],[-109.547010232,26.70835892424187],[-109.54376226799998,26.708990671241853],[-109.54445825999994,26.70637802324194],[-109.53960772899997,26.704589858241988],[-109.53349370399997,26.70350125424197],[-109.53588863099998,26.709758047241824],[-109.52811136300001,26.711874578241805],[-109.52193309199998,26.707948467241884],[-109.52301812699994,26.706670696241915],[-109.51930973799996,26.706792049241923],[-109.51853721199997,26.708092307241895],[-109.51733559499996,26.705680956241924],[-109.51673953999995,26.707219278241926],[-109.50868425299996,26.704618411241977],[-109.51516947399996,26.70373682124198],[-109.51669708799994,26.701002820242003],[-109.52049470799996,26.69913970224209],[-109.52226859599995,26.700492426242015],[-109.52135845299996,26.701595306242016],[-109.525345239,26.703640453241963],[-109.52485031199996,26.701838011242018],[-109.52968656599995,26.69861384124206],[-109.53483809899997,26.69995823724208],[-109.53126295899995,26.69725160024211],[-109.54225011999995,26.693682408242196],[-109.53913302599996,26.69329574624216],[-109.54052501099996,26.690071576242207],[-109.53322601399998,26.690678339242208],[-109.53069188899997,26.68854872124229],[-109.51401186699997,26.682927245242407],[-109.512569913,26.678707271242466],[-109.50914348899994,26.677108273242492],[-109.50008607099994,26.67572937524252],[-109.49585063099994,26.676282600242494],[-109.49362951499997,26.67845693324248],[-109.49145457599997,26.673610465242596],[-109.49593748099994,26.67024828724262],[-109.52582589099995,26.681576901242426],[-109.55512181399996,26.688187043242298],[-109.57769338199996,26.69184189524218],[-109.62384659699997,26.695481876242173],[-109.643881659,26.694320699242162],[-109.65624596799995,26.69137094924225],[-109.65981899199994,26.68787023824231],[-109.66273145099996,26.675468487242526],[-109.66924165699999,26.673412633242563],[-109.69044529099995,26.677552175242507],[-109.77034019599995,26.70784819224192],[-109.77731677499997,26.71406334524177],[-109.78391264099997,26.723409867241582],[-109.82012839399994,26.751633972241013],[-109.83582331799994,26.768756574240705],[-109.85100427999998,26.792503595240255],[-109.85573464799995,26.80414391824003],[-109.86251204999996,26.834865399239433],[-109.86760696999995,26.849054309239136],[-109.87320623699998,26.879060455238548],[-109.88535370999995,26.906535679238008],[-109.890250316,26.92251179223772],[-109.91498005499994,26.95847496623699],[-109.93049684999995,26.974299919236735],[-109.94418642599999,26.992052776236346],[-109.94718454699996,26.997877696236237],[-109.94754622499995,27.00233204723613],[-109.94503351499998,27.007709629236075],[-109.93985677999997,27.009339919236034],[-109.94167084999998,27.01796362923586],[-109.94566768,27.021904799235802],[-109.95414645999996,27.041102859235387],[-109.96720711999997,27.05418031923517],[-109.98753310999997,27.06510680723496],[-110.021228964,27.07795458223472],[-110.03232765599996,27.07864702523469],[-110.04513451699995,27.0843764732346],[-110.05667467899998,27.08082456023464],[-110.05502047799997,27.07826584923468],[-110.05650526199997,27.078223017234727],[-110.07346605899995,27.093213622234412],[-110.07753573099997,27.095121554234368],[-110.07969509299996,27.094241151234392],[-110.08089314999995,27.097402266234337],[-110.08719642699998,27.101435536234238],[-110.10380736099995,27.10833826923412],[-110.16578756099996,27.122438955233843],[-110.17981559399999,27.124913594233817],[-110.18031052199997,27.123752417233803],[-110.18280656999997,27.126581379233787],[-110.20683761999999,27.13200164923366],[-110.26194219499997,27.141506964233518],[-110.27281456999998,27.144606109233408],[-110.27645928599999,27.144085110233423],[-110.30666564999997,27.155372429233218],[-110.33795040599995,27.17594080723283],[-110.34683880299997,27.190038955232513],[-110.35965933899998,27.199870888232383],[-110.38994511799996,27.22805322423183],[-110.39460886199998,27.234991733231706],[-110.41381587099995,27.253576513231316],[-110.42623348499995,27.260731552231167],[-110.42727806699997,27.264602935231146],[-110.432370242,27.267979682231086],[-110.45538902099997,27.278815456230856],[-110.47584762699995,27.28554695123074],[-110.52383659599997,27.29306842723055],[-110.52485024599997,27.296923154230523],[-110.52152138099996,27.299646447230426],[-110.51859107399997,27.299571494230467],[-110.516969556,27.297593924230515],[-110.515884504,27.299100117230484],[-110.50404397599999,27.300331220230472],[-110.48715429499998,27.29899989523047],[-110.47394480199995,27.29303515823058],[-110.47026422099998,27.2968267862305],[-110.46277962699997,27.293346824230593],[-110.46177311499997,27.294888715230552],[-110.45933178799999,27.293957156230537],[-110.45267881499997,27.295284895230544],[-110.45245752499994,27.29712659823048],[-110.44923454499997,27.297722653230476],[-110.448869679,27.30002019323047],[-110.44601751399995,27.301588385230414],[-110.44430787099998,27.30067467223045],[-110.44360830899997,27.3023664682304],[-110.447465348,27.30267365123041],[-110.45711458999995,27.309187538230265],[-110.45850968399999,27.312867030230215],[-110.46118723299999,27.309008661230276],[-110.46741481699996,27.31058631623025],[-110.46748263099994,27.311796272230207],[-110.469880349,27.310796873230256],[-110.47475991399995,27.31204286223021],[-110.47378067299998,27.31440597923018],[-110.47565596599998,27.31734343823014],[-110.47448895399998,27.318520629230065],[-110.46683660799995,27.316225639230122],[-110.46469866199999,27.316575420230123],[-110.47160861699996,27.318891825230065],[-110.47230817799999,27.321240353230042],[-110.46712571199998,27.321897084230024],[-110.46307697499999,27.324723144229985],[-110.46099027199995,27.32926746522988],[-110.46384182799994,27.32908032922991],[-110.46432746599999,27.325155756229968],[-110.46605138599995,27.325948117229945],[-110.46842132899997,27.324256320230006],[-110.47021306299996,27.325462707229942],[-110.47058068999996,27.324952312229954],[-110.47192984399999,27.32460253122996],[-110.47267937399995,27.323617435230002],[-110.47296847899997,27.323663834229986],[-110.47264073099996,27.326447246229925],[-110.47432477099994,27.327200903229926],[-110.47648056299994,27.32473816123],[-110.48166659799995,27.325866025229928],[-110.47460316799999,27.348048550229525],[-110.47539195999998,27.354276790229438],[-110.47810099199997,27.353269305229453],[-110.47798319299994,27.35711429722937],[-110.48041381199995,27.35988755922933],[-110.47475664399997,27.362400270229276],[-110.47619502799995,27.363956437229238],[-110.47626216099997,27.369588326229103],[-110.48017467599999,27.37464616622901],[-110.48631725499997,27.37472111922904],[-110.495313325,27.381688421228866],[-110.49732124399999,27.381404769228922],[-110.49765657599994,27.38371191222888],[-110.49487028999995,27.382081819228887],[-110.49501180499999,27.38469344022881],[-110.49954824799994,27.384682732228832],[-110.50387767699999,27.38722756622877],[-110.510776923,27.384936145228814],[-110.51633058599998,27.379207592228934],[-110.52361887499995,27.37740872022898],[-110.52420065399998,27.375035207229],[-110.52584605099999,27.374032265229015],[-110.53652745099998,27.372680731229067],[-110.53594745799995,27.374361225229066],[-110.53489157199999,27.374179791229054],[-110.53359773999995,27.376187461229023],[-110.53228308799999,27.37665740522899],[-110.53361558599994,27.375794850228978],[-110.532690571,27.37355518322905],[-110.53125991999997,27.375354650229028],[-110.52497630699997,27.375041443228994],[-110.52597170899998,27.37802893322895],[-110.53051038899999,27.377680573228993],[-110.52677760999997,27.38130032822891],[-110.52823502999996,27.385645819228795],[-110.525754442,27.39077058322872],[-110.52166771699997,27.38989613122875],[-110.513393142,27.391698573228688],[-110.51192382499994,27.397263537228607],[-110.51011543399994,27.398289680228583],[-110.51107316699995,27.39928310522856],[-110.509059548,27.400550168228538],[-110.51373221499996,27.397947632228583],[-110.51300945399998,27.395434327228656],[-110.52336689799995,27.39834052022855],[-110.52026978399999,27.403973617228488],[-110.516194957,27.407016353228425],[-110.51346452599995,27.406927123228403],[-110.51394339199999,27.411061437228337],[-110.51231048699998,27.411406459228303],[-110.51120106299999,27.412307680228338],[-110.51512419999995,27.41121015322835],[-110.514772716,27.40829450022839],[-110.51791365399998,27.407205736228384],[-110.51758208899997,27.41051314222835],[-110.519996146,27.411507586228353],[-110.519065212,27.408379955228376],[-110.52246186299999,27.404943248228452],[-110.52482122099997,27.407893072228376],[-110.52624520599994,27.416073177228235],[-110.52721780899998,27.41607615122827],[-110.52669135399998,27.407501168228414],[-110.52436119199996,27.404045409228452],[-110.52761740399995,27.402078375228534],[-110.52731893699998,27.396731133228602],[-110.53137591799998,27.397688866228595],[-110.527607447,27.39837296122858],[-110.53030218699998,27.401448414228526],[-110.52973706499996,27.40423238422848],[-110.53124802199996,27.404297819228486],[-110.53132615799997,27.399499993228567],[-110.53499236799996,27.397297484228577],[-110.53717287999996,27.397992247228565],[-110.53813061299998,27.400425246228526],[-110.53591397099996,27.4008900562285],[-110.53580468999996,27.399363412228567],[-110.53481423899997,27.398961878228587],[-110.53671019799998,27.40238402522851],[-110.54315722499996,27.403652390228462],[-110.54131880799997,27.4023945762285],[-110.54566264299997,27.401283808228534],[-110.54335650399999,27.401011188228516],[-110.54472766899995,27.40011591622855],[-110.54230954199994,27.39837296122858],[-110.54594416799996,27.394399261228646],[-110.54677485499997,27.39694913822864],[-110.54808831699995,27.39739171822858],[-110.546360829,27.394978945228626],[-110.54743133099998,27.392599794228666],[-110.54979358199995,27.394452528228634],[-110.54794291499996,27.394387364228663],[-110.54780004299994,27.39517792822865],[-110.54902409399995,27.395375764228625],[-110.55332941999995,27.39270389522869],[-110.55481024799998,27.39566884222864],[-110.556467335,27.395428378228647],[-110.55309147399998,27.400258684228533],[-110.556292656,27.398103609228617],[-110.55611772499998,27.401297552228527],[-110.55912935699996,27.403765415228484],[-110.55808444499996,27.408261771228393],[-110.55963827599999,27.410825390228347],[-110.557727926,27.41092561322835],[-110.55626619499998,27.414269830228296],[-110.55402606399997,27.413056640228273],[-110.55144964599998,27.414990522228234],[-110.54964125599997,27.41503216222824],[-110.547838814,27.411531380228308],[-110.54500725599996,27.4135360762283],[-110.54051111899999,27.412528613228314],[-110.54233174599995,27.4144596982283],[-110.54759789399998,27.41411309622826],[-110.54287168899998,27.415421799228252],[-110.54109601699997,27.41422909422828],[-110.54043868999999,27.414324273228257],[-110.53938280499995,27.415103546228274],[-110.54067961099999,27.417143934228243],[-110.53754169699995,27.41643901922823],[-110.53675944899999,27.417536545228234],[-110.53822582899996,27.417308001228193],[-110.53842804599998,27.41893150422819],[-110.53595638099995,27.419362781228198],[-110.53628355699999,27.42151024522812],[-110.53815155399998,27.42000327122815],[-110.53778261699996,27.42199208622812],[-110.53960885299996,27.422119982228157],[-110.53990147099996,27.419921517228147],[-110.54113740499997,27.420506979228133],[-110.54327058099994,27.41683856322823],[-110.54621186599998,27.415654412228225],[-110.54744917699998,27.417384854228185],[-110.54773768699994,27.41535339022826],[-110.55246686599999,27.417322394228215],[-110.55127444599998,27.4194942872282],[-110.54885605399996,27.4200164572282],[-110.54956612299998,27.421089800228156],[-110.55179466799997,27.420026056228153],[-110.54626475099997,27.42624380922807],[-110.54204185199995,27.42651901022803],[-110.54724636799995,27.426790209228017],[-110.54627901199996,27.42861081822798],[-110.54027212799998,27.430397532228],[-110.53914188399996,27.432705609227902],[-110.54723495999998,27.431255394227946],[-110.547742644,27.434172455227912],[-110.54820763099998,27.42980266722797],[-110.55080421699996,27.42947846522797],[-110.55299332199998,27.425754609228083],[-110.55256204399996,27.423288892228115],[-110.554798738,27.42420201022807],[-110.55614578099994,27.422215243228102],[-110.55564950499998,27.421878529228156],[-110.55542133299997,27.421183579228142],[-110.55620559399995,27.42017179822817],[-110.55572675099995,27.421727471228138],[-110.55786776999997,27.42237389422814],[-110.55825787899995,27.419270577228204],[-110.56028528999998,27.424137860228118],[-110.56213342599995,27.424975335228062],[-110.56142256199996,27.42702167222805],[-110.55970637599995,27.42608475922804],[-110.55936309299994,27.42677705922805],[-110.56339414099996,27.428171526228034],[-110.56081282499997,27.429969229227968],[-110.56270152199995,27.430135791227965],[-110.559611197,27.43231299822791],[-110.55950783999998,27.434640271227867],[-110.555875444,27.43407974822789],[-110.55470908599996,27.434638162227884],[-110.55484037799995,27.43634618422786],[-110.55570293299998,27.43637890222785],[-110.55574299299997,27.435458753227845],[-110.55613991799999,27.434840673227882],[-110.55637522099994,27.43479004522788],[-110.56127087199997,27.435905984227848],[-110.56176163499998,27.43725930222786],[-110.55877541199999,27.437306892227824],[-110.55615800499999,27.43494825122786],[-110.55597062199998,27.43696781922786],[-110.55816469299998,27.437615254227815],[-110.55838609199999,27.4398528182278],[-110.55561288499996,27.440924267227775],[-110.55912159899998,27.442303363227747],[-110.56407979999996,27.437804695227832],[-110.56538552999997,27.43992241522781],[-110.56397867299995,27.44198659722773],[-110.56485312499996,27.443381557227728],[-110.568966618,27.439027143227843],[-110.57316636699996,27.43932457522779],[-110.57426091899998,27.440484563227773],[-110.57099808299995,27.444488006227736],[-110.57220565999995,27.44850334622762],[-110.56886846599997,27.449815024227636],[-110.57268750099996,27.450674604227615],[-110.57025450199997,27.450784655227583],[-110.56664664399996,27.456269312227498],[-110.56305960699997,27.455552500227512],[-110.56341949999997,27.45369057122752],[-110.56199479799994,27.452994579227546],[-110.56239038299998,27.455704190227497],[-110.55961236199994,27.454312206227506],[-110.56073070899998,27.45504686422751],[-110.559579645,27.456697615227466],[-110.555353127,27.454627484227522],[-110.55363396699994,27.451468750227576],[-110.54852704799998,27.452795299227546],[-110.54340525899994,27.451314085227544],[-110.54618922799995,27.453211705227535],[-110.54506790699998,27.45572501022746],[-110.53711455899999,27.45729248022743],[-110.54013349999998,27.458964052227426],[-110.56022507399996,27.45797360122744],[-110.56601192299998,27.45993784622742],[-110.57575938499997,27.454362769227515],[-110.58253370999995,27.45619733322747],[-110.586809213,27.4509277542276],[-110.58787591999999,27.451535198227557],[-110.587597798,27.44360076422771],[-110.58912303299996,27.4401172332278],[-110.59045553099999,27.441711472227766],[-110.59069347799999,27.454691432227513],[-110.58646522399994,27.50885830522647],[-110.59049880699996,27.52522225522619],[-110.58849639999994,27.52811864922614],[-110.59435948299996,27.53127451322609],[-110.61770431199994,27.59628958122485],[-110.61879803399995,27.604929439224673],[-110.621284571,27.609271956224582],[-110.62324167799996,27.618754108224437],[-110.61521694599998,27.61740971222442],[-110.61745601799998,27.61908247422438],[-110.61567856099998,27.620167508224398],[-110.61986879199999,27.621252542224344],[-110.62210310599994,27.619889111224413],[-110.62360930499995,27.62234471522434],[-110.62085833499998,27.646320985223902],[-110.61896666299998,27.65171046422381],[-110.61953328799997,27.647029243223905],[-110.61494061499998,27.650761059223804],[-110.61810291899997,27.651317853223826],[-110.61463128499999,27.66191597222364],[-110.61216647699996,27.66177714222361],[-110.61269999999996,27.657699999223667],[-110.61039999999998,27.653599999223754],[-110.60689999999995,27.659999999223622],[-110.60828828499996,27.661556023223614],[-110.60663824099998,27.66777169622348],[-110.608574219,27.68716240122317],[-110.60523107599994,27.70370203422283],[-110.60372249799998,27.704758515222785],[-110.60477897799996,27.70033271722287],[-110.60284685599999,27.702007858222863],[-110.60293251699994,27.699000219222956],[-110.60592587899998,27.690657829223102],[-110.60508830799995,27.689368161223097],[-110.60676344899997,27.687631154223162],[-110.60589256599997,27.676419134223355],[-110.60731072499999,27.675724331223375],[-110.60556419999996,27.67504856522336],[-110.60670158299997,27.673497156223384],[-110.60495981699995,27.67384931622342],[-110.60567841499996,27.671507927223416],[-110.60465048699996,27.674253825223374],[-110.60416031799998,27.67725670422332],[-110.60427453299997,27.679084130223274],[-110.60457434499995,27.679383942223303],[-110.60544046899997,27.67539120722338],[-110.60464572899997,27.685223140223183],[-110.6031,27.684999999223194],[-110.603468696,27.690743481223095],[-110.60090296399996,27.7005414922229],[-110.60458669099997,27.713494064222683],[-110.60312663799999,27.72158647322249],[-110.60388585999999,27.726900990222376],[-110.60767582999996,27.73244873522228],[-110.60914944399998,27.754254286221872],[-110.613314163,27.77300007722154],[-110.61580848799997,27.798260776221078],[-110.61493204399996,27.80931674922087],[-110.61366164599997,27.81273641822078],[-110.61222701099996,27.815513839220753],[-110.61125798899998,27.81568721022077],[-110.614613315,27.808238410220884],[-110.614429827,27.800802391221016],[-110.61312021099998,27.800478613221024],[-110.61498124399998,27.798197420221072],[-110.61436974999998,27.795650749221124],[-110.61051191999996,27.803136509220984],[-110.60406308799998,27.808955361220885],[-110.60446657299998,27.81096168222085],[-110.60120560699994,27.812290301220823],[-110.60120560699994,27.814098205220766],[-110.59897738199999,27.812884353220806],[-110.59859999999999,27.816499999220753],[-110.59648053399997,27.816978177220726],[-110.597350442,27.817835847220728],[-110.59538720699999,27.818786003220705],[-110.59330037899998,27.823591311220632],[-110.590229557,27.82462549722058],[-110.58904115999997,27.830225062220485],[-110.58623178399995,27.832301704220466],[-110.58650749299994,27.838548206220306],[-110.59096636399994,27.842301819220243],[-110.58895083999994,27.845647595220196],[-110.58826156899994,27.841978164220258],[-110.58231482199994,27.839418316220286],[-110.58104085899998,27.836387612220378],[-110.58196305599995,27.83476083422039],[-110.58028028399998,27.83327275222045],[-110.56742224799996,27.841094534220254],[-110.56360035799999,27.83771498922034],[-110.56360035799997,27.83518026222037],[-110.56061985399998,27.834894418220422],[-110.55993533799996,27.833006991220408],[-110.55840943299995,27.834150380220386],[-110.55838566499995,27.831821552220454],[-110.55767737899998,27.83360811222039],[-110.55459704999998,27.833418949220427],[-110.553256536,27.83526013022037],[-110.54817018999995,27.83251936522043],[-110.54627350599999,27.835516547220372],[-110.54874062099998,27.83950145322033],[-110.54445287899995,27.84251105322026],[-110.53758868899996,27.838366527220337],[-110.528010195,27.839833522220296],[-110.52625136599994,27.84165357822024],[-110.52369393199996,27.837727600220337],[-110.52157858199996,27.84155269822025],[-110.52008119999999,27.841271074220295],[-110.51949175399996,27.842969211220264],[-110.52110322299995,27.8444991922202],[-110.52009546099998,27.845251565220213],[-110.523075964,27.845381864220187],[-110.52739690199998,27.8515217062201],[-110.54045083099999,27.85503110222],[-110.545071325,27.85988838821992],[-110.54820162,27.860595539219947],[-110.55879370999997,27.873097649219666],[-110.57823477699998,27.882365870219502],[-110.58192118999995,27.882658941219482],[-110.583589702,27.880878441219537],[-110.58261640299999,27.882391080219502],[-110.58493378099998,27.883903699219506],[-110.61069071999998,27.888384199219434],[-110.63186245399999,27.882454106219512],[-110.64297873499999,27.88836579921939],[-110.64353134099997,27.89721697921924],[-110.64164891599995,27.898464720219213],[-110.63981213999995,27.897439169219226],[-110.63992692799997,27.898767201219208],[-110.64876861299997,27.90375170421911],[-110.652330244,27.901773054219138],[-110.65313241299998,27.904066773219114],[-110.65564944199998,27.90463074321908],[-110.65848733799999,27.898852273219195],[-110.66064784599997,27.898159088219206],[-110.66173166599998,27.900749057219155],[-110.66536032799996,27.8952580362193],[-110.65262243299999,27.891447158219353],[-110.64868442499994,27.892238329219342],[-110.64572696999994,27.883993769219497],[-110.63952944899997,27.884231443219505],[-110.63297403399999,27.878128125219583],[-110.62892300099998,27.8780151012196],[-110.62965468599998,27.87466601021965],[-110.62788793599998,27.87041867221975],[-110.621302777,27.869490682219734],[-110.61955982199999,27.871293124219754],[-110.61932187599996,27.86505893621985],[-110.61327804499996,27.85964566221992],[-110.60898906699998,27.858015731219975],[-110.61251066899996,27.85863439121996],[-110.619458695,27.864832887219805],[-110.623402652,27.864725811219866],[-110.64471216999999,27.88253013921949],[-110.65722668999996,27.88987671421939],[-110.67150654199997,27.892456685219333],[-110.68013431599998,27.889832906219354],[-110.700279025,27.90033299021915],[-110.72700644300001,27.908358164219017],[-110.75779379000001,27.914669076218903],[-110.79578451799995,27.918940894218828],[-110.82502922599997,27.917140514218847],[-110.84289283799995,27.910331629218977],[-110.84806033999998,27.912689349218955],[-110.85324378999996,27.91226654221895],[-110.85398950999996,27.91384437621892],[-110.852331694,27.915264670218892],[-110.85453320199997,27.91722574721889],[-110.85445298499998,27.918042195218845],[-110.84254820199999,27.913678980218922],[-110.83032264999997,27.917884979218854],[-110.82553718199995,27.917927502218856],[-110.81444585699995,27.922885922218743],[-110.81321229999999,27.919382920218858],[-110.79958968599999,27.921304545218792],[-110.80842094999998,27.92437533921873],[-110.80971840799998,27.921474654218795],[-110.812146306,27.92325448721877],[-110.81257328999999,27.930565739218647],[-110.814827333,27.936723562218493],[-110.81714379999994,27.93859190921849],[-110.82223134999998,27.95038071621824],[-110.82823628999995,27.954336889218173],[-110.84535610599994,27.95226320021821],[-110.85406231399998,27.9468400132183],[-110.85621569299997,27.943057478218403],[-110.85280736499999,27.941911039218397],[-110.86045114599996,27.939385049218476],[-110.86086252399998,27.937938613218506],[-110.85230467299999,27.93629519821848],[-110.85526735099995,27.93495340021852],[-110.85964897599996,27.937347206218522],[-110.86135253999998,27.936397569218517],[-110.85871576999995,27.93479288921854],[-110.86092888199994,27.930108931218626],[-110.860558101,27.92440742521876],[-110.86285878999998,27.925672805218692],[-110.86222762799997,27.921666661218804],[-110.86127694899996,27.92179602021877],[-110.86140154799996,27.921048570218776],[-110.86361679299995,27.91943628921885],[-110.86239312299995,27.9215714902188],[-110.86302878199997,27.92556665021872],[-110.86798674999994,27.924527480218728],[-110.86624518099997,27.91569632121887],[-110.87380363799997,27.915284286218938],[-110.87391842899997,27.921364660218774],[-110.87608809499996,27.9199972132188],[-110.87580391799997,27.922458289218778],[-110.87653047799996,27.92195073921879],[-110.87757282899997,27.922813450218744],[-110.876141573,27.923723854218757],[-110.87757312099995,27.92433830021873],[-110.87916770899996,27.92316634921873],[-110.88008044999998,27.924269599218754],[-110.88250901299995,27.920110621218804],[-110.88325413899999,27.92443577521874],[-110.88429517599997,27.922233843218784],[-110.88619924999996,27.92233171021875],[-110.88545426699994,27.923689000218765],[-110.88967430299999,27.921488125218776],[-110.89073594599995,27.920356400218818],[-110.88997593999994,27.91367690921894],[-110.89416554899998,27.906636449219075],[-110.89923305199994,27.907864159219013],[-110.89835910899995,27.903259999219124],[-110.90068149099994,27.90316456721916],[-110.90257342899999,27.899972890219196],[-110.906884544,27.897705367219245],[-110.90673967899994,27.892723109219347],[-110.90103233899998,27.894010049219325],[-110.89942154899997,27.896799940219232],[-110.89743513999997,27.896908910219214],[-110.89865856999995,27.89404442921931],[-110.89575139999994,27.893809619219326],[-110.89445861999998,27.896855550219243],[-110.89101761999996,27.89805057921925],[-110.89149320599995,27.89924705721921],[-110.889431674,27.898736229219217],[-110.89317268899998,27.90183094921913],[-110.89021546799997,27.903021401219114],[-110.88780993999995,27.90148019921915],[-110.88597624999994,27.905585310219063],[-110.88523032799999,27.902489032219137],[-110.88226906099999,27.9040816902191],[-110.87951545899995,27.901883380219164],[-110.88114131199997,27.9004414342192],[-110.88504037799999,27.90218515121916],[-110.88650699399996,27.898788170219188],[-110.88450111099998,27.896327822219234],[-110.87990779899997,27.89705498521925],[-110.87508993899998,27.900492419219162],[-110.87327386199996,27.899068961219207],[-110.86535421999997,27.90321399921913],[-110.85690470999998,27.901339399219147],[-110.85566060699996,27.899750100219183],[-110.86698219999995,27.895336378219287],[-110.85878050899998,27.895689229219283],[-110.86527712799996,27.889679659219404],[-110.86851907999994,27.888742728219405],[-110.870064319,27.886481510219436],[-110.868631479,27.88599509021943],[-110.87010665899999,27.88637348021947],[-110.86953102899997,27.88488915021945],[-110.87085945899999,27.884118180219506],[-110.86894587199998,27.88185299221952],[-110.86592531299999,27.885123654219434],[-110.86404297899999,27.884744860219474],[-110.86387648899995,27.881223979219552],[-110.86928203199994,27.879925521219562],[-110.86712508799997,27.880156622219555],[-110.86906811999995,27.879872998219554],[-110.86764204199996,27.879899259219563],[-110.86894333799997,27.87954210221957],[-110.86761124999998,27.879538599219554],[-110.86827204699995,27.878498401219584],[-110.86667835299994,27.87885136021957],[-110.86661429099998,27.87929705021955],[-110.86609197899998,27.879398109219583],[-110.86397831299998,27.878078210219606],[-110.87059531599999,27.875796547219633],[-110.870766259,27.873208490219696],[-110.86876422799997,27.872339460219674],[-110.87075693899999,27.865492746219854],[-110.87475946499997,27.867472060219804],[-110.881237544,27.863665766219842],[-110.88060638699996,27.861063324219884],[-110.87483076899998,27.861416339219907],[-110.87583377699997,27.85129189822009],[-110.88392259899996,27.847505082220152],[-110.88422387199996,27.84388183922022],[-110.88268816999994,27.842696829220223],[-110.88382932399999,27.83928339722034],[-110.88680982699998,27.83913207422032],[-110.88832147,27.84110766522025],[-110.88987114199995,27.839455737220284],[-110.89110707699996,27.84072095722031],[-110.88766547399996,27.843007562220258],[-110.88892992999997,27.84410040822025],[-110.88768924199996,27.846046486220157],[-110.88871601899996,27.849585486220146],[-110.89405430499994,27.855990698220033],[-110.89927850599997,27.85758353621997],[-110.90309349199998,27.855752961220002],[-110.90611892799996,27.86236611421986],[-110.90299106299994,27.865030481219843],[-110.90359952299997,27.867005601219798],[-110.90645167999998,27.8677284012198],[-110.909089925,27.864925420219855],[-110.91169014099997,27.868703334219788],[-110.91578773999998,27.86968246021972],[-110.91984255599999,27.86621555721983],[-110.92602698199994,27.867661164219804],[-110.92720111999995,27.870459872219755],[-110.92472093199997,27.876256665219657],[-110.92774897199996,27.87854672321958],[-110.93141874699995,27.87826519521957],[-110.93290662199996,27.881441791219505],[-110.936429036,27.879076160219576],[-110.94132999199998,27.869789618219773],[-110.94589085899999,27.86839650821975],[-110.94736230299998,27.866431979219826],[-110.95043312499996,27.86826419521976],[-110.94945863799995,27.871668001219692],[-110.95056622599999,27.875420467219666],[-110.94855545499996,27.879013132219576],[-110.95055724999999,27.88018157921955],[-110.95156825999999,27.884775979219455],[-110.94896901799996,27.88890390121938],[-110.95153595899995,27.891101260219383],[-110.95588251999999,27.88991570921935],[-110.96209844599997,27.894605179219283],[-110.96361484299997,27.901158966219185],[-110.96224105399995,27.904397903219113],[-110.96657157899995,27.90524227921907],[-110.96415601999996,27.907070969219063],[-110.96050277499997,27.904777574219075],[-110.95540011099996,27.909102121219007],[-110.94744311399995,27.911543385218977],[-110.94575439999996,27.9156987642189],[-110.94688813199997,27.92185435421877],[-110.94957208199999,27.92625255921868],[-110.95216462199994,27.925621881218696],[-110.95106290599996,27.927834505218687],[-110.95670212,27.925319182218715],[-110.96171221699997,27.926453491218712],[-110.96332316199995,27.924848912218742],[-110.96720644299997,27.928398473218667],[-110.96996185899997,27.927416945218678],[-110.97287840999996,27.93650161121849],[-110.97992799099997,27.94667687321832],[-110.97699502299999,27.950111804218277],[-110.97763476999995,27.953113719218184],[-110.98452725199996,27.958643946218086],[-111.00284554599995,27.963320157218007],[-111.02530370499994,27.96248305721801],[-111.03427908599998,27.957646646218116],[-111.04063107699996,27.95644472621817],[-111.04003390599996,27.953563213218192],[-111.04262461499997,27.95087583121825],[-111.04496278999994,27.951873110218234],[-111.04981739799997,27.95000189321824],[-111.05100559199998,27.944608687218388],[-111.04867356399997,27.941889412218433],[-111.04880428799999,27.94049833921842],[-111.05077274899998,27.942725141218382],[-111.05498396099995,27.941805423218415],[-111.05785691599999,27.9375350332185],[-111.05788365399998,27.943193854218404],[-111.05968407799998,27.945579603218338],[-111.05758940499999,27.948003395218294],[-111.05359165299996,27.947432432218335],[-111.05368836299999,27.948539470218293],[-111.05824931399998,27.94820616421829],[-111.06205812799999,27.950700016218228],[-111.06215891799997,27.953741670218186],[-111.065409188,27.95291499321817],[-111.06640744299995,27.951684152218213],[-111.06535273799994,27.94133561021843],[-111.06375137099997,27.939973402218474],[-111.06261644999995,27.94119125321842],[-111.06064668,27.93471601321856],[-111.05747068499996,27.933348472218544],[-111.06090515799997,27.93239826921861],[-111.06005842199994,27.927316386218706],[-111.06219754199998,27.927828261218664],[-111.06376325499997,27.936188528218516],[-111.06619650199997,27.94060070221842],[-111.06753422099997,27.937232535218516],[-111.07098277699998,27.940227998218457],[-111.07729317399999,27.936023165218508],[-111.08491972299998,27.939060005218444],[-111.08968222899995,27.93710982421851],[-111.08877250999996,27.939785475218457],[-111.09144633399995,27.94103542821844],[-111.09373110399999,27.94024217121847],[-111.09324088999995,27.937155494218526],[-111.09540080499995,27.937798558218486],[-111.09608116199998,27.935551753218537],[-111.09731709799996,27.93677227721849],[-111.10571610399997,27.93606358821854],[-111.10310756999996,27.938680470218483],[-111.10267790799999,27.94207128921842],[-111.10111997199999,27.942160800218414],[-111.10406720199997,27.944746040218334],[-111.09617326299997,27.944856273218377],[-111.09586184799997,27.946236397218332],[-111.09390936399996,27.944449462218394],[-111.09231206599998,27.94619227221834],[-111.09128894499997,27.945137103218322],[-111.09075416599997,27.94670395921831],[-111.09216149799994,27.946344280218323],[-111.09191285499999,27.948399391218306],[-111.09254917099997,27.947233787218323],[-111.09246803399999,27.94840177621832],[-111.09295864499997,27.948391518218287],[-111.09345819699996,27.945525776218354],[-111.09465270699997,27.94559167621833],[-111.09477035899995,27.95344301821822],[-111.09941462099995,27.961302816218055],[-111.10655608999997,27.965028570217996],[-111.11323688699997,27.966095503217982],[-111.11691616799999,27.960480921218068],[-111.114705745,27.96542794021796],[-111.11494817899995,27.970151173217857],[-111.11763947199996,27.975130515217785],[-111.12293139199994,27.97886150921774],[-111.12634254599999,27.979389218217715],[-111.13159407899998,27.974754552217775],[-111.13489545099999,27.97756623121777],[-111.13292746299999,27.978753222217748],[-111.13320198199995,27.981051604217708],[-111.13785099799999,27.98487688421763],[-111.14208645099997,27.985947309217575],[-111.14805458899998,27.98354513521762],[-111.15116700499999,27.987064947217593],[-111.15790878999996,27.98732939921759],[-111.15875017699994,27.989013700217516],[-111.16109607399996,27.988544617217553],[-111.16168433299998,27.990310752217543],[-111.16505344199999,27.989574079217554],[-111.16789846899997,27.993959412217432],[-111.17376910899998,27.99151476721751],[-111.175719315,27.9966672532174],[-111.18243451099994,28.00549935921724],[-111.18389359799994,28.01311458621712],[-111.188093822,28.017705994216982],[-111.18869058999996,28.020649864216963],[-111.19148169799998,28.022852768216925],[-111.197336647,28.022529399216932],[-111.19893421799998,28.02620566821684],[-111.20659436999995,28.031084514216758],[-111.20669145199999,28.035314243216696],[-111.21172067999998,28.041712138216546],[-111.23122336899998,28.04943261221646],[-111.23631018099998,28.047675143216455],[-111.23967771299999,28.0503105152164],[-111.242085886,28.04969376821642],[-111.237696256,28.052898664216368],[-111.23951606799996,28.0561061782163],[-111.24301102099999,28.058080178216283],[-111.24780563399997,28.057661393216264],[-111.24740199899998,28.054124880216353],[-111.25095326499996,28.052082430216366],[-111.255251377,28.054439352216363],[-111.25544696899999,28.056556597216307],[-111.25178212199995,28.057621643216283],[-111.25208907399997,28.063530797216178],[-111.25559116499996,28.063206714216175],[-111.25353388199994,28.064644385216162],[-111.25509576099995,28.066009244216104],[-111.258950488,28.064681504216168],[-111.25638780699995,28.066558899216144],[-111.25652971899996,28.069174783216067],[-111.26115491499996,28.07049681221603],[-111.25953164699997,28.072208596216008],[-111.26197868499999,28.07384614121597],[-111.26597189599994,28.074480981215988],[-111.26463892199996,28.076059516215928],[-111.26655771999998,28.07808753021591],[-111.27279595199998,28.078263373215933],[-111.27289303399999,28.08018217021587],[-111.27737127499995,28.081112634215874],[-111.27368096899995,28.083454976215794],[-111.277440518,28.08490359221576],[-111.27262068099999,28.08755145621576],[-111.27316700599994,28.089932820215683],[-111.27522095699999,28.091394761215668],[-111.280575695,28.089632056215724],[-111.28228279899997,28.0904456262157],[-111.28077590899994,28.09303307521563],[-111.28231131999996,28.096719138215587],[-111.28483072499996,28.09789747821553],[-111.28307664899995,28.098731952215513],[-111.28486399999998,28.100291857215502],[-111.28337493699996,28.103800512215454],[-111.28735607199998,28.10583415821539],[-111.28560793799994,28.110001964215314],[-111.28685881799998,28.111274582215316],[-111.28486007099997,28.11273795021527],[-111.29144735099999,28.11586233421521],[-111.28939379799999,28.118525684215182],[-111.29174326199997,28.122094532215094],[-111.29501254699994,28.12355662521506],[-111.29339394799996,28.12661280721502],[-111.29493767699995,28.126678834215028],[-111.29363281599997,28.128175450215],[-111.295431276,28.128824852214958],[-111.29368272899997,28.13094224821494],[-111.29776124499995,28.130246104214937],[-111.29690922999998,28.133759278214903],[-111.29809287599994,28.134397501214895],[-111.30115537899998,28.131206348214917],[-111.30285134999998,28.13391304921489],[-111.30139068199999,28.136151808214866],[-111.30617517499996,28.136610816214866],[-111.30945159,28.14033939521477],[-111.31458903699996,28.140157056214797],[-111.31592955099997,28.141898694214753],[-111.31482077499999,28.144709149214677],[-111.311241318,28.145850285214664],[-111.31526285899997,28.14681222621465],[-111.31407564899996,28.14856947421461],[-111.31689928399999,28.150898804214584],[-111.32001883099998,28.149999770214617],[-111.31906758899999,28.15254149621457],[-111.32132012699999,28.15354556721451],[-111.32075682599998,28.1549066442145],[-111.32291733499996,28.154661462214477],[-111.328617164,28.158762232214436],[-111.33074294,28.157971361214468],[-111.32940955699998,28.160564514214386],[-111.33292840499996,28.16420111021436],[-111.33133788599997,28.165291872214326],[-111.33134811499997,28.167743204214304],[-111.33425327799995,28.17252166921418],[-111.333545664,28.178315996214053],[-111.33150993699996,28.181418801214026],[-111.33265079999997,28.190931343213833],[-111.33636906799995,28.199376777213683],[-111.34248052099997,28.20128928321364],[-111.34074783499996,28.204261556213595],[-111.343678427,28.20930731921351],[-111.34972143399996,28.21330040321344],[-111.35203861299999,28.213194136213467],[-111.35284810999998,28.211252042213488],[-111.35473766399998,28.213510892213424],[-111.35394262699998,28.214616737213447],[-111.35729034499998,28.216448268213398],[-111.35676982599995,28.217836818213367],[-111.35873068399998,28.219429544213305],[-111.36173614399998,28.219655728213343],[-111.36155788399998,28.218216938213356],[-111.36841019099997,28.220051549213323],[-111.37401111299994,28.216903790213372],[-111.37711059999998,28.21880251921334],[-111.37539440899998,28.22200864121328],[-111.37977959899996,28.223623294213247],[-111.37645282199998,28.22554373521324],[-111.37926621199995,28.227911116213193],[-111.37733744099997,28.23021673121313],[-111.37562971199998,28.22872154221318],[-111.374189373,28.229673314213166],[-111.37340146499997,28.23407397021305],[-111.37598801999998,28.23510605921307],[-111.37563327699996,28.24013596021298],[-111.37956212299997,28.242915566212915],[-111.37926264699996,28.244913069212867],[-111.38234654099995,28.243418086212905],[-111.38871754599997,28.249105818212826],[-111.38696581999996,28.254116489212713],[-111.38876389399996,28.25541190521268],[-111.385819042,28.25662722821266],[-111.38564165999998,28.258776635212612],[-111.39042052199994,28.270816491212397],[-111.39968527799999,28.276183551212327],[-111.40842253299996,28.27306152121233],[-111.40886105199996,28.277855993212263],[-111.413574241,28.280147969212216],[-111.41205903299999,28.28225466021217],[-111.41368772,28.28554396921212],[-111.418544124,28.2878681122121],[-111.42536077899996,28.286725353212113],[-111.42643033699996,28.289045393212046],[-111.42506130199996,28.291503513212025],[-111.42703285599998,28.294143652211968],[-111.43276212499995,28.293726131212004],[-111.43626314799997,28.297898125211926],[-111.43581036799999,28.299756478211876],[-111.44165015899996,28.302572196211848],[-111.44173913499998,28.30499456121177],[-111.44608526199994,28.30684742621173],[-111.44808533699995,28.305218339211795],[-111.450092543,28.306112928211757],[-111.45165053299996,28.308325825211707],[-111.44992141299998,28.310168301211707],[-111.45140453499994,28.313263088211603],[-111.45496259999999,28.313256810211595],[-111.45727284699996,28.31595604421159],[-111.45361077999996,28.320350909211506],[-111.45296609099996,28.325233351211416],[-111.45644300499998,28.33221830221128],[-111.46131221399997,28.336138486211187],[-111.45975002399996,28.33657919921122],[-111.45982196199999,28.338366448211154],[-111.46214290499995,28.341262729211117],[-111.46000419999996,28.34133122921111],[-111.45765472000001,28.344259949211057],[-111.45682006699997,28.354381296210875],[-111.45965161999999,28.36196208921077],[-111.46859128999996,28.37194493921057],[-111.488760346,28.38523973921031],[-111.498500461,28.38928268321029],[-111.50148096499998,28.388686758210273],[-111.50169844199996,28.39063134221023],[-111.50501959999997,28.39263216921022],[-111.53680650999996,28.40385356621],[-111.55520292099999,28.40790416220993],[-111.55992086399999,28.407648064209916],[-111.56153859999996,28.4097160892099],[-111.58191682999997,28.41510539920982],[-111.62871606799997,28.434824904209414],[-111.64451368999994,28.44352625920928],[-111.71008715199997,28.456941397209008],[-111.71182709099999,28.482344297208584],[-111.71378502999995,28.489587413208433],[-111.71650646199998,28.49156931120839],[-111.71573230999996,28.49461253920835],[-111.72654628,28.512019059208065],[-111.73723448,28.521853379207855],[-111.74145154999998,28.536259119207635],[-111.74842605699996,28.549778534207356],[-111.75331594999994,28.566249479207098],[-111.76174681699996,28.57795775920689],[-111.76406151999998,28.591047829206634],[-111.77165124999999,28.60092196920646],[-111.77442405,28.607132779206335],[-111.79700313999996,28.626351889205992],[-111.84545196399995,28.65456855420549],[-111.86572129099994,28.66806635420528],[-111.87779542099999,28.679193642205096],[-111.88526807199999,28.68952744720487],[-111.90818515099996,28.702432846204676],[-111.90625417999996,28.70661741920457],[-111.909340274,28.704171514204624],[-111.90669965299999,28.706577248204614],[-111.90925708599997,28.710296228204513],[-111.925539336,28.71865407220436],[-111.92346468899996,28.721669934204357],[-111.92504367999999,28.72496530920428],[-111.92462337799998,28.729470385204188],[-111.93356013599998,28.738327908204063],[-111.93209504999999,28.739625459204024],[-111.93294335699994,28.742189553203954],[-111.93878314799997,28.745724927203913],[-111.93960314299996,28.748359969203825],[-111.946819099,28.75221395020377],[-111.95219897999999,28.759099499203657],[-111.948858391,28.758752576203655],[-111.94457659099999,28.76391255120359],[-111.94112904699995,28.761827964203626],[-111.93499334399996,28.763731284203583],[-111.93138536599999,28.761864427203577],[-111.92152284599997,28.766633598203526],[-111.90056852599999,28.787117096203193],[-111.89967485099999,28.784446578203244],[-111.90479859099997,28.78081059120324],[-111.905459975,28.777901228203334],[-111.90461858799995,28.776980430203317],[-111.90227255499998,28.776396453203372],[-111.90194514199999,28.778157254203318],[-111.90472316699999,28.777442913203338],[-111.90449263199997,28.779976789203275],[-111.90264141199998,28.78107610020327],[-111.90257240699998,28.780776287203253],[-111.90332193699999,28.78030277520328],[-111.90356226299997,28.779760258203297],[-111.90330052199995,28.779541347203324],[-111.90274372799996,28.779534209203312],[-111.90149629599995,28.78240383920322],[-111.89968911099999,28.78048441920328],[-111.90023577399995,28.782509264203245],[-111.89879068099998,28.78249676520326],[-111.89439360599995,28.774651315203403],[-111.89071907799998,28.773851321203384],[-111.88854193199995,28.75963373820364],[-111.88417337799996,28.7554330972037],[-111.88524769099996,28.754245385203724],[-111.88116435299997,28.74664787620387],[-111.87647336799996,28.74382039420394],[-111.87559772699996,28.745029161203888],[-111.87818384899998,28.746772908203898],[-111.87828842799996,28.749494402203798],[-111.87615406399999,28.749740292203832],[-111.87263165099995,28.74690627620387],[-111.86402764399999,28.756174889203724],[-111.85766733499997,28.7575417732037],[-111.85399755999998,28.760121302203654],[-111.85385970599998,28.767596990203522],[-111.86050959399996,28.771580118203474],[-111.85915982099999,28.774563249203347],[-111.86099485099999,28.777126258203346],[-111.86034836199997,28.778547032203317],[-111.86196458399996,28.777751234203315],[-111.86490580299994,28.779455777203317],[-111.85754611799997,28.780897932203274],[-111.856248387,28.78551312720319],[-111.85850872099996,28.785672483203168],[-111.85498987299998,28.790050004203138],[-111.84901797199996,28.790491079203093],[-111.84969892399994,28.7914096752031],[-111.84713911299998,28.79267819920308],[-111.84423347899998,28.792203285203097],[-111.84659007299996,28.795190206203053],[-111.84438678199996,28.797664661202976],[-111.84662572499997,28.797592803202964],[-111.84420852199997,28.79865192720294],[-111.84426913099998,28.803928644202852],[-111.84818015099997,28.80028589520293],[-111.84764893599998,28.798458224202967],[-111.84837980199997,28.80022028720293],[-111.85113569799996,28.799495470202945],[-111.849149884,28.799167426202942],[-111.85175604199999,28.797536566202997],[-111.85247264599997,28.79911431420296],[-111.85267942799999,28.797605300202967],[-111.85434080899995,28.79798958520295],[-111.85235142999994,28.797042928202988],[-111.85418156399999,28.795708846203027],[-111.85891430399994,28.79483424620301],[-111.85781206399999,28.796107415203],[-111.86307072799997,28.793061157203077],[-111.85864691399996,28.796276649202994],[-111.87392674999995,28.797937730202978],[-111.88258720500001,28.792722678203088],[-111.88924817899999,28.79339442720306],[-111.89068019999998,28.795144078203045],[-111.88862129899996,28.798546961202945],[-111.88483624899999,28.79909630620298],[-111.88597116999996,28.798442819202968],[-111.88577508399999,28.796870267203015],[-111.88277140699995,28.799520680202935],[-111.88268821899999,28.807718830202795],[-111.88206133899996,28.80900746120279],[-111.88084620099994,28.810137278202763],[-111.88144039999999,28.80652650720282],[-111.87488935299996,28.801979933202883],[-111.87794116099998,28.80118327220291],[-111.87479665799998,28.801601910202898],[-111.87522448099999,28.80412619820287],[-111.87676108099998,28.80376380420289],[-111.87747412,28.805353955202825],[-111.87357022999998,28.810849005202762],[-111.875384915,28.814244606202667],[-111.87708194799995,28.812745182202733],[-111.88946387399996,28.815962670202687],[-111.89080438699996,28.821463407202558],[-111.88996656599996,28.82221305920251],[-111.88963856799995,28.820257705202597],[-111.88939257,28.821850728202563],[-111.88910378899999,28.822272406202565],[-111.88866170499995,28.822303642202556],[-111.88951378699994,28.820160874202593],[-111.88781318799995,28.820466986202554],[-111.88573467899995,28.822903359202538],[-111.88654041299999,28.822678465202557],[-111.88846346599996,28.823156548202515],[-111.88635260699999,28.824097625202484],[-111.88667945599997,28.825408390202494],[-111.90131101999998,28.821572732202554],[-111.89896155599997,28.821500890202532],[-111.89705774099997,28.815515976202683],[-111.897777911,28.815319181202668],[-111.89800608299998,28.815072404202642],[-111.896451658,28.815119261202685],[-111.89507905699998,28.8117580502027],[-111.892433682,28.81127697520274],[-111.892474603,28.805352945202827],[-111.89664417799997,28.79919628220298],[-111.89891520799996,28.79981175320296],[-111.90030563499994,28.79794345820299],[-111.900070332,28.800733391202925],[-111.90143580199998,28.80052094620293],[-111.90098302199999,28.79824338720298],[-111.90006320099998,28.79748106620297],[-111.90190284199997,28.798296500202948],[-111.90116841199995,28.797431077202972],[-111.90546090799995,28.796371940203024],[-111.90792445799997,28.79728111220299],[-111.90975696899994,28.801105168202916],[-111.90673011799998,28.803873148202847],[-111.90551082099996,28.802486043202876],[-111.90280483699998,28.803417030202862],[-111.90303300899996,28.805491413202866],[-111.90490782199998,28.803618913202847],[-111.90435578699999,28.809259187202777],[-111.90289396699995,28.80823740820282],[-111.90329326899996,28.81079277520272],[-111.90080476199995,28.810805270202742],[-111.89980650700001,28.81258586720271],[-111.89842677599995,28.810989579202758],[-111.89788129999994,28.81300445920272],[-111.89855155799997,28.811842394202714],[-111.89988137599994,28.81350739220271],[-111.90183082199997,28.812708216202743],[-111.90118265699999,28.815149067202658],[-111.90256750299996,28.81410115220266],[-111.902985813,28.816334038202623],[-111.90411510499996,28.815368929202656],[-111.90567838499999,28.816440599202668],[-111.90615929999996,28.81295520420269],[-111.91323248599998,28.81106115320277],[-111.913281027,28.813542455202704],[-111.91880565899999,28.816211496202648],[-111.91297883499999,28.819065422202584],[-111.91259129999997,28.82202877020257],[-111.91470902599997,28.82056069420256],[-111.919361607,28.82107608520258],[-111.92298741099995,28.817396451202605],[-111.92450974999997,28.818071164202603],[-111.92710164699997,28.813248117202697],[-111.91503345899997,28.79725924220299],[-111.91626701699995,28.794737911203043],[-111.91225478499996,28.791555699203098],[-111.91471476999999,28.790024704203127],[-111.91843683499997,28.79303043320306],[-111.92536044499997,28.804633860202877],[-111.93805244999999,28.818320549202628],[-111.95205509,28.824965509202467],[-111.96184091999999,28.83650605920228],[-111.96981247999999,28.842050749202205],[-111.99248028899996,28.85149284620202],[-112.03099153499994,28.859143082201886],[-112.03249248299994,28.863480047201815],[-112.03115252599997,28.869879701201697],[-112.03405760399995,28.87243441820168],[-112.03256967999995,28.875290139201624],[-112.03456172299998,28.880122161201545],[-112.04390467499996,28.88463460020147],[-112.04974090099995,28.88554612220142],[-112.05170802999999,28.88965082920136],[-112.05146999999994,28.891639679201297],[-112.04775733999998,28.894615919201257],[-112.04767308699998,28.89884968720119],[-112.06144543899995,28.910282149201006],[-112.07017290999994,28.91316748920093],[-112.07347797499995,28.919269932200848],[-112.08626989799995,28.925189585200737],[-112.08528114999997,28.92775247920068],[-112.09154163399997,28.93629361320058],[-112.09550137799994,28.949904721200305],[-112.101999542,28.95530790220022],[-112.11396433999995,28.960993623200093],[-112.12659463999996,28.962278794200074],[-112.15723631099998,28.9618805592001],[-112.16662703699996,28.964556918200067],[-112.17133309599997,28.967772825199987],[-112.17317273699997,28.97155006119994],[-112.15319914999998,28.98438431919971],[-112.15043856099999,28.988546045199644],[-112.15044401899998,28.993703590199534],[-112.15348213999994,29.002208349199396],[-112.16011870999995,29.012229749199246],[-112.161443208,29.0131699731992],[-112.16672270299996,29.009568693199277],[-112.16383054999994,29.016759259199148],[-112.16795626099997,29.025163261198973],[-112.16610745999998,29.033984479198864],[-112.16684927199998,29.03964094119875],[-112.17226301799998,29.048080071198623],[-112.16872484899994,29.061344371198377],[-112.17070146199995,29.071727176198202],[-112.17275501499995,29.074226197198165],[-112.17686925099997,29.075460105198104],[-112.18794274899994,29.072718067198142],[-112.16927538299997,29.10424710419764],[-112.16526097299999,29.114189834197447],[-112.17010250899995,29.122381273197345],[-112.17491552299998,29.136669568197046],[-112.17713307499999,29.137940096197063],[-112.18448450899996,29.152188865196816],[-112.20052789099998,29.15699613319671],[-112.19501609799994,29.163727176196588],[-112.19428902099997,29.167376994196527],[-112.19429268,29.169382509196492],[-112.19945673199999,29.17622590419634],[-112.20446386699996,29.178906206196356],[-112.21610779599997,29.17918635519635],[-112.22478548399994,29.177380933196346],[-112.226753472,29.173925639196426],[-112.22599933599999,29.17730001219634],[-112.22982667099997,29.178513995196337],[-112.22626364999996,29.191107059196106],[-112.21674885,29.2080879991958],[-112.21663587999996,29.214030509195727],[-112.21066807899996,29.231993767195416],[-112.20899879599995,29.24220057519527],[-112.21180817099997,29.263084732194848],[-112.21602936299996,29.273920169194703],[-112.22512774299999,29.288454769194452],[-112.23183744099998,29.305039225194186],[-112.24023704299998,29.31585777819398],[-112.25710754999996,29.32721602419377],[-112.27489324799997,29.33138968519374],[-112.29113628099998,29.331041572193723],[-112.31770887399996,29.32588605419382],[-112.34084608999997,29.318138879193942],[-112.34624774999997,29.313561219194025],[-112.34141430999995,29.30946177919408],[-112.33899433999994,29.30076176919426],[-112.33379999999995,29.293999999194344],[-112.33489999999995,29.29179999919436],[-112.33806482999996,29.293276629194356],[-112.34116445999996,29.302894479194226],[-112.35297882999998,29.32101424919391],[-112.39452237999996,29.33260674919365],[-112.40125636599998,29.33612212619365],[-112.41036831499999,29.34515595119346],[-112.41407528999997,29.355029249193283],[-112.41438953999996,29.363874889193134],[-112.41708131999997,29.36750731919312],[-112.41712356999994,29.370557689193053],[-112.42148637999999,29.376055569192964],[-112.41858787499997,29.383235082192833],[-112.39566128899997,29.41992315019218],[-112.38266847999995,29.448725029191714],[-112.37809968999994,29.4670771091914],[-112.37811677999997,29.478861749191232],[-112.38081256699998,29.48671737519108],[-112.39103235199998,29.500815681190826],[-112.39485138699996,29.50284417219078],[-112.40193028399995,29.50227310119082],[-112.41233447699996,29.50585419019072],[-112.41629033099998,29.510595266190656],[-112.41952044899995,29.51107710719065],[-112.42126935299996,29.51400979319061],[-112.42887173099997,29.519173223190514],[-112.42825307099999,29.52893496219035],[-112.432042363,29.533051429190287],[-112.42886578199996,29.546269335190026],[-112.43628970099998,29.559713290189823],[-112.44547951199996,29.569023797189672],[-112.45237875899994,29.572207516189614],[-112.46094124999998,29.58138569218949],[-112.47633636199998,29.5897048821893],[-112.48390602299997,29.603139914189093],[-112.492225213,29.608178423189038],[-112.49514005299994,29.614843888188908],[-112.50689161599996,29.620408852188827],[-112.50867918599995,29.630700021188634],[-112.52253954599996,29.648453775188344],[-112.52285694999996,29.657777819188173],[-112.52627232599998,29.665921993188032],[-112.535174484,29.673652267187933],[-112.53887157199995,29.683699541187746],[-112.54406177099997,29.689692808187665],[-112.55251480599998,29.697000728187504],[-112.56000713399999,29.69623930018753],[-112.58047759799996,29.71150711218728],[-112.58312236899997,29.723945744187066],[-112.58527459099997,29.725719632187037],[-112.58684503499997,29.731276863186952],[-112.58667014599996,29.739114808186834],[-112.58838335699996,29.74121706218682],[-112.58989312499995,29.740596023186814],[-112.59290195299997,29.748498213186668],[-112.60025805699998,29.754444486186575],[-112.60001892099997,29.761789882186463],[-112.60558685999996,29.767386374186355],[-112.60423770499996,29.771537344186303],[-112.60674327799995,29.77561693018622],[-112.60662549499996,29.779361011186147],[-112.61460977599995,29.787148987186036],[-112.61975654999999,29.794726381185917],[-112.62352204699995,29.796914295185882],[-112.62542085699994,29.801407907185784],[-112.628476085,29.801825503185803],[-112.62934603999997,29.809469345185672],[-112.634280865,29.814862133185585],[-112.641666763,29.818940043185485],[-112.64378508299995,29.824146740185398],[-112.65180677399997,29.834476849185222],[-112.64973759999998,29.84880490918502],[-112.65092831299997,29.86242210718476],[-112.65480843399997,29.874051831184616],[-112.66541786399996,29.89113584418432],[-112.67397730500001,29.899187396184168],[-112.68393905599999,29.904325522184095],[-112.68873642899996,29.904912819184062],[-112.68866547899997,29.902710460184096],[-112.690579234,29.90343699318411],[-112.69090901399996,29.901307066184142],[-112.69230024299999,29.902823898184113],[-112.69747501999996,29.895764600184222],[-112.698403,29.896359119184222],[-112.692298168,29.903136630184104],[-112.69491702899997,29.90466350918405],[-112.694163539,29.906251879184058],[-112.69571537999998,29.90510158018407],[-112.70412816699996,29.909675073183987],[-112.71288428799996,29.91039512318398],[-112.73057478999999,29.902879147184127],[-112.73791552799997,29.90426062118406],[-112.74704242999996,29.91435994318393],[-112.74770555599999,29.9216340351838],[-112.738487148,29.942845555183464],[-112.74174573699997,29.950343068183308],[-112.74227125999995,29.958503259183175],[-112.73434402,29.98493139918274],[-112.73310210999996,30.00055257918247],[-112.738492104,30.00508324718243],[-112.738366134,30.016373712182247],[-112.74322684199997,30.02795426818208],[-112.74448410999999,30.03606630918189],[-112.75735072199996,30.052325961181655],[-112.76159330599995,30.062748110181495],[-112.76026394999997,30.081818249181133],[-112.75366734,30.114269919180604],[-112.75448934999997,30.127346549180395],[-112.75244065999999,30.16218019917982],[-112.75466828999998,30.18147699917952],[-112.76150239900001,30.201693746179185],[-112.76598979199997,30.207108391179137],[-112.77361455799996,30.22231135117891],[-112.77894333699999,30.228501130178746],[-112.80210272299996,30.252435051178406],[-112.81786972199997,30.263851596178185],[-112.82686432399998,30.268074460178102],[-112.83900867999996,30.270935889178066],[-112.85176961999998,30.269937859178082],[-112.85730631699995,30.26306841317819],[-112.85966273899999,30.268110249178147],[-112.86471838599999,30.268279738178112],[-112.85800016999997,30.27192596917806],[-112.85109570999998,30.284694659177887],[-112.84686597999998,30.3062024191775],[-112.84634163399996,30.333422353177077],[-112.84699015599995,30.349644745176786],[-112.85188402499996,30.37858396217634],[-112.85710431599996,30.39539222817606],[-112.86611831899995,30.41575084117578],[-112.87715260099999,30.43343805817545],[-112.89268262999997,30.451080259175168],[-112.89713200399996,30.458344986175053],[-112.948287258,30.507475127174306],[-112.97402334099996,30.528492593173965],[-112.97742217399998,30.530345645173927],[-112.97868488499995,30.529274223173957],[-112.97803468299998,30.530572915173916],[-112.98078414999998,30.534521079173864],[-112.97990048999998,30.539448689173767],[-112.98176892,30.53804151917378],[-112.98032844999994,30.54190193917375],[-112.98440911999995,30.53487214917387],[-112.98578048999997,30.534794519173843],[-112.99836999099996,30.548306434173615],[-113.01075252,30.5690999791733],[-113.03976171999996,30.607199799172705],[-113.084907532,30.679831452171594],[-113.095099238,30.709327708171084],[-113.10437382599999,30.756326139170362],[-113.11798611999996,30.792645909169774],[-113.12716696999998,30.8120417691695],[-113.12649807999998,30.817156889169397],[-113.11686119399997,30.829753313169228],[-113.11147290999999,30.843660629168983],[-113.10106193999997,30.89088570916829],[-113.09778979999999,30.918924309167853],[-113.09645501999995,30.97004785916706],[-113.10062901999999,30.989696429166713],[-113.12454857999995,31.045805089165857],[-113.12841145,31.058908779165634],[-113.12594434,31.063160999165575],[-113.12059999999997,31.064699999165597],[-113.11789999999996,31.060099999165633],[-113.12149061999997,31.046805449165884],[-113.11718547099998,31.038931776165988],[-113.11706425499995,31.035339356166034],[-113.11053281499994,31.025923886166133],[-113.10734033999995,31.01723045916632],[-113.10297382999994,31.015743199166312],[-113.10404101999995,31.012927629166366],[-113.09938597999998,31.009462879166435],[-113.09756496999995,31.001396419166547],[-113.09194230999998,30.99526765916661],[-113.09024497999998,31.004977849166483],[-113.08480125999996,31.012512219166393],[-113.07737190999997,31.015326339166332],[-113.06835744999995,31.024281689166205],[-113.06204836999996,31.033436169166066],[-113.06062885999995,31.04258970916594],[-113.06181381999994,31.04410861916587],[-113.05883106,31.06048094916564],[-113.05895567999994,31.07234988916548],[-113.06883219999999,31.094562349165113],[-113.07546885000001,31.125241249164638],[-113.07800962999994,31.134504479164487],[-113.08095657999996,31.13881236916442],[-113.07982322999999,31.141674819164397],[-113.08075727999994,31.147904429164274],[-113.07750767999994,31.151666889164243],[-113.08955088999994,31.155670339164146],[-113.09818994999996,31.174784219163886],[-113.09847942,31.180946319163777],[-113.10150925999996,31.189443849163645],[-113.11027362999994,31.199616179163545],[-113.11645507999998,31.201589739163456],[-113.11629356999998,31.19642699916354],[-113.12040179999997,31.19166751916365],[-113.18907954999997,31.222760679163173],[-113.20246095,31.231353979163025],[-113.20630231999996,31.236122659162948],[-113.20715351999996,31.240528539162906],[-113.22087702,31.24122865916289],[-113.22873181999995,31.239150629162893],[-113.25511016999997,31.240536649162863],[-113.35636405999999,31.26547786316251],[-113.42117961799995,31.27589611016237],[-113.42969685999999,31.279093779162306],[-113.43249001199996,31.283992944162257],[-113.43775234999998,31.283867719162235],[-113.44168908999997,31.28117888916224],[-113.44657609299998,31.280820963162263],[-113.53694905599997,31.296014793162016],[-113.54540570099999,31.296273740162047],[-113.55287548299998,31.303542873161955],[-113.55211587999999,31.30669814916189],[-113.55052175699997,31.305031830161926],[-113.54376476899995,31.30394410916191],[-113.54363873899996,31.308284660161895],[-113.545544743,31.307962181161862],[-113.54659763699999,31.30555248316189],[-113.54859346099994,31.30606741416187],[-113.54920221899994,31.312106619161824],[-113.55840457899997,31.317765170161756],[-113.57210994599996,31.32166534316166],[-113.59911031999998,31.32567056016158],[-113.60211893899998,31.32554669016162],[-113.60284907199997,31.320844169161656],[-113.60299183799998,31.325745859161586],[-113.61522226799998,31.325888627161564],[-113.62461294999999,31.327994489161547],[-113.63034877999996,31.333024429161455],[-113.63646417999996,31.335745679161473],[-113.63651397999996,31.338526549161404],[-113.64389477399999,31.34323489716134],[-113.63697054199997,31.34613784016127],[-113.63067564399995,31.340737367161392],[-113.62678991199999,31.3398149701614],[-113.62332497999995,31.341247949161335],[-113.61854259199998,31.340160526161355],[-113.61669753499997,31.34223552416134],[-113.61227574099996,31.343359878161326],[-113.61324731599996,31.344448422161335],[-113.61158169299995,31.34463877916129],[-113.60915087999996,31.356440259161133],[-113.60916021599996,31.364123897161026],[-113.61133997999998,31.37144711916089],[-113.615183921,31.372847482160882],[-113.61491742199998,31.375121057160854],[-113.61262904999995,31.375183225160843],[-113.61197841299999,31.37718212116086],[-113.61825699499998,31.389395444160645],[-113.61664028999996,31.391958859160603],[-113.62043281799998,31.40212446416043],[-113.62523227399998,31.410715246160308],[-113.62729299799999,31.411098508160315],[-113.62762612299998,31.412814099160272],[-113.62605288199995,31.412079516160293],[-113.63580871,31.42982025916002],[-113.63725183599998,31.439440466159887],[-113.63121685999994,31.444914379159815],[-113.62940459,31.452004952159673],[-113.63320181899996,31.463404674159523],[-113.63241659699999,31.46601018415953],[-113.64102729399997,31.481154122159275],[-113.66435608899997,31.504143249158897],[-113.68041408599998,31.51484334315876],[-113.7144042,31.5309063691585],[-113.76332790999999,31.550623029158228],[-113.76959983599994,31.554554030158187],[-113.76730960499998,31.55632791915815],[-113.76876292899999,31.5582567131581],[-113.77283981999994,31.557391679158094],[-113.77863614999995,31.560343519158096],[-113.77666668999997,31.564539659158005],[-113.78805877999997,31.56634774915798],[-113.80139341999995,31.56470534915803],[-113.81007497999997,31.566995779158006],[-113.84142673999999,31.584204549157736],[-113.85247933999995,31.595398689157534],[-113.85645592799996,31.593681266157613],[-113.85633166199996,31.595044759157584],[-113.86957890999999,31.587594819157683],[-113.87367013799998,31.588559476157663],[-113.87696852,31.591831979157625],[-113.87787468399995,31.59820973515753],[-113.89754968999996,31.606855119157377],[-113.91426677,31.604484739157417],[-113.91619999999995,31.59899999915751],[-113.91999999999996,31.598299999157522],[-113.92479999999996,31.601699999157475],[-113.93439999999998,31.603099999157443],[-113.94369999999999,31.608899999157362],[-113.94960922999998,31.61004162915738],[-113.95990785,31.61704721915727],[-113.96543641999996,31.628387079157072],[-113.97941097999997,31.63142871915702],[-113.98069733999995,31.625538889157095],[-113.97829999999999,31.618799999157254],[-113.97819999999996,31.613099999157285],[-113.97659999999996,31.60749999915741],[-113.97159999999997,31.59979999915752],[-113.9715,31.598499999157532],[-113.97289999999998,31.598699999157535],[-113.97209999999997,31.59429999915756],[-113.97459999999997,31.591999999157604],[-113.97269999999999,31.58549999915768],[-113.97429999999997,31.58429999915771],[-113.97369999999995,31.578299999157842],[-113.9681,31.578699999157784],[-113.96149999999996,31.576899999157817],[-113.96059999999996,31.569999999157943],[-113.95840000099999,31.566899999157975],[-113.96147385999997,31.56534351915802],[-113.96111102999998,31.564267229158016],[-113.95619999999997,31.562399999158025],[-113.97116953899997,31.55506407115815],[-113.97972932999994,31.54739393915829],[-113.98113267999997,31.543673119158335],[-113.97745373299995,31.54222063415834],[-113.97765717699998,31.53963297015841],[-113.98151393699999,31.537515352158444],[-113.981322391,31.53475132115846],[-113.986835602,31.529487954158533],[-114.00621511099996,31.523787489158654],[-114.01110951999999,31.527553819158566],[-114.01124633999997,31.529727339158576],[-114.01635020799995,31.532317789158487],[-114.01975222199997,31.529924293158558],[-114.02248130699996,31.52162694815866],[-114.01855378499994,31.521549518158682],[-114.0185752,31.5171945091587],[-114.02486062599996,31.503606161158924],[-114.02259537899994,31.498109606159012],[-114.02302844099997,31.495019876159077],[-114.02589999999998,31.49219999915906],[-114.03747295899997,31.490605381159142],[-114.09742347899999,31.493056226159112],[-114.13632766599996,31.49201521115912],[-114.16990781,31.497993607159035],[-114.20307590999994,31.510889493158796],[-114.22870104099998,31.528211560158557],[-114.28270933099999,31.546150725158334],[-114.29708365499994,31.55533663515817],[-114.29346092599997,31.556660805158117],[-114.29548465699999,31.555619790158143],[-114.29058772699996,31.554961869158166],[-114.30147613999998,31.56227494515808],[-114.31159462999996,31.573938779157903],[-114.32674730999997,31.58315833915777],[-114.32871739999997,31.58541877215772],[-114.32755146399997,31.589291345157637],[-114.32756811999997,31.5863848331577],[-114.32488972499999,31.58350765615774],[-114.32731277099998,31.589492697157677],[-114.32881733699998,31.591415014157626],[-114.327476511,31.590657155157665],[-114.32703512099994,31.592630918157614],[-114.32850919699997,31.59205627815765],[-114.32943361699996,31.592772496157618],[-114.33235678499994,31.59676999115757],[-114.34485728399994,31.602974435157485],[-114.36577922099998,31.60862084115738],[-114.36473225799995,31.60914432315737],[-114.36969343399994,31.611214454157317],[-114.37632023299996,31.617329669157247],[-114.39515366799998,31.6274185831571],[-114.39231021099994,31.627204432157082],[-114.41200025099995,31.63223699215702],[-114.42205347199996,31.636638995156954],[-114.42038785099999,31.63728144915693],[-114.424647086,31.638364104156928],[-114.426039071,31.63969660215692],[-114.42477795599996,31.640005932156907],[-114.42756192599995,31.640577003156917],[-114.42611045399998,31.64102910015692],[-114.43619936899995,31.645478692156804],[-114.43512861199997,31.645906995156825],[-114.437293921,31.645728536156795],[-114.43675854199995,31.646573244156833],[-114.449464864,31.64833404615678],[-114.45431896499998,31.660255145156608],[-114.46204388499997,31.6678091411565],[-114.49703385899994,31.67623243315635],[-114.50518351299998,31.683120972156242],[-114.50768194699998,31.685964428156204],[-114.50593184999998,31.686609419156206],[-114.50874451,31.687669169156205],[-114.51425463,31.69448025915608],[-114.50627213999996,31.689963779156155],[-114.505734181,31.69217770915614],[-114.50757449099996,31.694480119156097],[-114.515944387,31.698668688156026],[-114.52628076599997,31.700838756155996],[-114.52882739999995,31.704905649155947],[-114.52761632,31.707451219155924],[-114.53194111999994,31.709340109155864],[-114.53324593899998,31.71248004615583],[-114.54169541999994,31.718145829155738],[-114.55402805999995,31.73554257915554],[-114.57823064999997,31.74772404915532],[-114.58278890999999,31.752221339155263],[-114.59370882999997,31.756920599155194],[-114.61923150999999,31.762903649155113],[-114.67820550999996,31.760302049155147],[-114.69280182999996,31.76312121915511],[-114.72268793999996,31.77705836915492],[-114.73043975699997,31.784996486154785],[-114.73683574899995,31.797880077154595],[-114.74264251999995,31.80523688915449],[-114.76021057999998,31.81825851915427],[-114.76839871000001,31.820873539154242],[-114.78706982100002,31.82309536915419],[-114.80453736999999,31.81996907915429],[-114.80876482000001,31.81402779915438],[-114.80760070999996,31.810607179154374],[-114.81071447799997,31.784616022154804],[-114.81479525500002,31.77280199815493],[-114.818197883,31.77259974415495],[-114.81971875600001,31.76798517615504],[-114.82180625699999,31.752659266155256],[-114.82067950299995,31.749147975155317],[-114.82220235799997,31.742285609155417],[-114.82067236399998,31.741012598155415],[-114.82212383499999,31.738937708155422],[-114.820442991,31.735709412155487],[-114.82169458799994,31.732889751155547],[-114.81969584099996,31.73189751615556],[-114.81920329199997,31.728383052155635],[-114.81742559699997,31.727987823155576],[-114.81782724999998,31.725810141155645],[-114.815957945,31.72464325315565],[-114.817450343,31.723501112155688],[-114.81488623599996,31.723059484155712],[-114.813430006,31.718218708155735],[-114.81318063799996,31.715781188155777],[-114.818983668,31.713139749155815],[-114.81571428799997,31.712811383155852],[-114.81581422599999,31.710962542155848],[-114.81265648299996,31.709221569155908],[-114.80878390999997,31.699596650156018],[-114.80569655899995,31.695997715156107],[-114.80086625399996,31.696485504156072],[-114.80553594599998,31.69387999515614],[-114.80307915199995,31.693154259156103],[-114.80250808199996,31.6894720431562],[-114.800116723,31.690423828156167],[-114.79683667599997,31.68836039915622],[-114.79385878099998,31.677612373156336],[-114.79085032399996,31.676413933156358],[-114.79147612099997,31.668602162156493],[-114.78957017399993,31.666929401156505],[-114.79163316699999,31.66583009015652],[-114.78935126299996,31.663629089156547],[-114.79015552099997,31.660745182156628],[-114.78821943299994,31.660715598156607],[-114.78769119399998,31.655542649156658],[-114.789057003,31.654148285156726],[-114.78575431199994,31.647709464156787],[-114.78586138699995,31.64481128015683],[-114.78878942999995,31.642511439156902],[-114.78315693299999,31.637035915156954],[-114.78579694399998,31.635316755156992],[-114.783590799,31.63424552615702],[-114.78556970599998,31.63162621115706],[-114.78363054599998,31.631229288156998],[-114.785072013,31.631211713157057],[-114.78456890399998,31.62809651815709],[-114.78717584099996,31.628183607157055],[-114.78536647099997,31.62572705515714],[-114.78760613899999,31.62478121915712],[-114.78664840599998,31.62346359315714],[-114.78767157399996,31.62428153315713],[-114.78910341499997,31.622170356157195],[-114.79225501099995,31.621381564157165],[-114.79114796699999,31.620307238157196],[-114.79244477299996,31.618986637157196],[-114.79161909999999,31.61459891115731],[-114.79585454099998,31.61457273715729],[-114.79504314399996,31.612692963157333],[-114.79925241099996,31.610813188157355],[-114.80058966799999,31.61299991315731],[-114.80524389399996,31.60912139215737],[-114.81189270299997,31.613455580157286],[-114.811250248,31.612334259157326],[-114.81314489399998,31.612063595157306],[-114.81029846399997,31.609440239157337],[-114.81455769899998,31.609104141157342],[-114.81261843799996,31.60828917515736],[-114.81414129299996,31.606495656157396],[-114.81669623899995,31.606745500157384],[-114.81436734199998,31.60803338315739],[-114.81574415799997,31.608721345157356],[-114.81940852699995,31.608535747157383],[-114.82169280999996,31.615788344157266],[-114.829668763,31.62100412215716],[-114.83328661499996,31.61728082515726],[-114.83589212499999,31.617352209157225],[-114.83778379599993,31.61024951815732],[-114.84035361499997,31.609535680157375],[-114.83910439699999,31.603468054157464],[-114.84163852299997,31.602789908157426],[-114.83974685199996,31.601326539157483],[-114.83735549299998,31.593260166157584],[-114.84088899299996,31.5920109491576],[-114.84642123999997,31.59529460515756],[-114.84749199699998,31.588691601157652],[-114.85532678899995,31.58554331315772],[-114.85237755799996,31.578750482157847],[-114.85636550299998,31.57585115315788],[-114.85432868399992,31.570425982157953],[-114.85760282299998,31.563230492158045],[-114.85865930299997,31.553046399158173],[-114.86223087399998,31.541651160158374],[-114.86137636999996,31.535733857158476],[-114.86363370000001,31.53064824115853],[-114.867325023,31.53115339515851],[-114.86670338899995,31.52999638215851],[-114.86866793099996,31.527982763158576],[-114.86532633399996,31.524947784158616],[-114.86668119999996,31.524293908158608],[-114.86419561499997,31.521809751158628],[-114.86372574099993,31.514724323158752],[-114.86134012699993,31.510266040158854],[-114.85811298199997,31.50954922815886],[-114.859400866,31.508201858158866],[-114.85764759999995,31.50636999015889],[-114.85799547100001,31.501747453158966],[-114.85614663599995,31.502584743158934],[-114.85857852399995,31.488704842159155],[-114.852960022,31.486774504159154],[-114.85775265299998,31.48663669415921],[-114.85506981099996,31.47449846815933],[-114.85313947299998,31.473129683159407],[-114.85520424999999,31.47027492515943],[-114.85329770699997,31.468591456159455],[-114.855504657,31.466125740159484],[-114.85527367299994,31.463134487159518],[-114.85337206499999,31.462093346159563],[-114.85576167899997,31.457835951159595],[-114.85689967299999,31.447309553159798],[-114.855449431,31.445912571159795],[-114.85776583599997,31.444988151159823],[-114.86000728799996,31.436197232159916],[-114.85670656399998,31.43257298815998],[-114.86170343199996,31.43284424715999],[-114.86297882299999,31.430813377159996],[-114.85511962199995,31.429568760160038],[-114.85391085599998,31.427236888160046],[-114.85857459899995,31.428807333160048],[-114.859478793,31.425561748160092],[-114.85664247699998,31.424876463160142],[-114.85907904499999,31.424229250160092],[-114.85840327799997,31.422830127160132],[-114.86346677099998,31.421897378160132],[-114.86171548799994,31.41989863116021],[-114.86238173699996,31.418509025160176],[-114.86543320499999,31.418545669160235],[-114.87032311599995,31.42196376516013],[-114.87068242699998,31.416513392160255],[-114.868110587,31.414049103160295],[-114.87074893299994,31.412922666160252],[-114.87073608400001,31.408679611160373],[-114.87352195699998,31.404847727160394],[-114.87240175600002,31.402513036160464],[-114.87377000599997,31.400379116160494],[-114.8712326,31.39879405416049],[-114.86508094999999,31.40089733116049],[-114.86496197799993,31.398339410160492],[-114.85941799799996,31.395602792160513],[-114.86179983799997,31.39316146516058],[-114.85681149899993,31.394463734160567],[-114.85832840499995,31.39342509916059],[-114.85839265000001,31.389827354160676],[-114.85655094799998,31.3908374351606],[-114.85591682100001,31.3840845251607],[-114.85277593299998,31.382692540160722],[-114.85648712700001,31.382692224160724],[-114.85788701499995,31.380796110160777],[-114.86319321300003,31.36951627516097],[-114.86107406499998,31.36481255616101],[-114.86570437699999,31.364347847161053],[-114.86905168399996,31.35657186816114],[-114.86734442099998,31.355905619161135],[-114.86742770199997,31.35311570116115],[-114.87022356799996,31.354593941161177],[-114.87169585999999,31.35233345316123],[-114.87034254099997,31.34979635316122],[-114.87301051199996,31.348532264161285],[-114.87181483299997,31.345822653161306],[-114.87466721199998,31.346087368161264],[-114.87696741299997,31.343301543161328],[-114.875811399,31.340416486161345],[-114.87853826199995,31.340481921161377],[-114.88292836699998,31.31143822016183],[-114.879572598,31.31076518316181],[-114.88207388699999,31.31041873416181],[-114.88023503899997,31.310371145161866],[-114.88554052399996,31.305878246161903],[-114.88303963099997,31.3066421721619],[-114.88438283699999,31.30364702616195],[-114.88247331899997,31.303798716161932],[-114.87954955699996,31.297243301162016],[-114.88423219699996,31.286753943162193],[-114.88900343599992,31.285339484162225],[-114.88881059699999,31.28383862816224],[-114.89006695299996,31.284509636162213],[-114.88858692799994,31.28102134616227],[-114.88922692399996,31.27235558716239],[-114.88797413699996,31.271713132162407],[-114.886392986,31.273401360162374],[-114.88630732499998,31.271713132162407],[-114.88436568499999,31.27243054016242],[-114.88676418099998,31.26864005816248],[-114.89468778699995,31.264842439162525],[-114.89054633399996,31.264252332162545],[-114.88652361799996,31.260042114162577],[-114.881426812,31.262754700162557],[-114.88656049999997,31.2585427561626],[-114.882722132,31.255021154162684],[-114.88111599499997,31.2392512761629],[-114.885399025,31.219602877163197],[-114.88380181199996,31.21496292816326],[-114.884089746,31.206103481163424],[-114.88555311399996,31.204009555163466],[-114.88998394899994,31.171437728163937],[-114.89093711599999,31.152820767164204],[-114.88416814499998,31.118503586164778],[-114.87031257399995,31.09399174616515],[-114.85121696699997,31.07481381616543],[-114.83217945099997,31.066725681165536],[-114.82895889799993,31.06026263716563],[-114.82503357299998,31.059954112165656],[-114.823058668,31.05428370616571],[-114.81417304599995,31.052173124165726],[-114.81462038499997,31.049527163165802],[-114.81170316599996,31.04404012616591],[-114.82426509399994,31.03952573316596],[-114.82801524399999,31.03165614216611],[-114.82819798599996,31.027636043166176],[-114.82929301399997,31.02573437716616],[-114.831579838,31.02545581416617],[-114.83264472299997,31.02233948116624],[-114.83475054599995,31.012098281166395],[-114.83409440799996,31.001748478166572],[-114.82852892899999,30.996753547166637],[-114.82463583299996,30.99910692416657],[-114.82191045899997,30.99683230816664],[-114.82484076499998,30.99861333416661],[-114.82996850299998,30.99552098716665],[-114.82954912299999,30.994144468166667],[-114.82635112799996,30.991491369166713],[-114.82108942599997,30.99593078916664],[-114.82098056499999,30.99427587416664],[-114.82464493499997,30.99193448516669],[-114.82303166099996,30.987984579166753],[-114.810609862,30.978674968166914],[-114.785976492,30.966212541167096],[-114.73633320299996,30.946090034167412],[-114.73334812899998,30.942922257167474],[-114.72020946899994,30.937004276167524],[-114.71792217299998,30.931892744167587],[-114.71754374899999,30.924519506167744],[-114.71448852099996,30.921021698167795],[-114.70995564799993,30.906238107168004],[-114.71085308199997,30.891137493168277],[-114.70654350099994,30.884059151168394],[-114.70527286899997,30.86734105816863],[-114.70211391199996,30.866241625168616],[-114.70385232999996,30.865727784168637],[-114.70972870699995,30.845229084168945],[-114.70786190499997,30.839459525169055],[-114.70470368699995,30.835808910169135],[-114.70302387899993,30.825623149169292],[-114.69695609099996,30.817251348169403],[-114.700151028,30.76975071717016],[-114.69731348899995,30.755606766170388],[-114.69505097199999,30.751765423170422],[-114.69533690299995,30.747014492170507],[-114.69317147399993,30.744327664170566],[-114.70341338799993,30.722385883170897],[-114.70536350199994,30.71229397117105],[-114.704573693,30.70493333217115],[-114.69960491900001,30.697786710171282],[-114.69442307099995,30.67738390817161],[-114.69398049099999,30.66916524917174],[-114.697010677,30.65626369717191],[-114.69851333499997,30.632142680172322],[-114.69590611799998,30.623621563172467],[-114.68492902199999,30.606047667172714],[-114.67784957099998,30.588706465173026],[-114.66545614799998,30.578020067173174],[-114.65896722799997,30.565162210173348],[-114.65254315899995,30.557172218173495],[-114.65038438599998,30.5496890071736],[-114.65103684199997,30.5431417261737],[-114.64847801699995,30.538884085173787],[-114.64997231799998,30.53526016617385],[-114.64862316399994,30.533282834173907],[-114.64998659499996,30.53153393017393],[-114.64882303899998,30.52702247217397],[-114.64742391600001,30.526656035174014],[-114.64494451699997,30.520426606174077],[-114.641346534,30.518314359174116],[-114.64219050699995,30.51603612617418],[-114.63404323199997,30.50260644817436],[-114.63143534299996,30.49547639317448],[-114.63250610099999,30.492525862174503],[-114.63031521199997,30.489422450174573],[-114.630970753,30.47749928817475],[-114.63855290599997,30.459284514175046],[-114.63923700099997,30.454043751175167],[-114.638531491,30.448030853175215],[-114.636761172,30.44561807917526],[-114.63708882399999,30.4374979311754],[-114.63175407199998,30.42862016217556],[-114.63050009600002,30.419314090175696],[-114.63465284999995,30.41219583017584],[-114.63322695799997,30.41018338417585],[-114.63520191099997,30.408131099175872],[-114.63443310699995,30.40677195117589],[-114.63672309999998,30.404546679175954],[-114.63688133499994,30.399786567175987],[-114.63445904300002,30.39572244817609],[-114.63789022599995,30.39235789017615],[-114.64356976199997,30.377043560176375],[-114.64302724399994,30.371180568176467],[-114.64050501599998,30.36950542717647],[-114.64070488999994,30.367316323176535],[-114.63530496299995,30.364174520176586],[-114.63727381899997,30.357754868176706],[-114.63484572699998,30.34949205617685],[-114.63611026199997,30.34468448817688],[-114.63831379099999,30.348760372176837],[-114.64161529399998,30.348843653176846],[-114.63909306499994,30.339302015176962],[-114.642275594,30.339926623176964],[-114.64430010199997,30.33692386517703],[-114.64403360299997,30.32349418717723],[-114.64648902399999,30.320595644177263],[-114.64636944899996,30.315598480177368],[-114.644545452,30.31481273517741],[-114.64867515399999,30.3069226661775],[-114.64759398700002,30.30256587317756],[-114.65164576299999,30.297347491177636],[-114.65157913799999,30.289942608177764],[-114.65544814199997,30.287323417177785],[-114.65616198,30.284230117177845],[-114.65506202099999,30.277285770177983],[-114.64114107999995,30.266370155178166],[-114.63974135599996,30.258467744178315],[-114.65200601000001,30.241649925178532],[-114.64995522899999,30.23296545017869],[-114.650540429,30.225303170178826],[-114.65470231899998,30.216672230178986],[-114.66463505899998,30.206751850179103],[-114.66701076199996,30.200031475179234],[-114.66800702999998,30.200454780179253],[-114.667722539,30.191418569179383],[-114.66351039899995,30.184548250179464],[-114.652456509,30.174925109179647],[-114.650114419,30.166480424179756],[-114.64530654899998,30.15734176917995],[-114.64021227999997,30.15247083018003],[-114.63888785899998,30.145588936180143],[-114.63522348899996,30.142933457180185],[-114.63324113899996,30.126411919180452],[-114.62749843799999,30.119534361180513],[-114.60807251899996,30.11170117518068],[-114.60182643399997,30.104924470180784],[-114.59696281499998,30.08871558218105],[-114.58570320599996,30.077208508181236],[-114.58327615599995,30.07137407018131],[-114.58229581799998,30.066053595181444],[-114.58339869799994,30.05239548918163],[-114.57778316999999,30.04447069418176],[-114.57619321399994,30.03314640318193],[-114.56589686299998,30.02694222518209],[-114.56753274199997,30.024524098182123],[-114.56404683199999,30.01856949718218],[-114.566096143,30.01581527018227],[-114.56509974299996,30.0111277321823],[-114.55121047199998,30.00180928718248],[-114.55063940199994,29.996812419182532],[-114.54520947199995,29.98906013518266],[-114.53868974899996,29.9834969551828],[-114.54065042499998,29.977357946182856],[-114.53617108899999,29.97026298818298],[-114.52890302599998,29.965626608183044],[-114.50538919199994,29.955868439183252],[-114.49409341699999,29.952839675183284],[-114.48747117899995,29.948769310183327],[-114.48278588899996,29.943202050183455],[-114.478070249,29.929815650183684],[-114.47785879899999,29.924618420183744],[-114.47380910599998,29.92093229318382],[-114.47351524299997,29.916307810183852],[-114.47088593899997,29.91353157418391],[-114.46246443099996,29.909850548184],[-114.447459838,29.90814841618403],[-114.43927104899996,29.907805740184042],[-114.43653234899996,29.910613470183947],[-114.42936951999997,29.905929320184047],[-114.42236624999998,29.89661532418418],[-114.41298405899995,29.890687379184282],[-114.40913647499998,29.878267826184512],[-114.41036278699995,29.86764487618467],[-114.41475081299997,29.85676939518487],[-114.41327376199997,29.84811589118503],[-114.40355306899994,29.836662950185197],[-114.40157553999995,29.831341080185307],[-114.39405663999997,29.827978512185357],[-114.39676327699999,29.82657106118534],[-114.40113880599995,29.828442066185318],[-114.40324462899997,29.827621152185348],[-114.40955257999998,29.821201367185463],[-114.40965816299997,29.81596591018553],[-114.405282334,29.811560933185614],[-114.39832539199995,29.809735779185644],[-114.39904041299998,29.80576535918572],[-114.40120751599994,29.80488435618572],[-114.398969853,29.80535092718572],[-114.399094554,29.803190180185748],[-114.39740989599994,29.80746369218569],[-114.39286036599998,29.810119170185644],[-114.39575362999994,29.805018704185738],[-114.39605463199996,29.79464187418587],[-114.39313741299999,29.785756967186035],[-114.387720582,29.778646733186186],[-114.37261100399998,29.770247236186293],[-114.36127287299996,29.772293572186292],[-114.35352772699997,29.768498332186304],[-114.34561601899998,29.760431959186477],[-114.34546135399995,29.75186590018659],[-114.34283204999997,29.749367466186676],[-114.34240374799998,29.746595394186677],[-114.32986398799996,29.74269307818676],[-114.30786587099999,29.741015558186813],[-114.305719733,29.74168182418679],[-114.30624916299998,29.744016670186745],[-114.30387565099994,29.74521829818671],[-114.30266659899996,29.741505032186797],[-114.29532001399997,29.74256448818679],[-114.29235044599996,29.746639909186708],[-114.28716073899996,29.749360107186686],[-114.28825955800001,29.75290384018658],[-114.28349131799996,29.755545769186533],[-114.28355713899998,29.7581626801865],[-114.28144519899996,29.75968740018649],[-114.28325653699994,29.760004938186487],[-114.28581538399999,29.756865057186534],[-114.28453986599999,29.759206438186464],[-114.291049479,29.756661220186533],[-114.29333256899999,29.76049015718645],[-114.29050197799995,29.764018479186422],[-114.29270654799997,29.767220044186356],[-114.28852248799997,29.765083706186385],[-114.28445721899999,29.765220545186356],[-114.28268709799995,29.770572945186334],[-114.28025885799998,29.772506257186297],[-114.27585308799998,29.769922360186317],[-114.27156146799996,29.77242412318627],[-114.27035983999998,29.77041050418627],[-114.26477582899997,29.76796611918633],[-114.26273749899997,29.762212907186424],[-114.25942264799995,29.767118520186347],[-114.26034944799994,29.76429647918639],[-114.25849770499997,29.75983815818644],[-114.25296147999995,29.762192080186406],[-114.24324585899997,29.762732919186455],[-114.22976290399998,29.750783987186598],[-114.22317461999995,29.74905204218666],[-114.21969294899999,29.74561549018669],[-114.20751859899997,29.743824129186752],[-114.20375946699994,29.739398438186832],[-114.19988035099999,29.727176337187032],[-114.19636767199995,29.723049757187106],[-114.19038689599996,29.719982631187133],[-114.18774807299997,29.714242187187253],[-114.18418007199995,29.712565851187282],[-114.18137430999997,29.70808051018733],[-114.17018227999995,29.701872920187466],[-114.16645903699998,29.701574169187474],[-114.15928390999994,29.691061949187635],[-114.15474414,29.691336659187623],[-114.15343947599996,29.6937571971876],[-114.14889422899995,29.693882149187573],[-114.14432423699999,29.691303735187628],[-114.14176013999997,29.68421610918777],[-114.13355788899997,29.67735509618784],[-114.13229962999998,29.67176502818793],[-114.127050184,29.66988391718797],[-114.12581726699995,29.66690221418804],[-114.11483700599997,29.65996346818815],[-114.110813813,29.653027339188267],[-114.10059164899997,29.649732261188312],[-114.09051486899995,29.642587930188427],[-114.08073576099997,29.639948156188485],[-114.06397388499994,29.629498991188655],[-114.06085693399996,29.624560657188756],[-114.05908899499997,29.615996025188903],[-114.04662656799997,29.59685088218922],[-114.03116200199999,29.594051778189232],[-114.02733701899997,29.58678942618937],[-114.02274798999998,29.584383315189452],[-114.02101383899998,29.58081221918946],[-114.00816575699997,29.576498312189557],[-113.99852109799998,29.576107583189557],[-113.99526123599998,29.57793578218952],[-113.990358357,29.574399903189615],[-113.98846501999999,29.57104200818964],[-113.98031869699999,29.566858915189723],[-113.97625743299996,29.561999104189795],[-113.97427617499996,29.556300057189873],[-113.95737819499999,29.540056429190166],[-113.95152471999997,29.53851453819021],[-113.94969729399999,29.533379661190295],[-113.94314235499998,29.52416055819043],[-113.930512176,29.52005777319052],[-113.92799946499997,29.51262433719059],[-113.916319881,29.505552816190715],[-113.89688964099999,29.484874936191083],[-113.88018776599996,29.47749897119121],[-113.87288947299999,29.4726221131913],[-113.86970543599996,29.46753439719139],[-113.86365357499996,29.465256321191468],[-113.86217001499995,29.462183623191464],[-113.85438429599998,29.462315242191465],[-113.84419602999999,29.457286281191568],[-113.83625637199998,29.45622033219156],[-113.83145890999998,29.449258820191712],[-113.83209374299997,29.435195414191973],[-113.82560376299995,29.42929494619207],[-113.80553766599998,29.42616482019209],[-113.797590266,29.417931885192267],[-113.78850964799994,29.417551171192255],[-113.78620751999996,29.41621272419226],[-113.78566619199995,29.41357449719232],[-113.77869045699998,29.412812617192305],[-113.77220214299996,29.409702186192376],[-113.76790364699997,29.39890609519258],[-113.76361260599998,29.395429465192617],[-113.76159958199997,29.391503354192686],[-113.73045826699996,29.3677620341931],[-113.72599653999998,29.36684564419313],[-113.722447693,29.362770460193143],[-113.716570285,29.349140512193426],[-113.71030271399997,29.345639762193482],[-113.70975791599994,29.34254051419353],[-113.70699793999995,29.341942179193527],[-113.70339091499994,29.335705334193655],[-113.69790625699996,29.330632323193754],[-113.69486340299996,29.324500452193817],[-113.68971996,29.322305637193857],[-113.68887287199999,29.32019291419392],[-113.68444707399999,29.31945052219393],[-113.66843710499997,29.304624639194156],[-113.65827698899996,29.3020295561942],[-113.65663991899999,29.297356294194284],[-113.64623959999994,29.291896343194402],[-113.64379767799994,29.286935167194493],[-113.63761107899995,29.283713972194512],[-113.63319122999998,29.27461253319466],[-113.63156498799998,29.264176217194866],[-113.62567820099999,29.256078912195008],[-113.62527845199998,29.253285424195063],[-113.636737935,29.24299187619524],[-113.643739698,29.231638674195434],[-113.65296287499996,29.224214323195554],[-113.656563803,29.21625902819571],[-113.65629611399999,29.209324089195814],[-113.65449819299994,29.2059114661959],[-113.64834300399997,29.203183652195918],[-113.64429791999999,29.20338162319589],[-113.644733456,29.201481100195963],[-113.64055393299998,29.200260437195954],[-113.63919763999996,29.19806538419601],[-113.63916194799998,29.192932886196076],[-113.64300596799997,29.184256182196243],[-113.63624948799998,29.178913102196343],[-113.63532625699997,29.173352302196434],[-113.63194742299999,29.172156623196425],[-113.62974023499999,29.175060279196366],[-113.62715459299996,29.17539435519638],[-113.62346047999996,29.168711044196527],[-113.62380312199997,29.1637708861966],[-113.62088173899997,29.160940518196657],[-113.61294799399997,29.160094379196654],[-113.61130497699997,29.16084271919667],[-113.61136684299998,29.163585048196605],[-113.60913966699997,29.16365643219657],[-113.60762632999997,29.161903959196646],[-113.608336599,29.156271774196714],[-113.60510648099995,29.145860443196888],[-113.59328174899998,29.130402274197163],[-113.58301675399997,29.12695800519723],[-113.577877119,29.119273535197344],[-113.57139903599995,29.116585934197396],[-113.566987515,29.107059762197558],[-113.56729803499998,29.094528330197782],[-113.56342546199996,29.090609358197835],[-113.56294659599997,29.08594739919796],[-113.55736081099998,29.081979648198022],[-113.55555921399997,29.077095676198095],[-113.55201298399999,29.07402878919815],[-113.550625283,29.067841238198277],[-113.54816587199997,29.065339473198286],[-113.54288584799997,29.063904658198325],[-113.54308334299998,29.062093888198334],[-113.53870989399996,29.058032148198407],[-113.53973782099996,29.056119061198448],[-113.53745329999998,29.048855360198594],[-113.53898698199998,29.03985945119872],[-113.534507885,29.036099903198778],[-113.53447171699997,29.03234987219886],[-113.53825030099996,29.03108399919892],[-113.53705295599997,29.03653962719881],[-113.54112647399997,29.039300317198773],[-113.549103023,29.039964663198706],[-113.54879845199997,29.038165790198757],[-113.55270647799995,29.03576919719878],[-113.55592731699996,29.027876525198963],[-113.56073085499997,29.023284165199023],[-113.56305276599994,29.00734289119931],[-113.56069352999998,28.999316969199455],[-113.55087468399995,28.99107570619959],[-113.54719484799996,28.985029496199676],[-113.54650956299997,28.96660889820002],[-113.54179109199998,28.95577640220021],[-113.54246983899998,28.953841582200226],[-113.54535314499998,28.96251146720009],[-113.55620824599998,28.95388996620025],[-113.55765305499996,28.95132014820025],[-113.55642144599996,28.950094249200323],[-113.55766685599998,28.94982284820029],[-113.55736718599996,28.946745158200354],[-113.550879824,28.93607755820057],[-113.54756761399996,28.933290020200612],[-113.54811488999997,28.929791022200668],[-113.54528333199994,28.92334268320075],[-113.53973442899998,28.91785088720085],[-113.53480834899995,28.90599760220109],[-113.52698646599998,28.89999124820117],[-113.52608117799997,28.893074570201314],[-113.51615194099998,28.889835766201386],[-113.50346703399998,28.889381289201385],[-113.48906868399996,28.891149587201355],[-113.479496113,28.894336875201294],[-113.47797206799999,28.897263612201236],[-113.47904282499998,28.90269592120116],[-113.47524520599995,28.905208632201067],[-113.47583412199998,28.908021155201055],[-113.471479709,28.914227979200955],[-113.47276818799999,28.91678709020089],[-113.47803631299998,28.917786463200887],[-113.476965556,28.920031485200806],[-113.480926169,28.918834021200862],[-113.48067929999996,28.920957690200844],[-113.48313490399995,28.92061445320079],[-113.48455068299995,28.922752993200795],[-113.48352751499999,28.92482907320076],[-113.48587723199995,28.92533470820071],[-113.48735414799997,28.928044597200675],[-113.48604782399997,28.93245968720061],[-113.48026573399996,28.931817233200626],[-113.48101526399996,28.936699887200565],[-113.48316034799996,28.93794910420049],[-113.48148996599998,28.941810969200468],[-113.47438846499995,28.9435206122004],[-113.47995640399996,28.94780364120035],[-113.47195725099999,28.947608526200348],[-113.46999122099999,28.949321737200304],[-113.46186119799995,28.944524744200383],[-113.45788079199997,28.943935076200408],[-113.45493026099996,28.945145626200386],[-113.45293746199998,28.949363221200308],[-113.44683711899995,28.951195406200288],[-113.44642368799998,28.950133572200322],[-113.45096845799998,28.947837392200338],[-113.45301479499996,28.944800605200403],[-113.45551917699999,28.944202765200394],[-113.45259541499998,28.939304050200523],[-113.44724460199996,28.939666917200512],[-113.44581692499997,28.941151106200454],[-113.44788884099995,28.94562211320039],[-113.44097650699997,28.948749915200324],[-113.43830080299996,28.95979275620014],[-113.43436755399995,28.956640446200176],[-113.433021651,28.95213173220026],[-113.42412722599994,28.949119334200297],[-113.42345145899998,28.946744632200343],[-113.42596892899996,28.944517457200416],[-113.425940375,28.939492035200477],[-113.42857205899998,28.937169681200523],[-113.42868413199996,28.935069093200543],[-113.42340172799999,28.930768217200605],[-113.42312808999999,28.928245988200693],[-113.41437167399995,28.923695269200767],[-113.40503942799995,28.92630196920072],[-113.40608520099994,28.931637613200635],[-113.401306053,28.935716009200583],[-113.39808783199999,28.935361469200537],[-113.39638413799997,28.938091901200515],[-113.39342575399996,28.938819540200488],[-113.385527847,28.9395838232005],[-113.38555830399997,28.936619966200556],[-113.38267439799995,28.935655808200522],[-113.386348286,28.929155240200664],[-113.38933760199996,28.93041349920064],[-113.39113647499995,28.929103606200684],[-113.39417980599997,28.920469374200806],[-113.39391330599996,28.915046583200905],[-113.39208587999997,28.912538631200967],[-113.38988650399995,28.912889225200967],[-113.38735951599996,28.910516902200975],[-113.37472457899999,28.908810829201027],[-113.36781065999998,28.90387478620113],[-113.36895518099999,28.901779671201126],[-113.37488836699998,28.900725570201192],[-113.37810563599999,28.90205616420113],[-113.38016505999997,28.898734437201224],[-113.380513056,28.893803004201292],[-113.37211272599997,28.886040250201432],[-113.367715482,28.877249570201585],[-113.36361519499997,28.8756334402016],[-113.36117862699996,28.87630920720161],[-113.35715067499996,28.87389357820162],[-113.36604795599999,28.870293929201708],[-113.37030814299999,28.861246267201867],[-113.36866155599995,28.849929550202074],[-113.37071562499995,28.837157734202293],[-113.36405722899998,28.822432722202556],[-113.35143490200001,28.816852648202644],[-113.35595349899995,28.812987689202714],[-113.35615694299997,28.80994316920278],[-113.35386671099998,28.805509638202825],[-113.34984244799996,28.802808950202866],[-113.34053578099997,28.80208321420289],[-113.31199652599999,28.803441292202866],[-113.30866805699998,28.80504100320283],[-113.30758230799995,28.808204973202773],[-113.30279673599995,28.809546989202783],[-113.30257877799994,28.812636481202723],[-113.30039205299994,28.81168707620273],[-113.29518103399995,28.81371437720268],[-113.29491643799997,28.818592018202608],[-113.28885166699996,28.81806377720264],[-113.28563130499998,28.819905956202597],[-113.28697808,28.825449981202507],[-113.28328622699996,28.82813770220243],[-113.27721860099996,28.83093594820238],[-113.26867237099998,28.831620375202377],[-113.259807847,28.840732665202243],[-113.25155230699994,28.84071826920219],[-113.24881973399995,28.836877819202282],[-113.24534881499994,28.838816247202264],[-113.24255270999998,28.83407065020234],[-113.239219323,28.83598611620231],[-113.23395119699997,28.835756736202303],[-113.23046350099997,28.82797577920242],[-113.22074578299998,28.82498836620251],[-113.21388749399996,28.814710610202695],[-113.21226327399995,28.803091107202878],[-113.20723785199999,28.79950763920295],[-113.20123209299999,28.79820845320299],[-113.19644334799996,28.792548350203074],[-113.19869622199997,28.779157695203274],[-113.19645191399997,28.774625298203365],[-113.19393920299996,28.773968567203394],[-113.19193962299995,28.765028694203572],[-113.19473458499999,28.74939979120385],[-113.19380207399998,28.743649586203937],[-113.19144926399998,28.741573744203954],[-113.191831881,28.73856229820399],[-113.18841140599994,28.732822324204097],[-113.18932369099997,28.730172081204145],[-113.18550453599994,28.72752826220423],[-113.18687320299996,28.72512405420424],[-113.18512953399994,28.72385247020427],[-113.18480782999995,28.720172872204312],[-113.18180913899994,28.718069190204375],[-113.18213655299998,28.71519908420443],[-113.17683630399996,28.713934401204465],[-113.17505622899995,28.711473562204482],[-113.17669329799998,28.704765386204635],[-113.17468122599996,28.70282945620468],[-113.17292875299995,28.703362138204632],[-113.17479639199996,28.70069643320471],[-113.17324878999995,28.69518988420478],[-113.16875351299997,28.69186672920487],[-113.16883373999997,28.684366311204993],[-113.15882507399999,28.660073382205418],[-113.151507698,28.652334227205543],[-113.13474772699999,28.642140676205717],[-113.12879439399997,28.63230974820591],[-113.12806627899995,28.628183763205964],[-113.13112519499998,28.610194324206315],[-113.13016960399996,28.598015291206526],[-113.12628442,28.586302632206728],[-113.12215177199994,28.582206152206822],[-113.11984785199996,28.567848513207046],[-113.11445126499996,28.558351564207236],[-113.11225555699997,28.54201800720754],[-113.11371178799999,28.527003609207796],[-113.109549158,28.519868557207893],[-113.10805699799995,28.511892366208034],[-113.10380801899998,28.505371572208166],[-113.09139199099998,28.497026802208303],[-113.080511136,28.494013813208355],[-113.07926429799996,28.492557583208402],[-113.08024939499997,28.48990210420845],[-113.075043135,28.485038486208538],[-113.06427845299999,28.482068919208604],[-113.056850678,28.477983521208657],[-113.03866862099994,28.47506273320873],[-113.03435287399999,28.466249804208896],[-113.02793130399999,28.46374244720893],[-113.02747325699995,28.461809135208963],[-113.01950503699999,28.460503406208954],[-113.01535287799999,28.457454721209004],[-113.001246719,28.45447016420907],[-112.97097236099997,28.456811553209064],[-112.93732725799998,28.464329698208935],[-112.90304719599999,28.47506546920872],[-112.89574915099996,28.471784906208757],[-112.89291806899998,28.46668381820884],[-112.88949925899999,28.464171107208927],[-112.88498982199997,28.463334089208928],[-112.88817214499996,28.45671179420903],[-112.885909514,28.454917919209095],[-112.88335587699999,28.456500855209043],[-112.88270913999997,28.45097289120913],[-112.87708837699995,28.452017951209132],[-112.87422874099997,28.450119141209168],[-112.87498255399998,28.44648713120925],[-112.87764231599999,28.446461433209247],[-112.88249464799998,28.437913784209368],[-112.88014622299994,28.434320947209443],[-112.86851840699997,28.4320688762095],[-112.86672463499997,28.425287086209618],[-112.86254749099999,28.426604117209596],[-112.86638437199998,28.432187760209462],[-112.86069436699997,28.433907873209463],[-112.85894239299995,28.440289663209324],[-112.84949455299996,28.442104477209295],[-112.84618400899997,28.44038365120932],[-112.84778598099997,28.43011907320953],[-112.844176727,28.42195690020966],[-112.84874323799995,28.421662135209687],[-112.85106499699998,28.419421873209743],[-112.85984306699999,28.403938561210012],[-112.85501593199996,28.39873321521007],[-112.85345974799998,28.387447123210304],[-112.85112692399997,28.386249303210306],[-112.84930949199997,28.38209761921036],[-112.85229571599996,28.37940911421043],[-112.85465756899998,28.373595139210565],[-112.85285401299996,28.36599077921068],[-112.855574732,28.365779026210653],[-112.86026633999995,28.356862746210822],[-112.872282672,28.327520941211358],[-112.87563866399996,28.309249496211706],[-112.873490249,28.303727957211777],[-112.86997054999996,28.302406880211795],[-112.868264953,28.299660031211907],[-112.87204353699997,28.293212643211984],[-112.87318764099997,28.282548137212178],[-112.86342135099994,28.268032721212446],[-112.84288676999995,28.253637301212727],[-112.83416203999998,28.240260448212965],[-112.826761322,28.23361223421308],[-112.82631160399995,28.231444545213098],[-112.82473901799995,28.231450493213117],[-112.82387060999997,28.228708323213137],[-112.81670742600001,28.223334033213273],[-112.81160781899997,28.21614215221342],[-112.80905370599999,28.215536341213415],[-112.80456488999995,28.208261845213503],[-112.80139290999996,28.208354168213546],[-112.80261838199999,28.205373606213612],[-112.80171032999999,28.203688521213607],[-112.79752866499996,28.201671452213674],[-112.79360540999994,28.202040744213633],[-112.78641753399995,28.19608257321376],[-112.79001908599997,28.193735473213795],[-112.78941755899997,28.19138456621386],[-112.79425476499995,28.19027216821384],[-112.79597154599999,28.187830841213895],[-112.79757255999999,28.17441634521414],[-112.80615087999998,28.160733539214373],[-112.81060459899999,28.146037623214635],[-112.81247286999997,28.116970135215226],[-112.80842017199997,28.11097056221528],[-112.80979074199998,28.107310951215354],[-112.80453451199999,28.096405881215574],[-112.80290458099996,28.0841754522158],[-112.79252253899995,28.077628112215923],[-112.788842919,28.06783299621609],[-112.79906865199997,28.055208052216344],[-112.80215861999996,28.047764860216496],[-112.80472605899998,28.030689848216777],[-112.80337756299998,28.021998236216934],[-112.79832120900001,28.013134744217112],[-112.78785986499999,28.004891403217236],[-112.77764305399997,28.001920051217315],[-112.76853269299995,28.00262496621728],[-112.76304486199997,27.99833725721737],[-112.76123171299999,27.993154791217457],[-112.76174329699995,27.984952789217658],[-112.75675067899999,27.970901303217882],[-112.75696058099999,27.962459744218023],[-112.76265938999997,27.953579596218184],[-112.76712563799998,27.937603894218498],[-112.76481294599995,27.934205380218522],[-112.76130865399995,27.912295779218987],[-112.76221442999997,27.90765361921907],[-112.76500077899999,27.906873155219085],[-112.76582883199995,27.903998767219115],[-112.76201217499995,27.901505091219146],[-112.76132927099998,27.89673189321923],[-112.76199314099995,27.892472657219308],[-112.76530059099997,27.892601148219295],[-112.76771098499995,27.88975531321939],[-112.76844623899996,27.878662266219568],[-112.77173108499994,27.873642793219656],[-112.77181020199998,27.864450340219864],[-112.77028615799999,27.859942451219915],[-112.76427563899995,27.855202565220022],[-112.75858277799995,27.846561552220198],[-112.742778398,27.837995493220326],[-112.73987664499998,27.831139076220452],[-112.73504514999998,27.826395620220577],[-112.72831365499998,27.82307627222058],[-112.72469687399996,27.82339274022064],[-112.72389261599994,27.826540767220525],[-112.71969310599997,27.825477550220572],[-112.72096987999998,27.819038139220673],[-112.71370343199999,27.80585783822093],[-112.717087704,27.79818356722109],[-112.71536140499995,27.79272865322115],[-112.71600385999994,27.785923394221292],[-112.71109741099997,27.780964598221413],[-112.70908989699996,27.781383547221406],[-112.70716585099996,27.779399132221396],[-112.708051701,27.778632726221446],[-112.70616815599999,27.776086472221518],[-112.70784706799999,27.764628408221707],[-112.70457054999997,27.76111989322175],[-112.70368264499996,27.755271635221856],[-112.70115840299997,27.75140812322197],[-112.69333553699995,27.74443705522206],[-112.68743748299995,27.735738771222227],[-112.68387479799998,27.734396870222273],[-112.680579406,27.730733644222315],[-112.67598442999999,27.72162927922251],[-112.66935169799997,27.71587832222258],[-112.66387322699995,27.7153910082226],[-112.66111804899998,27.709440452222747],[-112.65309093699996,27.70806988322276],[-112.64409181599997,27.710368363222685],[-112.64199907999996,27.70725007922277],[-112.63806702000001,27.706115076222783],[-112.642335394,27.702839550222865],[-112.64319913899999,27.695322833222964],[-112.64169293999998,27.7016379222229],[-112.63715985099999,27.70484801322281],[-112.63688026399996,27.70045493322288],[-112.633706658,27.694818585223004],[-112.62899235099997,27.68940531122313],[-112.623346842,27.687561645223145],[-112.62519211399997,27.68254693122321],[-112.62324452499996,27.678187997223308],[-112.61582060699999,27.67366702122341],[-112.60263966199994,27.66916468422348],[-112.60518843899996,27.667633640223528],[-112.60163076999999,27.66893625622348],[-112.59807823499995,27.66473888622356],[-112.60025346199997,27.661500848223614],[-112.60020927999994,27.656714392223726],[-112.59633932499999,27.651155971223783],[-112.58404036699994,27.64614768222391],[-112.57887598499998,27.64582122022393],[-112.57318431399996,27.642456662224003],[-112.56081022399997,27.64507783622391],[-112.55289977899997,27.641212360223985],[-112.54578614199994,27.641627338223962],[-112.54088901299998,27.63821384222409],[-112.52975146499995,27.637951564224057],[-112.51821250999996,27.629822423224233],[-112.50512562399996,27.628095919224275],[-112.50019609499999,27.623613014224325],[-112.48747348399996,27.62108929822439],[-112.48056900199998,27.61771522222445],[-112.48009182299997,27.61434444122451],[-112.47431639599995,27.612564604224534],[-112.47480358999998,27.606580497224627],[-112.47016542600001,27.603671681224682],[-112.46773599599999,27.599205432224803],[-112.46148088899999,27.59698668422484],[-112.45030386999997,27.598726681224804],[-112.44668924199999,27.597570074224837],[-112.44192889699998,27.591925383224897],[-112.43646393399996,27.590415422224932],[-112.42356540699996,27.59209194522492],[-112.41860423099996,27.590467963224928],[-112.41225291799998,27.583410883225085],[-112.40126278299999,27.58111172922511],[-112.391046567,27.569876509225328],[-112.37172143099997,27.562854210225478],[-112.369746954,27.557944430225575],[-112.36368028099997,27.555902900225572],[-112.35740802099997,27.548888249225744],[-112.35556869799996,27.540629140225903],[-112.35653832799996,27.536380613225973],[-112.35331891799997,27.531965523226045],[-112.34653864399996,27.527768867226147],[-112.33758307799998,27.518900218226293],[-112.330238395,27.517868484226334],[-112.33127346099997,27.514977439226378],[-112.32752569099995,27.501420936226612],[-112.32433626199999,27.49849895822671],[-112.32349668999997,27.49098233922685],[-112.32534087,27.479081604227037],[-112.32318745799995,27.472623509227187],[-112.32428962399996,27.47074111722719],[-112.31988839899998,27.461338649227407],[-112.31813711599995,27.460843721227395],[-112.31966472999994,27.459297072227443],[-112.318209213,27.458364799227404],[-112.31922690899997,27.455263409227488],[-112.32090157399995,27.455664586227503],[-112.32195329499996,27.453346991227527],[-112.32168203699997,27.443267595227724],[-112.31764525999996,27.43769571922786],[-112.31498550999999,27.437046279227864],[-112.31504264799997,27.43577260022787],[-112.31237289299997,27.433873790227906],[-112.312070701,27.432938662227947],[-112.31562561599998,27.435553689227888],[-112.317460016,27.43524707422789],[-112.31797873799997,27.42894150322803],[-112.31509721099998,27.424265862228115],[-112.310757074,27.4234306712281],[-112.30596721899998,27.419309444228197],[-112.30161952599997,27.4078129702284],[-112.29791988199999,27.404152278228498],[-112.298807421,27.40040938622851],[-112.30404723199996,27.39487690122868],[-112.30251864699996,27.384482054228826],[-112.29496552399996,27.378501596228926],[-112.29108700299997,27.371831967229067],[-112.28699775199999,27.373625921229028],[-112.28605488899996,27.372680085229067],[-112.28969000399997,27.371832499229072],[-112.29166235699996,27.36956100922912],[-112.28692484899996,27.364366646229225],[-112.27015202799998,27.357570905229334],[-112.270325126,27.351336572229446],[-112.26847450799994,27.345104910229626],[-112.26295415899995,27.341892638229634],[-112.26048665799999,27.338125950229724],[-112.26297795299998,27.341492887229677],[-112.26603793999999,27.340981304229683],[-112.26360851,27.33670303222974],[-112.26195478599999,27.33764291922975],[-112.263444328,27.3357536272298],[-112.26229061799995,27.333268875229802],[-112.25319836899996,27.327832402229923],[-112.24347827099996,27.325636159229955],[-112.24199317999995,27.319377878230085],[-112.24374386899997,27.317786019230088],[-112.24385629899996,27.317425531230136],[-112.24172370699995,27.31906200523005],[-112.24148071399998,27.32527388622995],[-112.24278346899996,27.32650823222992],[-112.241269537,27.325737881229973],[-112.23454853799996,27.314934536230172],[-112.23127082999997,27.29621055823049],[-112.22573858299997,27.288447566230666],[-112.21721892299996,27.280866603230805],[-112.21266891799996,27.26543113523114],[-112.20378163099997,27.254577224231312],[-112.19554750599997,27.25068680523136],[-112.19495858999994,27.249887306231404],[-112.19344168299995,27.24425155223149],[-112.193595158,27.234439845231698],[-112.19569384299996,27.22818305223183],[-112.19930229599998,27.22447466223186],[-112.202393929,27.211427840232133],[-112.20445216299998,27.2070562942322],[-112.20305066099998,27.211572511232117],[-112.204521168,27.212026988232118],[-112.20255811199996,27.21409949923207],[-112.199552258,27.224753535231876],[-112.19520676699995,27.2297771722318],[-112.19369759399996,27.24358756423151],[-112.19611750599995,27.2506438562314],[-112.19895501299999,27.251015051231413],[-112.20169972199996,27.247592197231455],[-112.20427128799999,27.249014242231404],[-112.20614154399999,27.249494893231432],[-112.20718374799998,27.2493092952314],[-112.19951180699998,27.24585043123148],[-112.19969740499995,27.242331208231544],[-112.19805200799999,27.241460326231554],[-112.20212088599999,27.236378987231678],[-112.20327492499997,27.22990090423181],[-112.20505881599996,27.22844099523184],[-112.20685006499997,27.229716496231763],[-112.21099114999998,27.22104082923196],[-112.21313358999998,27.224282719231915],[-112.21637917499999,27.224035255231886],[-112.21228055299997,27.220793834231962],[-112.21566596799994,27.210589199232185],[-112.21330078399996,27.208105041232216],[-112.21447385899997,27.208124077232185],[-112.21244893699998,27.20383152923229],[-112.20280525899994,27.20201150023234],[-112.19099123499996,27.194701795232472],[-112.18601102299999,27.188213005232615],[-112.174982221,27.180538054232752],[-112.16994073799998,27.173747667232842],[-112.16683470899994,27.171944511232873],[-112.16770559199996,27.167744763233003],[-112.16498765199998,27.165039910233048],[-112.15925838299995,27.16417635123302],[-112.15771875599995,27.161877369233114],[-112.14345333199998,27.161356524233085],[-112.13593471099996,27.159534730233148],[-112.13403304599996,27.157711587233166],[-112.131945783,27.15820699123313],[-112.128272371,27.154596396233217],[-112.11920091399999,27.15114427423328],[-112.11881133799994,27.147770224233355],[-112.11383231499998,27.146653781233372],[-112.11287719999996,27.144231014233434],[-112.11396651699994,27.143073168233453],[-112.112222896,27.14045152623349],[-112.10725458099995,27.139794794233527],[-112.10586616499995,27.13686091923358],[-112.10227555899996,27.13654207123358],[-112.09752020599997,27.133119217233638],[-112.08673172999994,27.130819468233703],[-112.07065466399997,27.134016749233627],[-112.06721861999995,27.128331549233717],[-112.055125349,27.123088361233812],[-112.04386754799998,27.123709479233835],[-112.03376104999997,27.12079350923388],[-112.01922661099998,27.120237132233882],[-112.01718812699995,27.11806278123392],[-112.00920026099999,27.116811338233937],[-112.00808905399998,27.11381321723404],[-112.003905961,27.11074014423405],[-111.99276987899998,27.09647308323432],[-111.98376599899997,27.095921048234334],[-111.97270150499999,27.09775680223431],[-111.96492415799997,27.094722553234373],[-111.95353129799997,27.096463367234342],[-111.95222354699996,27.094938608234376],[-111.95424466099998,27.08795227323449],[-111.953031136,27.08311316323461],[-111.95029844399994,27.080413070234663],[-111.94836382299998,27.081065756234622],[-111.94781416699999,27.079036075234654],[-111.94424348899999,27.07927967323471],[-111.94743505999998,27.07758383123473],[-111.94833211699995,27.073909943234764],[-111.94697423699995,27.071233367234818],[-111.94506543399996,27.071997174234806],[-111.94595368699999,27.069861370234875],[-111.94837930899996,27.070465753234853],[-111.95832355299997,27.06482928523498],[-111.96089836699997,27.068019027234882],[-111.96803794,27.06978268423488],[-111.97359945399995,27.06813175423486],[-111.98853247599999,27.056052301235134],[-111.99896125699998,27.042954360235388],[-112.00275828199995,27.035512596235513],[-112.00645453599998,27.03304723623558],[-112.01046154899996,27.023505598235726],[-112.01453042699995,27.004036848236115],[-112.01578202299999,26.98811825323642],[-112.014877448,26.97469567723669],[-112.00755727599994,26.95753227223701],[-112.00122553099999,26.95171211023715],[-111.99390154999998,26.94870923023722],[-111.98614976599998,26.940659494237334],[-111.97596612399997,26.936610623237417],[-111.97444184199999,26.930491958237543],[-111.97000129199995,26.926707663237632],[-111.97009171099997,26.923000463237685],[-111.96372665299998,26.915012612237845],[-111.95860605299998,26.912975793237877],[-111.95586729299998,26.914166000237884],[-111.95729064699998,26.912297488237886],[-111.955901994,26.907750814237993],[-111.956984886,26.90533780323804],[-111.95248944099995,26.901240467238097],[-111.95617138399996,26.902092723238116],[-111.95516249499998,26.9027494532381],[-111.95656399699999,26.90378214023809],[-111.97369690899995,26.897506708238165],[-111.98252232999994,26.888659872238364],[-111.97303303899999,26.897085543238198],[-111.95349449199996,26.89917788323815],[-111.94899427399999,26.890743268238314],[-111.94011734099996,26.886306342238413],[-111.93739202199998,26.883295555238483],[-111.92627993899998,26.878517597238538],[-111.91905946499999,26.87662140523858],[-111.91582720499997,26.877417096238567],[-111.91481541999998,26.874618169238673],[-111.91239506999995,26.87356427323865],[-111.91189511599998,26.85784116423894],[-111.90210080799994,26.853167629239035],[-111.897786845,26.849341455239127],[-111.89443180499995,26.84301446923928],[-111.88948371599999,26.842452519239263],[-111.88791089299997,26.83919622723932],[-111.88134684799996,26.837554476239326],[-111.87248573499996,26.831740977239452],[-111.87133954899997,26.82779571223956],[-111.87246562799999,26.818519502239738],[-111.86587737699995,26.81163048623988],[-111.863008461,26.805473631239966],[-111.86459032599998,26.80145995624009],[-111.861037712,26.792748432240227],[-111.86282230799998,26.78842875924031],[-111.86167165999997,26.784156238240378],[-111.86369705699997,26.781555963240468],[-111.87462568299999,26.776273560240533],[-111.87367627799995,26.772138056240657],[-111.87637696699994,26.768597418240713],[-111.87814811799996,26.762102323240853],[-111.87650581399998,26.755827851240937],[-111.87945967699996,26.757098483240927],[-111.88339023299994,26.76559183524077],[-111.89133179399995,26.763285961240822],[-111.889691155,26.760689969240858],[-111.89463448599999,26.7586412532409],[-111.897539807,26.753009069241042],[-111.89649912199997,26.750878199241036],[-111.89122623599997,26.751563484241068],[-111.89102603299995,26.748858099241108],[-111.89700356699996,26.743425727241178],[-111.89857487299997,26.74423242724116],[-111.90123900799995,26.74202660424121],[-111.89988476599996,26.73831827724131],[-111.902961738,26.735649649241342],[-111.90317945799995,26.7332737572414],[-111.90649404799996,26.733132179241384],[-111.90726023399998,26.73116674424144],[-111.90571953299997,26.72762729624149],[-111.90344681899997,26.727979519241526],[-111.90272973999998,26.72558690824157],[-111.90739863399995,26.725887895241566],[-111.90912969199996,26.71996006224165],[-111.90653310500001,26.715920927241743],[-111.90243662499995,26.713242130241827],[-111.89809553599999,26.71589332624175],[-111.895796025,26.713534804241792],[-111.89119129199999,26.71333112224178],[-111.89265738799998,26.711614501241804],[-111.89086387799996,26.710273990241856],[-111.88433051699997,26.710676779241826],[-111.88634354099997,26.70842342924187],[-111.88522757399994,26.704402140241974],[-111.88246787499997,26.701897044242028],[-111.88273197599996,26.69963005224209],[-111.87629505799998,26.698614855242095],[-111.87799524299999,26.70305103324199],[-111.876747154,26.704892825241952],[-111.87236341499995,26.698939790242065],[-111.86300463899995,26.693348781242186],[-111.86034737499996,26.685670964242316],[-111.85209480999998,26.673577839242586],[-111.85225102099997,26.66564768024273],[-111.85149673099994,26.663846428242763],[-111.849400426,26.663734594242754],[-111.85049259899995,26.662563899242805],[-111.84926717599996,26.6612218832428],[-111.84944682599998,26.6562925922429],[-111.85084095199996,26.656609298242877],[-111.84948703899994,26.655461208242937],[-111.84986894199996,26.650171666243033],[-111.85108960599997,26.649811178243027],[-111.84660610599997,26.647180446243084],[-111.846139216,26.643980190243123],[-111.83607151999996,26.64133971224318],[-111.83551750899996,26.640184866243246],[-111.83770661199999,26.63959666324325],[-111.83621944899996,26.63787250624327],[-111.83125886799998,26.639347414243222],[-111.83128563699995,26.63639985724331],[-111.82050072999999,26.634932919243315],[-111.81782145599999,26.63332440424336],[-111.81415649199995,26.626487023243477],[-111.81126455399999,26.624909836243553],[-111.80641169299997,26.62620565124352],[-111.80606072299999,26.622053492243598],[-111.80387161799997,26.621678727243598],[-111.80397869399997,26.615045979243714],[-111.80227143099997,26.610947358243827],[-111.79699497599995,26.60346990124393],[-111.79435972299996,26.60277390924397],[-111.79259059399999,26.590605345244224],[-111.78821238599994,26.588849303244242],[-111.78704644899996,26.586641163244302],[-111.787341503,26.583347989244345],[-111.78265396599994,26.56793384124466],[-111.77913236199998,26.564640667244696],[-111.76923261499996,26.56194235824478],[-111.76354689299997,26.55640178324488],[-111.76410694599997,26.553923080244928],[-111.71119693499998,26.552405015244926],[-111.69241656499999,26.56682683724467],[-111.67974538499999,26.58152371824441],[-111.67710418399999,26.588433673244243],[-111.67896968099997,26.589937492244207],[-111.68054964299996,26.596785581244085],[-111.69212754499995,26.601257937243993],[-111.69462122,26.610418861243833],[-111.70854582599998,26.61923714424364],[-111.71557475399999,26.631101137243437],[-111.72885214599995,26.63871541224326],[-111.73257624099995,26.644514872243136],[-111.74222733499994,26.65375194024296],[-111.75932095599995,26.66087061324279],[-111.76436541299996,26.66693347924271],[-111.76547424199998,26.67647511824249],[-111.79446559499998,26.688339111242275],[-111.79672608299995,26.691318196242218],[-111.79880573199996,26.70075989724205],[-111.80831405799995,26.715719568241745],[-111.81444830899996,26.71577667624176],[-111.81647085099998,26.72169201624164],[-111.81337814599999,26.732764361241426],[-111.81767733199996,26.74932960324106],[-111.81568239199999,26.766674327240768],[-111.81811539099999,26.77105253524068],[-111.81849788899996,26.77696371124055],[-111.82357506399995,26.784123510240423],[-111.82299209599995,26.794042888240178],[-111.82764989099996,26.809200054239938],[-111.82399741899997,26.82021695923968],[-111.82692118099999,26.82773010723952],[-111.836478286,26.8339964172394],[-111.83816175499999,26.847991812239183],[-111.845482405,26.85643428323899],[-111.84593212299995,26.86199793823889],[-111.84368067699997,26.86810839423875],[-111.84494417099995,26.870342708238724],[-111.85204385799996,26.87440165723867],[-111.85108255399996,26.879427079238525],[-111.84606113999997,26.88201251923849],[-111.83269869099996,26.88373030523849],[-111.83225021999999,26.88593216923842],[-111.82742366399998,26.888765958238384],[-111.82195064199999,26.896276120238188],[-111.81874265199998,26.895423797238205],[-111.81654117499995,26.896653027238226],[-111.81395532599998,26.89317205223828],[-111.81014152499995,26.891302747238313],[-111.80817037999999,26.887078348238372],[-111.80446413099997,26.886282656238382],[-111.80168282699998,26.889152286238364],[-111.80161905799997,26.88623221123841],[-111.79577254299994,26.88416975423847],[-111.79600537399995,26.87903749423853],[-111.79156232499999,26.874467145238608],[-111.783388877,26.871839268238723],[-111.78281399899998,26.86933607523871],[-111.78073910899998,26.869442675238755],[-111.779395546,26.86724476723877],[-111.77725865999997,26.86805054923879],[-111.77165679499996,26.862009715238873],[-111.76673012099997,26.861311343238903],[-111.76000100599998,26.852676636239067],[-111.74811619299999,26.846004627239207],[-111.74120538099999,26.838499236239354],[-111.74088796099994,26.835569358239383],[-111.73059467499996,26.82515374323959],[-111.73077741699996,26.82279950523961],[-111.726751607,26.82020755823969],[-111.72158978099999,26.807001282239938],[-111.70477496299998,26.797934227240116],[-111.701191495,26.79340849224024],[-111.69796979999995,26.79233211924022],[-111.69698232399998,26.7897646812403],[-111.68783402399998,26.785583248240386],[-111.68210618499995,26.780167595240506],[-111.67617739699995,26.779061526240515],[-111.66599091499995,26.781253093240483],[-111.66694388899998,26.772876201240656],[-111.66378158599997,26.7681612992407],[-111.65873474899998,26.765291669240792],[-111.65607362799994,26.756581070240923],[-111.64870532099998,26.75324564824102],[-111.64865535199999,26.747070946241134],[-111.64699210899995,26.74504721524116],[-111.63552429599999,26.7432376352412],[-111.63158747799997,26.73933650824129],[-111.62796117999994,26.739486414241266],[-111.62645854999994,26.741074705241267],[-111.62529856299996,26.738829683241292],[-111.62762150799995,26.73559821624138],[-111.62683914099995,26.732759995241388],[-111.62203441799994,26.730308833241434],[-111.62068669099995,26.730980793241446],[-111.61645231799997,26.727795487241497],[-111.61424381699999,26.729009034241464],[-111.61062113499997,26.727618429241527],[-111.60989428699997,26.721125666241605],[-111.60771707899995,26.71909122724165],[-111.59709652699998,26.717057387241717],[-111.59400414999999,26.71191044224185],[-111.58980568599998,26.71306048324179],[-111.58693153499996,26.710605831241846],[-111.58229568499996,26.712451941241785],[-111.582483068,26.70976017524184],[-111.57929108599996,26.7066392692419],[-111.57197477299997,26.707927990241913],[-111.57110924399997,26.706714465241927],[-111.57337351999998,26.70434433924195],[-111.57062740299995,26.700141204242012],[-111.568613784,26.70063494224205],[-111.56928895599998,26.69869865624204],[-111.56695113599994,26.69866296424206],[-111.56632473399999,26.69688967024213],[-111.56119581499998,26.697033033242136],[-111.56101913999998,26.690418132242225],[-111.56432658999996,26.686111307242353],[-111.56247953399998,26.682866912242392],[-111.56382868799996,26.676738610242538],[-111.56705166799998,26.672733978242587],[-111.56625216899995,26.67058532424262],[-111.56784045999996,26.67013917524266],[-111.56679825599997,26.667701417242675],[-111.56785116699996,26.662583792242796],[-111.56591428599995,26.65995924624286],[-111.56812480499998,26.655595315242948],[-111.56646600399995,26.651747568243003],[-111.56782229599997,26.65084634724304],[-111.56805107999998,26.64573019524311],[-111.56582354899996,26.64044810224321],[-111.56722122599996,26.636410716243294],[-111.56533707299997,26.635366218243327],[-111.56795828099996,26.632005464243402],[-111.56585364799999,26.63091686124341],[-111.56650205099999,26.62940887724344],[-111.56303696099998,26.620819023243627],[-111.567361631,26.618314640243646],[-111.56427615099994,26.616633544243705],[-111.56854422299995,26.60172682324395],[-111.56778398499995,26.589113300244225],[-111.57041447999995,26.58552626324432],[-111.56912958799995,26.5845613792443],[-111.569850547,26.572366654244565],[-111.567576972,26.56792301024466],[-111.56739422999999,26.56270390024478],[-111.565516835,26.558742098244807],[-111.55539460799997,26.550604341244988],[-111.52361095699996,26.537294826245237],[-111.515680214,26.536970030245282],[-111.50885275199995,26.534521395245314],[-111.50721330299996,26.53209196524536],[-111.50299451899998,26.530569110245366],[-111.47591922699996,26.530786355245404],[-111.47376700399998,26.531578716245374],[-111.47235669799996,26.535534570245275],[-111.46716756899997,26.53540988624531],[-111.46343300499996,26.53797970424524],[-111.460393244,26.53771677324524],[-111.46341682499998,26.532724902245317],[-111.46213155899994,26.52864412624544],[-111.45717918699997,26.525503523245487],[-111.45618124099997,26.522535384245515],[-111.44214004099996,26.51827091424566],[-111.44393605899997,26.51521711324569],[-111.45047338999996,26.516469186245654],[-111.45265202399997,26.51501866624569],[-111.45322642599996,26.508984829245797],[-111.45688710799999,26.50588066124587],[-111.45566019799998,26.50369631524592],[-111.455090881,26.488046162246214],[-111.46020761399996,26.47942448224641],[-111.46644775099999,26.478517908246424],[-111.46463817099999,26.474934440246503],[-111.46811238799995,26.47267388424654],[-111.46736265299997,26.46739868624666],[-111.46997292199997,26.465216721246666],[-111.47195739299997,26.459496497246818],[-111.47244637199998,26.45665898924685],[-111.47003359699994,26.45513137524688],[-111.46793491399997,26.440870671247186],[-111.46863594999998,26.432002416247332],[-111.46721779299997,26.427433851247418],[-111.46962998099997,26.42230184824756],[-111.46893993699996,26.41231287124772],[-111.46247922499998,26.401848001247952],[-111.45411172099995,26.39706241124801],[-111.45109290899995,26.393033288248134],[-111.44689690899997,26.390585322248153],[-111.44042239599997,26.389990458248167],[-111.43791932199998,26.38768416524822],[-111.43742677399996,26.383803264248293],[-111.43395097599995,26.38394008324832],[-111.43213782699996,26.37969809924837],[-111.42940382599994,26.38026560024839],[-111.429178967,26.383866915248298],[-111.42703782799998,26.38124377524837],[-111.42478648199996,26.380990146248333],[-111.42441052699998,26.378939051248427],[-111.42718051699997,26.379096096248396],[-111.42747065199995,26.37687984424846],[-111.42263130499998,26.374895016248455],[-111.42139398499997,26.37279918724851],[-111.42409895599998,26.369871498248568],[-111.42512117299998,26.371331536248555],[-111.42896828499995,26.36976489924858],[-111.43067654,26.371657008248537],[-111.43444711299998,26.369719689248598],[-111.43402444299996,26.36246158124871],[-111.43236992299995,26.361092636248767],[-111.43061229499995,26.362183184248725],[-111.43101442299997,26.360067843248782],[-111.42884911399996,26.359513429248782],[-111.42670046099995,26.353029397248903],[-111.42293416999996,26.349400323248982],[-111.41236394999999,26.34636373624904],[-111.411345263,26.34807160124902],[-111.40706393899995,26.34665736224906],[-111.40547689299996,26.348309495249026],[-111.40422053799996,26.347559965249033],[-111.40557682999997,26.345982383249023],[-111.40392072499999,26.34224186924914],[-111.39612561099995,26.34089271524914],[-111.395161929,26.335917262249264],[-111.38706700299998,26.323525030249492],[-111.38630319599999,26.321005180249536],[-111.38880678499999,26.31523538424966],[-111.38468079999997,26.305636044249844],[-111.38484676699994,26.302345249249903],[-111.38233316499998,26.299398881249985],[-111.38394167999996,26.287682415250213],[-111.38304293599998,26.280643686250375],[-111.38418793299996,26.279631463250354],[-111.38972160799995,26.281087694250356],[-111.39487292399997,26.27685586825041],[-111.396062654,26.269436708250574],[-111.39415250999997,26.266063819250657],[-111.39728331799995,26.262004462250708],[-111.39787580299999,26.256324688250846],[-111.39567480299996,26.251211226250952],[-111.38843356999996,26.243464259251102],[-111.38734787799996,26.235604342251246],[-111.38333691899999,26.227497156251438],[-111.38360746299998,26.223643262251485],[-111.37881046999996,26.219328109251578],[-111.37750771499998,26.21585528625167],[-111.37896037599995,26.21450256225168],[-111.37722725599998,26.205707678251862],[-111.37904629499998,26.18834756625221],[-111.37356699099996,26.178755721252415],[-111.36990805399996,26.175797377252433],[-111.36514449199996,26.174933870252485],[-111.36135543799998,26.16756134925261],[-111.36195434899997,26.16039917125275],[-111.36057711599994,26.1550376902529],[-111.35846605899997,26.1536309532529],[-111.35889816899999,26.143462088253088],[-111.35519310999997,26.135292685253294],[-111.35488377999997,26.12910132725339],[-111.35031975599998,26.12589165025349],[-111.34474705799995,26.11167332325374],[-111.335813015,26.104651534253914],[-111.32382826499997,26.100279274253985],[-111.325655096,26.08825585825424],[-111.324336874,26.08285329225431],[-111.31886887299999,26.07675711325443],[-111.31895900299997,26.069214024254624],[-111.322461859,26.063289363254746],[-111.32545046199999,26.062385168254732],[-111.32842478799996,26.058977780254832],[-111.32860562699994,26.048436768255005],[-111.34143301199998,26.036532127255242],[-111.345661604,26.02791153725546],[-111.34370568699997,26.019949861255586],[-111.34026116899999,26.01523683225572],[-111.33904978599998,26.015700351255703],[-111.33844064399995,26.014853263255713],[-111.34008247199996,26.014896094255697],[-111.33891177699996,26.014629594255695],[-111.33908444299999,26.007577040255857],[-111.33635576299997,26.005164033255923],[-111.33946095999995,26.004411528255904],[-111.33527960499998,26.00307647025594],[-111.33807756999994,25.999295319256003],[-111.33820427499995,25.988107601256257],[-111.34148408299995,25.9822410122564],[-111.35512420799996,25.969995004256607],[-111.35864818999994,25.95996676625679],[-111.35463463399998,25.94740261725709],[-111.35271024499997,25.945531766257105],[-111.35383156599994,25.943036306257167],[-111.35301660099998,25.938625380257278],[-111.35617830899997,25.933518462257346],[-111.35523493999995,25.928782969257437],[-111.34794198699997,25.92193964425761],[-111.34374241299997,25.922357053257564],[-111.34562599499998,25.920581023257622],[-111.34346482999996,25.920103859257623],[-111.34049566899996,25.911659829257832],[-111.33675606099996,25.907524770257883],[-111.33687920499995,25.900504678258038],[-111.33864595499995,25.89776353925806],[-111.33555503499997,25.892798793258173],[-111.33599047599996,25.886502739258287],[-111.34159053799999,25.880385145258415],[-111.34205103699998,25.8776905922585],[-111.34103136499999,25.873311008258604],[-111.33384777199996,25.862975224258815],[-111.33424074,25.856911762258886],[-111.33176105699994,25.852261292258984],[-111.33119776599995,25.845293806259164],[-111.33236358299996,25.842630594259216],[-111.33122878799998,25.839459903259243],[-111.33335293299997,25.837788451259296],[-111.332950833,25.83581095125933],[-111.32952794999994,25.83225025525943],[-111.32509581399997,25.830928549259472],[-111.32050562699999,25.83269533325941],[-111.31781603199994,25.831652183259436],[-111.31599993599998,25.837144217259315],[-111.30262151799998,25.82487941125955],[-111.29972698499995,25.817815017259697],[-111.29200801399999,25.8127848362598],[-111.29755084899996,25.80782456225992],[-111.30204089199998,25.808035145259915],[-111.29994339699999,25.813215231259818],[-111.30654402199997,25.812934455259803],[-111.30899311099995,25.814797931259765],[-111.30881164799997,25.81848871225973],[-111.30520973899996,25.819529726259656],[-111.30699730899994,25.822099544259643],[-111.30552799199995,25.823274403259617],[-111.30570942599996,25.825960219259553],[-111.31103763299997,25.83173659925943],[-111.31734415699998,25.829991026259478],[-111.31732321799996,25.828007508259482],[-111.31529401399996,25.82786093325952],[-111.31393486599997,25.825009387259584],[-111.31658844099996,25.82451065225959],[-111.31553639099997,25.82014470525968],[-111.31719416199996,25.81798224425971],[-111.31594708499995,25.816606678259763],[-111.31968345399999,25.81580844725974],[-111.31610888899998,25.813030348259783],[-111.31599705499997,25.815719139259755],[-111.31541289699999,25.81288163225984],[-111.31376155099997,25.812416447259853],[-111.31512498199999,25.81599039725975],[-111.31314051199998,25.815534731259763],[-111.31370801299994,25.814083259259807],[-111.31275030999997,25.815862147259768],[-111.31056725899998,25.815554404259757],[-111.31221170199996,25.81575776725973],[-111.31240977299996,25.814702536259794],[-111.30957250999997,25.81442709225979],[-111.31103825799994,25.81262108125984],[-111.30705083,25.811663799259865],[-111.31087142899997,25.80163090526006],[-111.31140335699997,25.795448827260188],[-111.31118920599994,25.791070619260232],[-111.30925232399994,25.789119461260285],[-111.31027549299995,25.786173688260366],[-111.30724167999995,25.780014453260463],[-111.30620661399998,25.77347093626063],[-111.30302107499995,25.770248960260673],[-111.28976215899996,25.763912641260788],[-111.284522586,25.756426856260973],[-111.27989215499997,25.75394745826104],[-111.27823604999998,25.750183151261087],[-111.27007449899997,25.746580647261194],[-111.26023899699999,25.744891229261217],[-111.25886842699998,25.74241064126124],[-111.25428963099995,25.740181562261323],[-111.24596579999996,25.73064492026152],[-111.24433920099996,25.72681636826158],[-111.24627904999996,25.72439197926164],[-111.24308998299995,25.721415467261657],[-111.23901753599995,25.71996280626173],[-111.23395523299996,25.720504134261706],[-111.232242021,25.722179274261652],[-111.23452844499997,25.724925767261613],[-111.23375274099999,25.726339167261564],[-111.23140917699999,25.725034566261584],[-111.22390438899998,25.725334558261586],[-111.223871553,25.72310785926162],[-111.21951237999997,25.718132406261738],[-111.22068735799996,25.715427435261784],[-111.21608976399995,25.708446542261925],[-111.21700062099995,25.706205090262014],[-111.21345879399998,25.705594758262023],[-111.21182947799998,25.702476160262066],[-111.21356203199998,25.697745288262183],[-111.215994079,25.695978776262212],[-111.21600835599997,25.69113895226231],[-111.21097341699999,25.68265855326249],[-111.210214964,25.675053201262656],[-111.20784252199998,25.67267564426266],[-111.20496718099997,25.67342517426264],[-111.20417731999999,25.671189549262724],[-111.20655142599998,25.666538300262808],[-111.20459550899996,25.659103674262955],[-111.19991439599995,25.65487680026305],[-111.20123055299996,25.638284954263415],[-111.19810751099999,25.63103949526352],[-111.19532711000001,25.63100380326354],[-111.19407848799995,25.62466670426366],[-111.19499458099995,25.62153295326372],[-111.19268114999996,25.620532192263738],[-111.19340181699995,25.613466454263886],[-111.18922879199994,25.60671876526402],[-111.18293260899998,25.602655725264093],[-111.18086474399998,25.59735934426421],[-111.17187157099995,25.595013195264258],[-111.174412836,25.592994223264316],[-111.17386555899998,25.589278694264426],[-111.16910478199999,25.58556798026449],[-111.17057386099998,25.58342075526454],[-111.16468612199998,25.57326140826473],[-111.15317048299994,25.567847182264828],[-111.14982476599994,25.5690485782648],[-111.145103916,25.56557456526491],[-111.14421114199996,25.563120389264938],[-111.14608853699997,25.560160340264968],[-111.14387087899996,25.553652514265142],[-111.14172044099996,25.552597818265138],[-111.142466997,25.5499952822652],[-111.13812986899995,25.547552592265248],[-111.13824264299996,25.545110020265287],[-111.13555970899995,25.54198721126536],[-111.12618771099994,25.53686726526549],[-111.12185114399996,25.52860161326562],[-111.11098093299995,25.52433642926575],[-111.10266614399997,25.52413084326577],[-111.09985076599997,25.528762226265677],[-111.09830324999997,25.5259841992657],[-111.08425342999999,25.52461873926573],[-111.07591814699998,25.52642916526572],[-111.07381824999999,25.52519553926569],[-111.07304542499999,25.52822256526568],[-111.06958211899997,25.53108553226562],[-111.068538963,25.529126760265633],[-111.069526915,25.526635702265708],[-111.07243842299995,25.525391720265745],[-111.07192053999995,25.52364381926578],[-111.07362021999995,25.524573459265742],[-111.07501216699995,25.523204150265787],[-111.07297257699999,25.51677249126588],[-111.06824819599997,25.51404005326598],[-111.064708307,25.514938646265954],[-111.06212778099997,25.51270433326597],[-111.06047524599995,25.513176656265955],[-111.05986153799996,25.519477778265852],[-111.05318167999998,25.521170689265837],[-111.04941352699996,25.515742841265936],[-111.04686631499999,25.51729401126587],[-111.04049211999995,25.515564286265953],[-111.03876463099999,25.51642660326591],[-111.03824745499999,25.521531260265817],[-111.03577018899995,25.520353461265838],[-111.035911925,25.517962128265893],[-111.033512714,25.51637312426588],[-111.03152128199997,25.51808315826589],[-111.02680192099996,25.514925698265944],[-111.02515914199995,25.515810858265926],[-111.02133296699999,25.514527852265967],[-111.01875185999995,25.515916459265902],[-111.01653665899995,25.514600910265944],[-111.01650888999997,25.508517549266095],[-111.014323274,25.504785683266174],[-111.01862077099997,25.50514555326611],[-111.02158871999997,25.502139758266207],[-111.02263071999994,25.49711471926633],[-111.01986381999996,25.493894829266363],[-111.02031562999997,25.48975881926649],[-111.01536502999994,25.483108449266577],[-111.01344632200001,25.477186658266696],[-111.02002721999999,25.475365029266737],[-111.02101505499996,25.471528563266823],[-111.01920777999999,25.462089659267047],[-111.026196714,25.457960609267115],[-111.0267864,25.45106164926726],[-111.02528594999997,25.449801679267306],[-111.02485774499996,25.44403621826741],[-111.02035552399998,25.44082223226749],[-111.01326541399999,25.42146312026787],[-111.00374420599998,25.416235474267996],[-111.00415770399997,25.40737290726819],[-110.99988736899998,25.39498292026844],[-111.00064760699998,25.38793114926856],[-110.99768517799998,25.386646716268622],[-110.99881094599999,25.382720423268708],[-110.99380856,25.378959153268745],[-110.99420576799997,25.37422004626885],[-110.98733233999998,25.370847649268907],[-110.98836561899998,25.368044869269003],[-110.98523416999997,25.366152509269046],[-110.98492742999997,25.362069699269135],[-110.98124046499998,25.356394580269257],[-110.97966974299999,25.341469625269543],[-110.96613203799997,25.330309715269774],[-110.959036009,25.328394962269815],[-110.95545395299997,25.32941122326982],[-110.95759324699998,25.322917952269943],[-110.94668464999995,25.313252229270127],[-110.94388701999999,25.30541282927026],[-110.94748638299997,25.304105103270306],[-110.94743648599996,25.29716613527045],[-110.93752783099995,25.291916925270574],[-110.93311692199997,25.29157561627057],[-110.93832066699999,25.288275755270682],[-110.93904319099995,25.28621133427072],[-110.93853826899999,25.283119439270777],[-110.93379053099994,25.277615032270898],[-110.93656212699996,25.27266765727097],[-110.93864458299998,25.27195472227102],[-110.94113133999997,25.274080739270946],[-110.944468606,25.27152871227102],[-110.94617325199994,25.257714513271285],[-110.94344871499999,25.24982930427145],[-110.93873219999995,25.244262689271547],[-110.93845234999998,25.242150479271654],[-110.94055529099997,25.240931310271648],[-110.94129530299995,25.237464435271704],[-110.93830128399998,25.23196804327182],[-110.93750720099996,25.223668320272],[-110.93413312499996,25.21897602327208],[-110.934037947,25.215506769272174],[-110.92545820499998,25.20970385927229],[-110.92166772399997,25.210377841272308],[-110.92289766999994,25.20758826827233],[-110.92047204499995,25.20532386627241],[-110.92101645999998,25.203674489272398],[-110.91572222399999,25.19453408127264],[-110.91612673299994,25.191104683272677],[-110.90897764199997,25.186503995272776],[-110.90642210099998,25.183031171272837],[-110.91241263199998,25.174501518273026],[-110.91029856999997,25.164825677273235],[-110.911521613,25.16077107627333],[-110.90753575999997,25.145944150273625],[-110.89312837899998,25.13081366227393],[-110.87935068699994,25.126260415274032],[-110.88092232099997,25.123689646274098],[-110.87515706499994,25.118949997274225],[-110.87594450799998,25.113667118274332],[-110.87340243099999,25.109081099274388],[-110.86909210599998,25.105707655274482],[-110.86962526699996,25.09862562027463],[-110.86398114199994,25.091626053274812],[-110.86525588999996,25.089720884274847],[-110.86262399499999,25.083770720274963],[-110.86297624799995,25.080711227275003],[-110.85477392899998,25.075452222275143],[-110.84760235299996,25.07304884727516],[-110.84853022999995,25.071230340275203],[-110.84622453199995,25.06921969627525],[-110.82904720299996,25.063185382275403],[-110.82476536299998,25.057656705275495],[-110.82653806099995,25.047013376275707],[-110.81616123099997,25.034842433275976],[-110.80942874499999,25.03137724327605],[-110.80406670399998,25.03192570927604],[-110.79840333899996,25.029533161276103],[-110.794141826,25.03120052227606],[-110.79346189499995,25.035594197275984],[-110.79000334899996,25.035935054275935],[-110.78418735099997,25.033036871275982],[-110.77468794799995,25.022852183276218],[-110.76134880899997,25.014926793276427],[-110.75712764499998,25.014015460276404],[-110.75986164499996,25.012773381276425],[-110.76191036099999,25.00575397127658],[-110.75716214699997,25.00092515227667],[-110.75985868499998,24.998851948276712],[-110.75827474299997,24.996039127276816],[-110.75187994199996,24.994168474276822],[-110.75034598199996,24.992097253276874],[-110.75071003999994,24.98933112927693],[-110.74876482999997,24.987785669276974],[-110.75152827099998,24.98177652627707],[-110.75122560399996,24.978134523277156],[-110.74889277999995,24.97533342227724],[-110.75150292999997,24.97339499427726],[-110.749018773,24.969273767277357],[-110.74967907299998,24.965929435277452],[-110.74539366199998,24.96240619727751],[-110.74282479599998,24.957035991277618],[-110.738186989,24.953032072277686],[-110.733799144,24.951758823277718],[-110.73395832999996,24.947751334277843],[-110.73142253799995,24.94628011427783],[-110.73220490499995,24.94433074027789],[-110.72469663399995,24.935872708278048],[-110.72173301599997,24.935236202278084],[-110.72032199499996,24.925428064278307],[-110.71374397499994,24.920188491278374],[-110.70522145999996,24.92157571727836],[-110.70246874299994,24.917154045278483],[-110.69916010199996,24.91540371427848],[-110.69932166799998,24.91242129727855],[-110.70205828599997,24.9147710152785],[-110.704549581,24.91209650127859],[-110.70608492899999,24.912611654278546],[-110.70803430199999,24.90783310227865],[-110.70596654999999,24.90654819327868],[-110.70397137199997,24.907601104278648],[-110.70368440899995,24.901010949278824],[-110.69207240199995,24.89238468927897],[-110.69043295299998,24.88590601227916],[-110.68520972399995,24.883804410279154],[-110.68878509099994,24.875882546279364],[-110.684010475,24.867409923279546],[-110.68473383099997,24.85751136627971],[-110.67532306299996,24.844822890279996],[-110.67337190499995,24.83877406228016],[-110.67337428499997,24.82906455228031],[-110.66787297099997,24.822882713280478],[-110.66456480599999,24.81608245128062],[-110.66460263999996,24.810215176280725],[-110.65918245399996,24.80895536728078],[-110.65707093199997,24.806074240280825],[-110.66076004799999,24.797017059281007],[-110.66031157899994,24.794424042281072],[-110.662145846,24.792427555281133],[-110.66078074299999,24.789279549281197],[-110.665260177,24.765666035281672],[-110.68181944099997,24.745784449282098],[-110.68822988299996,24.730246684282452],[-110.690892326,24.717637805282695],[-110.68915056099996,24.711252521282862],[-110.68995362899994,24.707469178282928],[-110.69421524299997,24.70138727628306],[-110.70665404899995,24.69805019728312],[-110.718296578,24.687863609283394],[-110.72861213699997,24.669472755283763],[-110.73345731399998,24.636285223284474],[-110.738857501,24.626287917284692],[-110.74044935999997,24.61823582128483],[-110.73903833999998,24.602022174285207],[-110.74023538299997,24.5872419102855],[-110.73580941099999,24.57289757128582],[-110.73584748299999,24.56843846128594],[-110.73319795299994,24.562878851286033],[-110.73776651799996,24.555255058286207],[-110.73801874099998,24.55133370628627],[-110.73540609299995,24.542953244286455],[-110.73384299899999,24.528148515286787],[-110.72952963199998,24.520744303286975],[-110.72916616799995,24.514800334287106],[-110.724768924,24.50828536928724],[-110.71252124299997,24.495883619287465],[-110.70417668199997,24.483440673287763],[-110.69188973999997,24.471266518288008],[-110.68703147599997,24.46272529428821],[-110.68930919099995,24.45091155628845],[-110.68447888499999,24.44508663528859],[-110.687914827,24.442055202288653],[-110.68827174599994,24.43884292928875],[-110.69227191699999,24.433764481288847],[-110.69246931299995,24.420759026289097],[-110.689509264,24.416614005289183],[-110.69294520499994,24.41234525228932],[-110.69315935699996,24.406092028289425],[-110.68325603999995,24.395181010289644],[-110.67853043099996,24.39662296328966],[-110.68341903299995,24.39480862428968],[-110.68153424799999,24.389020823289805],[-110.68508440399997,24.381539798289964],[-110.67926900099997,24.37236935529015],[-110.67978772299995,24.364983508290333],[-110.68234802399998,24.360809933290398],[-110.68149489399998,24.35796217129046],[-110.67579022899997,24.349583636290635],[-110.66579649299996,24.339666043290887],[-110.663326612,24.334888085290967],[-110.65507464099994,24.32838739829113],[-110.65491759699997,24.324247136291202],[-110.65115804899995,24.320644632291263],[-110.64019349199998,24.315029104291423],[-110.64149862699999,24.308094165291553],[-110.63499317999998,24.2916854022919],[-110.63113369499996,24.288430299292013],[-110.62216312699996,24.2731624872923],[-110.616281099,24.2701643662924],[-110.61676174999998,24.2657766402925],[-110.61156217199999,24.255738419292697],[-110.60652054999997,24.25160695029279],[-110.59220749699996,24.24635548029288],[-110.58201625499998,24.24030148629305],[-110.57591531699995,24.23004541429327],[-110.57703438899995,24.228179329293294],[-110.57609972499995,24.226500017293304],[-110.56399005299994,24.22014150229347],[-110.56494421699996,24.216512824293563],[-110.56038811299999,24.211938311293626],[-110.52907321599997,24.2013556582939],[-110.46981214499999,24.18630604329422],[-110.40005992099998,24.174319766294467],[-110.36522580199996,24.17305865129451],[-110.33601411099994,24.17768016029443],[-110.32482172099999,24.176540993294424],[-110.32739748699998,24.16684766329464],[-110.33268345999996,24.16544497129467],[-110.34080384699996,24.15876630029484],[-110.34631824699996,24.156790871294852],[-110.34616120299995,24.15757181129487],[-110.34647814799996,24.158372737294794],[-110.34713154699996,24.15638112829488],[-110.35362747599999,24.15317599429492],[-110.371043941,24.14900051629503],[-110.377798279,24.149364098295],[-110.38005781499999,24.156451084294886],[-110.38557292999997,24.162202480294756],[-110.40909973099997,24.172653310294496],[-110.42480595899998,24.174802558294477],[-110.43354215,24.171446329294525],[-110.43022637099996,24.16335854129469],[-110.42860238899999,24.164839755294683],[-110.42613250799998,24.163401371294736],[-110.43123062999996,24.14795519529506],[-110.42948529499995,24.14206602929516],[-110.41516082099997,24.12853474829546],[-110.41937306199998,24.127464586295527],[-110.42400230299995,24.122228582295612],[-110.42311952299997,24.116777236295757],[-110.41716611099999,24.109298592295918],[-110.39211502799998,24.103898166296048],[-110.36709856399995,24.11418291029581],[-110.36339088799998,24.113134044295812],[-110.36210026799995,24.110890688295846],[-110.35492051499995,24.112466129295804],[-110.349368756,24.115154682295792],[-110.35105340299998,24.117466816295714],[-110.34720819399996,24.120906565295623],[-110.35030506199996,24.122902100295573],[-110.35006235699997,24.126542675295518],[-110.34894876899996,24.123863402295566],[-110.34558421199995,24.12369208129559],[-110.34552900799997,24.124999833295565],[-110.34813118699998,24.125983026295557],[-110.34855948999996,24.1320911022954],[-110.34671421799999,24.136218278295306],[-110.35173190599996,24.139811264295233],[-110.35198603199997,24.1425063602952],[-110.34363650399997,24.144404575295145],[-110.33857301099994,24.14715761229507],[-110.33560082599998,24.151271224295005],[-110.32843150999999,24.15225156229496],[-110.32915724599997,24.15392432329493],[-110.327555868,24.153150998294944],[-110.32752017599995,24.15521875029491],[-110.32655887399996,24.15428838029493],[-110.32598780299999,24.154573916294904],[-110.32655173599994,24.154478737294887],[-110.32748924299996,24.155468593294906],[-110.32559995099996,24.154876107294903],[-110.32758918099995,24.156206226294866],[-110.32556425899998,24.154873728294884],[-110.32602746099998,24.1560099202949],[-110.32401681699997,24.156300215294863],[-110.32533503799999,24.15721392829483],[-110.32398588399998,24.156324009294867],[-110.32267004199998,24.157454253294862],[-110.32439990999995,24.158594015294835],[-110.32611788099996,24.15716158029483],[-110.32440466899999,24.158651122294795],[-110.32252727399998,24.157416182294867],[-110.32437968399996,24.155901655294855],[-110.32166448099997,24.156213781294877],[-110.31898758799997,24.160318351294787],[-110.31953724299996,24.161905451294743],[-110.31210440199999,24.166648312294644],[-110.30470225599998,24.175076720294452],[-110.30263931299999,24.18057129229436],[-110.30454585599996,24.181252413294303],[-110.30479272499997,24.182501630294283],[-110.304441754,24.186362305294207],[-110.30461569299996,24.1818425192943],[-110.30323489199998,24.18131475529434],[-110.30407528299997,24.18273694429429],[-110.30284776099995,24.1830649492943],[-110.30400115499998,24.183228528294308],[-110.30274594099996,24.183666069294297],[-110.30389668599997,24.18386658329427],[-110.30265906199998,24.18418200529428],[-110.30403795999997,24.184873238294262],[-110.30200961999998,24.18676303829418],[-110.30227373999999,24.19333986829406],[-110.29980564399995,24.201301545293866],[-110.300858556,24.20837151829371],[-110.29975508099994,24.211771173293638],[-110.30076280599997,24.215986853293565],[-110.30248551199999,24.217095217293547],[-110.30313510499998,24.216587202293585],[-110.30517311299997,24.216551510293534],[-110.30583698299995,24.21736171729355],[-110.30342611399999,24.216849017293562],[-110.30336607699998,24.21797487829353],[-110.30316722799995,24.21676923129355],[-110.30118275699999,24.218735856293527],[-110.29935889999996,24.21479189929356],[-110.29836666499996,24.215002481293595],[-110.30056266999999,24.218926450293523],[-110.30777777999998,24.218462619293483],[-110.31247289399994,24.220242104293487],[-110.31235510999996,24.227994388293308],[-110.30645880599997,24.233166146293225],[-110.31121096699997,24.241082302293012],[-110.31469809999999,24.24206377329298],[-110.31347580099998,24.2504325422928],[-110.31639325799995,24.248764778292852],[-110.31895326599994,24.243369407292956],[-110.32749582299999,24.244343740292926],[-110.32303671299996,24.246813620292905],[-110.32139964399994,24.250378053292835],[-110.31863470999997,24.250730213292805],[-110.31686569999994,24.254319749292716],[-110.31527622,24.2545600742927],[-110.31684666399998,24.2565255092927],[-110.31133107399997,24.259418934292608],[-110.31110205099999,24.261253498292604],[-110.31910596199998,24.260825195292583],[-110.32051579299997,24.258576605292667],[-110.32421288099994,24.257892509292635],[-110.32314509799996,24.263638908292542],[-110.32083701999996,24.265795294292467],[-110.32476313099994,24.269539971292428],[-110.32301494099995,24.271414035292384],[-110.32636046299996,24.271951793292367],[-110.32875610499998,24.277121410292242],[-110.33177706799995,24.277129024292268],[-110.329737632,24.269862388292367],[-110.33329611599999,24.267799395292432],[-110.33149426899996,24.263654374292514],[-110.33310932799999,24.261132146292603],[-110.33056033099996,24.259618214292612],[-110.33060791999998,24.25718521529267],[-110.33398993299994,24.25604889229271],[-110.33650121599999,24.258549706292634],[-110.33709909,24.275341692292255],[-110.33351419399999,24.279062931292184],[-110.32838431399995,24.278452679292208],[-110.32746346199998,24.281980229292127],[-110.329795334,24.285392377292045],[-110.33477495099999,24.284274625292095],[-110.33086192799999,24.289697416291986],[-110.33745243999999,24.29536172329183],[-110.33434010499997,24.297157027291824],[-110.33016034299999,24.296782262291817],[-110.32697234199999,24.301180576291692],[-110.33358426899999,24.300246638291707],[-110.33203107599998,24.303570150291645],[-110.33270922199996,24.305871089291596],[-110.33450461499996,24.303308290291675],[-110.33744562799995,24.302794327291686],[-110.33529304899999,24.31255559029145],[-110.33990622899996,24.31594929629137],[-110.33746490199997,24.317824906291342],[-110.336394145,24.316133109291403],[-110.33304981299995,24.317485833291332],[-110.33062276199998,24.317057530291365],[-110.33043347599995,24.31511025829141],[-110.32625573699994,24.31662538029138],[-110.32403569999998,24.31488361529139],[-110.31958848699999,24.31878831029133],[-110.32013814299995,24.316197077291402],[-110.31722568299996,24.311996139291495],[-110.31457662899999,24.315467891291423],[-110.316330291,24.322051860291246],[-110.32255734099999,24.31911322529134],[-110.32394694599998,24.321608685291267],[-110.33079332999995,24.323948687291193],[-110.33165041099994,24.328405893291134],[-110.33434158199998,24.328555799291124],[-110.32481350599994,24.33617245429095],[-110.31412223099996,24.336857025290964],[-110.30553773099997,24.339321552290876],[-110.29933423799999,24.345353961290744],[-110.29979109399996,24.34797898229072],[-110.29717032099997,24.352394499290607],[-110.28682529199996,24.35085694129065],[-110.28351308299995,24.35341605129057],[-110.276547258,24.350652917290628],[-110.27313035199995,24.352199567290608],[-110.26862781699998,24.348576854290663],[-110.25030279499998,24.345646230290736],[-110.24798301799996,24.34616822829074],[-110.24568690599995,24.350258075290633],[-110.24141190599994,24.34590254929075],[-110.23398310999994,24.34427142929077],[-110.23102284299996,24.34024540129086],[-110.230196456,24.334945369290992],[-110.23526137599998,24.331394262291056],[-110.23571245299996,24.318025585291323],[-110.22956868499996,24.313095341291454],[-110.21692749399995,24.308710774291566],[-110.216696244,24.303068088291695],[-110.213157879,24.30100692229171],[-110.21193578799995,24.298128012291784],[-110.20706281099996,24.298103861291796],[-110.20608342499997,24.29665619629182],[-110.20129837399999,24.297786830291784],[-110.19872398999996,24.294907293291843],[-110.19701172999999,24.29532798129184],[-110.19504843599998,24.29319122529187],[-110.19332189899997,24.29393100029185],[-110.184397017,24.28070281529213],[-110.18474893899997,24.26906106429243],[-110.18138723699997,24.263403181292528],[-110.17828203999994,24.261486526292572],[-110.17773676999997,24.257100819292685],[-110.17436972999997,24.25237319029279],[-110.15144457499999,24.24917805029285],[-110.14817960799996,24.244947832292908],[-110.14172875999998,24.244030086292963],[-110.13681863299996,24.23870067329305],[-110.13735829499997,24.23552980329315],[-110.12658934999997,24.229770999293255],[-110.12373217599999,24.226058220293368],[-110.11655881499998,24.227474237293336],[-110.11270028099995,24.223583818293402],[-110.10124749299997,24.216872249293548],[-110.09488077999998,24.21723241329352],[-110.09018515199995,24.215217248293577],[-110.08925953299996,24.216234754293595],[-110.088818916,24.213101420293615],[-110.07873545099994,24.209300144293707],[-110.072765384,24.20056633229391],[-110.06388709099997,24.19838441429398],[-110.05919539999996,24.194464459294053],[-110.05724857999996,24.190191219294114],[-110.04663143799996,24.184839015294262],[-110.04017381899996,24.178555731294395],[-110.03141683999998,24.176155375294446],[-110.02972100599999,24.17190602929454],[-110.01772177499998,24.170032743294545],[-110.01594004999998,24.16642085929467],[-110.00818531,24.15944408929478],[-110.00329886499999,24.137755424295257],[-109.99781420799997,24.129082289295468],[-109.99942331799997,24.116542529295764],[-109.993691792,24.108178724295946],[-109.99171886199997,24.092964807296248],[-109.99186162899998,24.078407264296604],[-109.98843996399997,24.068174392296804],[-109.98880878099999,24.051158272297183],[-109.98421344699995,24.04373137929735],[-109.96982068199998,24.038341900297436],[-109.94980762999997,24.03708495029748],[-109.94479589099997,24.03233495129759],[-109.93996855899996,24.032397412297613],[-109.92978446599994,24.029048320297687],[-109.89464518099999,24.037688143297498],[-109.88233103399995,24.038570824297473],[-109.85302291399995,24.050477752297187],[-109.832464847,24.06111584629696],[-109.82662802899996,24.060813654296975],[-109.82763739699999,24.051180168297208],[-109.82528077899998,24.040002412297408],[-109.81781164999995,24.032944931297607],[-109.80897861499994,24.03134069829762],[-109.803987061,24.02186543229784],[-109.80628811799996,24.01439252229796],[-109.81273119899998,24.010795427298067],[-109.81243424199994,24.008364570298145],[-109.81398184399997,24.00727192129812],[-109.81174705399998,24.00295462729825],[-109.81473525999996,24.00234889629824],[-109.81391149099994,23.998682622298315],[-109.81633798499998,23.998658177298314],[-109.81719747099999,23.995102295298388],[-109.82207395799998,23.9914062882985],[-109.82482937399999,23.9905710972985],[-109.82669106399999,23.993385761298462],[-109.82989477099996,23.992171285298458],[-109.83546080599996,23.98484444829863],[-109.83480597799998,23.983334918298695],[-109.83652156999996,23.980669034298746],[-109.83421896499999,23.979320117298744],[-109.83598976599997,23.97318566429891],[-109.83864326199995,23.971206619298922],[-109.83534747,23.96621237229908],[-109.835802899,23.96321306229913],[-109.837470425,23.962407852299137],[-109.83740984999999,23.956040059299298],[-109.83994676999998,23.951977399299345],[-109.83750256999997,23.932752689299768],[-109.83170252299999,23.919610274300055],[-109.82584376199998,23.91204864530027],[-109.80451772099997,23.899557965300513],[-109.80268755799996,23.893986338300632],[-109.79845211799994,23.88997932630073],[-109.77283854499997,23.875086233301047],[-109.76029719999998,23.863050029301352],[-109.75793598099996,23.858753612301413],[-109.753999353,23.857062101301462],[-109.74857488399999,23.847040138301693],[-109.73526798599995,23.839667299301823],[-109.73387838099997,23.83317137130197],[-109.72209053099999,23.82278145430221],[-109.72213811999997,23.81942046630229],[-109.71278981299997,23.809218526302523],[-109.69925691999998,23.798952983302744],[-109.70930795799995,23.776605350303253],[-109.71109683699996,23.763127607303538],[-109.71069024999998,23.747572880303895],[-109.713231986,23.737675294304086],[-109.71187616899999,23.728576592304332],[-109.70077312899997,23.711014266304705],[-109.69998421799994,23.700114788304955],[-109.69568593099997,23.692158452305122],[-109.695012057,23.683313857305347],[-109.69852521899999,23.668334231305675],[-109.69705245799997,23.662700221305798],[-109.688299848,23.655744580305967],[-109.68777435199996,23.652512753306],[-109.68296675599998,23.648823511306077],[-109.66922465500001,23.642189326306227],[-109.64086076599996,23.632618578306456],[-109.63711930199997,23.627020658306563],[-109.60652561999996,23.619971862306727],[-109.58835129699999,23.611894782306894],[-109.58472975399997,23.611185054306965],[-109.58437164799994,23.611794844306942],[-109.58321879899995,23.61234093130691],[-109.58703783399996,23.608022209307006],[-109.58523884299996,23.60267526330709],[-109.58724520399994,23.600815952307165],[-109.58610686999998,23.59979183230718],[-109.58498519199998,23.601881094307153],[-109.58465492299996,23.59948783230722],[-109.58446266299995,23.60378989730711],[-109.58340047099996,23.59832665530721],[-109.58314539299995,23.602904738307128],[-109.58504087199998,23.605321794307084],[-109.58046956999999,23.60252616630714],[-109.58487246899996,23.607248414307044],[-109.58285365499997,23.611152515306937],[-109.58314097499999,23.606118765307066],[-109.57531016899999,23.600850638307154],[-109.55725005999994,23.593938304307322],[-109.52737016899994,23.58755920730748],[-109.52011483499996,23.58460760530756],[-109.51780882799996,23.582235441307603],[-109.51822851699995,23.57800539430767],[-109.51585662999997,23.571680319307813],[-109.50945876599997,23.56771587030792],[-109.47910731299999,23.560936667308066],[-109.471421654,23.558058947308126],[-109.46840925699998,23.555175040308168],[-109.46834976899999,23.551703407308235],[-109.47510049699997,23.542667446308464],[-109.479233621,23.53387533830869],[-109.47955796599997,23.51991326330895],[-109.46833880799994,23.49997575930942],[-109.463769852,23.495366243309515],[-109.46062340599998,23.487190439309718],[-109.44629741600001,23.477260425309925],[-109.44439403499996,23.46819729331014],[-109.43907413999995,23.462443287310247],[-109.429192899,23.458375119310336],[-109.42823763899997,23.456613633310408],[-109.42532517899997,23.447521713310614],[-109.42311703899998,23.44543254631066],[-109.42552029499996,23.444878132310652],[-109.42656725799999,23.442536742310725],[-109.42618416499994,23.434836806310912],[-109.43177310199997,23.421362514311205],[-109.43187303899998,23.413579297311376],[-109.42743846699994,23.40551720731155],[-109.42102757499998,23.4032100813116],[-109.41532634699996,23.403573485311572],[-109.41737449199996,23.39909505531172],[-109.417347786,23.394624657311798],[-109.41310960899996,23.38722025031194],[-109.41586550099998,23.38192047731207],[-109.42310480499998,23.382815432312093],[-109.43164528499995,23.377041669312177],[-109.425966702,23.36129082731255],[-109.42767563099996,23.346066322312897],[-109.42415164899995,23.33857815831307],[-109.42760424699998,23.317455683313526],[-109.42494162999999,23.305579793313797],[-109.439000794,23.273419474314515],[-109.43898576399995,23.263731697314782],[-109.43637311599997,23.257471335314886],[-109.43788883199994,23.250517122315063],[-109.43595099899994,23.246253128315125],[-109.43792547599998,23.236263556315347],[-109.44147801099997,23.229977020315488],[-109.45028677599998,23.220492488315713],[-109.45409694299997,23.210632907315944],[-109.45325201599998,23.206053304316075],[-109.45505057599998,23.20148630631616],[-109.45852458899998,23.196008786316277],[-109.47476931199999,23.181436890316593],[-109.47767483099994,23.177149775316753],[-109.47685677299995,23.174519995316796],[-109.48509818799994,23.16818099431693],[-109.48914575299996,23.159752524317117],[-109.49275682299998,23.15754248131717],[-109.49486835699997,23.150310823317305],[-109.50880366999996,23.141946066317526],[-109.51772498199995,23.126811778317848],[-109.52093138999999,23.1237023393179],[-109.52687528299998,23.121441851317968],[-109.52983533299995,23.11490309231815],[-109.53623768499995,23.108653106318286],[-109.54618292799996,23.103200015318425],[-109.56532180499995,23.096441037318524],[-109.57638021499997,23.084075392318823],[-109.58642598999995,23.08149730931888],[-109.60883966999995,23.080700487318914],[-109.61748155999999,23.077801329318984],[-109.62716560999998,23.071724381319136],[-109.66860630299999,23.060723181319368],[-109.67035639599999,23.055937490319494],[-109.67055732899996,23.05971497531941],[-109.67168315799995,23.059288491319414],[-109.67076214999999,23.059987267319368],[-109.67205466899999,23.05973249731941],[-109.672848365,23.062633105319346],[-109.67355569899996,23.06216249831935],[-109.67319822999998,23.061697137319353],[-109.67336888299998,23.061589543319368],[-109.67382769199997,23.062184402319346],[-109.67269778599996,23.06407286731928],[-109.67432533699997,23.064463099319294],[-109.675656824,23.062774703319324],[-109.67712133999999,23.063675601319297],[-109.67737773899995,23.062119977319334],[-109.67485431399996,23.06260947831933],[-109.67570447299995,23.061197527319344],[-109.67411499299999,23.06141834131932],[-109.67423682099997,23.05972606831942],[-109.67141471699995,23.057783349319408],[-109.67302799199996,23.057257488319443],[-109.67152893099995,23.055475272319505],[-109.67395122199997,23.055922611319495],[-109.67980945499995,23.048805643319618],[-109.70033754099995,23.040212933319857],[-109.71434430499994,23.029171138320063],[-109.71787202999997,23.012899995320446],[-109.71273713799997,23.007481263320567],[-109.712884568,23.005581332320645],[-109.72138891199995,23.00184889132071],[-109.72417575899999,22.996794261320815],[-109.73006670299998,22.993533849320908],[-109.73303118399997,22.98930578132098],[-109.75969595899996,22.98386451932113],[-109.76346067599997,22.978054233321274],[-109.77754470599997,22.973567521321364],[-109.79476865,22.964038755321557],[-109.79874211199997,22.960264334321646],[-109.80151744999996,22.952397259321852],[-109.80360390199996,22.95271612732187],[-109.80674298599996,22.949981174321913],[-109.807997189,22.944343174322004],[-109.80632501799995,22.940408071322103],[-109.807866909,22.940537990322106],[-109.80678925099994,22.93719503732217],[-109.80852478999998,22.9332239393223],[-109.81110091399997,22.933218704322293],[-109.81338692099996,22.930989012322325],[-109.81304566399996,22.929170890322393],[-109.81564268899996,22.929729813322353],[-109.81562484299997,22.926797128322463],[-109.82571550199998,22.921080802322574],[-109.828583134,22.918529127322614],[-109.82929847099997,22.915475434322712],[-109.83305937599994,22.915084024322702],[-109.836137625,22.911828714322798],[-109.84014796799995,22.910441488322803],[-109.84235189599997,22.908312769322873],[-109.84290130199997,22.902625434322996],[-109.84941072799995,22.900108074323036],[-109.85338081099998,22.90090733532302],[-109.85461408599997,22.898603967323066],[-109.85682400999997,22.898140061323076],[-109.864270494,22.89880451432308],[-109.86687555199995,22.896029102323133],[-109.87210972099996,22.898514886323056],[-109.89188377399995,22.895404423323146],[-109.90399515099995,22.88758333332333],[-109.90578450599997,22.88488502432341],[-109.90544519499998,22.88167465532345],[-109.90854770099997,22.881570153323455],[-109.90945463399999,22.88632579932337],[-109.91145338099994,22.885630997323393],[-109.90926822899996,22.88222862932345],[-109.91017375799998,22.882475507323427],[-109.91120476099996,22.88080931632349],[-109.91032951999995,22.882072429323454],[-109.90909073899998,22.88185556932343],[-109.91143315599999,22.88044020232347],[-109.90997573599999,22.878643709323548],[-109.908649187,22.88069599532347],[-109.90743268699998,22.879107704323502],[-109.90556995899999,22.880765085323485],[-109.89399265099998,22.876780936323563],[-109.895626151,22.8752824713236],[-109.92533289599999,22.871666029323674],[-109.95715345800001,22.87361943032366],[-109.963739972,22.872086577323692],[-109.96843226899996,22.873561844323646],[-109.98289286999994,22.880221918323517],[-110.01618628599999,22.903445458322988],[-110.05138327299994,22.940888656322123],[-110.06135797399999,22.94907400232195],[-110.06081185,22.952180949321868],[-110.06468877999998,22.960636119321673],[-110.08563078499998,22.991277900320952],[-110.08943792199995,23.006506450320618],[-110.09372749599999,23.014717970320415],[-110.09856731899998,23.01932936532029],[-110.09984210999994,23.026307273320143],[-110.10149813999999,23.028004542320126],[-110.10109962999998,23.031794709320014],[-110.10705247699997,23.05342228331956],[-110.10750457499995,23.063273251319295],[-110.10983644699996,23.06867462831918],[-110.10914640299995,23.07505158331904],[-110.11314389799998,23.08821000331877],[-110.11425431299995,23.09888188531852],[-110.11812093699996,23.10430705631836],[-110.12002637999996,23.113523279318155],[-110.12289175599994,23.11725132431808],[-110.12676517999996,23.135563049317643],[-110.13017488999998,23.139596446317558],[-110.12925879699998,23.142154366317506],[-110.13330388099997,23.160315603317116],[-110.14392167999995,23.193698879316347],[-110.14706635,23.21157564931592],[-110.15333810999999,23.229464390315567],[-110.15503595399998,23.257942196314872],[-110.156392247,23.261790974314795],[-110.158884733,23.263349521314765],[-110.15783628199996,23.26633648831467],[-110.16024548699994,23.28956597631417],[-110.16635314999996,23.31284891931367],[-110.17442707400001,23.327408329313297],[-110.17748468199996,23.330061428313275],[-110.179304969,23.32895497931327],[-110.18332625899997,23.333654414313187],[-110.18775403899997,23.3452431333129],[-110.19825341099994,23.363118834312477],[-110.20774270099997,23.3728258453123],[-110.21049097899999,23.377834610312146],[-110.20901571299999,23.37994043331212],[-110.21539266899998,23.382998041312057],[-110.21610650599996,23.384865918312013],[-110.21321546099995,23.389041872311928],[-110.21524484399998,23.39392036231182],[-110.22617103199997,23.400643826311672],[-110.22345844599994,23.402725855311637],[-110.22417228399996,23.404046455311594],[-110.23014473199999,23.403404001311607],[-110.23023990999998,23.409412140311495],[-110.23423964699998,23.413231780311367],[-110.23186494499998,23.41383616331135],[-110.23107734299998,23.416874735311307],[-110.23417064299997,23.42627360631107],[-110.26430056799997,23.476747923309947],[-110.27024921999998,23.483797076309816],[-110.27670350799998,23.488407282309705],[-110.28794646099999,23.50970345830919],[-110.30692266299997,23.53685905630861],[-110.32931933899995,23.560177774308084],[-110.36962145999998,23.58998052330741],[-110.38612691999998,23.6000179693072],[-110.43856490999998,23.624755579306637],[-110.47139791899997,23.63828814030631],[-110.51446214899994,23.652667665306033],[-110.55720805299997,23.672252569305588],[-110.600109735,23.698093515304965],[-110.61253052199999,23.70744479730478],[-110.68325774,23.768745579303403],[-110.77405990999996,23.866406319301266],[-110.82342165999995,23.91709393930011],[-110.85295501999998,23.94372045929957],[-110.86555194999995,23.95274348929934],[-110.87479494999998,23.955786259299256],[-110.88073504999994,23.96706644929904],[-110.88939587999995,23.97654444929883],[-110.90580351999995,23.988512949298546],[-110.91430328999996,23.9998012792983],[-110.95448003399999,24.03391848629756],[-110.99369099399998,24.062856857296904],[-111.00808929,24.070657364296743],[-111.00755306299999,24.07730178929658],[-111.01069799699997,24.082061187296524],[-111.03276749799996,24.100472266296094],[-111.11452258099997,24.152177698294967],[-111.17270195699996,24.181466833294312],[-111.19330808899998,24.195410474294043],[-111.27438730199998,24.242874234292966],[-111.27892048999996,24.243852001292947],[-111.37736117099998,24.296163658291825],[-111.43378970599997,24.321046400291277],[-111.43654988099996,24.323330683291225],[-111.43654988099996,24.32573393829116],[-111.43509840899998,24.323889856291206],[-111.41493247699998,24.31676337029136],[-111.39286965699995,24.30518891229162],[-111.38331887099997,24.302503042291686],[-111.37659414399997,24.297429489291815],[-111.36963465099996,24.29638770829181],[-111.36657073799996,24.29228563629194],[-111.365478565,24.292085761291915],[-111.36575832399996,24.29362060929188],[-111.36399752299997,24.29246657129188],[-111.36449346799998,24.291271986291946],[-111.36249472099996,24.2919929622919],[-111.35863183899995,24.288814098291972],[-111.35703759999996,24.288778406291982],[-111.356234359,24.289901416291972],[-111.35901255199997,24.289325682291995],[-111.35911962799997,24.2912649432919],[-111.36306733799995,24.294769674291864],[-111.37245650699998,24.29959305729173],[-111.37691799599997,24.299890489291734],[-111.379990825,24.304576200291617],[-111.38887478799995,24.305791552291623],[-111.42430898199997,24.324459340291227],[-111.43086439599996,24.324328470291213],[-111.43737222199996,24.330526966291046],[-111.44769908299997,24.332585200291],[-111.45133965799994,24.335583320290976],[-111.455015926,24.33534537429094],[-111.46248743299999,24.343245185290794],[-111.47807290299994,24.349098659290654],[-111.48024021499998,24.351337289290633],[-111.48057819999998,24.355048320290525],[-111.47552598999995,24.36203488929041],[-111.48070193199999,24.367659463290256],[-111.48640312099997,24.36947737229022],[-111.49332524799998,24.375439292290103],[-111.49873012599996,24.38783013328984],[-111.50810520299996,24.389727753289772],[-111.51195112299997,24.393944132289697],[-111.51674264599995,24.395533638289677],[-111.52194762299996,24.402633341289516],[-111.52207254499996,24.407273290289375],[-111.52708140399994,24.410452859289357],[-111.53260165999995,24.41312676428931],[-111.53623628599998,24.413763270289266],[-111.53751524699999,24.41244861828928],[-111.54217908399994,24.41453363428925],[-111.54634185699996,24.41029131928935],[-111.55328036599998,24.411357318289316],[-111.55501261299997,24.40612250428942],[-111.55287109799997,24.405313487289444],[-111.55688762799997,24.404761452289463],[-111.55824867999998,24.406274789289437],[-111.55647924999994,24.416150756289195],[-111.55862010499999,24.416032611289204],[-111.56019160399997,24.40634828928942],[-111.56085785299996,24.41178535728928],[-111.56433788899994,24.413574618289253],[-111.57086348699994,24.40581291028945],[-111.571624914,24.409441588289337],[-111.57024482699995,24.411238081289337],[-111.57342140699997,24.410310091289322],[-111.576133993,24.416282538289227],[-111.58333186199997,24.414914348289265],[-111.58406837999998,24.42271650828908],[-111.58025045999995,24.42706149728899],[-111.58222541299995,24.433176711288834],[-111.58435503099999,24.43380726928883],[-111.58548654099997,24.431434184288886],[-111.59015980199996,24.43215754028886],[-111.59067376599997,24.431129613288874],[-111.589407893,24.43027300728888],[-111.58970294599999,24.429625794288928],[-111.59180638899994,24.429977954288894],[-111.59404308299999,24.42798872528894],[-111.60603556599996,24.434356162288843],[-111.61070552599995,24.440633954288696],[-111.61137011399995,24.443451204288607],[-111.60937632999999,24.444816273288602],[-111.61272661099999,24.448604375288507],[-111.61189855799996,24.451059979288424],[-111.61586895599999,24.456397884288354],[-111.61498233999998,24.459559413288293],[-111.61931225599994,24.474293500287935],[-111.62103568799995,24.490330603287614],[-111.62932573099995,24.515781318287054],[-111.63101990699995,24.520092901286954],[-111.65127387899999,24.54719972128641],[-111.65265396599996,24.55245357128627],[-111.65132135999995,24.55262059728625],[-111.64957840499996,24.5496284252863],[-111.65123213099997,24.549271506286363],[-111.64910846199996,24.548956227286357],[-111.64611034099994,24.544899246286427],[-111.63866857699998,24.543322854286462],[-111.63748479499998,24.543947462286457],[-111.63837114399998,24.5459581072864],[-111.63646162599997,24.546285282286387],[-111.63688041199998,24.54845713628637],[-111.64012837599995,24.549991888286346],[-111.63862217699996,24.550812802286295],[-111.63940739899999,24.55224047928625],[-111.64206287799999,24.551869283286308],[-111.64784853699997,24.55929677028612],[-111.65015661399997,24.559469281286137],[-111.65807256899996,24.57023892128588],[-111.66721921799996,24.5738842552858],[-111.67589949099994,24.574712307285818],[-111.68260957099994,24.5830975282856],[-111.69196929599998,24.58518689228558],[-111.69556228199997,24.58017812728568],[-111.69514457199996,24.57668250128574],[-111.69754306899996,24.571657079285824],[-111.69516360799999,24.568487637285955],[-111.69194740499995,24.569848093285906],[-111.69343456799999,24.568164625285934],[-111.69304790599995,24.565654293286006],[-111.695825927,24.56413738728603],[-111.69143582099998,24.565737574286008],[-111.69342861999996,24.564101695285995],[-111.69315534199995,24.5598454352861],[-111.691299002,24.55796268628615],[-111.68935772299994,24.55846534828616],[-111.68822509899996,24.55817029528616],[-111.69175621899997,24.556247690286206],[-111.69147068399998,24.554534478286214],[-111.69643899899997,24.550070609286312],[-111.69969410099999,24.542475370286454],[-111.69996060099999,24.540866854286513],[-111.69941808399994,24.542056585286502],[-111.69864713799997,24.54100010428649],[-111.69975120799995,24.53835414328657],[-111.70264463299998,24.53786873328657],[-111.71963398499999,24.540343373286508],[-111.72635358199994,24.538791964286546],[-111.73242384099996,24.541246556286485],[-111.73412966099994,24.54343667228645],[-111.73433905399997,24.54799571928639],[-111.73124575399999,24.55039421628634],[-111.72874256099999,24.54996591328631],[-111.72964675599997,24.55203128528627],[-111.72652490399997,24.551222268286296],[-111.72799065199997,24.552697534286263],[-111.72559215499996,24.553563658286265],[-111.72690561699994,24.55543867328622],[-111.72930411399996,24.554068104286237],[-111.73250211,24.560073863286117],[-111.73537649899998,24.555943119286198],[-111.73492916,24.553868229286234],[-111.73709922799999,24.554344121286217],[-111.73658526499997,24.549708931286325],[-111.74563673399996,24.54826221928633],[-111.75290836699997,24.541999478286474],[-111.76446302999994,24.54151406728649],[-111.77834004599998,24.54382690428646],[-111.779263277,24.545302169286444],[-111.793530526,24.54554011528641],[-111.79829896499997,24.54991832428635],[-111.80150647899995,24.550632162286302],[-111.80410485,24.55470579928625],[-111.80864486199994,24.55783717028618],[-111.81043421699997,24.562329592286073],[-111.80861630799996,24.56540385628596],[-111.81056746599997,24.568183066285943],[-111.81389871199997,24.56406184028604],[-111.81446978199995,24.55861763328611],[-111.80637009699997,24.546967792286424],[-111.80631299,24.543884011286433],[-111.80183960299996,24.54179960328651],[-111.80393352899996,24.541028657286546],[-111.80113528299995,24.53906798228655],[-111.80327679799997,24.53898232128655],[-111.80380027799998,24.53869678628657],[-111.79829896499996,24.538344625286545],[-111.79992651699997,24.536926467286595],[-111.797651752,24.536955020286598],[-111.78704887399999,24.526466356286832],[-111.78414593099997,24.52863642528678],[-111.77862239299999,24.52226111828693],[-111.75821932399998,24.515635050287074],[-111.76900274699996,24.513926962287126],[-111.773885695,24.516093810287078],[-111.78136493999996,24.51339209228711],[-111.78776237899997,24.51676099428701],[-111.79787194499995,24.51820715928698],[-111.80199664799994,24.517136014287036],[-111.80251061099995,24.51480890128707],[-111.80740754199998,24.516250854287073],[-111.81310397199998,24.512281913287104],[-111.80969075299998,24.50873740828721],[-111.81656727699999,24.50654979228724],[-111.82171745799997,24.515063213287092],[-111.82238088699995,24.519272771287017],[-111.815674979,24.562437382286028],[-111.81704316899999,24.576267999285733],[-111.840718806,24.636617079284473],[-111.86010135199996,24.663299526283875],[-111.90207504399996,24.708090500282946],[-111.92194830199998,24.72548911928258],[-111.93702456699998,24.73620621128234],[-111.94157409599995,24.744905521282156],[-111.93992418499994,24.747294408282094],[-111.93757719699995,24.747169578282097],[-111.935911574,24.744468890282143],[-111.93273499399999,24.74455217128215],[-111.93083142499997,24.741446974282187],[-111.92704808199994,24.740899698282238],[-111.92573937799996,24.736414414282347],[-111.92277694899997,24.735783857282332],[-111.921872754,24.730727502282416],[-111.92036179599997,24.72928792828248],[-111.91728205399995,24.729530605282438],[-111.91731608699996,24.727991122282493],[-111.91509128999998,24.727979225282503],[-111.91137933099999,24.724112601282588],[-111.91336618099996,24.731619800282452],[-111.91459160399997,24.729621053282482],[-111.91504370099995,24.734189618282386],[-111.91641189099995,24.733118861282357],[-111.91798233499998,24.737889680282304],[-111.91988590399997,24.737949166282313],[-111.92678146099996,24.748867903282076],[-111.93124532999998,24.74975306328204],[-111.94855828899996,24.764648488281697],[-111.95902791699996,24.769550178281634],[-111.96343467899999,24.778706344281407],[-111.970555414,24.784667885281255],[-111.96630918799998,24.789761930281173],[-111.96821275699995,24.793676143281118],[-111.97171056499997,24.79336681328107],[-111.97266234899996,24.79177257428112],[-111.97244819799994,24.79334301928112],[-111.97536303799997,24.794223419281074],[-111.97671821799997,24.784560810281306],[-111.97450531899996,24.77845749228144],[-111.97105847199998,24.776031830281486],[-111.97134400699997,24.772500710281573],[-111.96810793999998,24.76416307828174],[-111.96424369500001,24.759499335281806],[-111.96555715799997,24.755939661281918],[-111.968631422,24.757034213281877],[-111.97429453899997,24.756177607281874],[-111.96506222999996,24.74692626328208],[-111.95930393399999,24.751723256281974],[-111.95094726699995,24.75283684428196],[-111.94704495099995,24.755587501281884],[-111.94561727499996,24.754454877281933],[-111.94691170199998,24.75232288028199],[-111.96268276899997,24.747468780282095],[-111.96489810599996,24.74466951828217],[-111.96506127799995,24.73743411728232],[-111.98475433699997,24.738736761282254],[-111.98640307999996,24.74570815228214],[-111.98462540999999,24.745640874282124],[-111.98867644299997,24.74897211928207],[-111.98968771399996,24.747318394282065],[-111.995484794,24.74616742128211],[-111.98962011099997,24.74620308028209],[-111.98739499299997,24.744831404282166],[-111.98804873399996,24.74344416628218],[-111.99066970999996,24.742650616282173],[-111.991816353,24.740294879282256],[-111.99129049299995,24.742316272282167],[-111.99287373399994,24.74078142728222],[-111.995340592,24.741672658282233],[-111.99696457399995,24.739775038282243],[-111.99060223299995,24.738980226282294],[-111.98983664199996,24.740372211282256],[-111.98921798199997,24.738786895282296],[-111.98392628399996,24.737080656282295],[-112.00478939799997,24.738080029282283],[-112.02543360199996,24.734901069282344],[-112.03005927399994,24.735548283282352],[-112.03170444799997,24.739459688282267],[-112.02958338199994,24.744085789282153],[-112.024453264,24.74470444928212],[-112.02325200799999,24.74257618728218],[-112.02545504999995,24.74445900628214],[-112.02825091699998,24.743209789282158],[-112.02462818799995,24.74133001528223],[-112.01881040599996,24.74498248828213],[-112.02194415599996,24.74570346528214],[-112.02613200699994,24.754132705281958],[-112.03242568099995,24.758124251281874],[-112.03014315899999,24.760568909281826],[-112.03167694399998,24.76276856228177],[-112.028655029,24.76210826228179],[-112.02937481599999,24.764898180281683],[-112.03676899099997,24.767283590281632],[-112.03859522699997,24.76631395928168],[-112.03548289199995,24.771743889281552],[-112.03223322699995,24.773869342281525],[-112.03355076999998,24.773628422281515],[-112.03574939199996,24.77696918628148],[-112.03821451299996,24.784059979281306],[-112.04205972199998,24.78725797528122],[-112.04348739899996,24.785059353281287],[-112.04528563699996,24.7872262092812],[-112.03894437399998,24.7944895142811],[-112.02990242199998,24.796018318281035],[-112.02749365699998,24.79461756728106],[-112.03101006099996,24.800153821280933],[-112.02976679199998,24.801468473280924],[-112.028398602,24.799790953280983],[-112.028172554,24.80118293828095],[-112.031081445,24.80425244228087],[-112.037024923,24.80484430228084],[-112.03578682899996,24.811146931280714],[-112.03757737299998,24.818802847280587],[-112.03888012799996,24.8175119892806],[-112.03769634599996,24.810462836280745],[-112.04046246999998,24.8167565102806],[-112.04435883699995,24.81752388628059],[-112.044637977,24.822837946280462],[-112.04654199199997,24.82530472428039],[-112.05401944899995,24.829040477280312],[-112.04130717799995,24.834554878280226],[-112.03765470599996,24.83433477828025],[-112.03538826899995,24.828778737280334],[-112.03056391199999,24.830408668280327],[-112.02804168299997,24.82957585628035],[-112.02794055599998,24.827856696280392],[-112.03275301599997,24.826119689280393],[-112.03310993499997,24.8217593272805],[-112.03017130099995,24.82110497528054],[-112.03004637899996,24.81747034828061],[-112.025513506,24.818606541280573],[-112.02607862699995,24.815739290280625],[-112.023895472,24.815001658280668],[-112.02474018099997,24.82387109828043],[-112.02730999899997,24.824573039280473],[-112.03028152999998,24.822885970280478],[-112.02470448899999,24.827583058280382],[-112.02770260999996,24.83174116628031],[-112.02563247899997,24.837374540280145],[-112.02948720599994,24.840563017280115],[-112.02825678599999,24.836781578280167],[-112.03316603199995,24.838723663280128],[-112.03267663499999,24.841463168280093],[-112.03722140599996,24.845187024279976],[-112.03776273299997,24.844146010280042],[-112.038494417,24.846067425279983],[-112.03627557,24.840160413280078],[-112.03399723599995,24.84020205328009],[-112.03383067399994,24.838102179280177],[-112.03001758799996,24.835651334280172],[-112.04047531899994,24.837102805280196],[-112.04783380199996,24.834152274280246],[-112.04726867999995,24.835163544280217],[-112.05155170999997,24.835776256280237],[-112.048464359,24.83793561728018],[-112.04606705199997,24.83759654328018],[-112.04943398899998,24.839999799280104],[-112.04927932399994,24.83775120828014],[-112.05209898599999,24.83753705728018],[-112.05134350699996,24.834027352280252],[-112.05696141399996,24.829464735280315],[-112.05667364,24.826115782280393],[-112.05094137799995,24.824247767280475],[-112.04850242999998,24.815122534280636],[-112.04080487399995,24.808073381280764],[-112.04041226299996,24.800435311280946],[-112.04169122299999,24.79916229928097],[-112.04527243099994,24.80253074428093],[-112.050591716,24.80407501428085],[-112.05178144699994,24.80951208228078],[-112.04905815399997,24.809162302280768],[-112.05033283099999,24.812358909280704],[-112.05211843699999,24.8129938532807],[-112.05057077699998,24.811829479280686],[-112.05299187799994,24.812049579280714],[-112.05315249199998,24.81150230328071],[-112.05052913599998,24.811026411280718],[-112.05446714399996,24.808742128280773],[-112.05637666199999,24.81275152028069],[-112.06035610599997,24.81208557928068],[-112.05863278699996,24.81118416928072],[-112.05640204299999,24.812344157280677],[-112.05527179899997,24.80836450828079],[-112.05280905699999,24.806692937280797],[-112.04990476499995,24.800742272280925],[-112.046522521,24.800984610280928],[-112.044155274,24.798849718280973],[-112.04523792899995,24.797707576281002],[-112.047248573,24.799188791280987],[-112.04790887399997,24.797493425281036],[-112.05068689499997,24.79734470928103],[-112.05132934899997,24.79405510428107],[-112.04958044499996,24.792686914281113],[-112.05145516399995,24.784219729281318],[-112.04707189799996,24.772610211281574],[-112.04525927099996,24.759714089281815],[-112.04256572099997,24.757239449281865],[-112.04348895199998,24.754907578281955],[-112.04059552799998,24.752775580281956],[-112.05395858099997,24.751024297282015],[-112.06616045699998,24.745913215282137],[-112.073946053,24.739517224282245],[-112.07832426099998,24.72995179028248],[-112.07613515699997,24.738184726282267],[-112.06964227899999,24.74529181528215],[-112.06650406499996,24.75413739328195],[-112.06530541199999,24.754160593281934],[-112.066283667,24.75655440228189],[-112.06202125899996,24.756814913281914],[-112.06495741599997,24.762048506281758],[-112.07085788399998,24.76504900628173],[-112.07072413699997,24.766279219281685],[-112.07135380099999,24.76783123628165],[-112.07212326099994,24.764039353281706],[-112.07404467499998,24.765455132281684],[-112.07419172599998,24.764150474281738],[-112.07686661799995,24.76421381628172],[-112.08330982099994,24.77617983928147],[-112.08821745899996,24.781408705281343],[-112.086296044,24.784638823281302],[-112.08790812899997,24.787952222281216],[-112.09025189799996,24.788933750281217],[-112.09460036299998,24.796464744281025],[-112.09822904099997,24.795631933281033],[-112.10028727499999,24.797904318281013],[-112.10934039299997,24.800065781280953],[-112.106170492,24.793121601281097],[-112.098776317,24.79164038728117],[-112.09240271399996,24.785658113281272],[-112.09278937599998,24.778930187281432],[-112.090577667,24.77836566028144],[-112.10438924799998,24.779834977281396],[-112.11404034199997,24.78988820028118],[-112.11958508099997,24.787104230281244],[-112.12056207399998,24.78498634428128],[-112.119377102,24.782997115281326],[-112.12013852999996,24.7839488992813],[-112.12063821599997,24.78505296928127],[-112.12001040999996,24.78714289728126],[-112.12125560699997,24.786910218281243],[-112.12209317799996,24.788280787281227],[-112.12134052899995,24.787251162281247],[-112.120358406,24.787653291281245],[-112.11634129999999,24.79179237528114],[-112.11542107899999,24.80022380828095],[-112.11782346599996,24.803721803280915],[-112.11713818099997,24.80483539128083],[-112.099564672,24.804791371280878],[-112.10169547899996,24.803577845280888],[-112.10091600499999,24.802188474280896],[-112.098533176,24.8013542392809],[-112.09839397699994,24.804480851280857],[-112.09531922199996,24.800715750280936],[-112.09379838399998,24.80121538728094],[-112.09631573699994,24.805292830280823],[-112.094076445,24.804512974280836],[-112.095256282,24.80553256128085],[-112.095166238,24.811926184280722],[-112.09894363299999,24.81397846928067],[-112.10184657499997,24.812174838280733],[-112.09309214199999,24.825000926280445],[-112.09108032799998,24.833155724280246],[-112.09167160299995,24.835244506280194],[-112.09769639899999,24.838528162280127],[-112.09545494599996,24.834901863280237],[-112.09595463299996,24.832453398280258],[-112.09392733199998,24.83132553328028],[-112.09616880599998,24.832057603280287],[-112.10171354499994,24.842443355280054],[-112.09786286199996,24.84875057427994],[-112.099665304,24.850689835279898],[-112.10044457699996,24.848530474279944],[-112.103244728,24.85158405527985],[-112.10326792699999,24.844569998279997],[-112.10704175299999,24.84247428828006],[-112.11618893499997,24.848831018279913],[-112.11784028099999,24.85677031027975],[-112.11981707899999,24.859340503279693],[-112.11904375399996,24.86452951227957],[-112.12369916899998,24.871667300279444],[-112.12254691499999,24.876245383279354],[-112.11734852599996,24.88140050727925],[-112.115009516,24.88035354427925],[-112.11803024099999,24.878536231279273],[-112.11764357899995,24.876305486279314],[-112.11908910099999,24.874812374279347],[-112.11963637799995,24.871510872279423],[-112.119162428,24.870253996279494],[-112.11907468699998,24.872456092279414],[-112.11598138799998,24.874358471279372],[-112.11667737999994,24.878364293279294],[-112.11448833799996,24.88001229527929],[-112.11685524499995,24.884875688279177],[-112.10912199599994,24.894704647278967],[-112.103554058,24.898787802278864],[-112.100416281,24.899439796278866],[-112.10160601199999,24.89834524427885],[-112.10012360799999,24.896770041278927],[-112.09865428999996,24.9018918302788],[-112.09582273199999,24.89954211327883],[-112.09166462399997,24.902683001278785],[-112.08827627799998,24.900619900278798],[-112.08275949099999,24.90125532427877],[-112.08247990399997,24.899845494278807],[-112.08634057999997,24.89660942727889],[-112.08560889499996,24.895021137278942],[-112.08711985299999,24.895639797278918],[-112.08424665399997,24.892980749278983],[-112.08429900199997,24.896962777278876],[-112.08128898399997,24.900246433278834],[-112.08224076799996,24.90408926327875],[-112.07927239099996,24.907462149278693],[-112.08120735399996,24.909604262278652],[-112.08556652199997,24.907139710278706],[-112.082878759,24.905201417278715],[-112.08303774999997,24.90360561627875],[-112.08777049899999,24.90601065627868],[-112.08831182599995,24.90434027427873],[-112.09253887699998,24.90379321827878],[-112.09452935699994,24.901324307278784],[-112.09927870099996,24.902657025278767],[-112.10500790799995,24.899824057278824],[-112.09744479199998,24.90924315427866],[-112.09469466899998,24.9198997892784],[-112.09727162499996,24.917722583278454],[-112.09951995999997,24.9192627332784],[-112.09824958399997,24.91806522527846],[-112.09897597499999,24.916079345278497],[-112.10339061399998,24.916457593278494],[-112.10336072599996,24.91494255827852],[-112.10605962999996,24.9159014802785],[-112.11026651699996,24.929720795278175],[-112.11213022999999,24.93150717527814],[-112.11144197099999,24.935768195278044],[-112.10839507099996,24.938490299278037],[-112.10436172399994,24.938463095278042],[-112.10220073899997,24.93562899727805],[-112.104149518,24.93693591627802],[-112.10501564199996,24.936796717278035],[-112.10535971099995,24.93607788427805],[-112.10350765799996,24.936092992278066],[-112.09678110599998,24.926165567278264],[-112.09400096299998,24.925770407278293],[-112.09819491699996,24.929558397278193],[-112.09218618299998,24.933069292278162],[-112.08965526799994,24.930890659278166],[-112.08991700899998,24.92940349627823],[-112.084808664,24.928328810278213],[-112.08359454400001,24.92664296227828],[-112.08441426799999,24.924562718278306],[-112.08129146299996,24.923252589278356],[-112.07945927799994,24.924501806278336],[-112.08335481299997,24.9252200452783],[-112.08299135099999,24.927207489278263],[-112.08452253399999,24.928570474278242],[-112.07988758099998,24.933436682278096],[-112.07633028599997,24.933383144278125],[-112.07727017299999,24.934894102278076],[-112.08060141899995,24.935179637278058],[-112.08421225099994,24.932318335278126],[-112.08367960999999,24.930741584278206],[-112.08598411799996,24.934012748278104],[-112.09053900099997,24.93437621127813],[-112.09291988799998,24.937289029278034],[-112.09664826699998,24.93728391227803],[-112.09845011399995,24.94040041127796],[-112.09798219199996,24.943350706277908],[-112.09602508499997,24.944730794277888],[-112.09365752099995,24.94355890927789],[-112.09240235599998,24.939400801277976],[-112.08752683999995,24.93803142127802],[-112.08516439299996,24.93989001727797],[-112.08757716699996,24.94037721127797],[-112.08642276999996,24.94347800727791],[-112.08371018499999,24.94504845227786],[-112.08436691599998,24.94143167127798],[-112.07939860099998,24.938700050278033],[-112.07690528399996,24.94091853927796],[-112.07614742599998,24.944375301277866],[-112.07818126999996,24.95030670227774],[-112.082425276,24.950625908277758],[-112.08351982799996,24.947780073277805],[-112.08796466099994,24.948741375277795],[-112.08937449199999,24.947391031277824],[-112.08879152399999,24.945410130277885],[-112.09089472999995,24.943996371277915],[-112.09623840499997,24.94746086727785],[-112.10087061999997,24.947545932277844],[-112.10460036999996,24.95073541327777],[-112.10254100199997,24.947646465277813],[-112.10468632299995,24.946968677277866],[-112.10124205299996,24.944636805277906],[-112.10377832199998,24.9434705102779],[-112.10768744899997,24.94603792227787],[-112.10837726399996,24.94174655327797],[-112.11043664899995,24.941676397277927],[-112.10750281199996,24.951419062277758],[-112.10784154899994,24.957934362277594],[-112.103610867,24.962239996277507],[-112.09827288299999,24.964710434277436],[-112.094494517,24.961533262277506],[-112.09656631999998,24.967530344277407],[-112.09855554899998,24.967825397277405],[-112.10013551099996,24.97498281627726],[-112.10148675399995,24.975419084277238],[-112.10077611499997,24.978660579277175],[-112.10401813099998,24.982955506277072],[-112.09983622799997,24.988321191276967],[-112.09905568999996,24.9958684272768],[-112.09669049899998,25.000615930276677],[-112.09819431799998,25.004470657276627],[-112.10214987999996,25.003804519276652],[-112.10077365399997,25.00947704327651],[-112.10163977799999,25.007249867276546],[-112.10344816799996,25.00832538427652],[-112.10597039699998,25.007173725276587],[-112.10745518099999,25.005336781276583],[-112.10599895099995,25.0045658352766],[-112.10567534399998,25.003861515276615],[-112.10816901899994,25.003890068276664],[-112.11039780899996,25.000454831276716],[-112.109621179,24.996940936276758],[-112.10723962799995,24.99583584527679],[-112.10395251799997,24.996928011276808],[-112.102184181,24.994149108276815],[-112.10440886299995,24.994174959276855],[-112.10581811199997,24.991593014276877],[-112.108635393,24.990441355276943],[-112.10949996299998,24.97874767927714],[-112.11266585699998,24.977332176277198],[-112.11230220699997,24.979529753277152],[-112.11603853199995,24.98314920727706],[-112.11393506599997,24.98579263427703],[-112.11533262299997,24.98767337527696],[-112.11464810599996,24.98582494927702],[-112.11753533999998,24.985884677277017],[-112.11740043699997,24.987052928277013],[-112.11993885599998,24.986005915277023],[-112.11777834799996,24.982224964277094],[-112.11901903599995,24.98085474427712],[-112.12008146399995,24.981985823277093],[-112.11955381499996,24.980680234277088],[-112.11748600099999,24.981113277277124],[-112.115140103,24.979109631277183],[-112.11743608899997,24.97962024127715],[-112.11891920999994,24.9771253432772],[-112.11946824999995,24.974410629277227],[-112.11812060599999,24.972594323277292],[-112.12789756199999,24.967077372277412],[-112.13452169599998,24.95242894027772],[-112.13927310199996,24.948589184277807],[-112.135009128,24.93991280727797],[-112.137647373,24.934636857278083],[-112.13040289399999,24.932600125278157],[-112.13182184199998,24.930466370278165],[-112.13513747499998,24.93045990427821],[-112.13429608799999,24.92909557427824],[-112.13619277299996,24.92583017327829],[-112.13048845899999,24.92715574227827],[-112.130089157,24.924168342278342],[-112.12720134899996,24.922480623278368],[-112.13113732499995,24.920676484278395],[-112.13123001999998,24.918173925278467],[-112.13369713499999,24.918956384278438],[-112.13182184199998,24.91751432727846],[-112.13256340299996,24.91474656527855],[-112.13814649999995,24.908318392278666],[-112.139729447,24.90853180827867],[-112.14048526799996,24.905834984278727],[-112.14405759499999,24.90488429127875],[-112.13985779399998,24.900596382278813],[-112.14332316399998,24.901689392278772],[-112.14107590299994,24.897831474278856],[-112.14230945999998,24.895115013278936],[-112.14514022499999,24.89381497127895],[-112.139713998,24.891454164278986],[-112.13682618899998,24.882670271279192],[-112.13780305299997,24.881318350279248],[-112.14320788999999,24.880787927279258],[-112.14229876499998,24.87442806627939],[-112.14395301599995,24.87332834527939],[-112.141428857,24.87140704427945],[-112.14422397099999,24.8699644312795],[-112.14161424699995,24.869970901279455],[-112.14091107799999,24.868383594279518],[-112.14167240899998,24.866882346279553],[-112.14522400799996,24.867726624279516],[-112.14570174399995,24.865999317279538],[-112.15157005699997,24.866743291279512],[-112.145395137,24.863437424279592],[-112.14346993199996,24.864970684279587],[-112.141323684,24.86312041827961],[-112.14275689199998,24.86150303027964],[-112.14167307299999,24.86096605227964],[-112.13956247699997,24.86514535827958],[-112.13739483799999,24.865578808279565],[-112.13540545899997,24.861975309279646],[-112.13725222999996,24.857194205279722],[-112.13678875499994,24.84141977728008],[-112.14156533299996,24.832925058280253],[-112.14298506499995,24.834560703280243],[-112.14057499299997,24.836307862280194],[-112.14137359600001,24.83723319928018],[-112.14528818199994,24.835246627280203],[-112.14069445099994,24.822945599280445],[-112.14070096299999,24.818584921280582],[-112.143025471,24.815640199280654],[-112.14257625599998,24.81843606928059],[-112.14362442299995,24.817096389280618],[-112.14356024999995,24.8159443832806],[-112.14077226699999,24.81151099928072],[-112.14421624599998,24.809407514280746],[-112.14335706699995,24.80386470128088],[-112.14843959599996,24.80721974128078],[-112.15090455399998,24.813187290280695],[-112.15104716099995,24.82040349428053],[-112.15350714699997,24.823037466280482],[-112.15498313799998,24.82932770728034],[-112.16003858499994,24.83294509828024],[-112.15788520699999,24.83665944728017],[-112.15523270099999,24.834737577280215],[-112.15328610399997,24.835682338280222],[-112.15527548399997,24.837144763280186],[-112.15126820399998,24.840308978280095],[-112.15284877399995,24.84547249128],[-112.14804288999994,24.84926410727992],[-112.14700898299999,24.848325920279912],[-112.14402134899997,24.8496717312799],[-112.15144408699997,24.851651601279876],[-112.15065261299998,24.858199179279715],[-112.14643855099996,24.8544337172798],[-112.14559716499998,24.85565006527979],[-112.14923366499994,24.86201628327964],[-112.14954027199997,24.860424759279674],[-112.15257068799997,24.860314775279676],[-112.15453867699995,24.85436901727981],[-112.15528736799997,24.855663004279783],[-112.15537293199998,24.854058459279795],[-112.15319103299998,24.85346968927983],[-112.15434259099999,24.851431617279868],[-112.15322311899997,24.848371212279943],[-112.15487736999995,24.84585424627996],[-112.15660292499996,24.84621658927996],[-112.15691666199997,24.844702507280026],[-112.15812882899996,24.847018915279932],[-112.15814308899996,24.845886598279968],[-112.16170828599998,24.845970714280007],[-112.15845742099998,24.842998065280053],[-112.16042897299997,24.843435906280057],[-112.16486687899999,24.83945053528014],[-112.16796146899999,24.840369377280087],[-112.17064249599997,24.8319054122803],[-112.17286004799996,24.82983462928032],[-112.17068527899995,24.828909237280346],[-112.17156231699995,24.82561530228044],[-112.16541591899994,24.82082632028048],[-112.16664947699996,24.818354098280558],[-112.16872442099998,24.82152526428051],[-112.16994371799997,24.821544679280503],[-112.16906667999997,24.819551385280562],[-112.17302818799999,24.821450944280492],[-112.17635393999997,24.820010881280563],[-112.17201866199997,24.819357231280566],[-112.17328074099999,24.817933427280586],[-112.16796859999995,24.81563589128063],[-112.16666388799997,24.812173779280673],[-112.17003641299999,24.81217979928068],[-112.178122278,24.81958374428054],[-112.18035408999998,24.82354441428048],[-112.182329209,24.831957181280277],[-112.181352345,24.832850195280255],[-112.18380519999994,24.834383835280214],[-112.18221512199995,24.83836344428013],[-112.182642946,24.84141762628007],[-112.184332849,24.84177351128005],[-112.18254311999999,24.84283469028006],[-112.18481771499995,24.843630567280016],[-112.18477493299997,24.839554067280112],[-112.18812621699999,24.84191586528009],[-112.18886777799999,24.851770226279843],[-112.18749889299994,24.85498832227978],[-112.18619388099995,24.85416414127982],[-112.18754865599999,24.85805900727972],[-112.18499597499999,24.860633951279674],[-112.18122399799995,24.859948167279704],[-112.18145594499998,24.85440681727978],[-112.17863230999995,24.851501768279853],[-112.17857526699999,24.855636105279803],[-112.17573737099997,24.85651600827978],[-112.17303495299996,24.860824857279674],[-112.16925584499995,24.861957037279662],[-112.16508456599996,24.86090249327969],[-112.16355866199997,24.86897632327951],[-112.16042128999999,24.868329401279478],[-112.16071363599997,24.865618760279567],[-112.15675626799998,24.868277647279523],[-112.15581505599995,24.870457761279464],[-112.15898094999994,24.869959638279482],[-112.160849113,24.87495372227934],[-112.16170475999996,24.870076082279486],[-112.163088056,24.872747811279424],[-112.16534125899996,24.873524089279385],[-112.16440717899997,24.870283095279447],[-112.16700977199999,24.86909276827951],[-112.17012600399994,24.86993043627947],[-112.17168730899999,24.86652447027955],[-112.17315616899998,24.867093770279524],[-112.16998314499995,24.87141518827946],[-112.16787967899995,24.87884793327931],[-112.16531986899997,24.879313678279285],[-112.16473517699995,24.881836431279226],[-112.163023883,24.88165531227924],[-112.16531986999996,24.883026635279208],[-112.16740194399996,24.88212104627922],[-112.16791533099997,24.88451437327915],[-112.16279570999995,24.889443189279078],[-112.16286701399999,24.892968270278956],[-112.16517012999998,24.89492804327893],[-112.16329483699998,24.899862910278845],[-112.16084198299997,24.900270367278836],[-112.161448066,24.902611604278786],[-112.158196607,24.91046929627864],[-112.16110580699996,24.915144870278514],[-112.15699157099999,24.922018872278386],[-112.15969399,24.929345114278206],[-112.15880269099996,24.93233238827816],[-112.16094893799999,24.93407816527812],[-112.16335188099998,24.931446559278157],[-112.16463535099996,24.933780738278113],[-112.16624681999997,24.930961613278196],[-112.168735326,24.935940299278045],[-112.16658194799999,24.937925251278045],[-112.17039670799994,24.937446796278046],[-112.17376225299996,24.94106102327799],[-112.17555198099996,24.94084119827795],[-112.17334868999995,24.938132150278022],[-112.17359825399997,24.935791588278104],[-112.17793353199995,24.936347637278036],[-112.18030082199999,24.93847482527803],[-112.18272515499997,24.94420318027788],[-112.17930969699997,24.94648539627785],[-112.17774101099997,24.945373386277897],[-112.17767683799998,24.94727414027781],[-112.17923126299996,24.948754639277805],[-112.18328132599999,24.94655651227788],[-112.18169837899995,24.95412049127771],[-112.18380184399996,24.956286160277628],[-112.18357367199997,24.95969943627756],[-112.17079600999995,24.967915474277387],[-112.15419645699997,24.964049932277497],[-112.15025274499999,24.967276565277423],[-112.15003230899998,24.96476099427747],[-112.14484138299997,24.965691833277432],[-112.14392869299996,24.969990406277365],[-112.145675639,24.971696866277313],[-112.14533337999995,24.974094919277242],[-112.14914629599997,24.97723460927718],[-112.15242811999998,24.97762404427716],[-112.148770229,24.981786471277108],[-112.14943335599997,24.98420371727706],[-112.14626746199997,24.985554510277005],[-112.13657725899999,24.998648031276762],[-112.13145050799994,25.009756396276497],[-112.13313327999998,25.01455743127642],[-112.13061625199998,25.018001397276308],[-112.13083729399995,25.025444684276152],[-112.12225943199996,25.03808173127589],[-112.12335022699995,25.042413934275846],[-112.12591716699997,25.042549596275826],[-112.13074444399996,25.04697467827574],[-112.12606690699994,25.048273102275683],[-112.12796359099998,25.049694247275642],[-112.12320761999996,25.05596000927551],[-112.12079754699994,25.063704565275387],[-112.12304362099998,25.065668078275305],[-112.12018434999999,25.07242845327517],[-112.12321475,25.073715568275166],[-112.129987729,25.07164798927518],[-112.13457532999996,25.073037595275167],[-112.13683105899997,25.072142917275194],[-112.13726887999997,25.074903092275125],[-112.13912348199996,25.073987311275143],[-112.13814395299994,25.076237957275087],[-112.13840150399996,25.077016053275106],[-112.139905323,25.074684182275124],[-112.14380505299994,25.075089807275106],[-112.14366820699998,25.07332841927516],[-112.14489981999998,25.075200708275137],[-112.14415028099995,25.073313612275147],[-112.15101467099998,25.066054272275345],[-112.15438540199996,25.064977792275318],[-112.15548737099999,25.06851383027529],[-112.15431319799995,25.08283846927498],[-112.15618083599999,25.084696954274904],[-112.15414919899997,25.087630186274872],[-112.15154660599995,25.086377384274883],[-112.15275877199998,25.08827595627486],[-112.15133982399999,25.088682789274852],[-112.15233945899996,25.09021906627483],[-112.15379267899999,25.08908316327482],[-112.15524014899995,25.090277820274782],[-112.15519023599995,25.093493650274766],[-112.15630257699996,25.091963235274743],[-112.15697283399999,25.094442884274688],[-112.15347181099997,25.102565966274522],[-112.14656483799997,25.111900170274367],[-112.14729213799995,25.10340321127452],[-112.14407633199995,25.101666297274566],[-112.14342033599996,25.103429234274557],[-112.14521719399994,25.10468831927449],[-112.1420513,25.10467540527453],[-112.14052539699998,25.10738078027446],[-112.142001388,25.106289598274444],[-112.14727993699996,25.116787448274273],[-112.14408552099998,25.115664068274263],[-112.14405510299999,25.116686427274242],[-112.15036505199998,25.1193611472742],[-112.146545744,25.119339762274162],[-112.14646017899997,25.12109579227417],[-112.15122098399998,25.1193713062742],[-112.14821440099998,25.130430194273945],[-112.14966477599995,25.135319842273855],[-112.14712635599994,25.141329480273754],[-112.14543645299995,25.141103559273716],[-112.14650118899999,25.14290808827372],[-112.14492122699995,25.143165069273714],[-112.14621565399996,25.14404071127368],[-112.14316042599995,25.14304133727369],[-112.14299072899998,25.145228163273657],[-112.14640618699997,25.146796638273628],[-112.14023126699999,25.153780302273496],[-112.13602204299998,25.165541521273234],[-112.13199599499995,25.169320105273126],[-112.133557221,25.171121554273114],[-112.13033037199996,25.182949657272843],[-112.12554265999997,25.18645363327277],[-112.12072686699997,25.185424297272785],[-112.11887088799995,25.185843082272815],[-112.12022338799994,25.187040808272773],[-112.11731418799997,25.18656977827276],[-112.11236569599998,25.18385325227284],[-112.11357786299999,25.187215024272774],[-112.107906331,25.18723268727277],[-112.11487627999998,25.188139044272774],[-112.11864245899994,25.190411647272715],[-112.12442930899999,25.189897684272722],[-112.12480891599996,25.191201744272693],[-112.12325270899998,25.198208660272506],[-112.12010364699997,25.200698057272493],[-112.11445004699999,25.21059661527226],[-112.11629650899994,25.225682398271964],[-112.11428824399997,25.231697675271853],[-112.11046210999997,25.231570841271836],[-112.11573495599998,25.226510450271913],[-112.11405153199998,25.22250612727206],[-112.10467522199997,25.223398115272015],[-112.09926908599999,25.22239874127203],[-112.09511930599997,25.21963856727209],[-112.09381547999999,25.22139017127204],[-112.10411176499997,25.22784063827195],[-112.108520431,25.2328969232718],[-112.11402174399996,25.233001620271786],[-112.11641072299994,25.229499053271866],[-112.11455065899999,25.240559955271625],[-112.10506723799996,25.237825285271697],[-112.10265003499995,25.23969570327166],[-112.09347438299996,25.237864572271683],[-112.09334603599996,25.240405753271656],[-112.08905353999995,25.24066373827167],[-112.08471113199995,25.24439155827158],[-112.08409078799998,25.239605996271695],[-112.08602976499998,25.239140629271684],[-112.085886997,25.235809384271732],[-112.084340351,25.236116674271752],[-112.08121723999994,25.232872353271812],[-112.07923402499995,25.237275132271687],[-112.08204436499996,25.238561145271692],[-112.07718856799995,25.242289030271614],[-112.07865343599997,25.245184460271574],[-112.07760647299995,25.247773314271516],[-112.08200371699996,25.251647076271396],[-112.08110903999994,25.2530652352714],[-112.07848211499999,25.252598861271427],[-112.07961133299995,25.252945238271383],[-112.07793948799997,25.254608618271376],[-112.07871054299996,25.25665346227134],[-112.077111545,25.257928853271288],[-112.07976883399999,25.258284622271294],[-112.081832396,25.25610142727135],[-112.08310778699996,25.2568533372713],[-112.08133746799997,25.257976442271314],[-112.08508749999999,25.25579685627134],[-112.08654270699998,25.256491876271294],[-112.08409698199995,25.26308879427117],[-112.07957631399997,25.263752980271164],[-112.07704502499998,25.268885789271074],[-112.07740867499996,25.274244056270927],[-112.07512118499994,25.279492357270815],[-112.07580570299996,25.283128722270764],[-112.080069677,25.28822847727067],[-112.07760969199997,25.29248348127053],[-112.08230148999996,25.294372397270543],[-112.08168827599998,25.297834259270456],[-112.08418391299995,25.299600608270403],[-112.08106793199995,25.299703752270435],[-112.07837977399998,25.297769793270437],[-112.072946416,25.300277487270417],[-112.07711769499998,25.30975984127022],[-112.07191250899996,25.32201296026994],[-112.07673265399997,25.330140200269792],[-112.07251146199997,25.329933965269795],[-112.07045790899997,25.333059686269728],[-112.07400884399999,25.334645073269673],[-112.07426553799996,25.33866644826962],[-112.07764534399998,25.341772612269533],[-112.07147755499994,25.34721787126942],[-112.07014417199997,25.352501794269287],[-112.07485022999998,25.35683830526922],[-112.07869351099998,25.355813794269267],[-112.07572726799998,25.351090623269336],[-112.07740290999999,25.35030448426935],[-112.07996985199998,25.35420291126928],[-112.08420530399998,25.351915419269346],[-112.08695050499995,25.354918146269245],[-112.08804858499998,25.35792079826921],[-112.08540320999998,25.366187370269],[-112.07736012799995,25.361309968269122],[-112.07296780699996,25.36748883726899],[-112.07877194599997,25.370201254268938],[-112.084511911,25.369763148268955],[-112.08595937999996,25.37097437926894],[-112.08325696199995,25.373023135268856],[-112.07940534599999,25.370677233268907],[-112.07926394299994,25.373493442268856],[-112.07482883899996,25.372391761268915],[-112.074985708,25.376663134268817],[-112.07661856699997,25.37439539526886],[-112.08011959,25.375799852268816],[-112.08720719899998,25.372726776268873],[-112.08875186899998,25.375816869268824],[-112.08920370899995,25.372533498268886],[-112.093453422,25.371560661268898],[-112.094801067,25.37710765726881],[-112.09199169199997,25.384516140268666],[-112.09111465499996,25.39454585626841],[-112.087356937,25.392606971268492],[-112.09231968999995,25.39647182726842],[-112.09378141999998,25.399615152268357],[-112.088718842,25.401309164268287],[-112.08263189499996,25.407311415268147],[-112.08006254699995,25.405270353268197],[-112.08085401999995,25.4065327542682],[-112.07808029799997,25.406449024268174],[-112.083748959,25.414525504267996],[-112.08739971999995,25.41291540426803],[-112.08600216299999,25.410300555268105],[-112.08712163499996,25.408774127268146],[-112.09055135299997,25.413984513268034],[-112.09059413499996,25.416058300268016],[-112.08609485799998,25.42152597126787],[-112.08714302599998,25.42799798326775],[-112.08580964199996,25.43297572126762],[-112.08235853299999,25.42898324326772],[-112.079342377,25.42804950026773],[-112.08028358899999,25.426169111267743],[-112.07666134999994,25.42287192126787],[-112.07849385999998,25.417603957267936],[-112.07530657499996,25.414834641268037],[-112.07072507199997,25.415858439268025],[-112.07048712599999,25.42323476826783],[-112.06712801599997,25.431043894267702],[-112.06861826799997,25.433484430267644],[-112.06839767699995,25.447215128267317],[-112.07525666299995,25.44232532826742],[-112.07490144399999,25.43984673826752],[-112.081604385,25.44275206026746],[-112.08570895499997,25.43956834126748],[-112.08859762599997,25.44300784726741],[-112.08678685099994,25.458677792267096],[-112.08253270899996,25.457628659267144],[-112.08763631799998,25.459034712267087],[-112.08761136599999,25.46269667626703],[-112.08578598599998,25.464235296267006],[-112.07954689299999,25.46293487326701],[-112.07880702699998,25.46031945326708],[-112.07867698499996,25.46211727426701],[-112.07022580299997,25.464352807266984],[-112.06617833899998,25.46309645226701],[-112.07079077199997,25.465838273266982],[-112.08040253999997,25.466224529266935],[-112.05843785099997,25.473312352266785],[-112.058411779,25.475759943266755],[-112.065393117,25.475538653266753],[-112.08328904399998,25.469649487266896],[-112.08535917499995,25.470827320266864],[-112.08501786999996,25.472573978266826],[-112.08596593699997,25.470620307266845],[-112.08739361399995,25.471641096266815],[-112.08685751099995,25.474331335266765],[-112.08907506299995,25.472258552266837],[-112.08981366999996,25.47444393626677],[-112.08758898699995,25.479599986266642],[-112.08917107099995,25.4777158602667],[-112.09052022599997,25.47885086326667],[-112.08657983799998,25.48538248326657],[-112.08560187999996,25.480606905266644],[-112.08472969999997,25.48481374626655],[-112.082847277,25.48490385826655],[-112.08111897499998,25.485746541266558],[-112.07854052,25.483391249266607],[-112.07823391299998,25.48335262926661],[-112.07788443899996,25.48360113026659],[-112.08125719899999,25.485933709266536],[-112.08571161699996,25.485270304266532],[-112.08123318899999,25.498310095266298],[-112.08190419699997,25.506198008266125],[-112.080340891,25.508546536266056],[-112.07744270799999,25.508717857266088],[-112.07919537699996,25.507807215266094],[-112.07943305599997,25.505769331266123],[-112.07872595899994,25.505361750266157],[-112.07873190099998,25.50688480926609],[-112.07300976199997,25.50901920326604],[-112.07049706099998,25.50492023826615],[-112.07429323199996,25.502546186266212],[-112.07166687099999,25.499280049266247],[-112.07494090999997,25.4987126222663],[-112.07621011899995,25.50063049226625],[-112.07563968799998,25.499145969266245],[-112.078577409,25.498390829266295],[-112.07655713199995,25.497399701266296],[-112.07792141299996,25.495722058266345],[-112.07522980899996,25.49379863726637],[-112.07532654499995,25.490313001266447],[-112.07354394699996,25.492046500266422],[-112.07093897699997,25.489574969266446],[-112.067219289,25.491239825266405],[-112.065189504,25.490282965266452],[-112.06380145499998,25.4929432762664],[-112.065150412,25.49577596926635],[-112.07045648699996,25.49462524826633],[-112.067350607,25.50214824826622],[-112.06468641699996,25.503720989266156],[-112.069451696,25.505095749266168],[-112.069475464,25.507369609266107],[-112.06690376999995,25.50930450126608],[-112.06783444399998,25.512337018265974],[-112.07044995099996,25.514148030265954],[-112.06832984799996,25.510973374266015],[-112.06977969399998,25.50828772126606],[-112.07187602899995,25.510582972266022],[-112.07097284599996,25.51282669726595],[-112.07264135799994,25.51165979426603],[-112.07218976699995,25.51024405026601],[-112.07752330099999,25.509643426266077],[-112.08003319799998,25.513719028265978],[-112.07919874999999,25.516491557265894],[-112.07376320599998,25.515769647265927],[-112.07113922199994,25.518824060265832],[-112.06627629499997,25.518253508265854],[-112.06316269099996,25.5215566652658],[-112.06376639699994,25.526524097265693],[-112.06767860499998,25.527553591265683],[-112.06711346799995,25.53186049526558],[-112.06487873799995,25.531873080265605],[-112.06954765599994,25.53390207326552],[-112.06692753799996,25.535184440265542],[-112.06349544199999,25.541365114265417],[-112.06366657199999,25.544268763265308],[-112.06651872799996,25.545924283265276],[-112.06902387299999,25.551118008265192],[-112.06516395399996,25.552267373265167],[-112.06446992899998,25.55635010426506],[-112.06617646999997,25.557816765265038],[-112.07032160399996,25.55705341826507],[-112.07571693399996,25.55368262126514],[-112.07859761199995,25.55546237926509],[-112.08373149399995,25.555089276265097],[-112.08465369199997,25.557945419265064],[-112.08280454299995,25.560153952265004],[-112.08011246299998,25.557858486265033],[-112.07574070199996,25.558211303265047],[-112.07239892499996,25.565407094264916],[-112.06780219899998,25.56322867626492],[-112.06615270199995,25.56396625526494],[-112.06573913899996,25.568910491264816],[-112.06977018599997,25.57329280826474],[-112.07352077299998,25.573914552264725],[-112.07432413099997,25.576868866264643],[-112.06606713699996,25.579471517264604],[-112.06172710499999,25.587429190264462],[-112.06344315299998,25.590863345264374],[-112.06629055599996,25.59162647726433],[-112.06329579099997,25.593993014264285],[-112.06511166399997,25.595682144264288],[-112.06107110899997,25.607646844264],[-112.06308187999998,25.61787011926384],[-112.06857228099994,25.61994467326379],[-112.06771663399996,25.61636561726382],[-112.06994740599998,25.615229670263876],[-112.073958104,25.623467903263702],[-112.06522420899995,25.626019943263653],[-112.07081597799998,25.626193834263624],[-112.07107267199996,25.633454109263493],[-112.06670411899997,25.63299553326348],[-112.06503085299994,25.636899799263407],[-112.06970564899996,25.64411677726329],[-112.07304267199999,25.643769663263264],[-112.07324707699996,25.64693651326322],[-112.06942696899995,25.650370566263128],[-112.064958591,25.650289148263152],[-112.06429308699997,25.651986052263098],[-112.06981676399994,25.653897183263098],[-112.06859508999997,25.66075300526293],[-112.07137119,25.662462615262875],[-112.07510845699994,25.660187207262915],[-112.07599643699996,25.66233407426289],[-112.07477000999997,25.673636600262665],[-112.07193686699998,25.67556023726264],[-112.07354358199997,25.674913316262664],[-112.071694434,25.676249996262623],[-112.070545892,25.67942113926254],[-112.07188997099996,25.68022119126251],[-112.07278483500001,25.679867755262563],[-112.07144526999998,25.681904472262477],[-112.07312709399999,25.679999491262517],[-112.070720587,25.679003439262534],[-112.07370041099996,25.67529916326261],[-112.07789064099997,25.67826159226258],[-112.078690141,25.68099559326249],[-112.08068174899995,25.68136678926248],[-112.08400213,25.67873782426255],[-112.08243065299996,25.678497159262573],[-112.08357993299995,25.676555519262628],[-112.08253772899998,25.674064223262675],[-112.08602839799994,25.675877373262608],[-112.08549119399999,25.682909413262465],[-112.08290999199995,25.684686176262442],[-112.08175486799996,25.68392792226246],[-112.08304903399996,25.68488216426242],[-112.08579996999998,25.68370817926246],[-112.08705632499999,25.687477245262404],[-112.08471493599995,25.689161903262345],[-112.08370128499996,25.687177433262374],[-112.08436102499998,25.68929985326237],[-112.08109174199997,25.692156002262266],[-112.081367034,25.695764908262205],[-112.07651759499998,25.69524981926224],[-112.07942539399994,25.691960149262304],[-112.077305294,25.687120326262406],[-112.07412178399996,25.68671351726238],[-112.071783015,25.68923559726234],[-112.07551220999994,25.698484907262177],[-112.07427865199998,25.70010402526215],[-112.07654611699998,25.69774280526217],[-112.07831445399995,25.701205912262076],[-112.07601490299999,25.703210485262044],[-112.07923783999996,25.707421906261935],[-112.07748207699996,25.711130992261882],[-112.07400244599995,25.712480115261872],[-112.07425557399995,25.717208348261757],[-112.07622712799997,25.719896805261733],[-112.07533939399997,25.727865458261544],[-112.07692234099994,25.72977965426154],[-112.08060875399997,25.72931074326151],[-112.08153121699998,25.72058506526172],[-112.07959671499998,25.71850779626172],[-112.08335150399995,25.71620209826179],[-112.08028199399998,25.710283609261896],[-112.082003984,25.70707132726196],[-112.08498092199996,25.707826221261964],[-112.08590074299997,25.70713557426198],[-112.08200041799995,25.706261818262032],[-112.08270989199998,25.700794278262087],[-112.08713484699996,25.69958394326212],[-112.08532674599996,25.699191232262162],[-112.09320961099998,25.69878444426217],[-112.09117927299997,25.707348660261957],[-112.08857667999997,25.707544611261966],[-112.09073362299995,25.707984697261985],[-112.08954284799995,25.7124914702619],[-112.09129526199996,25.71814346826174],[-112.09403052500001,25.720485128261704],[-112.09373915199996,25.722213209261678],[-112.09270105099995,25.721079845261702],[-112.09345316399998,25.722283477261687],[-112.09399483399996,25.72224830926167],[-112.09431437599994,25.7206028972617],[-112.09732845799999,25.728751376261528],[-112.09487659999996,25.732706060261446],[-112.09470435799994,25.73385073126145],[-112.09518533599999,25.735812164261368],[-112.09617004199998,25.736789940261357],[-112.09527308199996,25.735229592261394],[-112.09840919099997,25.735393532261384],[-112.09815895199996,25.73735493926135],[-112.09854893499994,25.738385397261332],[-112.09846768799997,25.735308635261422],[-112.09494159699994,25.73362531126146],[-112.09676801499995,25.731063685261468],[-112.09629678599998,25.733789253261413],[-112.09754147999996,25.73385073126145],[-112.09778467999996,25.728895892261555],[-112.095915059,25.72321912926167],[-112.09660034299998,25.72228400126166],[-112.09191042599997,25.71710867326176],[-112.09068262399995,25.711347998261893],[-112.09344517799997,25.707728838261936],[-112.09354372599995,25.711656004261908],[-112.09163634599999,25.71088507326188],[-112.09432806899997,25.71239748526186],[-112.09296690599996,25.71398206126187],[-112.094524155,25.713939322261812],[-112.09444455199997,25.71515275626182],[-112.095429649,25.71265432226185],[-112.09466584199998,25.710105919261913],[-112.09729990499996,25.707143490261995],[-112.09553672399996,25.704716440262047],[-112.09670486699997,25.702337578262096],[-112.09532971099998,25.70001224526209],[-112.09689976399996,25.69977187126212],[-112.09527260399994,25.69594336726219],[-112.09576753199998,25.692535979262292],[-112.09718757699994,25.692549087262304],[-112.09901976199995,25.697807696262153],[-112.10075467899999,25.74814857726113],[-112.10720510799996,25.779470798260455],[-112.11655638999997,25.799743805260068],[-112.12933409599998,25.814972356259766],[-112.13894711799999,25.85147328825904],[-112.163003469,25.89949081125806],[-112.17073671699997,25.922833323257585],[-112.17521010399999,25.944819543257108],[-112.19100692399998,25.983462906256335],[-112.19867830599998,25.99490335425613],[-112.20770122199997,26.002974486255972],[-112.23427504299997,26.03527804925528],[-112.24506827799996,26.041198148255152],[-112.25873590199996,26.052124633254955],[-112.27638198499996,26.058691945254836],[-112.27746701899997,26.06150922725475],[-112.27095681399999,26.070760571254567],[-112.27584898599999,26.07201692725454],[-112.27752412599995,26.06809557525465],[-112.28056983599998,26.065944542254677],[-112.28293026199998,26.06636332725463],[-112.28542393699998,26.06107140625476],[-112.28148354899997,26.06529732925471],[-112.28195944199997,26.061433084254737],[-112.27857108899997,26.062480047254745],[-112.27887565999998,26.060462264254802],[-112.28483382999997,26.059015552254817],[-112.28970696699999,26.0551893782549],[-112.29549381599999,26.057797268254827],[-112.30131873599998,26.066325256254686],[-112.30862844099995,26.071731391254563],[-112.30897108299997,26.087169334254245],[-112.31232136399996,26.101293815253978],[-112.32796869999999,26.145304326253093],[-112.34749931500001,26.18078684825239],[-112.37492317799996,26.210385925251792],[-112.37456625899996,26.21528761525169],[-112.36390627299996,26.21741723225161],[-112.37014046099996,26.21834522225158],[-112.36615486399997,26.221616981251547],[-112.37535148099994,26.217369643251597],[-112.37501835599996,26.214181166251684],[-112.37733833099998,26.214585674251648],[-112.39458942299996,26.233050291251278],[-112.41036524899994,26.245280721251085],[-112.42967457499998,26.252002698250934],[-112.44780606699999,26.260533066250744],[-112.45480168399997,26.26209161325072],[-112.46680606399997,26.261282596250744],[-112.47368270699998,26.258653292250813],[-112.47753743399994,26.254251289250913],[-112.47609786,26.25024189725098],[-112.47727569299997,26.246256300251073],[-112.47536022699997,26.24372217425112],[-112.47817988799994,26.238475462251188],[-112.48465202199998,26.234608838251265],[-112.49783423599996,26.231575025251317],[-112.51824690199999,26.242554057251127],[-112.54191064199995,26.26211322625072],[-112.56714482599996,26.27592599725045],[-112.57638903199995,26.278781351250405],[-112.57914801699997,26.281699760250312],[-112.57957631999994,26.282927561250315],[-112.57919084699996,26.2839126582503],[-112.577320591,26.28155699225033],[-112.575179076,26.281442778250312],[-112.57028571399997,26.284277906250285],[-112.57089247699997,26.28645511225023],[-112.57966197999997,26.28601134325023],[-112.58146085299995,26.28456939025027],[-112.594709692,26.294120546250067],[-112.61401187899999,26.302086981249932],[-112.61923717599996,26.308996936249812],[-112.61858044399997,26.30996775624976],[-112.61289829199997,26.305027995249866],[-112.61089954399995,26.312808833249726],[-112.61553949299997,26.319304761249597],[-112.61469716399995,26.314750473249678],[-112.61728125899998,26.31776287124962],[-112.616781572,26.311423986249768],[-112.62022227199998,26.310353229249746],[-112.63494637699996,26.320642018249554],[-112.652992209,26.325210584249454],[-112.66123466199998,26.319480841249604],[-112.67282739599996,26.31951891324961],[-112.680041922,26.314664812249674],[-112.68242138299996,26.317881844249598],[-112.68234523999998,26.322241016249535],[-112.68442250999999,26.324520540249452],[-112.68549326699997,26.323663934249513],[-112.68477942899996,26.325841141249462],[-112.71095453999999,26.35655957924886],[-112.72545833999999,26.368263719248638],[-112.75937196199999,26.388887340248193],[-112.76144209299997,26.39099316224819],[-112.76044271999996,26.392706374248114],[-112.76172762899996,26.396239874248057],[-112.76531418299999,26.39612248824805],[-112.76108517399997,26.39313467724809],[-112.76396760499995,26.391385774248164],[-112.79188729699996,26.40709021624786],[-112.826968563,26.43293040024734],[-112.87907875899998,26.476426947246445],[-112.90011319399997,26.49094165924615],[-112.93459158399999,26.510310472245802],[-112.95836239999994,26.521208403245573],[-112.96289614199999,26.528617727245408],[-112.97314898599997,26.532155982245367],[-112.97645889499996,26.529825918245425],[-112.98163422199997,26.53053975724536],[-112.99638349199996,26.5461494722451],[-113.01441980599998,26.556952225244892],[-113.03407415399995,26.571276580244604],[-113.04537659399995,26.582388663244373],[-113.05962956499997,26.593024853244177],[-113.062461124,26.59756962424408],[-113.06179487499998,26.60018703124403],[-113.064102952,26.599068684244056],[-113.06733901899997,26.604541445243914],[-113.073715974,26.61058527624379],[-113.084851852,26.61860405924366],[-113.10652874199998,26.62993029424344],[-113.13484432799999,26.63609309824331],[-113.13486812199994,26.63823461224328],[-113.13108477899999,26.64001920824323],[-113.12454007199995,26.638791406243243],[-113.12456862499994,26.651968861242985],[-113.11894357999996,26.65428169824292],[-113.11667357399996,26.651326407242994],[-113.11578841399997,26.655266794242927],[-113.11825829499999,26.654881322242925],[-113.11199079399995,26.65933567324284],[-113.10076925599998,26.656266168242905],[-113.09867057199995,26.65272553024297],[-113.09907032099996,26.65005577524303],[-113.09024727999999,26.642160723243187],[-113.08636399899997,26.641432608243207],[-113.08833419299998,26.63118189024339],[-113.086806579,26.627270056243457],[-113.08208096999999,26.622844259243596],[-113.08148134499999,26.627270056243457],[-113.07734108199998,26.628226599243476],[-113.08179543399997,26.63379453824336],[-113.081367131,26.635450643243335],[-113.07978240999995,26.63545064324332],[-113.076256049,26.628455028243465],[-113.07365767799996,26.632795165243365],[-113.07382899899996,26.636307249243316],[-113.06999993299996,26.63961003824323],[-113.06247607699999,26.640281046243203],[-113.05643700499996,26.63648342624328],[-113.05393857099996,26.638139531243244],[-113.05500932799998,26.6401525552432],[-113.05288208999997,26.640195386243246],[-113.05670826299998,26.643593256243182],[-113.06143387299994,26.651945164242974],[-113.07244125999995,26.659526127242835],[-113.081893418,26.674350049242538],[-113.08624689199996,26.67700088824251],[-113.08978752999998,26.683425433242387],[-113.092414455,26.684396253242344],[-113.09481295199998,26.687622802242302],[-113.09496999599997,26.693347785242196],[-113.09739704699996,26.695988987242146],[-113.09696874399998,26.697430941242093],[-113.10196561199997,26.698030565242096],[-113.10043799799996,26.699372581242034],[-113.10260806599996,26.701428435242036],[-113.10313630699996,26.698772957242085],[-113.10420706399998,26.701242837242024],[-113.10306492299998,26.702113720242014],[-113.11395809499999,26.715276898241747],[-113.12175320899998,26.717518350241683],[-113.13019077799999,26.726170071241544],[-113.14672604499998,26.751376107241033],[-113.14935534899996,26.753220189241],[-113.15192516699994,26.748830084241103],[-113.15043800399998,26.755171347240953],[-113.140903112,26.758307071240896],[-113.14227368099996,26.761600245240846],[-113.14561959599996,26.76351135824082],[-113.14759454799997,26.76969795724069],[-113.150842513,26.772232083240645],[-113.14985503599998,26.77706238824053],[-113.14393017799996,26.77640803724056],[-113.14057950499995,26.780826290240455],[-113.14955760399994,26.793016675240214],[-113.14215747999998,26.796228947240188],[-113.13587620299995,26.791721782240277],[-113.12896624799998,26.791740818240246],[-113.12487357599998,26.792978138240255],[-113.12552078899995,26.796042884240197],[-113.130698496,26.79725402924013],[-113.13235222099996,26.79480318424018],[-113.13450563299995,26.79450575224022],[-113.13718252700001,26.796076196240172],[-113.13551690399999,26.79732541324015],[-113.13858640899997,26.79712315924016],[-113.14216937699997,26.80096407424004],[-113.14641671499999,26.802534519240044],[-113.15216311299997,26.794836962240158],[-113.15244864899995,26.79011373224029],[-113.16256135799995,26.79645499624018],[-113.16590450099994,26.797299704240153],[-113.16974732999996,26.79558649224015],[-113.174268306,26.790434959240255],[-113.17410174399998,26.786746795240347],[-113.17011614699999,26.78445061524041],[-113.17060393599998,26.774587749240574],[-113.17143674799998,26.77626526924058],[-113.17309047299996,26.77691962124052],[-113.17325703499995,26.7777643292405],[-113.17387569499999,26.777918994240526],[-113.17335221499997,26.77661029124054],[-113.17569598299998,26.775789377240592],[-113.17476799299999,26.772648488240634],[-113.176742946,26.77156583424064],[-113.17286442399995,26.766009792240737],[-113.17557700999998,26.764011045240807],[-113.179669683,26.76686639824073],[-113.17811113499995,26.762464395240816],[-113.17970537499998,26.760679799240858],[-113.18225369799997,26.765967104240776],[-113.18245595199996,26.764241995240813],[-113.18496628299994,26.763218827240806],[-113.18606083499999,26.7644918382408],[-113.18533509999997,26.761315258240874],[-113.18156365399996,26.759816197240884],[-113.18437141799996,26.75788883424094],[-113.18602514299994,26.7587930292409],[-113.18613221899996,26.756020957240988],[-113.186441549,26.76097023624084],[-113.18842839899997,26.76450373624078],[-113.18778594399998,26.762433605240833],[-113.18952295099996,26.761660280240832],[-113.19218794699998,26.76173166424086],[-113.19196189799999,26.76270724324083],[-113.19233071499998,26.763064162240788],[-113.19350428799999,26.76191383424082],[-113.20071831499996,26.76274293524082],[-113.20409952899998,26.765039114240775],[-113.20391868999998,26.76750185724074],[-113.204442171,26.768084824240734],[-113.20459683599995,26.764158714240804],[-113.20314536499997,26.76298088124085],[-113.21020046699999,26.762683448240832],[-113.21839533099995,26.767923021240726],[-113.22318280599997,26.774376119240596],[-113.23321289599994,26.774461547240573],[-113.23223136799999,26.77606768324056],[-113.23532466699999,26.777971252240498],[-113.23452159899996,26.7799343072405],[-113.23571132999996,26.78159993024048],[-113.24305791599994,26.784544513240405],[-113.24502097099997,26.787935245240362],[-113.24284971299994,26.790076760240254],[-113.23583030299996,26.787132177240338],[-113.23496774799997,26.790165990240272],[-113.23211239499994,26.78977932724031],[-113.23038728599994,26.79498439824018],[-113.22672886399995,26.79614438524016],[-113.22188071299996,26.794300303240192],[-113.21718127699997,26.797363859240168],[-113.21724076399994,26.792902370240213],[-113.21405823499998,26.789362922240304],[-113.19520100599999,26.792575194240218],[-113.19469537099997,26.796114642240187],[-113.20010864499994,26.79650130524015],[-113.20052504999995,26.799148455240122],[-113.20516499899998,26.798464360240146],[-113.20840701499998,26.79546029024016],[-113.20929931299999,26.796293102240163],[-113.20195272699999,26.802509444240037],[-113.20034659099997,26.805929919239965],[-113.18702160899994,26.80961808323993],[-113.18211397099998,26.81574519523976],[-113.18134064599997,26.821366672239684],[-113.172001261,26.823359471239645],[-113.16816437999996,26.827523527239542],[-113.16831309699997,26.83067631323952],[-113.14823639499997,26.84530999823921],[-113.13829349699995,26.857961218238973],[-113.13850764899996,26.864457146238838],[-113.135652296,26.86945401423872],[-113.13593783099999,26.879304983238544],[-113.13229725599996,26.88672890123842],[-113.13158341699996,26.892510992238275],[-113.13950702199999,26.91728118123783],[-113.13857903199994,26.937482805237416],[-113.15008047699996,26.97043990423677],[-113.16272136299996,26.98664998223647],[-113.16563620299996,26.99277709423636],[-113.17143613899998,26.993937081236332],[-113.17586788499996,26.991617107236394],[-113.17554070999995,26.98772074023643],[-113.16941359699997,26.98626332023645],[-113.16926488099995,26.97960082923658],[-113.17417252099995,26.974038839236705],[-113.17723607599999,26.975763948236672],[-113.18193551099996,26.97531779923666],[-113.18800313699997,26.968149673236844],[-113.19689637199997,26.93537259723748],[-113.20103068599997,26.92799626823761],[-113.19998967099998,26.92528963123765],[-113.20171478199995,26.9177348432378],[-113.19683688599997,26.901703224238123],[-113.19647996599997,26.895457139238264],[-113.19769943999997,26.88837824323834],[-113.20397526899997,26.87294148923869],[-113.20376706599995,26.85051506923909],[-113.20775266299997,26.849771488239107],[-113.22342736199995,26.837457777239358],[-113.23124983999998,26.835227032239395],[-113.23345084199997,26.836684452239368],[-113.24145177899999,26.835583952239375],[-113.24945271699995,26.844923336239223],[-113.25293267899998,26.84530999823921],[-113.26054695399995,26.83733880423937],[-113.26024952099999,26.83195527423945],[-113.26477049699997,26.82160461823965],[-113.26899404099998,26.818838495239746],[-113.27176016399994,26.819522590239732],[-113.26634688999997,26.81556673623979],[-113.26869660799997,26.814347262239824],[-113.26828020199997,26.79757206224016],[-113.26973762199998,26.79215878824023],[-113.27235502899998,26.791474693240254],[-113.27060017699996,26.790463422240297],[-113.271462731,26.78725115024037],[-113.27324732699998,26.788024475240306],[-113.27362920799999,26.787436966240353],[-113.27033248699996,26.785466554240354],[-113.26902378399996,26.787875758240315],[-113.26358076699997,26.78380093124044],[-113.26917249999998,26.775621534240546],[-113.26914275699994,26.768602124240683],[-113.27048120399996,26.767263677240738],[-113.26881558099996,26.766311893240765],[-113.27137350199996,26.76589548724078],[-113.26714995799995,26.76616317724077],[-113.26622791699998,26.76491396024077],[-113.26548433599999,26.75616944024095],[-113.26673355299995,26.753224857241023],[-113.27772270199995,26.750669816241093],[-113.28524997399997,26.752262385241018],[-113.32717186199996,26.780083024240497],[-113.36867817599996,26.797483430240135],[-113.39255705999996,26.802622433240053],[-113.42217659099998,26.806677035239957],[-113.44323006199996,26.807190998239957],[-113.45741164900001,26.805135144240005],[-113.46109161899994,26.810286587239894],[-113.45426132899996,26.81147472723988],[-113.44599508099998,26.808133964239897],[-113.42519383299998,26.809418873239938],[-113.424294397,26.80840522223991],[-113.42578869799996,26.807962643239925],[-113.41591393499999,26.80726308123998],[-113.41477655299997,26.8087621422399],[-113.414195964,26.807363019239922],[-113.41355826899998,26.807034653239963],[-113.41404367899999,26.80904767723993],[-113.41608525699996,26.809732962239895],[-113.41682787599996,26.807953904239938],[-113.41727974599996,26.810227890239908],[-113.42349489799996,26.808262455239902],[-113.42517955599999,26.80985669423992],[-113.44308262099999,26.809775792239886],[-113.44463878799998,26.80859082023993],[-113.44855062199998,26.810318309239904],[-113.43851405599997,26.812045798239843],[-113.42847748899999,26.810632398239875],[-113.42155325799996,26.812959511239864],[-113.41205801899999,26.81351690023985],[-113.41107054199995,26.815212266239797],[-113.41300980299997,26.81666968523978],[-113.41060059899996,26.818216335239722],[-113.40934543299994,26.817318088239727],[-113.41016634699997,26.81835315423975],[-113.412748062,26.818281770239732],[-113.41352138699995,26.81672917223978],[-113.41392589499998,26.817752340239775],[-113.41465163099998,26.818043824239766],[-113.41368794899995,26.8151706252398],[-113.41673960799996,26.816217588239798],[-113.421284379,26.81506354923979],[-113.42363409599994,26.816449585239752],[-113.42009464799999,26.81777613523978],[-113.41996377799997,26.818025978239714],[-113.42017792899999,26.819043198239754],[-113.42023741599996,26.817877262239772],[-113.42508556799999,26.817984338239764],[-113.42710810899996,26.814896987239795],[-113.43067135199999,26.81723480723974],[-113.43283071299999,26.816449585239756],[-113.42915568499996,26.819304641239746],[-113.42979338099997,26.82062762123972],[-113.42508680699996,26.823402073239635],[-113.42360202299994,26.823730438239615],[-113.42241080599996,26.82153776523969],[-113.423166284,26.82348297523962],[-113.42101287199996,26.825701822239573],[-113.41019822199998,26.82181735223965],[-113.40008551299998,26.811734386239873],[-113.39104321399998,26.81511916923981],[-113.396176901,26.825838641239592],[-113.40295241599996,26.827313907239567],[-113.405462748,26.825440081239606],[-113.40866312299995,26.825541208239596],[-113.41699718499997,26.832554670239432],[-113.42378459699995,26.831567193239486],[-113.42707420199999,26.829116348239523],[-113.429757044,26.829931314239527],[-113.43322510899998,26.826528685239595],[-113.43511677999999,26.831085352239484],[-113.43829930899994,26.83223344223948],[-113.45923397399999,26.830797303239482],[-113.46541462500001,26.829559983239538],[-113.46677686499999,26.82424188823963],[-113.47085764099995,26.82334364123963],[-113.47175588699997,26.819477017239706],[-113.47072082199999,26.8202087012397],[-113.47016533699997,26.81560931423981],[-113.47449595599994,26.821438994239674],[-113.47310159199998,26.82523899323962],[-113.474350809,26.825446006239584],[-113.478919374,26.822926157239625],[-113.48110371899999,26.82334732123966],[-113.48527253499998,26.819328412239702],[-113.48742118799998,26.813517768239812],[-113.485643731,26.814731293239824],[-113.479062141,26.81233279623987],[-113.47455715599995,26.81276576323986],[-113.47387900899997,26.8107313242399],[-113.47778727399998,26.81062424823989],[-113.478846134,26.80842919623994],[-113.48014293999996,26.80878611523994],[-113.48073185699997,26.8086611932399],[-113.47899484999999,26.80802468723993],[-113.47734707399998,26.809137085239936],[-113.47450262599996,26.806839914239976],[-113.47140932699995,26.807268217239944],[-113.46939868199996,26.810159262239907],[-113.46705491299997,26.809469218239904],[-113.46622210199996,26.811753501239853],[-113.46383966699995,26.812550620239872],[-113.463566874,26.80841221223994],[-113.46645707299997,26.80400835524002],[-113.50226831599998,26.793978829240235],[-113.51053006299998,26.7895276082403],[-113.51766996299995,26.772153869240658],[-113.52001874099994,26.764247562240765],[-113.51813896699998,26.76034524624085],[-113.52148303499997,26.75298676924103],[-113.52536631599997,26.749693595241066],[-113.54413550399994,26.742117391241244],[-113.54904671199995,26.737510754241335],[-113.54881828299995,26.731209942241456],[-113.54584871599997,26.72943962324148],[-113.54527883999998,26.7272473802415],[-113.54697515299996,26.718851973241694],[-113.56973231799998,26.714925862241788],[-113.57300169699994,26.7120847862418],[-113.57333130099995,26.708765738241876],[-113.57681359399999,26.704746528241948],[-113.60643788299996,26.712727240241783],[-113.62235647699998,26.71976568624167],[-113.63951714999997,26.72970231524146],[-113.661966292,26.759763678240876],[-113.67278094199997,26.76765159124073],[-113.68260442999997,26.77774363324053],[-113.70070736899999,26.78875101924032],[-113.69840880999999,26.79194901524023],[-113.68649998499995,26.783683214240426],[-113.66598308199997,26.775313459240586],[-113.66497081999997,26.76713342824075],[-113.659541366,26.76029009824085],[-113.65058269499997,26.75648534024091],[-113.64714913299997,26.75747757524091],[-113.64449320799999,26.756478915240933],[-113.64728054799998,26.755198666240982],[-113.64813120599996,26.75641814024093],[-113.64867848199998,26.75670367524091],[-113.64732218899996,26.755162974240992],[-113.64422888999997,26.754877439240957],[-113.64324141299996,26.75346165924098],[-113.64539482499998,26.74957718924105],[-113.64597184499998,26.742861161241198],[-113.64340797599999,26.738369928241287],[-113.63692989299996,26.734907812241374],[-113.62726060600001,26.732824792241434],[-113.62506663399996,26.727912643241524],[-113.61949869499996,26.723546332241593],[-113.61004534499996,26.722540534241627],[-113.61107446099999,26.722296639241584],[-113.58951059599997,26.714093447241748],[-113.59309763399996,26.717995763241664],[-113.59423382599999,26.721303214241615],[-113.59218748999996,26.720297892241664],[-113.59285968599994,26.721725569241624],[-113.59788034999997,26.72141623924163],[-113.59716651199994,26.71899513724165],[-113.599504332,26.723914673241598],[-113.60279393699994,26.725383990241564],[-113.60641666699996,26.73239150324143],[-113.61865517599995,26.730891728241453],[-113.62139155599999,26.73298089524142],[-113.61972593399997,26.732690601241394],[-113.61775573999996,26.734498991241384],[-113.62150101199995,26.73347106424141],[-113.62662766899996,26.74018684524124],[-113.63086786899999,26.740929237241232],[-113.63161501999998,26.739306444241294],[-113.63190302399994,26.740332835241254],[-113.63267634899996,26.740752215241237],[-113.63158205399999,26.738560285241288],[-113.63701317399995,26.739678632241265],[-113.64172014399998,26.7585026472409],[-113.64769188799994,26.76198522624082],[-113.65350966999995,26.761051287240836],[-113.654187816,26.7629191642408],[-113.65620559899997,26.761754418240837],[-113.65742792799995,26.764782520240754],[-113.65652920599997,26.76537119924078],[-113.65600096599998,26.763229684240816],[-113.65392607599995,26.76421002224078],[-113.65526809199997,26.765237949240753],[-113.65582012599998,26.76485723524079],[-113.65605807299994,26.764909583240797],[-113.65640547399994,26.76531885124079],[-113.65695917399995,26.765622946240764],[-113.65795854799995,26.76525650924076],[-113.65912448399997,26.769596646240704],[-113.657335129,26.76805951424073],[-113.65719236099996,26.767107730240753],[-113.65659749599996,26.76634630224073],[-113.65645472899996,26.766341543240756],[-113.65860893399997,26.771469282240645],[-113.661749823,26.77225926324066],[-113.65918952299995,26.77365838624063],[-113.66206391099996,26.773496582240618],[-113.66444892499999,26.77961195624048],[-113.67094187899994,26.7855606082404],[-113.673128009,26.78539999524035],[-113.674320713,26.787398742240327],[-113.67492450199995,26.787791353240316],[-113.67557587899995,26.7879251982403],[-113.67463896599999,26.78740171624031],[-113.67601013099994,26.786161422240383],[-113.67429394399994,26.78625660124035],[-113.67362472099995,26.782943201240435],[-113.67764898399999,26.784424416240366],[-113.67697678699994,26.783615399240386],[-113.68040321099994,26.785480301240373],[-113.68193498899997,26.788442730240302],[-113.67723555299995,26.786557008240344],[-113.67656335499998,26.786577828240365],[-113.676262948,26.786824697240334],[-113.67568295499996,26.78789842924033],[-113.67723257899998,26.78676818524037],[-113.68186062999996,26.789459950240282],[-113.68192606599997,26.79182453924025],[-113.684790342,26.79158361924025],[-113.68391588999998,26.7903700942403],[-113.68742868799995,26.7940883592402],[-113.68637220799997,26.7942168492402],[-113.69169446699999,26.795860938240207],[-113.69210635199994,26.793555240240195],[-113.70334335599996,26.794104499240216],[-113.70548487099995,26.7903687452403],[-113.708423505,26.788917274240337],[-113.71577603999998,26.790499616240243],[-113.71940471799996,26.79584150624015],[-113.72597129199994,26.800548928240087],[-113.73075400899997,26.800846361240097],[-113.73213534799999,26.7988000252401],[-113.73397817799997,26.799751809240078],[-113.73773296799999,26.805606076239975],[-113.738028021,26.813029995239877],[-113.74196698499998,26.827030713239562],[-113.75200657699997,26.85107170123912],[-113.75915763499997,26.86368396023885],[-113.76718004999998,26.88501644423846],[-113.787216238,26.918030850237773],[-113.80396764399995,26.93567693323747],[-113.82153758399996,26.94961105623716],[-113.855287859,26.970797777236793],[-113.87912008799998,26.98216901323658],[-113.90716203599999,26.991406081236352],[-113.93126359699994,26.996821734236246],[-113.95224806299996,26.9989846642362],[-113.96670328899995,26.997571264236242],[-113.97586659299998,26.99315974423636],[-113.97851969199996,26.986397315236445],[-113.97910741899996,26.979197066236594],[-113.98179145099999,26.977179284236637],[-113.98300500299997,26.972207814236743],[-113.99485939199997,26.97274930123675],[-113.99772426299997,26.971438218236756],[-113.99740541599999,26.972413797236747],[-114.00049919099997,26.972601299236757],[-113.99873458199994,26.971219308236755],[-114.00153282899998,26.971820836236756],[-114.00053456699999,26.970465933236785],[-114.00313055899996,26.96950225223677],[-114.00481283799996,26.970777643236783],[-114.003279353,26.97208352823673],[-114.00427634699997,26.973454098236704],[-114.01861527699998,26.984495094236507],[-114.02068064899998,26.989927404236408],[-114.02463293299996,26.99309208723631],[-114.02750018399996,26.998993150236213],[-114.03739874200001,27.008696592236014],[-114.03954263599996,27.01280354223599],[-114.04255265399996,27.013034349235966],[-114.04507468099996,27.015594186235887],[-114.04689258899998,27.014980285235897],[-114.04947804099999,27.01890452323584],[-114.052821184,27.020229883235835],[-114.05252803999997,27.033208411235588],[-114.060327913,27.050176347235226],[-114.08006078299996,27.070956180234848],[-114.09061369199999,27.08647978423454],[-114.12761907,27.11316781923403],[-114.15747892599995,27.12873187323372],[-114.19604291099995,27.142658616233458],[-114.20591761399999,27.144162678233396],[-114.20673138999997,27.14286587123347],[-114.22191370799999,27.147543937233383],[-114.23883167499999,27.1504099982333],[-114.26057518999994,27.151554518233297],[-114.27384187499996,27.149944813233304],[-114.29003291699996,27.14350480223342],[-114.29576146999995,27.135802486233576],[-114.29294121299996,27.127851518233726],[-114.29549318499996,27.126629069233754],[-114.29504465699995,27.12386056723383],[-114.29634384299999,27.12273984023384],[-114.29855902199995,27.125212230233778],[-114.29837471299999,27.128764636233754],[-114.30133357199998,27.128750359233702],[-114.30402117399997,27.133797196233612],[-114.30853501099996,27.135557402233616],[-114.30882352099997,27.13848711323353],[-114.31273713899998,27.141761847233468],[-114.32391537099996,27.148100255233384],[-114.32806515099998,27.146977149233372],[-114.327574186,27.150355383233332],[-114.329968125,27.15188883323325],[-114.33179555099997,27.15602552623321],[-114.34189041499997,27.15993914423314],[-114.362194355,27.162876351233095],[-114.37396995099999,27.174551105232812],[-114.38221537799996,27.17949146123274],[-114.39137392399999,27.182430095232725],[-114.396205357,27.182037744232712],[-114.39763660299998,27.18083492623271],[-114.39799352199998,27.17564532223279],[-114.40413253199995,27.175170619232848],[-114.41501499699997,27.168660414232942],[-114.41784328999996,27.170505309232944],[-114.419211771,27.16979006323292],[-114.42083277899998,27.17338304923286],[-114.42526095599999,27.171610351232918],[-114.42720021599996,27.174872592232816],[-114.43008650299998,27.173949361232847],[-114.43406496099999,27.176251727232824],[-114.43527848599997,27.177294526232803],[-114.433038938,27.18338832623267],[-114.43106148699998,27.183696146232656],[-114.42718534499994,27.189233152232543],[-114.42880099899998,27.193566150232456],[-114.42745184499996,27.194434654232477],[-114.4280015,27.197580301232417],[-114.434430804,27.20924441923219],[-114.44122226099995,27.212385308232143],[-114.44296402599997,27.214932283232063],[-114.44700339999997,27.21411374823208],[-114.44856670499996,27.21801154323199],[-114.45577487099997,27.22051189223195],[-114.46022981899996,27.220567234231947],[-114.46346034699998,27.218549896232005],[-114.46738467299998,27.220270841231965],[-114.469761754,27.218364893232],[-114.47931766999994,27.216780172232056],[-114.48075533999997,27.223864065231883],[-114.48447443799995,27.224981222231882],[-114.487794685,27.228294534231804],[-114.485063949,27.2333777452317],[-114.48813761799994,27.242766266231527],[-114.48650875799997,27.24598769923148],[-114.48856017799994,27.247395723231456],[-114.48606650299998,27.249354019231422],[-114.48746800499998,27.254857712231292],[-114.48474114299995,27.262412501231204],[-114.487030388,27.27695299923089],[-114.48863874499995,27.278689368230857],[-114.48561460899998,27.282288941230767],[-114.48556107099995,27.288225696230647],[-114.48663182899998,27.327201267229945],[-114.48960139499997,27.354555551229435],[-114.49377496999995,27.373591239229054],[-114.50146538799999,27.396219913228602],[-114.50896187999996,27.41104276522832],[-114.51418063299997,27.416955726228256],[-114.51730070099995,27.418228738228184],[-114.52153673699996,27.42430231222809],[-114.52678047399998,27.428912518227996],[-114.54194239999998,27.437328076227868],[-114.54583281799995,27.436569623227875],[-114.54945257299994,27.442402277227732],[-114.55572542699998,27.445715676227707],[-114.55929164399998,27.44565619022769],[-114.56457702199998,27.450801774227596],[-114.571748229,27.450171277227575],[-114.576816481,27.451798829227542],[-114.57750890399996,27.454632767227533],[-114.58671027999998,27.462684863227352],[-114.59187485700001,27.471211514227207],[-114.59685149999997,27.476167931227124],[-114.60099652099996,27.476377324227094],[-114.60189595699998,27.478747267227067],[-114.60529382799996,27.480051212227],[-114.60725450399998,27.47839034822706],[-114.60974342,27.478956660227034],[-114.611323382,27.481245701226975],[-114.61791924799996,27.48225459322699],[-114.62200716199999,27.48597131122693],[-114.626152183,27.48564294522692],[-114.63112525599999,27.487779701226895],[-114.632519621,27.48614739122694],[-114.63430302699999,27.49014726522685],[-114.63995662599994,27.489986651226822],[-114.63923564899996,27.49253743322679],[-114.64071091499993,27.494036494226766],[-114.64427415799997,27.495916268226765],[-114.649320995,27.49577469022675],[-114.652999551,27.49997903522668],[-114.65906217099995,27.50126321222665],[-114.668539957,27.50625568322654],[-114.68910534099997,27.508812174226506],[-114.70000780199996,27.51601791122635],[-114.70881934799998,27.517710337226298],[-114.71318803899999,27.52145084922626],[-114.72319962099998,27.52263582122621],[-114.72882466699997,27.521086792226253],[-114.73025948199995,27.523249722226222],[-114.73328615599998,27.52261440622623],[-114.73356455299997,27.524334756226228],[-114.734927268,27.52233257122623],[-114.737948562,27.524231899226226],[-114.737752218,27.529128480226102],[-114.73937927699995,27.532223687226043],[-114.74307080899995,27.534237134226036],[-114.74520161699996,27.532299063226027],[-114.74543718299999,27.536075267225964],[-114.74770718900001,27.53557201122598],[-114.74623668199996,27.539141203225892],[-114.74765721999994,27.540715216225912],[-114.74859591799999,27.539962117225915],[-114.74954175299996,27.543320726225826],[-114.75894657299995,27.548321163225765],[-114.75873599099997,27.55054120122569],[-114.76285126899995,27.556712333225587],[-114.76231410799996,27.565397173225424],[-114.76840552799997,27.581678635225114],[-114.77281347899996,27.58669334922504],[-114.77422568899999,27.59236003522493],[-114.78019337799998,27.602023026224725],[-114.79359450199996,27.614995848224456],[-114.81165461099992,27.626645689224254],[-114.82042054500002,27.629800854224204],[-114.83040476399997,27.631095281224194],[-114.83877570799997,27.630019764224205],[-114.84385823599997,27.62756892022424],[-114.84573325199996,27.62552734222428],[-114.84361077199999,27.620497161224385],[-114.84408190599999,27.617518076224442],[-114.84701784699999,27.616946378224476],[-114.85232551499998,27.621089769224366],[-114.85348550299996,27.624266350224342],[-114.85785419299997,27.624794590224322],[-114.861427549,27.62752680622424],[-114.86243643999997,27.631367256224223],[-114.86469216899998,27.631545716224185],[-114.861563178,27.63371578422414],[-114.86357858199996,27.636004826224138],[-114.86309079199998,27.63802260922408],[-114.86768077199997,27.63913381722406],[-114.86912986399994,27.64182260822397],[-114.87170919999994,27.64131340322402],[-114.87401727699996,27.64336449922398],[-114.87386923899999,27.648345202223894],[-114.871456466,27.649882334223815],[-114.86120812699995,27.643790914223963],[-114.86151031899999,27.641792167223997],[-114.856615767,27.637839882224043],[-114.85107638199997,27.640538191224017],[-114.847259727,27.647938315223907],[-114.84725020899997,27.65696361022369],[-114.84964870599997,27.657501368223688],[-114.84743818599998,27.65917175022365],[-114.84571069799996,27.665244134223517],[-114.84643167399999,27.675697107223378],[-114.85338683899992,27.686404681223152],[-114.86594049699994,27.695309958222975],[-114.87729116499997,27.699339852222888],[-114.87952283799994,27.69851613822292],[-114.879489526,27.69562747222299],[-114.88645137199995,27.69520084222301],[-114.88807340099997,27.69232279422306],[-114.89274190199997,27.690711898223086],[-114.89368895399997,27.689853756223076],[-114.89225993999999,27.68866528022312],[-114.89377037399997,27.68976956722307],[-114.89443141599997,27.686732510223152],[-114.89261013299998,27.6843840112232],[-114.89305470199996,27.681012494223264],[-114.89782076299996,27.67986083522328],[-114.90271531399998,27.674564155223354],[-114.89938420599998,27.6683804102235],[-114.89956541199996,27.663917707223572],[-114.90275626899995,27.66615678022352],[-114.90485971299996,27.66453874622356],[-114.90685441499996,27.666796617223504],[-114.90753128899996,27.664629489223554],[-114.91252240499995,27.67046985722345],[-114.92027825799994,27.670485323223428],[-114.92605558999996,27.674059274223385],[-114.92824834699996,27.673408097223394],[-114.93148906899995,27.677773282223338],[-114.93396580599993,27.678134101223307],[-114.93356605699995,27.68236002422322],[-114.93475340799993,27.683142867223236],[-114.93325434699996,27.6852248952232],[-114.938018028,27.686564532223127],[-114.93554030099996,27.688208517223135],[-114.93605067600001,27.696982773222953],[-114.94196444499995,27.70703471722276],[-114.94805586499996,27.712864396222642],[-114.96249351899999,27.72022698022253],[-114.97633127399997,27.724657536222427],[-114.97785412899998,27.72295146322248],[-114.98237629499997,27.727452213222374],[-114.99021186000002,27.72877995322238],[-114.997357381,27.725317837222406],[-114.99765040699998,27.722516770222498],[-114.99974195299994,27.720672688222486],[-114.99861646799997,27.71771501822254],[-115.00475523800002,27.71899876222255],[-115.00554504999997,27.71573751722258],[-115.008233841,27.718968825222543],[-115.00986520899997,27.72892817622236],[-115.01698348499995,27.739305601222174],[-115.01991117399996,27.741056884222118],[-115.02397910099994,27.73946169322217],[-115.02593406599999,27.74065332722217],[-115.02354621899997,27.74414353522206],[-115.025379221,27.75094143822193],[-115.02808508199999,27.754437027221876],[-115.03008434299997,27.754062945221882],[-115.02938813399999,27.756236778221858],[-115.03082287099996,27.75907428322182],[-115.034327341,27.760113631221802],[-115.03183581399996,27.763706986221703],[-115.03342885699999,27.767750749221648],[-115.03178940799994,27.76979470622162],[-115.03548709100001,27.782717559221354],[-115.041264422,27.789622755221213],[-115.04135246199996,27.7916762302212],[-115.04421971299999,27.792625635221157],[-115.04495258699997,27.794871846221113],[-115.04666579899998,27.794093762221138],[-115.04578658799996,27.79972237722107],[-115.05054313000001,27.806808412220924],[-115.04962227899999,27.808833333220864],[-115.052092159,27.81999776422066],[-115.062062101,27.82764535222051],[-115.06714497499998,27.8332776422204],[-115.06723168699995,27.835333779220374],[-115.07281574299999,27.838177599220334],[-115.07321906199999,27.8400549942203],[-115.07806588699998,27.84243110822028],[-115.08229803899995,27.847202605220172],[-115.07887127199994,27.848565341220112],[-115.07774162299994,27.852039949220103],[-115.073198221,27.85297882522003],[-115.07204180299998,27.855796702220022],[-115.06439302499996,27.85776689621996],[-115.063421727,27.85931770921991],[-115.05703141999999,27.859906516219947],[-115.05567045599996,27.861542452219865],[-115.051660847,27.858541333219954],[-115.05036166099997,27.85928610521995],[-115.04791081599996,27.85615949322001],[-115.04477230699997,27.855952480219983],[-115.04357067999996,27.85758717021995],[-115.04158382999998,27.85670914821998],[-115.04125784299998,27.854082224220058],[-115.03798370499997,27.853323175220055],[-115.03580173899998,27.849851542220126],[-115.02713336299996,27.846763001220165],[-115.02262904299994,27.840074337220315],[-115.01981889999999,27.83908210122034],[-115.02067788499996,27.83743789422035],[-115.01730380899996,27.834841902220386],[-115.016658976,27.832150731220445],[-115.00911370499995,27.828752861220494],[-114.97614627200002,27.82523125922059],[-114.94538697999998,27.82876237922051],[-114.92417013899998,27.83425894722042],[-114.914497123,27.834638898220383],[-114.90877686199998,27.83231930622042],[-114.89772307899995,27.83280635522042],[-114.88109919099996,27.82812304822051],[-114.86596411299996,27.830482525220436],[-114.85919426199999,27.827016781220525],[-114.85292729099997,27.82649986322053],[-114.85075717499997,27.824539177220604],[-114.85190171499993,27.82325505222059],[-114.85122787899999,27.82009368922069],[-114.84705471099993,27.81802180022069],[-114.84169130999999,27.811862810220788],[-114.83496764099999,27.80933959722087],[-114.80137868299992,27.81208532322082],[-114.78728479699998,27.815712703220775],[-114.77653610599998,27.81220742122079],[-114.77104311999994,27.811987916220836],[-114.768664254,27.80814032822087],[-114.76196666499999,27.80584533722092],[-114.75787369599999,27.80723464522089],[-114.74429460799999,27.805125912220937],[-114.73877514199997,27.806322986220927],[-114.73686919399994,27.808514470220857],[-114.72425477899999,27.804373315220978],[-114.72164034599996,27.804946171220923],[-114.71879213099999,27.802686872220967],[-114.719795074,27.799021313221076],[-114.71722346999995,27.794534839221132],[-114.702563017,27.788224508221244],[-114.68389090199996,27.78664310122127],[-114.68009149599999,27.788145731221242],[-114.67152543599997,27.787629983221255],[-114.66999068399997,27.78936282522125],[-114.65988196900001,27.781330257221363],[-114.65236882099998,27.78006676322138],[-114.64230694199995,27.781646856221382],[-114.63869881799997,27.776925875221483],[-114.61109508399994,27.776273305221498],[-114.605412932,27.773948572221514],[-114.58957761899995,27.778802672221413],[-114.58420003699996,27.778667043221407],[-114.56966620199996,27.784393166221356],[-114.56043200699997,27.781926036221382],[-114.53313407999997,27.786199800221322],[-114.52691304999996,27.78471455922133],[-114.52484961199997,27.781494728221364],[-114.51175484599999,27.777488825221432],[-114.500894986,27.77214051022154],[-114.48559404599996,27.776224674221474],[-114.45666214299996,27.789282980221234],[-114.40903009299997,27.815874647220724],[-114.40041234999995,27.81853459422072],[-114.39766645199997,27.818006353220703],[-114.39473495599998,27.814822634220754],[-114.39631491799999,27.812909548220784],[-114.39668135499996,27.81520525222075],[-114.39843263899998,27.815252841220765],[-114.39675749799994,27.81265446922079],[-114.40278705199995,27.816435909220743],[-114.40654184199997,27.814470474220784],[-114.40240931299996,27.81282715922079],[-114.40416713999997,27.811673120220846],[-114.40015477399999,27.80838054122089],[-114.40174603799994,27.808490591220885],[-114.40146050299995,27.807723215220904],[-114.398578381,27.807642908220885],[-114.39816792399996,27.80664948322091],[-114.39975621399998,27.80664353522089],[-114.39806382199998,27.80515637122095],[-114.39777233799998,27.80683686622093],[-114.39515790599997,27.805189089220956],[-114.395237023,27.808078766220884],[-114.394326284,27.80523667822096],[-114.39082075299997,27.804203453220975],[-114.39455233299998,27.808817767220862],[-114.39340721699995,27.807720241220917],[-114.39393962199995,27.810739182220864],[-114.39110211399998,27.810172870220875],[-114.39064981199999,27.8070906252209],[-114.38878788399997,27.807051959220882],[-114.38940356999996,27.80585330622095],[-114.38762789699996,27.804764702220943],[-114.38802942999996,27.8063083782209],[-114.38639355199997,27.80311097722099],[-114.38495100299998,27.808836555220896],[-114.38410331999995,27.80649873422092],[-114.381054636,27.805416080220922],[-114.38043002699999,27.808806812220872],[-114.37563838799998,27.808610506220848],[-114.37438024799997,27.806302429220946],[-114.37521305899998,27.80826548422088],[-114.37347010399999,27.808304150220913],[-114.37264026699995,27.810942378220815],[-114.36721509599995,27.810600330220836],[-114.36637336199999,27.813553836220766],[-114.36090654999998,27.813506247220797],[-114.36001127799996,27.815124281220758],[-114.35019104799996,27.81224680022083],[-114.34698472399998,27.80758900522089],[-114.34371296499997,27.807761516220925],[-114.34339768699999,27.809028579220893],[-114.34069104999998,27.806256507220926],[-114.34261841299997,27.808856068220884],[-114.33783569599997,27.808053000220916],[-114.33767508299998,27.806750245220904],[-114.33975711099998,27.806744296220874],[-114.33597376799999,27.801842607221033],[-114.33723488299995,27.806131585220925],[-114.33529562199999,27.802907415220965],[-114.33517069999999,27.80435293822098],[-114.33365379399999,27.80294905622096],[-114.33490895899996,27.802580239220994],[-114.33443306699996,27.800742106221037],[-114.33649724999998,27.801592763221034],[-114.33046531599997,27.79269952822119],[-114.33101259199998,27.790712678221183],[-114.33192273599997,27.791384875221198],[-114.33075085099996,27.788963774221266],[-114.33045936699995,27.791075546221194],[-114.32875210399999,27.78871987922123],[-114.32468917399996,27.787684814221247],[-114.33032254799997,27.797868907221087],[-114.32714001899997,27.794061769221145],[-114.32784790899997,27.79857084822106],[-114.33405830199996,27.80472175422096],[-114.33571202799999,27.80971862322084],[-114.33790708,27.812508541220815],[-114.33960244599996,27.81362093922082],[-114.33604515199994,27.80912970622088],[-114.342999127,27.814513236220748],[-114.34230908299998,27.816862954220714],[-114.34019136299997,27.814834464220763],[-114.341398939,27.817820687220696],[-114.33703262799997,27.8134484282208],[-114.33644371199995,27.815506661220773],[-114.336348532,27.812478797220784],[-114.33757395599997,27.812930895220827],[-114.32954327499999,27.80250885622102],[-114.33469480799994,27.812080238220837],[-114.33154797099996,27.80839802222088],[-114.33377276699997,27.814679799220794],[-114.33244026899997,27.813484120220778],[-114.33304108299996,27.81901041822069],[-114.330970951,27.82199069322066],[-114.33334446399999,27.826011982220564],[-114.33084602999999,27.824156002220587],[-114.33067351899997,27.82551229522058],[-114.33571797599996,27.83064003322048],[-114.33026425199995,27.827563390220536],[-114.33377038699997,27.834857033220388],[-114.32839280499996,27.83045027122049],[-114.330862686,27.83609970722038],[-114.326263188,27.832036182220463],[-114.32797164099998,27.835657722220386],[-114.32576825999998,27.835386463220395],[-114.32900908599999,27.838029450220347],[-114.32484026999998,27.836977728220383],[-114.33223087599998,27.842631327220236],[-114.33239123899996,27.846263239220175],[-114.33070658099997,27.84441201922022],[-114.33012599299997,27.845958668220156],[-114.328423409,27.842455150220225],[-114.328832676,27.845538931220215],[-114.32847575699998,27.84602434122021],[-114.32816166799995,27.843216577220254],[-114.32621526899999,27.842345695220256],[-114.32614388499996,27.844196915220216],[-114.324211763,27.841455776220304],[-114.32423079899998,27.84403987122022],[-114.32329329099998,27.83969021622031],[-114.32268414899994,27.843835237220237],[-114.32767625799994,27.849231855220147],[-114.333646796,27.85038603722012],[-114.33248085999998,27.851742329220063],[-114.32721749199999,27.8514663122201],[-114.328578544,27.852327677220064],[-114.32836915200001,27.855344833220013],[-114.33433469799996,27.860133142219915],[-114.33555774099995,27.859814294219913],[-114.334639269,27.85847703721995],[-114.33656187399998,27.859257500219943],[-114.33567195499997,27.857725127219943],[-114.33706156099998,27.858862510219936],[-114.33528648299996,27.85634504022],[-114.34117802799996,27.857796511219963],[-114.338498755,27.85076282422011],[-114.342377276,27.854503337220002],[-114.34192041999997,27.852095322220105],[-114.34484715699995,27.854884051220015],[-114.34189186599997,27.850424941220133],[-114.34647470799996,27.85409882922004],[-114.34373356900001,27.847022312220147],[-114.34649850299996,27.849639719220086],[-114.34510889799998,27.847074660220194],[-114.34758353699999,27.849587370220107],[-114.34714571599996,27.84868793422013],[-114.34974408799998,27.849244728220153],[-114.34857815199997,27.845375725220187],[-114.35223300399997,27.84820728322016],[-114.35080056799995,27.845842099220175],[-114.35267558399994,27.846850990220172],[-114.352666066,27.844742788220223],[-114.35509787499996,27.84486652022019],[-114.353627368,27.841173596220305],[-114.35512642899994,27.840916615220305],[-114.35484565199994,27.83688937722032],[-114.35694076799997,27.834130392220423],[-114.36166637699995,27.83686082322035],[-114.365253415,27.84250014622026],[-114.36618854299996,27.84301054022026],[-114.36258365899994,27.836589565220354],[-114.36586625899999,27.838905235220345],[-114.36486688699995,27.838848128220302],[-114.36649443699999,27.842292398220234],[-114.36634096199998,27.84122164122029],[-114.36782931499994,27.842142492220248],[-114.36636594599999,27.83905514122033],[-114.36914991599997,27.842231722220262],[-114.36824691,27.840654139220263],[-114.37007076699996,27.840986074220282],[-114.36979236999997,27.839451322220306],[-114.37206594499997,27.8404542642203],[-114.370888112,27.838130721220352],[-114.37405041599999,27.839012311220337],[-114.37350789799997,27.837852324220318],[-114.37503908199994,27.838384133220302],[-114.37695216799995,27.835982067220396],[-114.37529606299996,27.83592139122037],[-114.37654171099996,27.835510934220387],[-114.37487132999998,27.83322665222043],[-114.37675467300001,27.83480780322038],[-114.37710802299995,27.834518699220393],[-114.37372799899998,27.831845374220453],[-114.37702236199999,27.83222727822044],[-114.37655717799998,27.830564630220493],[-114.380264378,27.833116601220446],[-114.379011591,27.830389739220475],[-114.380555862,27.830376057220487],[-114.37977420899996,27.828377310220517],[-114.38128754599995,27.82752070422053],[-114.38238447799995,27.828675337220492],[-114.382052543,27.826101950220558],[-114.37941253099996,27.82768726622052],[-114.37827157899994,27.826712877220512],[-114.38004189799994,27.823456585220626],[-114.38304236599998,27.822854373220597],[-114.38312421899997,27.82063290822065],[-114.38946690999995,27.81704848822072],[-114.39116870099998,27.8224317812206],[-114.38218575999997,27.834093043220395],[-114.34830033099996,27.85959515421996],[-114.32967010299996,27.869866812219733],[-114.31949552799995,27.872925847219665],[-114.31141678199998,27.873059096219688],[-114.30066732899996,27.86961744421977],[-114.29454545199997,27.86377348821984],[-114.29315584699998,27.85848918121993],[-114.29513365499999,27.846285401220165],[-114.29486905899995,27.852489132220075],[-114.29895221399994,27.85736036521995],[-114.30301633299997,27.856640816219976],[-114.29679546999996,27.84478729322022],[-114.29602262099996,27.84564580222018],[-114.294926166,27.839914156220313],[-114.29630815699994,27.83134619322045],[-114.29864002899996,27.827396288220516],[-114.296658413,27.831825893220465],[-114.29634242099996,27.838425566220334],[-114.30387674599996,27.84615786222016],[-114.29776628999997,27.836950300220362],[-114.300574054,27.836891289220336],[-114.30496939499994,27.841549322220256],[-114.30902018899998,27.841709222220278],[-114.30737169799994,27.837340531220338],[-114.29935576999998,27.828466094220538],[-114.29982024099996,27.824725581220573],[-114.30186086699997,27.82216528122064],[-114.30101948899994,27.824129764220594],[-114.30207977699996,27.8233911792206],[-114.30114512499996,27.824234460220605],[-114.30319146099998,27.8250015982206],[-114.30236911999998,27.822959069220584],[-114.30366735399997,27.814139835220764],[-114.30471812399999,27.81191456322083],[-114.30419844899995,27.8181658832207],[-114.31177465299999,27.827101235220532],[-114.30539388999995,27.818392408220713],[-114.31407987499996,27.8276665952205],[-114.31838003699995,27.82714121022051],[-114.32250697399996,27.82128583222064],[-114.31904438199996,27.81409414922081],[-114.31767000599996,27.81345835722078],[-114.32017510199995,27.817729966220707],[-114.314009442,27.810863793220843],[-114.30687105999999,27.8080902932209],[-114.30579363999999,27.801798998220974],[-114.30587358999999,27.800535029221027],[-114.30634757799999,27.79988971922105],[-114.30701573099998,27.806597895220897],[-114.31145294999999,27.807043330220893],[-114.30734695199999,27.802904972220993],[-114.311433676,27.80592855322093],[-114.31231693199999,27.803238810220954],[-114.31100537299996,27.79995134722102],[-114.31200474699995,27.800362518221014],[-114.30838606299996,27.795017296221154],[-114.30789684499996,27.796220352221077],[-114.30728389599996,27.796189895221104],[-114.30860878,27.793519188221158],[-114.30825852399995,27.79482313222111],[-114.31308406999996,27.795384685221116],[-114.310239433,27.790317794221252],[-114.31466439799999,27.794447349221137],[-114.31453364699998,27.790713975221223],[-114.31614025899997,27.790198108221247],[-114.31186864999997,27.78452928022134],[-114.31307931999999,27.781611109221362],[-114.31248350399994,27.783718359221318],[-114.31511310799999,27.786059124221303],[-114.315419583,27.785922067221296],[-114.31774383999999,27.782461379221342],[-114.31598303899995,27.77914916922142],[-114.31833013899997,27.77746641522145],[-114.31960172299995,27.779158687221422],[-114.32049259399997,27.779712626221404],[-114.32075718999995,27.77790042822146],[-114.31953700199995,27.77882365922144],[-114.31853001399998,27.776301430221455],[-114.32105033899995,27.775991149221465],[-114.31539483599995,27.77195939022156],[-114.31562897499998,27.77492705422149],[-114.31390053499996,27.776851562221456],[-114.31552618299997,27.779042570221428],[-114.31539483599995,27.779358562221443],[-114.31482757299996,27.779659326221413],[-114.31173427299997,27.77392196922152],[-114.31177424799995,27.770427017221614],[-114.31225513699997,27.773511512221557],[-114.31315171799999,27.771615558221566],[-114.31236720999999,27.76834260922163],[-114.30870664699995,27.76513319222169],[-114.29874598599997,27.747898994222023],[-114.283193828,27.73385636722226],[-114.27030666799999,27.728000989222387],[-114.26970894699997,27.726240188222437],[-114.27120895899998,27.726820777222386],[-114.26817276699995,27.72545020722242],[-114.26958331099996,27.724330909222434],[-114.26357184099999,27.7179082682226],[-114.26332247399995,27.71588477422262],[-114.26089161599998,27.71524898222261],[-114.25766887399999,27.708080142222776],[-114.258219006,27.70942786922275],[-114.25530083499997,27.705965277222795],[-114.25295373399996,27.706962747222743],[-114.24748287799997,27.70108071922288],[-114.24757805599995,27.702950024222854],[-114.24622461899997,27.70168986122284],[-114.246186547,27.70336690622281],[-114.24405645499996,27.69860227322293],[-114.24024931599996,27.69566887322297],[-114.22770099099996,27.688717040223136],[-114.22611531799998,27.689731642223112],[-114.21526367499997,27.688054921223113],[-114.21489818999999,27.688340456223102],[-114.21423765199997,27.68952066922308],[-114.21502192199995,27.688361395223126],[-114.21649909099996,27.688681195223122],[-114.215065704,27.688705941223134],[-114.21485631099995,27.689514958223114],[-114.214024452,27.68977194022311],[-114.214077752,27.6905409812231],[-114.21402825899997,27.69063806322307],[-114.213742724,27.690769410223105],[-114.21350287399999,27.690866492223073],[-114.200131716,27.691283372223047],[-114.19119802899998,27.68396296022323],[-114.17434073799997,27.67999045022326],[-114.16510367099995,27.672702161223427],[-114.16000686499996,27.671356575223438],[-114.15853635799999,27.66743046522351],[-114.15497787399995,27.665078368223583],[-114.14709352999995,27.65670861422372],[-114.15268288399994,27.66205883222362],[-114.147764538,27.64946315522382],[-114.142567796,27.643106425223937],[-114.14326378799996,27.641550257223997],[-114.13955539799998,27.62910091722424],[-114.13688564299997,27.622840555224332],[-114.13345207999998,27.619510500224393],[-114.13353060299995,27.613546381224506],[-114.12652071199996,27.59884845022478],[-114.12876216299998,27.598466546224795],[-114.12801263299998,27.596439246224833],[-114.12964375299998,27.59489735522486],[-114.12846591999995,27.594162102224868],[-114.12939747899998,27.59083204622494],[-114.12832315199995,27.58786604822501],[-114.11313981199999,27.586588277225058],[-114.11471025599997,27.58990405622498],[-114.11356097599999,27.590535803224974],[-114.11225108299999,27.588272936224996],[-114.11156936699997,27.59051795722497],[-114.11377512799999,27.592220461224926],[-114.11091620499998,27.592266861224896],[-114.108116769,27.60008874422477],[-114.11234031299995,27.586523437225004],[-114.107568303,27.600571775224754],[-114.10699366399996,27.60086801822478],[-114.11073060700001,27.589878477224975],[-114.10576942999997,27.58836157022502],[-114.10260355799994,27.590356749224973],[-114.101614892,27.585905967225067],[-114.10139717199996,27.588779166224978],[-114.09747819899998,27.590695822224927],[-114.09940199299997,27.58902900922498],[-114.09611119899995,27.590460255224937],[-114.09366273399998,27.589517989224966],[-114.09340932099998,27.587344351225024],[-114.09243493199995,27.59007478222495],[-114.09131777500001,27.58736219722501],[-114.08022539599996,27.596696262224864],[-114.072148315,27.592912919224915],[-114.07091694399999,27.594472656224877],[-114.07475025599996,27.596403589224813],[-114.07443973499996,27.599876412224788],[-114.08303672899996,27.60297804022469],[-114.07850028599995,27.60028330022477],[-114.08154123699995,27.60158962422472],[-114.07949252199997,27.60003345722476],[-114.08300817499997,27.60257472122471],[-114.08979434999998,27.609158190224623],[-114.08972534599997,27.611875534224527],[-114.09100787599999,27.60997910422457],[-114.09006798799999,27.61219438222453],[-114.08413361299995,27.618604650224434],[-114.08053586799997,27.61961116222442],[-114.07831226099995,27.622940623224316],[-114.06267563299998,27.634997947224104],[-114.06239723599998,27.636607652224093],[-114.05605835199998,27.64251406922399],[-114.05483411999995,27.64281388122397],[-114.06002372399998,27.63852728222403],[-114.05802854599996,27.637530883224073],[-114.06050913399997,27.636806337224076],[-114.05364914799998,27.638341089224046],[-114.04416937499997,27.642206524223997],[-114.03307275999998,27.652973287223784],[-114.02793014899999,27.65433255422376],[-114.02857260299999,27.656578171223693],[-114.02673446999995,27.656738784223734],[-114.02712410599997,27.658118872223667],[-114.02347460799997,27.65741693122369],[-114.02392670599995,27.6585055342237],[-114.02001249199999,27.660376385223646],[-114.02083935499998,27.661423348223643],[-114.01267780399998,27.659564394223676],[-114.00260078599996,27.66064407522363],[-113.994178166,27.658080632223687],[-113.98879761099995,27.659392309223662],[-113.98007986099998,27.657143719223733],[-113.97432309199998,27.659106178223666],[-113.96965642199997,27.6585844782237],[-113.96187863799997,27.656306812223743],[-113.95920622299997,27.65203964122378],[-113.96034836499997,27.651061683223826],[-113.959284746,27.651536385223796],[-113.95764529699994,27.65696215122372],[-113.96362012399999,27.664840547223545],[-113.95596539699996,27.65581763122371],[-113.95667685599994,27.656978808223723],[-113.95432012699996,27.661234663223638],[-113.94753390399995,27.665993585223553],[-113.93938662999996,27.667180936223538],[-113.939205669,27.669779307223468],[-113.94073102499999,27.67030754822344],[-113.92579752799998,27.678771291223335],[-113.92519790399996,27.68282351322323],[-113.92656371399994,27.686047682223126],[-113.92475294499998,27.684379680223184],[-113.920988637,27.697271600222976],[-113.92507179199998,27.700874104222862],[-113.92281606299998,27.701319063222908],[-113.92206415499999,27.703815118222842],[-113.91696715699999,27.707784319222736],[-113.91751379699997,27.709454777222742],[-113.91581890799996,27.709543339222705],[-113.91737026599998,27.710264049222694],[-113.92029891099997,27.719297348222536],[-113.92749684499996,27.727283175222407],[-113.93501237899996,27.731460847222305],[-113.94163618699997,27.731595217222328],[-113.94107122399998,27.733757345222283],[-113.94321197599999,27.73308244322229],[-113.94270198199996,27.732013595222305],[-113.945755836,27.73416045422226],[-113.94597265999995,27.73301831322229],[-113.94833023499997,27.733342021222267],[-113.942350789,27.741569103222133],[-113.94515117299994,27.744943611222055],[-113.94768281799999,27.74443667222208],[-113.94796987999997,27.746849216222003],[-113.94815005699996,27.743914463222083],[-113.943795262,27.74180730322215],[-113.94771030199996,27.73676844522221],[-113.95262089899995,27.73773957022222],[-113.96120967199994,27.743494297222068],[-113.96158324699998,27.741883402222104],[-113.96138813099999,27.74399398422207],[-113.95992000399998,27.7431112042221],[-113.95982720499995,27.744027296222093],[-113.97162457299999,27.750918215221954],[-113.97342106599996,27.749871252221965],[-113.97277147299997,27.748686281221993],[-113.97444423399999,27.74883142822201],[-113.97304035199996,27.751986593221954],[-113.97482732699996,27.748691040221974],[-113.97746733899999,27.745058792222075],[-113.976984309,27.742976764222085],[-113.97750778999995,27.743990414222083],[-113.97756489699998,27.744977891222078],[-113.97742212899999,27.745520408222053],[-113.97307366399998,27.75297406922192],[-113.972242043,27.752773005221904],[-113.981862204,27.75931652322179],[-113.98706132599995,27.757322534221846],[-113.98695662999995,27.758574131221796],[-113.98785606599995,27.754207820221858],[-113.98756339199997,27.757865052221817],[-113.98886495699998,27.759992290221795],[-113.99023076799995,27.75940694222179],[-113.99066382999996,27.762138563221747],[-113.99258405499997,27.758343323221823],[-113.99540609599995,27.760315896221783],[-113.99499206899998,27.758907255221793],[-113.99835269,27.760056473221805],[-113.99734950999999,27.758223336221825],[-113.99873530899998,27.75709832722181],[-113.99973277799995,27.75885341722181],[-114.00164015399997,27.75308036922194],[-114.01027045899998,27.749380307222005],[-114.01011681799999,27.745994722222026],[-114.01129893399998,27.747896387222024],[-114.02409472399995,27.74326101922207],[-114.03048690799994,27.743439954222083],[-114.02800465399997,27.740986254222147],[-114.02883080299995,27.74129844022211],[-114.03193814099997,27.74528564322204],[-114.03161691399998,27.743801454222076],[-114.03979928499996,27.757287049221844],[-114.04308234699994,27.772523928221553],[-114.042291176,27.776417321221473],[-114.04589605999998,27.781747314221402],[-114.04520006699995,27.789676867221264],[-114.04734753099997,27.79026281022122],[-114.04628272199996,27.78905820722122],[-114.04737132499997,27.787776273221283],[-114.04875438699997,27.790084350221242],[-114.04901612799996,27.78826406222124],[-114.05241875699996,27.78734797022126],[-114.05102677199994,27.78925451322124],[-114.05429258199996,27.792817756221144],[-114.055071856,27.7917945882212],[-114.054637604,27.793100317221135],[-114.05356684699996,27.792541144221154],[-114.054979652,27.79348995422116],[-114.05528303299997,27.792460837221196],[-114.05563400399996,27.80005429222106],[-114.06533030699997,27.80818907422086],[-114.067992329,27.807951128220907],[-114.07113024299997,27.8121963842208],[-114.07728115099997,27.80983476922087],[-114.08146602699998,27.805872966220903],[-114.07818831999998,27.803065202221013],[-114.08265873199998,27.804323342220986],[-114.084865682,27.80251495222102],[-114.08554382799998,27.80065897222103],[-114.08445522499994,27.801807062221013],[-114.08192704799997,27.799924314221034],[-114.07775109399996,27.800453744221002],[-114.07730078099996,27.803930731220937],[-114.07613484499996,27.801930794220976],[-114.07334611599998,27.801528665220985],[-114.07569940299999,27.799337182221027],[-114.07968024199995,27.79865189722108],[-114.07168049399996,27.793978635221183],[-114.07285356799997,27.793281453221176],[-114.07108800799995,27.789957346221215],[-114.06816364999999,27.78926492322126],[-114.06736890999997,27.786002682221298],[-114.06655037599997,27.786940190221276],[-114.06502989999996,27.786640378221307],[-114.06589602399998,27.78398014022131],[-114.06349038899998,27.782398988221374],[-114.05657805499999,27.7709870932216],[-114.05426759799997,27.76318722022173],[-114.053030278,27.765861734221662],[-114.05114812499994,27.763346644221745],[-114.04261116599997,27.742721158222086],[-114.04409119099995,27.742799680222124],[-114.04430772099994,27.737393545222226],[-114.07053414099995,27.732358605222295],[-114.07442455899998,27.736713019222186],[-114.07257571799994,27.73122092622231],[-114.07012963199999,27.731040087222315],[-114.07174528599997,27.73046901622237],[-114.075047978,27.732458245222315],[-114.07495042,27.730921113222337],[-114.07638761499999,27.731794376222286],[-114.07698601999999,27.73023091722237],[-114.07528232499999,27.730483140222315],[-114.07447806799996,27.729279133222335],[-114.07782834999996,27.72992158722231],[-114.074882576,27.7268758772224],[-114.07783786699999,27.72678069922241],[-114.07888006999997,27.728284518222377],[-114.07708595699997,27.723435176222473],[-114.07829472299994,27.72301639122246],[-114.08184963800001,27.726085896222443],[-114.08139753999995,27.724615389222443],[-114.08164500399995,27.72404907722247],[-114.08215539899999,27.726555245222386],[-114.07941425899999,27.724880104222457],[-114.07868614399996,27.73118091722234],[-114.07583554999997,27.73348423522226],[-114.07478147899997,27.732836580222322],[-114.07564995199999,27.739699387222185],[-114.07689203099996,27.739114040222166],[-114.07837681399997,27.736891623222228],[-114.07654938799999,27.73422186822227],[-114.08274074599996,27.726374406222398],[-114.09724058599994,27.71684020322259],[-114.10526829299994,27.713868851222664],[-114.10145520699996,27.71263153122267],[-114.10221663399996,27.713517880222636],[-114.10019706699995,27.715367911222597],[-114.097947048,27.715378797222634],[-114.096019685,27.714112924222643],[-114.10022419299999,27.714860075222617],[-114.09799225799998,27.712571033222687],[-114.09822306599996,27.71092206722271],[-114.10003145599997,27.711985686222672],[-114.09830575199999,27.706858840222754],[-114.10192729199997,27.707544125222785],[-114.10281245099998,27.708338865222768],[-114.102631612,27.709045565222734],[-114.10294332199999,27.709388207222748],[-114.10325978999998,27.70803905222275],[-114.10702647699998,27.70851494522273],[-114.10423774799995,27.70855539622275],[-114.11681319999997,27.711530912222685],[-114.11273480399996,27.711516635222704],[-114.11456223,27.712244750222702],[-114.12144482099995,27.71177302222267],[-114.11834676299999,27.710767699222732],[-114.11819447699997,27.7103393962227],[-114.12333411299996,27.71141491322269],[-114.14666688199998,27.72648756322237],[-114.14710849399997,27.729813901222343],[-114.14589006899996,27.728078951222358],[-114.14577240899997,27.728762266222354],[-114.14791392399997,27.732885872222276],[-114.14691866,27.729786815222358],[-114.15049435199995,27.73535261322227],[-114.15020020599998,27.73645333722221],[-114.14897098799997,27.73390510822225],[-114.14939672499997,27.735437761222247],[-114.14635773699996,27.737317195222204],[-114.14867573499998,27.74013614022214],[-114.14786671899999,27.748311968222],[-114.15712040699998,27.76318495922171],[-114.15898043099997,27.776219647221478],[-114.16988409599999,27.788227710221253],[-114.171113801,27.788543702221276],[-114.17205606799997,27.786386959221314],[-114.17063219799996,27.78389709122136],[-114.17229782099999,27.78550370322132],[-114.17228068899999,27.78883304422125],[-114.17367410099997,27.788722637221227],[-114.17293741999998,27.790550064221204],[-114.17431179699999,27.790553871221206],[-114.17725852099996,27.79946828322105],[-114.17474236999999,27.80828833422088],[-114.17581610199996,27.813187050220797],[-114.16577774999996,27.821967261220617],[-114.16738686099995,27.82251751122062],[-114.16411510199998,27.825051637220582],[-114.16177430699997,27.829441743220507],[-114.16436494499999,27.82642280122053],[-114.163856336,27.828421549220497],[-114.16669681699996,27.829694560220492],[-114.17456985899997,27.82239556422065],[-114.17611055999998,27.82164900822065],[-114.17710100999994,27.82298150622063],[-114.17791002699994,27.819629440220695],[-114.17858222499997,27.82294878822063],[-114.17617896899998,27.823659652220595],[-114.17672624499994,27.825756552220575],[-114.173850072,27.83095864922048],[-114.16977227099994,27.830925931220484],[-114.16938560799998,27.832523145220414],[-114.16465642899999,27.834316663220374],[-114.16804716099995,27.83389430922042],[-114.16542083099996,27.835414190220373],[-114.16890376699996,27.834741992220362],[-114.16997154899998,27.832219763220447],[-114.16898109999994,27.838391490220307],[-114.15847280499999,27.84808482022014],[-114.15915095099996,27.849812903220094],[-114.15615877899995,27.853608143220065],[-114.14139422399997,27.867495273219816],[-114.13979403599997,27.869916374219752],[-114.14086181899995,27.87089492821971],[-114.139422245,27.871504664219696],[-114.14029074899997,27.87308700621967],[-114.14125442999995,27.872048966219715],[-114.14103135599998,27.86914007521976],[-114.14170652799999,27.871543331219712],[-114.13353010499998,27.88244126221949],[-114.13566864599994,27.87495785721968],[-114.13428558399994,27.873494489219663],[-114.13041896,27.873107826219698],[-114.13004121999995,27.87621004921964],[-114.12916974299999,27.87615948521964],[-114.12871169699997,27.87647476421965],[-114.12825959899999,27.877610956219602],[-114.13024347499999,27.8763468682196],[-114.13087105699998,27.87420832721968],[-114.13432722499999,27.873887100219655],[-114.13436886499994,27.87935391121957],[-114.12915487099998,27.882372853219493],[-114.12869385099998,27.880867844219555],[-114.12932986299995,27.887676052219426],[-114.13033104999995,27.8877132712194],[-114.13092655199995,27.88673069421942],[-114.13132851499996,27.886462718219448],[-114.13209894499995,27.88617613321943],[-114.12966855499997,27.8889824342194],[-114.12725303599997,27.89001631421934],[-114.13119996699999,27.889840829219352],[-114.13264548999997,27.89213106021932],[-114.13567632799999,27.892482031219313],[-114.13718115199998,27.894986317219296],[-114.141477507,27.895545966219256],[-114.14205048199996,27.897068821219246],[-114.15177962099995,27.8989286082192],[-114.13503218699998,27.896076743219233],[-114.13531474899997,27.894622298219286],[-114.13134818699996,27.895421856219247],[-114.13268544499999,27.897073500219218],[-114.15875422399996,27.90161261921914],[-114.16660941999999,27.90688312521904],[-114.16515794899999,27.909286381219026],[-114.16784079099995,27.910577238219016],[-114.16838806699998,27.911993018218997],[-114.17124936899995,27.91042257321899],[-114.17034604299994,27.908079514219033],[-114.17312616899996,27.911790763218963],[-114.17804570499999,27.9144349392189],[-114.17977973699999,27.91377463921891],[-114.178697082,27.91278716321896],[-114.203154967,27.915922103218897],[-114.18956526999995,27.91983036721884],[-114.187043041,27.91840269121882],[-114.18798590299997,27.920282465218826],[-114.17902128399999,27.919134375218828],[-114.17593690700001,27.921897524218803],[-114.17241827899994,27.922269315218763],[-114.16951533699996,27.921171788218782],[-114.16677895699998,27.916689479218878],[-114.166425012,27.911808609218962],[-114.16806981399998,27.912549217218935],[-114.16950046499996,27.912626549218928],[-114.16741546299994,27.912189323218964],[-114.167584999,27.910636725219003],[-114.16404257699999,27.909473763218998],[-114.16242156899995,27.910806261218983],[-114.16474154299999,27.910529649219],[-114.15477160199998,27.91846515221885],[-114.15706778099998,27.91743306021886],[-114.15643424999996,27.91830751221886],[-114.15210957999996,27.9194288332188],[-114.14815075099996,27.914036380218953],[-114.14869505299998,27.91242132121896],[-114.14678850999996,27.91286449521895],[-114.14942376299996,27.910080526218994],[-114.14729414499999,27.90550601221908],[-114.14659220399996,27.90750475921905],[-114.14556308699997,27.906773075219043],[-114.14786521599996,27.90416459121908],[-114.15156825199995,27.90331095921913],[-114.14769865399997,27.902909425219132],[-114.14550657499997,27.903992080219126],[-114.14372792799998,27.903319882219122],[-114.14426628099994,27.901764310219185],[-114.14365059599999,27.903510239219134],[-114.14550657499997,27.904188386219086],[-114.14678256099995,27.903617315219137],[-114.14710081399994,27.904182437219138],[-114.14399859199995,27.907430401219038],[-114.14215873799999,27.9061851632191],[-114.14313134300001,27.904126929219142],[-114.14289339699997,27.903924675219095],[-114.14204868799999,27.903805702219113],[-114.14300939499998,27.904103134219138],[-114.14154305299996,27.905319634219108],[-114.14251863199998,27.908005450219065],[-114.145159833,27.908344524219057],[-114.14436271399997,27.91024511821897],[-114.14321164999996,27.91014696521902],[-114.14225986499999,27.910590140218993],[-114.14431512499999,27.91062583221897],[-114.15096869199999,27.920191265218836],[-114.14634361499999,27.91782667621886],[-114.14767611299999,27.91661315121887],[-114.14734298899998,27.915839826218914],[-114.14595397799997,27.915816031218917],[-114.14471665899998,27.916696432218856],[-114.147330497,27.916263072218882],[-114.14487667699996,27.919183861218862],[-114.14075426099998,27.920421180218796],[-114.13694712399996,27.919415858218805],[-114.13584364899998,27.916646760218857],[-114.13486807,27.9162333292189],[-114.13428510199998,27.916393943218885],[-114.13719101799995,27.91983821321881],[-114.13981734799995,27.920882201218774],[-114.14329433599994,27.920629383218813],[-114.14659881199998,27.918472997218824],[-114.14859755999998,27.920489590218793],[-114.15343381399998,27.920831637218786],[-114.16173813299999,27.915150674218914],[-114.16582783199999,27.916417737218893],[-114.15788637999998,27.92403201321873],[-114.15907908499997,27.928764166218663],[-114.16590516399998,27.927687460218685],[-114.16359708699999,27.937632714218505],[-114.15696136499997,27.93474166921854],[-114.15470979999999,27.935512020218557],[-114.15376991299998,27.937031900218518],[-114.15689592999996,27.94212989621838],[-114.14898422199997,27.942781273218365],[-114.14399032799997,27.93929238821847],[-114.14700332099994,27.94228158621838],[-114.14963857400001,27.943599213218405],[-114.15696433899996,27.942635531218404],[-114.15737182199997,27.941543953218424],[-114.15427257399995,27.937359076218502],[-114.15509943699999,27.9357291452185],[-114.15867457699994,27.935565557218542],[-114.16153587899998,27.938840291218476],[-114.16381123800001,27.938168093218472],[-114.16676177,27.927606260218678],[-114.16799908999997,27.92848666121867],[-114.16660115599996,27.92996490121864],[-114.16826380499998,27.928450969218634],[-114.16373390599995,27.923245898218767],[-114.16414138899995,27.919977114218813],[-114.165836755,27.919254352218818],[-114.16824298499996,27.922377395218785],[-114.17258847499994,27.92413522221876],[-114.17042316599999,27.927905180218648],[-114.17100750999998,27.932055627218602],[-114.17209313899998,27.931083022218598],[-114.16987548199995,27.937798456218484],[-114.172036032,27.943768523218388],[-114.17032044099994,27.949567270218257],[-114.17141737199995,27.949074721218274],[-114.17015387899995,27.95109250421826],[-114.16633722299999,27.95166833421827],[-114.16255625999997,27.948034897218303],[-114.15907034899999,27.94786119621832],[-114.16197805099995,27.948784427218293],[-114.16408387399999,27.952372654218205],[-114.16898080399994,27.952303650218237],[-114.173844423,27.94800634321833],[-114.17342980199999,27.94415280621835],[-114.17897394599999,27.94446213621839],[-114.17764382699995,27.943063013218413],[-114.18036593000001,27.944923752218372],[-114.18151521,27.94857384521828],[-114.179276137,27.9484620102183],[-114.18671076299997,27.953102851218173],[-114.18580954199996,27.952219477218247],[-114.18746029399996,27.951645432218232],[-114.18508083199998,27.951585945218195],[-114.18336464599997,27.950634161218236],[-114.18470011899996,27.951026772218214],[-114.18069608099997,27.942962481218384],[-114.17461655799997,27.93948549421844],[-114.17592823599995,27.94004169321845],[-114.17440240599996,27.934872314218552],[-114.17551063999998,27.925693245218703],[-114.17942485399999,27.922319170218753],[-114.17929160399997,27.92367070321877],[-114.18287507199996,27.92248692221879],[-114.183743575,27.92377183121875],[-114.19732732299997,27.923846189218754],[-114.19341013599997,27.927962656218646],[-114.19687522599997,27.925425556218705],[-114.19636958899997,27.926523082218708],[-114.19303536999996,27.92870028921866],[-114.17924163499998,27.930097033218605],[-114.17938202299997,27.931027402218596],[-114.19602635299998,27.92834812921868],[-114.20160440399997,27.92014939921884],[-114.20488198299996,27.92125818021878],[-114.20459264099998,27.92322647021878],[-114.20469352999999,27.923544366218735],[-114.20507614699994,27.923770891218744],[-114.20587564599998,27.92225374621879],[-114.20598034199998,27.9260818232187],[-114.21276846899997,27.93234837221857],[-114.20842071699997,27.924332443218766],[-114.20981222599994,27.92290096021875],[-114.21217050999996,27.923454184218727],[-114.21161392499994,27.924394870218748],[-114.21180169399997,27.92490089721871],[-114.21055771099998,27.92420228721875],[-114.21162751699995,27.92555762821868],[-114.21262852799998,27.924870763218728],[-114.212101239,27.923644864218723],[-114.21462917799994,27.92363915421875],[-114.21820979099999,27.92779274121868],[-114.21766917800001,27.92618612921873],[-114.22173710399994,27.92980671721865],[-114.22112796199997,27.927769898218678],[-114.22386148699997,27.929585903218662],[-114.22099280899995,27.926715321218712],[-114.22132593299995,27.92680478921871],[-114.22486847500001,27.929810524218624],[-114.21692868999999,27.92264739421878],[-114.21709810699998,27.920880882218793],[-114.21817362399999,27.921718453218766],[-114.21902642199996,27.921965917218795],[-114.21808225199999,27.92158901021877],[-114.21780242799997,27.92107885421882],[-114.21912921499995,27.92165182821878],[-114.21776625999996,27.91966640621884],[-114.21909875799997,27.920734308218815],[-114.21879228299998,27.9197539702188],[-114.21840395499999,27.919394195218814],[-114.21564187699994,27.91969115221881],[-114.23040024599999,27.917705730218866],[-114.23178604399999,27.918257765218872],[-114.232948589,27.916871489218885],[-114.23327219599997,27.917197476218874],[-114.23443813099999,27.91741876521884],[-114.234028864,27.92057393121879],[-114.23652729799994,27.92049540921881],[-114.23581375699996,27.916907479218903],[-114.23345511699995,27.91682122321887],[-114.24172671799994,27.91149420521897],[-114.24274691199999,27.912115839218977],[-114.24277665499994,27.910393704219],[-114.25534437299996,27.89639890421927],[-114.25889189899999,27.894959973219297],[-114.25713109799995,27.894463260219307],[-114.26402261199996,27.88739239521941],[-114.26652996899999,27.88726152421941],[-114.26822533499997,27.8890431462194],[-114.27460526499999,27.903165247219125],[-114.27388190899995,27.92980569221863],[-114.26693150299998,27.93535459521851],[-114.25350252699998,27.952827966218248],[-114.23137220799998,27.972473143217837],[-114.218720556,27.987943747217592],[-114.19827708699997,28.007368477217202],[-114.18093249199997,28.02915728321683],[-114.17562629399998,28.033473030216708],[-114.173327139,28.038312259216642],[-114.13824771699997,28.084140306215787],[-114.13114205299998,28.085618546215734],[-114.11970576799996,28.081457464215834],[-114.11790332599998,28.078007245215886],[-114.11915849199994,28.076894847215936],[-114.11853745299999,28.074745302215955],[-114.11603009599999,28.07166984821603],[-114.11508723599997,28.048305330216458],[-114.11767965899998,28.044960997216545],[-114.126288549,28.039521431216638],[-114.13541771899997,28.029520515216806],[-114.13518261499996,28.022813149216915],[-114.13309170499997,28.01792667621701],[-114.12746221799995,28.012826006217118],[-114.12316269399999,28.015301418217028],[-114.12525092,28.018606361217017],[-114.12490066399994,28.02114191521693],[-114.12277437699998,28.020469955216964],[-114.11628749099998,28.024658045216913],[-114.11590296999998,28.02676148821683],[-114.11373480499998,28.02592962921688],[-114.11981408899999,28.03652334621669],[-114.11850895599997,28.037271686216645],[-114.11516700299995,28.03303237921675],[-114.11645191199996,28.03201813421675],[-114.11504208099996,28.0290765252168],[-114.11273102899997,28.025328874216896],[-114.11173462999996,28.02479944421687],[-114.11160970799996,28.024210528216916],[-114.11070551299997,28.023606739216905],[-114.11353112299997,28.027723207216837],[-114.10774166699998,28.033499527216723],[-114.10223856899997,28.03663833321664],[-114.09337031699995,28.036022648216694],[-114.09463737999995,28.031421365216783],[-114.09671643399999,28.03133808421679],[-114.09896205099994,28.03377108321669],[-114.09715365999995,28.03101388221679],[-114.100014962,28.030195943216807],[-114.09876277099994,28.026540496216846],[-114.10356035899997,28.023581041216907],[-114.101713304,28.02127296421693],[-114.10354846199999,28.020148668216954],[-114.10703139799996,28.02264412821696],[-114.10139504999995,28.01753423621703],[-114.10255206299998,28.019648982216957],[-114.09967795399996,28.019608706216953],[-114.10208120899995,28.02421891121688],[-114.08760359200001,28.0248259462169],[-114.08369734499996,28.026439693216844],[-114.08363648299998,28.031487874216765],[-114.07897887200001,28.04111096021661],[-114.072611705,28.04648351721649],[-114.06119767599995,28.0462459242165],[-114.06482754399997,28.052332585216362],[-114.07710556299998,28.055121313216357],[-114.07789078499998,28.056820249216294],[-114.07692948299996,28.05470252821634],[-114.07825246299996,28.05451217121634],[-114.07936605099997,28.056701276216305],[-114.09183204699997,28.064935400216175],[-114.09008314299997,28.062148457216175],[-114.09646307299994,28.06543806221614],[-114.093438183,28.062656769216193],[-114.09268270399998,28.061440270216195],[-114.09270947299997,28.061907239216186],[-114.09228116999999,28.06147298721621],[-114.09163871599998,28.060565818216215],[-114.09192914299996,28.05891886321629],[-114.09405281199999,28.061054430216224],[-114.09244977499998,28.057930312216268],[-114.09831895399999,28.06042684221626],[-114.097279605,28.05862035621627],[-114.099196023,28.05914907221628],[-114.09927946799998,28.07420907621596],[-114.100701196,28.07469389121595],[-114.09965720799994,28.070089634216046],[-114.10092129599997,28.0669219772161],[-114.10178670099998,28.072968369216028],[-114.10172185999994,28.099500251215503],[-114.10274205399998,28.096713308215556],[-114.10055184299996,28.10814401721538],[-114.10460287499997,28.11472322721524],[-114.10922200399995,28.11704022721521],[-114.10988527899998,28.119443483215143],[-114.10650346999995,28.129877419214985],[-114.07934489699994,28.171567658214222],[-114.072880496,28.185160924213942],[-114.06544824999997,28.207041555213536],[-114.0592898,28.208728909213523],[-114.05770033999994,28.208210649213555],[-114.05743487999997,28.205138369213575],[-114.06119517999997,28.20435182921361],[-114.05777294999996,28.202467649213663],[-114.06376953999995,28.184991289213936],[-114.06104616999995,28.171440419214214],[-114.066496885,28.155945795214464],[-114.07703600099995,28.1457027472147],[-114.07690179199994,28.138959153214824],[-114.07459855999997,28.134328844214863],[-114.076144581,28.115002316215246],[-114.07511762899998,28.11132697521529],[-114.071990885,28.10870924321536],[-114.07226401199996,28.10268525221547],[-114.06087722999996,28.082200479215825],[-114.05797978,28.08217541921585],[-114.0601324,28.08521490921577],[-114.05880230999998,28.085969889215775],[-114.05565245999998,28.081163319215825],[-114.04814207999999,28.079946429215887],[-114.04929001999994,28.086449179215744],[-114.04805097999997,28.088151709215705],[-114.04506870999995,28.086592649215756],[-114.04040722999997,28.090728569215692],[-114.04831656999995,28.104274089215426],[-114.04877510999997,28.112567049215283],[-114.05402579999999,28.123316459215108],[-114.05350284999999,28.136281029214864],[-114.05047327999996,28.147830949214658],[-114.03917410999998,28.16151136921435],[-114.03897102999997,28.170740059214232],[-114.04488454999996,28.17594299921415],[-114.04608290999994,28.173174029214156],[-114.05633937999994,28.17275562921417],[-114.05157477999997,28.180649909214036],[-114.05440904999995,28.18456027921395],[-114.05010336999999,28.190477619213826],[-114.03684856999996,28.18079901921404],[-114.03540296999995,28.185392459213958],[-114.04738010999995,28.19302001921382],[-114.05125239999995,28.201033339213655],[-114.05066533999998,28.212580339213442],[-114.05236887999997,28.223949779213253],[-114.05650213999998,28.232980089213104],[-114.06434465999997,28.2423731992129],[-114.06466112099999,28.24578459921284],[-114.05908561999998,28.2474126792128],[-114.06700801999996,28.258734919212625],[-114.06477307999997,28.260440969212585],[-114.06751696999999,28.262223719212578],[-114.07333135299996,28.260584204212577],[-114.077654178,28.26329146621253],[-114.07976892499995,28.26851735721244],[-114.07898370299995,28.270661847212374],[-114.07635142399994,28.271670143212386],[-114.07917108599997,28.271072304212414],[-114.08039353399995,28.26860956221243],[-114.07926626399997,28.264154021212537],[-114.07539369099999,28.26078410921256],[-114.07517005199999,28.25768608321264],[-114.07846319599999,28.259299920212587],[-114.07879929499995,28.25633154321264],[-114.07993251299997,28.256905588212636],[-114.07643767999997,28.250921243212748],[-114.07487318399996,28.249987305212773],[-114.07397924099996,28.24907449021278],[-114.07396250799997,28.24840838421282],[-114.07940437299999,28.251235505212755],[-114.07946703099998,28.253914903212713],[-114.08257936599995,28.257116467212654],[-114.08160140799998,28.25334383221269],[-114.08339314199998,28.25349373821273],[-114.08158514299998,28.25173120621273],[-114.08356179999998,28.250901958212747],[-114.08656258399998,28.25508202821268],[-114.08675531999997,28.25289768321273],[-114.08876834399996,28.252690670212715],[-114.08647692299996,28.249178586212814],[-114.08976771799998,28.24849687021279],[-114.09254454899997,28.25001377621278],[-114.091484499,28.24817564321283],[-114.083019134,28.248481108212825],[-114.08201561299997,28.24643021521286],[-114.09132941799999,28.24593826121284],[-114.09580429199997,28.240747170212963],[-114.10310923699996,28.23880196021296],[-114.11535507999997,28.242970829212897],[-114.11470820299998,28.244095953212877],[-114.11639113899997,28.24511933921284],[-114.11471505799996,28.247118177212833],[-114.11647288499995,28.247757657212833],[-114.11684304999994,28.251750850212737],[-114.121786081,28.255006620212693],[-114.12430949999998,28.254560471212674],[-114.12495521899996,28.256836150212674],[-114.09091341899996,28.32284714021146],[-114.06236895699999,28.3913871852102],[-114.04735336799996,28.44262649820928],[-114.04524754499995,28.457859807208997],[-114.04606607999995,28.46554784620887],[-114.05064892200001,28.473168070208736],[-114.06833748899999,28.486713229208526],[-114.06960846699997,28.494990107208334],[-114.06918373299999,28.51408528120801],[-114.07953676799997,28.521835781207866],[-114.08658116199996,28.522785186207866],[-114.09088025999995,28.537664059207604],[-114.096354798,28.54612888820743],[-114.11649421999999,28.559036200207196],[-114.13333625599995,28.563271716207172],[-114.14956430599995,28.559527633207214],[-114.16131973499996,28.569200305206998],[-114.15645998399998,28.585518485206755],[-114.15515365899995,28.60856475520635],[-114.15659055699996,28.620798917206116],[-114.16394877999994,28.640554490205748],[-114.17629425399997,28.65249490920553],[-114.18377684999996,28.657087890205467],[-114.19843931999998,28.66067988020543],[-114.21438888199998,28.66214321620538],[-114.22465503899998,28.666609490205285],[-114.22640691599997,28.665250222205312],[-114.23616270599996,28.666954511205315],[-114.239092418,28.666169289205275],[-114.23897047099997,28.665428682205334],[-114.23946718299999,28.664688075205326],[-114.24016802899996,28.666254140205265],[-114.24115499899995,28.665180860205343],[-114.23949097799999,28.663983159205326],[-114.24525819699994,28.662076616205354],[-114.24762873499998,28.658635321205445],[-114.24541286299996,28.65290676820551],[-114.25459159999997,28.658324770205404],[-114.25898171899998,28.663960600205332],[-114.26140127399998,28.661684417205397],[-114.26922672599994,28.660033666205404],[-114.27174353099998,28.664599537205344],[-114.27053595499997,28.665723832205327],[-114.27133902299994,28.669165127205233],[-114.269697195,28.679016096205068],[-114.27061328699995,28.690476175204882],[-114.27323366899999,28.693373169204804],[-114.27520862099999,28.692813995204826],[-114.27572912799998,28.694806794204776],[-114.27901228899998,28.695328200204788],[-114.27884622199997,28.69783465820471],[-114.28282587099994,28.70393797620465],[-114.28714161799996,28.70630851420459],[-114.29051747799997,28.70389336120461],[-114.294253278,28.703699509204615],[-114.29888598899998,28.707079729204565],[-114.301557254,28.70561542520463],[-114.30302230899997,28.706865889204607],[-114.301109054,28.707421507204565],[-114.30148664899997,28.711000719204524],[-114.30524705899995,28.713132369204462],[-114.30447524899995,28.714216550204444],[-114.30732168999998,28.720124089204358],[-114.31595159999995,28.726911376204256],[-114.32627475699996,28.72938839820419],[-114.32961566099999,28.728694861204204],[-114.33063763999998,28.730168700204135],[-114.34073924899997,28.732161274204145],[-114.34718679099997,28.73089348320415],[-114.34528384999999,28.7349179392041],[-114.34808147999996,28.737079720204033],[-114.34469999899994,28.738000000204018],[-114.34621439299998,28.739606915204032],[-114.34397788099996,28.740448847203965],[-114.343248395,28.75305206020378],[-114.34395152599997,28.757659886203673],[-114.34758496299997,28.7577419772037],[-114.34741364199999,28.759701464203626],[-114.35077634,28.76170132020359],[-114.34933897399999,28.7633770992036],[-114.35170380999995,28.76498565220356],[-114.34828809399994,28.76846561320347],[-114.34862041999999,28.77231207920344],[-114.35029754899996,28.772855719203413],[-114.35033511899998,28.774721280203376],[-114.35765722099995,28.777406438203347],[-114.35978088999997,28.779883457203272],[-114.36081238699995,28.782828040203256],[-114.35980465199998,28.78319232920327],[-114.36161545499999,28.784898171203203],[-114.36043462899994,28.786048630203158],[-114.36159403999994,28.79051607820309],[-114.359745198,28.79098007320311],[-114.36074457199999,28.79446360420301],[-114.37311794699998,28.811365627202715],[-114.37898629299997,28.81318294020269],[-114.38019684399995,28.81134778120273],[-114.38316197999997,28.81107364920272],[-114.38620498299997,28.806565064202804],[-114.39686794299996,28.816198907202637],[-114.399532939,28.82250150420253],[-114.39729921999998,28.824009488202506],[-114.39867633299997,28.833286411202373],[-114.40358694599996,28.834452347202348],[-114.40538046399998,28.837209548202306],[-114.40289987599999,28.838393329202237],[-114.40471718999999,28.84418136820217],[-114.40333115399996,28.845278895202117],[-114.40626383899998,28.862559730201827],[-114.41744730599999,28.879516364201518],[-114.42651602699999,28.8839272902015],[-114.43302682699999,28.88135152420153],[-114.43780954399996,28.875834148201616],[-114.43753915599996,28.87804289720156],[-114.43891896699995,28.878900679201575],[-114.43731283099999,28.880780453201513],[-114.44042397599998,28.88954876720137],[-114.44972954699995,28.906548425201038],[-114.45295669099995,28.90895762920101],[-114.45867334599996,28.909228293201018],[-114.46123894999995,28.907349901201087],[-114.46176104599999,28.909885444201],[-114.47030925999996,28.91810648220084],[-114.48879172299996,28.93204417420062],[-114.49711091399996,28.931996585200583],[-114.50553123099996,28.93494414320055],[-114.50984697899999,28.9338852822006],[-114.51135336799996,28.930028222200672],[-114.51814267999998,28.93281616520062],[-114.52587670099996,28.931879853200623],[-114.52951234799997,28.927840501200684],[-114.52761175399998,28.92344742120076],[-114.53037428899995,28.921701469200812],[-114.53100843399994,28.917754561200844],[-114.53640534899995,28.927810758200707],[-114.54556627399995,28.934273969200582],[-114.54596780799996,28.936293536200534],[-114.54368352499996,28.93679322320051],[-114.54346342499997,28.939487963200524],[-114.54867147099998,28.955549325200195],[-114.56251695899999,28.970361469199943],[-114.56924519999995,28.973979070199867],[-114.57647281199996,28.975115263199882],[-114.58142803999999,28.973556716199912],[-114.58464031199998,28.96983583419994],[-114.58141395399997,28.965271925200057],[-114.58554231899996,28.967178468199993],[-114.58739061099999,28.966297499200028],[-114.59210587099993,28.969761475199945],[-114.59149572699995,28.973525906199917],[-114.59845605799998,28.97563279519988],[-114.59668335899993,28.977280572199813],[-114.59861072299996,28.979781981199817],[-114.59777493699993,28.981402988199772],[-114.601388743,28.986274935199653],[-114.59978558200001,28.988942905199615],[-114.60226616999996,28.992003487199543],[-114.59969612400002,28.992055303199585],[-114.59939797,28.993379320199573],[-114.60213529899994,28.995620268199495],[-114.59936620199996,29.00019478219943],[-114.60469619399998,29.001476716199413],[-114.60116566899995,29.004614631199335],[-114.60084146699997,29.01120276319925],[-114.60384553699997,29.014367446199174],[-114.60210258199999,29.01464108419918],[-114.60286289399994,29.017562059199108],[-114.60687762999999,29.020119096199096],[-114.60452516999999,29.022230078199048],[-114.60472861399997,29.027433959198962],[-114.60862230500003,29.057379773198406],[-114.61255846299997,29.06378309219831],[-114.618506478,29.063180715198317],[-114.61858975899997,29.066059863198298],[-114.62083537599995,29.068787320198236],[-114.61935161999997,29.0702228501982],[-114.62112685999995,29.078004757198094],[-114.62728181699998,29.090225445197838],[-114.63610710999995,29.097960550197694],[-114.639480237,29.09689857019775],[-114.64523380199996,29.098442438197722],[-114.652118149,29.09665170119772],[-114.66564898399996,29.10848324219752],[-114.67584105999998,29.113202958197448],[-114.67801623199998,29.11317970319748],[-114.68333218199997,29.10896671519754],[-114.69640000299995,29.110403778197494],[-114.69910388899997,29.107822609197537],[-114.69964499300002,29.103283241197627],[-114.70264665699995,29.101152304197647],[-114.71042989999997,29.111432895197506],[-114.71606624899998,29.110061730197497],[-114.71526994,29.112860830197455],[-114.71844705999997,29.116842519197387],[-114.717490289,29.120812819197315],[-114.72267817499996,29.12635508919724],[-114.72147952199997,29.128196197197227],[-114.725352462,29.13583445719706],[-114.728965901,29.137868706197047],[-114.73455168599999,29.13528104219712],[-114.73676161099995,29.138772901196994],[-114.73626548199998,29.14151272519695],[-114.73453978899994,29.14227070919696],[-114.73560716199994,29.1615890171966],[-114.73734457799998,29.162612126196613],[-114.73668130299995,29.164985639196573],[-114.73926599299996,29.17376287619643],[-114.74440860299995,29.18239734519629],[-114.747362109,29.182165347196296],[-114.75188605899996,29.18494336819624],[-114.75411107999996,29.183848625196237],[-114.754348801,29.181656737196306],[-114.75992863699997,29.18578510219623],[-114.76307844899996,29.191350067196144],[-114.76850362000002,29.19644508819604],[-114.77351238599998,29.19761102319597],[-114.776956655,29.19412808719608],[-114.78161742500001,29.197970917196017],[-114.78583204499995,29.197031030196026],[-114.79715827899997,29.2110014401958],[-114.80078100899999,29.211474358195808],[-114.80093864799998,29.21009724519577],[-114.80518895999997,29.20900269319581],[-114.81264440999996,29.213550339195724],[-114.81505182599996,29.21680435119568],[-114.81460270299999,29.220733436195594],[-114.823040866,29.235673477195327],[-114.82705025799997,29.239587690195286],[-114.83156825999998,29.241363363195255],[-114.834059149,29.241046012195277],[-114.83499881100002,29.237907465195295],[-114.83753525199995,29.236864595195318],[-114.84234176299998,29.241620542195264],[-114.84266163599995,29.243994102195202],[-114.84622272399997,29.246063489195173],[-114.84542316499994,29.247896371195157],[-114.84835882499998,29.250829056195077],[-114.84719288899998,29.252735600195056],[-114.85069367099999,29.260007827194922],[-114.85870650599999,29.265593612194873],[-114.86352070599999,29.275669632194685],[-114.87353032399994,29.28439145319452],[-114.876818939,29.284846107194532],[-114.87755092899994,29.28346155919452],[-114.87917189299996,29.284541795194503],[-114.88072756099994,29.28764168319447],[-114.88287097599999,29.28837877019445],[-114.88232706099998,29.290682736194412],[-114.88758910499996,29.297923020194272],[-114.89037604899994,29.298306708194268],[-114.89461446399999,29.30268491619423],[-114.89956630999995,29.30455739519419],[-114.90406999899997,29.312087963194056],[-114.90783415399994,29.31451648919403],[-114.91159667699996,29.314620590194],[-114.92021627400001,29.32712763219376],[-114.93532217999996,29.340114339193587],[-114.95052331699999,29.360614254193198],[-114.96734327999998,29.375140554192942],[-114.98244049599997,29.38230016419285],[-114.99209945599993,29.381612095192843],[-115.00835451399995,29.385897281192758],[-115.01195642299994,29.385348221192793],[-115.03015930000001,29.397935569192594],[-115.04399876999997,29.4015795201925],[-115.04955488099993,29.405576614192412],[-115.05614342999996,29.406917819192422],[-115.07320374899994,29.41645075019228],[-115.08139206899995,29.41827103819223],[-115.08440208799999,29.416819567192253],[-115.09527622499998,29.41670059419229],[-115.10690405599999,29.42144523919216],[-115.113965106,29.419660643192188],[-115.12583861699994,29.420478583192228],[-115.13016657599998,29.417995461192255],[-115.140157339,29.42264730719213],[-115.15384161799994,29.42066045719218],[-115.160481964,29.42333932519216],[-115.16689593599996,29.42833719319206],[-115.17109568399998,29.42964292319205],[-115.17243115699995,29.42842642319207],[-115.17920072399994,29.431484031192028],[-115.18754247099999,29.427480216192052],[-115.189494074,29.428080877192073],[-115.19244927899996,29.432300184191963],[-115.19382662899996,29.440229720191848],[-115.19901956599998,29.452787343191655],[-115.211293889,29.472355680191328],[-115.21583414,29.477747592191232],[-115.21876745599998,29.478106189191212],[-115.21818088899992,29.47952500019121],[-115.22052685999995,29.48192605919114],[-115.22942269199996,29.486420036191102],[-115.23119145699997,29.49189243619098],[-115.23822573800001,29.502933135190773],[-115.25326685999994,29.51623413719059],[-115.25832623499998,29.518581065190514],[-115.26557397899995,29.518928459190516],[-115.26975137599999,29.52299161519047],[-115.27723180699998,29.525183694190428],[-115.28996192299998,29.533089453190286],[-115.29868154599997,29.540707204190152],[-115.31621332699997,29.54290473019014],[-115.33032055599996,29.55061418318998],[-115.33676889599995,29.552208422189942],[-115.34115602599998,29.555964996189893],[-115.34777985200002,29.55750569718987],[-115.35341025099996,29.556610425189906],[-115.36955191999999,29.56040566518984],[-115.37315680299997,29.558201690189886],[-115.37855520499994,29.558124357189843],[-115.38112204899994,29.561999904189797],[-115.38344797199997,29.5621991841898],[-115.38744249199999,29.56605688518975],[-115.38826340599996,29.569289978189698],[-115.39382837100001,29.57466458618956],[-115.40049383599995,29.577344453189557],[-115.40769765399995,29.577945267189545],[-115.408399595,29.58272798418948],[-115.41485685699996,29.592448082189314],[-115.42797952699999,29.60080172118913],[-115.43465594499997,29.60956250818899],[-115.44001365099997,29.612809076188963],[-115.44408847799998,29.617692919188844],[-115.44928759999999,29.619135468188855],[-115.457948839,29.625122786188744],[-115.47838014999996,29.626824279188707],[-115.48337121999997,29.622519449188765],[-115.48938449300002,29.620853736188817],[-115.49309250899994,29.61680026018887],[-115.49951027199995,29.615643912188883],[-115.50608650699999,29.61706564018889],[-115.50856709499999,29.620158939188833],[-115.51266870899997,29.621509220188802],[-115.51640576499993,29.628407694188706],[-115.52458218799998,29.635314079188575],[-115.54058703799998,29.643130609188454],[-115.54740716799994,29.652621684188258],[-115.55660973299996,29.661318614188094],[-115.56372659599998,29.66368399118811],[-115.57417382999994,29.681451566187807],[-115.58614671699999,29.692990552187613],[-115.60219408199997,29.6979743861875],[-115.61926651199997,29.695003894187572],[-115.63786184900002,29.711460558187277],[-115.644810025,29.71449762818723],[-115.65083291999998,29.721146379187118],[-115.65567144399998,29.72361250118707],[-115.65990087999995,29.729655370186972],[-115.67195587999998,29.736833381186855],[-115.67872714199997,29.743948535186746],[-115.68658729699999,29.746668474186677],[-115.68677174099999,29.744961608186703],[-115.69063241699996,29.74965509518662],[-115.69933062799998,29.754831033186576],[-115.68647779099997,29.80752450018567],[-115.68476548899997,29.833776850185238],[-115.68579613899998,29.842324830185106],[-115.69059916899995,29.855186089184915],[-115.69771194999998,29.888134830184356],[-115.70189087799997,29.89999049518415],[-115.70742907299996,29.90497546518408],[-115.70959735699995,29.91043335418399],[-115.71885459999999,29.920216749183833],[-115.72341909799997,29.928528741183655],[-115.74288006799996,29.947903916183392],[-115.751477419,29.94862200018335],[-115.75608766,29.951369199183294],[-115.78834723200002,29.959423859183193],[-115.80375977999994,29.958261171183192],[-115.811491231,29.94785186618336],[-115.81349235799996,29.949931514183344],[-115.81217175699999,29.951233080183307],[-115.81332282100001,29.952980794183258],[-115.80936339799997,29.956216861183258],[-115.81143352899994,29.958827129183156],[-115.80983929099996,29.959067455183195],[-115.81099570899995,29.960247668183182],[-115.80945143799995,29.960421606183168],[-115.80991543299997,29.964599702183065],[-115.80523027399994,29.973201453182934],[-115.79650876699998,30.00956144218235],[-115.79180947299996,30.03243680918196],[-115.79250234899996,30.037161108181913],[-115.79035369599998,30.039547707181853],[-115.785414992,30.062142867181457],[-115.78659169999999,30.063827441181463],[-115.78470965899999,30.06862803018139],[-115.78570237499997,30.072378996181303],[-115.78414354999998,30.073844939181313],[-115.78530286099999,30.075934867181264],[-115.78297282399996,30.080663955181148],[-115.78329783199996,30.086345925181067],[-115.78184924899996,30.0869329591811],[-115.78306830999998,30.088875799181025],[-115.78131226899998,30.090854797181024],[-115.78199614,30.093392420180948],[-115.784546908,30.09434427618096],[-115.78325819199993,30.09551116418095],[-115.78500995199997,30.09656003018089],[-115.78352754699999,30.096512441180938],[-115.78481880099996,30.09781673918089],[-115.78422472899996,30.101554519180812],[-115.78733468499998,30.1043480061808],[-115.78629485999997,30.107177185180753],[-115.79014837799997,30.110991220180694],[-115.790272413,30.11258653418066],[-115.78805566199998,30.113206739180654],[-115.789174603,30.116302121180574],[-115.78809492299999,30.116882114180612],[-115.791071177,30.118216459180555],[-115.79166142899999,30.12082534918055],[-115.79349585299995,30.120375684180534],[-115.79328809599997,30.12389855018046],[-115.795524098,30.127618271180424],[-115.79837968599999,30.12881652418038],[-115.798107003,30.130765703180366],[-115.80031464499999,30.130694588180337],[-115.79984172699994,30.132128213180323],[-115.80229235699994,30.133991176180306],[-115.80022362999996,30.140807000180196],[-115.80295787899996,30.151951222179992],[-115.79816326500001,30.170463428179715],[-115.79487960899996,30.1950730041793],[-115.79527043499995,30.238689714178633],[-115.79651841999997,30.25204128917843],[-115.799067629,30.258602620178312],[-115.80248899400002,30.278195413177944],[-115.80762682899997,30.287772939177792],[-115.81174292099998,30.3003540141776],[-115.81693640699996,30.309733024177486],[-115.82634869499998,30.318642102177325],[-115.83544401199997,30.340949276176953],[-115.84888320799999,30.356477638176706],[-115.86900511999994,30.37245274417643],[-115.88683739599998,30.38217462717627],[-115.90645355299995,30.395924164176073],[-115.92875386199995,30.403105377175994],[-115.94359737299999,30.403736178175976],[-115.96946837899998,30.398043459176037],[-115.97745695,30.39472890917607],[-115.98439490999998,30.388323320176177],[-115.98733109799998,30.388157563176193],[-115.98537384999999,30.390875779176145],[-115.98640799999998,30.391675619176148],[-115.98530529,30.394943739176075],[-115.97805553999994,30.401184859175974],[-115.97509514999994,30.407642139175902],[-115.97160804899994,30.41058633917585],[-115.96822417999999,30.40626984917592],[-115.967508219,30.40875327917587],[-115.96403284999995,30.410909679175816],[-115.95895341999994,30.408337429175905],[-115.95503613999995,30.410257819175815],[-115.94760085099993,30.409276613175876],[-115.93977537299999,30.41255863617583],[-115.93718176099998,30.411016745175814],[-115.94075575000001,30.4136895601758],[-115.94329225499997,30.419640592175707],[-115.941652806,30.423669020175602],[-115.94327083999998,30.42487302717559],[-115.94131254299998,30.426146039175578],[-115.94354923699994,30.426131762175594],[-115.94168259399999,30.43332249017549],[-115.94402577799995,30.43401006517546],[-115.93982795099998,30.433385819175488],[-115.94515495599994,30.43641874617545],[-115.94442922099995,30.437007663175446],[-115.94126156299994,30.436219466175434],[-115.94089869499997,30.436499053175403],[-115.94376237699998,30.438805345175375],[-115.94159230799995,30.441753498175355],[-115.93864616199996,30.44272332117533],[-115.94323456499997,30.44417992517531],[-115.94230419599994,30.446047802175272],[-115.94383180999995,30.446445172175245],[-115.94326073999999,30.44763014317527],[-115.94072893099997,30.447182724175264],[-115.94253738299994,30.44826783917522],[-115.94110970699995,30.448279736175248],[-115.94218998199996,30.44899595417521],[-115.94059336400002,30.451403968175196],[-115.93934176699997,30.45059019317518],[-115.93982860499995,30.453557618175136],[-115.93708472999998,30.45448459717516],[-115.93609505199997,30.457754411175074],[-115.93366562199999,30.458092295175106],[-115.93974514499996,30.46057645217502],[-115.94671934499999,30.460114836175045],[-115.95071684000001,30.462572820174998],[-115.95501890499997,30.47133161617485],[-115.95884269899996,30.47391809017481],[-115.96085937799994,30.47971406317476],[-115.96650643999997,30.482060461174687],[-115.968207755,30.486165031174615],[-115.97605759700001,30.48382364117468],[-115.97795640600002,30.48479922017467],[-115.98142504499998,30.488986404174586],[-115.98221564199999,30.494222481174504],[-115.97695108399996,30.495328930174498],[-115.97808608699995,30.497416907174436],[-115.97704745199997,30.49869467817442],[-115.98540947299998,30.49703083917444],[-115.99280662299999,30.498932029174426],[-115.99412722299995,30.50130911017441],[-115.98977994799998,30.50544937317435],[-115.99159785599994,30.50756947217428],[-115.98916366799995,30.511428958174218],[-115.99307074299998,30.5078216951743],[-115.99254726099996,30.50506865917434],[-115.99836266399997,30.504364338174355],[-115.99958273299998,30.49747861117448],[-115.98784485199998,30.491282494174573],[-115.98660753199998,30.486730585174648],[-115.980956313,30.48227385517471],[-115.97831511000001,30.484172665174675],[-115.98075167800002,30.481491012174683],[-115.97980227299995,30.47824780717476],[-115.97494817299997,30.476763023174772],[-115.97461504799998,30.476503662174807],[-115.97419864299997,30.47597780117478],[-115.97407967000001,30.47572319917481],[-115.97487024599995,30.472958563174867],[-115.97873686999998,30.47218285817485],[-115.97591958799997,30.470412539174863],[-115.97740437199997,30.46997233917487],[-115.97760662599997,30.469317987174914],[-115.97651207399997,30.469922370174885],[-115.97230042800001,30.46652687917494],[-115.97158658899997,30.468504212174942],[-115.96900725399996,30.469239465174873],[-115.96577594599998,30.464518614174963],[-115.963034807,30.463219429174984],[-115.96364156899995,30.453713482175157],[-115.959893004,30.450343478175164],[-115.95789663599999,30.450966896175203],[-115.95658079399998,30.4459914431753],[-115.96116363600001,30.442089127175368],[-115.95732318599994,30.438136843175386],[-115.96096138200001,30.43838192717541],[-115.96500459299995,30.436006761175413],[-115.96457866999997,30.434362553175482],[-115.96740071000002,30.433417907175453],[-115.96722700999999,30.42930144017555],[-115.97126019599999,30.4269195991756],[-115.975747859,30.42819023217557],[-115.97824391399995,30.42725034517557],[-115.980097514,30.42810457117555],[-115.980121309,30.430053350175516],[-115.98494685599997,30.431966436175465],[-115.98852318599995,30.438298182175366],[-115.99316432299999,30.440775201175363],[-115.99324522599996,30.444311080175268],[-115.99548667799996,30.445317592175257],[-115.995308219,30.45130907517517],[-115.99857997799994,30.450771317175228],[-116.00333651999995,30.454208448175166],[-116.00785511699996,30.451705255175156],[-116.013863256,30.45166956317518],[-116.01494828999995,30.450118155175183],[-116.02150650399996,30.45592433217509],[-116.02500503299996,30.453751919175147],[-116.02626852699996,30.454406270175124],[-116.02728431699998,30.45418517817514],[-116.02569745499994,30.45226713517516],[-116.02633324799994,30.450796390175174],[-116.02240237800001,30.450239596175216],[-116.02060112699998,30.446135026175238],[-116.01866900399996,30.445533022175283],[-116.01911872199999,30.444152935175268],[-116.01700813999999,30.443534275175292],[-116.01811934899995,30.442689567175325],[-116.01453825999995,30.44148318017531],[-116.01652986899995,30.4375975201754],[-116.01486173699998,30.435624866175452],[-116.01372941499994,30.428658441175518],[-116.00564302299995,30.420494600175665],[-116.00611829399996,30.418727067175727],[-116.00305053399997,30.41379432117579],[-115.99471766199997,30.40664166117588],[-115.99599098399993,30.405232610175897],[-115.99486876199995,30.404910867175936],[-115.995121365,30.401169202175986],[-115.99711895499995,30.399430446176012],[-115.99623840399993,30.386839763176226],[-115.99266021099997,30.38215401717629],[-115.99018201099996,30.3815168681763],[-115.99072572600001,30.377206469176357],[-115.98895778599996,30.37639031417637],[-115.98830343400002,30.37360158517644],[-115.98235240199995,30.369846796176475],[-115.97903498299999,30.36443954617661],[-115.98227150099996,30.36328186317659],[-115.98239047399994,30.359022628176657],[-115.98452484999997,30.356914425176708],[-115.98647838699998,30.358268339176675],[-115.990796598,30.357151792176722],[-115.99494875699999,30.36059487217663],[-115.99616466199994,30.359157678176693],[-116.00031682099996,30.359452731176674],[-116.007531799,30.365465641176566],[-116.00578718299997,30.367237996176556],[-116.00784422699996,30.372759833176474],[-116.00557778999996,30.375728211176416],[-116.00516435899999,30.385751690176228],[-116.00740997499997,30.40101593217599],[-116.01196069499997,30.41693155217573],[-116.01700812599998,30.42868014117558],[-116.02009555099995,30.432381213175464],[-116.02242139999998,30.431532520175516],[-116.032108781,30.436895230175413],[-116.03080899999998,30.440068836175392],[-116.03496770299996,30.4494873381752],[-116.03594804099998,30.458003429175115],[-116.04008116499995,30.45967856917505],[-116.04018348199997,30.462136552175014],[-116.04431898499996,30.463628474175007],[-116.04269874499994,30.46493248017498],[-116.04306500899999,30.467159595174927],[-116.04805949699998,30.47038138517487],[-116.04659975,30.48248172117468],[-116.04840480299998,30.49268799817454],[-116.04360305099999,30.503607344174327],[-116.03220057199997,30.574319428173247],[-116.02904540699998,30.611286734172673],[-116.02811741699999,30.66542185217179],[-116.03254559399996,30.697404187171287],[-116.03951503499997,30.71013430417109],[-116.04681641099997,30.718882392170944],[-116.04630958599994,30.732197856170753],[-116.04953078099999,30.766916869170178],[-116.05165920899998,30.779393275170012],[-116.05677742999995,30.793501099169802],[-116.06440598200001,30.807111616169557],[-116.07473760099998,30.816836473169428],[-116.08655910899996,30.821758591169313],[-116.08957591999994,30.819575233169385],[-116.09627886199998,30.818954194169386],[-116.10219192499994,30.821278386169354],[-116.10857054999995,30.82509917916929],[-116.14083650899994,30.854278400168823],[-116.14846851,30.859141029168754],[-116.16088912000002,30.863564969168664],[-116.16750218099996,30.86057280516874],[-116.17468577399997,30.861802987168737],[-116.19116208900002,30.878177919168444],[-116.20064439899997,30.88237377016841],[-116.20747296599995,30.892319707168244],[-116.20955499399999,30.90386009216806],[-116.21535414,30.9140141401679],[-116.22151465999998,30.917814749167835],[-116.23293362,30.931453450167623],[-116.23758525999995,30.934138179167583],[-116.24545807899993,30.93342857016758],[-116.26964852999997,30.966830114167085],[-116.28447495199998,30.969526043167075],[-116.29984982399996,30.96063846916716],[-116.31825853899994,30.955739446167247],[-116.32474732899999,30.956305758167233],[-116.33055559399997,30.95929198216721],[-116.33852501499999,30.972280591167003],[-116.33870442599999,30.98534668716679],[-116.334863689,30.993780060166664],[-116.33347029899994,31.004190835166543],[-116.32877941299995,31.01691093916631],[-116.31319248999996,31.095729421165082],[-116.30969200499997,31.12093225616471],[-116.30950307399999,31.152382068164236],[-116.31094026999997,31.15774061516417],[-116.31361967,31.15868828716415],[-116.316038754,31.162244040164108],[-116.31984511299999,31.171663785163954],[-116.32352471099995,31.173205676163906],[-116.32556981799996,31.18073086616382],[-116.32908726299996,31.182004352163755],[-116.332045839,31.186628410163735],[-116.33175459299997,31.18894124616369],[-116.33515817399999,31.19032514016368],[-116.33576674499994,31.19739817816355],[-116.33846343500001,31.200993942163514],[-116.33993264799997,31.207672727163363],[-116.35253740099998,31.21378300016328],[-116.35290010099999,31.22520162716311],[-116.36351136699993,31.247044068162772],[-116.36772967499998,31.251795375162736],[-116.37076967499996,31.252910867162715],[-116.36989022599994,31.25467928216266],[-116.37160735299994,31.257030615162652],[-116.378974165,31.26382397716255],[-116.38416139,31.266439004162496],[-116.39237708499999,31.283556421162245],[-116.39792979399999,31.285418111162215],[-116.39991045799997,31.283721080162262],[-116.40172836499994,31.28800220616217],[-116.40677853399995,31.292150082162074],[-116.41165928399995,31.29122114116211],[-116.41562061099994,31.293783344162094],[-116.41647056999994,31.292811120162096],[-116.41738012599994,31.294390714162084],[-116.41507156899996,31.295074460162084],[-116.41727029399999,31.30278509316195],[-116.42518649,31.309842829161806],[-116.43297421999998,31.31199218216179],[-116.43700288599997,31.32149503616164],[-116.440193268,31.32502996316164],[-116.44550993499999,31.323389086161654],[-116.44850945999997,31.32757937916155],[-116.44799199999999,31.33009493916152],[-116.45070602399993,31.331374498161512],[-116.455495403,31.328739959161553],[-116.45726223,31.332632380161503],[-116.45413262999996,31.332467180161476],[-116.45298067999992,31.336010289161447],[-116.45570860299995,31.34670013116126],[-116.45832359599996,31.349008302161263],[-116.46223928999997,31.34742215016125],[-116.46439839399996,31.34865699916126],[-116.46363001099996,31.349909392161265],[-116.46662556999998,31.349846730161264],[-116.46916446799997,31.355027346161148],[-116.46861719199997,31.360241697161065],[-116.47116035999994,31.361627495161034],[-116.47362167399997,31.360329261161063],[-116.48219629999996,31.367326780160955],[-116.48498502700004,31.367083123160963],[-116.48748631799998,31.369328382160926],[-116.48788177999997,31.37194548016091],[-116.48539510899997,31.374891520160855],[-116.48675994899997,31.379984150160762],[-116.48753495999995,31.382210645160733],[-116.49134776899999,31.38424756916074],[-116.49070799999998,31.389330739160656],[-116.49292750299996,31.391359401160585],[-116.49206096899998,31.3923270501606],[-116.49631491599996,31.39469418816057],[-116.49502741999999,31.39592515016051],[-116.49759973399993,31.40117432616046],[-116.50200756899996,31.405840909160393],[-116.50182586399997,31.407809031160344],[-116.50012057899995,31.407951150160393],[-116.50063404999999,31.410756820160334],[-116.50926509299998,31.415173473160227],[-116.51291964799996,31.414565818160284],[-116.51185504399996,31.414919650160265],[-116.51227558399995,31.419254597160215],[-116.51704557899996,31.424635819160113],[-116.51682438199997,31.42655355916008],[-116.52059557899999,31.429213860160058],[-116.52234184999998,31.432292380159968],[-116.52174114199995,31.43448607115995],[-116.544492787,31.44695280715978],[-116.54728642299996,31.44601146915977],[-116.55060770899999,31.45211356315971],[-116.570980681,31.46487403515948],[-116.58264101999997,31.466441306159457],[-116.59664304999995,31.46067437015957],[-116.59810891699999,31.462744418159534],[-116.60245953900001,31.463284711159545],[-116.60467434,31.466868879159474],[-116.60317305899997,31.47017236915943],[-116.60436689999996,31.473152180159385],[-116.60332807499998,31.476337297159322],[-116.60674405099996,31.482394429159246],[-116.60617352199993,31.487235627159198],[-116.60866553299996,31.497226646159017],[-116.62001414999997,31.503706569158954],[-116.62132370999997,31.505372739158904],[-116.62015894199997,31.50697460715889],[-116.62242251999999,31.507833720158875],[-116.623303837,31.510990417158823],[-116.63416682899998,31.517175356158713],[-116.63710292299999,31.518354893158694],[-116.64530800299997,31.51522986615879],[-116.64845937899999,31.516063799158736],[-116.64590205999997,31.517998319158735],[-116.64668066899998,31.519344188158684],[-116.651698152,31.520850994158668],[-116.65603712999996,31.526758834158596],[-116.66019990899997,31.528861289158574],[-116.659382508,31.533828249158482],[-116.66049959999997,31.53583254315846],[-116.66414439899994,31.536335739158424],[-116.66652319999999,31.540186540158356],[-116.66460630999995,31.542214799158373],[-116.66598725999994,31.543580849158342],[-116.66456731099998,31.546676105158298],[-116.66916631599999,31.55263188515818],[-116.67847437299997,31.554761836158182],[-116.68081615700001,31.550790183158238],[-116.68119659200002,31.551986509158237],[-116.68503526099994,31.55043276415823],[-116.68718509099995,31.5530922241582],[-116.69110740800002,31.553264679158186],[-116.68868539899995,31.55699243015811],[-116.68993798099996,31.55828392015812],[-116.68792248999993,31.559101450158106],[-116.68985450999999,31.56526693915804],[-116.68877691999995,31.567794079157977],[-116.6920804,31.571367800157937],[-116.68526744399996,31.571162539157914],[-116.68336822999999,31.572509312157923],[-116.68154077899997,31.571209659157947],[-116.67665107999994,31.57434985015792],[-116.67634643999996,31.578331853157813],[-116.67181198599997,31.579598888157804],[-116.66761827999997,31.578000260157832],[-116.666355084,31.579930850157787],[-116.65377212299997,31.579186137157826],[-116.65156973699997,31.582409008157764],[-116.65075337099996,31.58809359215768],[-116.65368490899999,31.590609179157653],[-116.65461024099997,31.593947437157567],[-116.663948109,31.600083879157502],[-116.66715804999995,31.609248690157354],[-116.66634822499998,31.613549228157304],[-116.66761884999994,31.617854680157215],[-116.65923825899995,31.62964974015705],[-116.65422257999994,31.642327490156884],[-116.64993101999997,31.664539400156563],[-116.654965775,31.67108850915646],[-116.65833062999998,31.67238405015642],[-116.65730425899994,31.67480367915637],[-116.66542715599998,31.678741499156345],[-116.66605462999999,31.681890569156316],[-116.67988750899997,31.69656070915605],[-116.67662930700001,31.69725657015603],[-116.67767533699998,31.699699630156015],[-116.68356689999995,31.70265753015598],[-116.68743044299998,31.701552714156],[-116.68990791899996,31.70406508915594],[-116.69167459899997,31.703870650155952],[-116.69193047999997,31.70541886315593],[-116.68842410599997,31.706833214155935],[-116.69028769999994,31.706848443155923],[-116.69128780299998,31.70974410315587],[-116.693265432,31.7092453821559],[-116.69403718200002,31.713359757155796],[-116.69646505099998,31.716048978155783],[-116.70327955699999,31.71612834115578],[-116.704613721,31.713696294155802],[-116.70368668299999,31.712754027155842],[-116.705719694,31.713153776155846],[-116.70610040799994,31.711579525155845],[-116.70739293099999,31.714362543155797],[-116.70850842199995,31.714269268155824],[-116.708158523,31.71154609415588],[-116.71398064899995,31.713860520155848],[-116.71707341899999,31.718047950155793],[-116.71488690499996,31.72499650615567],[-116.71907185899994,31.72550666015566],[-116.72430874699995,31.72260769515571],[-116.72659181999994,31.727274626155616],[-116.72455143199996,31.726841564155613],[-116.72420165099999,31.72941138215562],[-116.72673934599999,31.729551770155577],[-116.72502375499995,31.73168019815554],[-116.72664299799999,31.733814957155516],[-116.72800759899997,31.73407869415552],[-116.72855750199996,31.731816856155568],[-116.73286868199993,31.7359795241555],[-116.73428890000001,31.73421860715552],[-116.73381998800001,31.736764253155474],[-116.73659042999996,31.741376473155412],[-116.74404528199995,31.74283032415538],[-116.74400245099997,31.743896323155383],[-116.74157586599996,31.74511367715537],[-116.74160633399997,31.749878287155283],[-116.72751326199995,31.749115432155293],[-116.70782274699998,31.73807283015549],[-116.70434873399996,31.7384040511555],[-116.697707182,31.732712380155554],[-116.68738731799999,31.729134152155634],[-116.68211681099996,31.729074666155608],[-116.677693988,31.726091416155658],[-116.67219743299995,31.718950059155755],[-116.66191936999998,31.71913175015577],[-116.65158061299996,31.72568240715566],[-116.64335481599996,31.734310332155513],[-116.63444135499998,31.749819659155307],[-116.62558294899996,31.772319579154953],[-116.62207394999997,31.77547128515489],[-116.618982355,31.775502803154904],[-116.62295882999996,31.76471637915507],[-116.62558436999994,31.764532569155055],[-116.62387044999997,31.758494049155136],[-116.62494531999994,31.75441721915521],[-116.63148056999995,31.751474509155265],[-116.63414844999996,31.74318974915539],[-116.63451041999997,31.73601699915551],[-116.63526510999996,31.734863169155506],[-116.63798257999997,31.735405909155514],[-116.63594637999996,31.733226249155525],[-116.63730984999997,31.733513539155528],[-116.64009597999996,31.726494049155608],[-116.64524271999993,31.7237909491557],[-116.64657102999998,31.72545041915568],[-116.64802562999996,31.723766519155646],[-116.64649464999998,31.721889279155683],[-116.65126732,31.72186114915571],[-116.65280887999994,31.720270279155756],[-116.64901042999998,31.718348149155748],[-116.65025667999998,31.715553379155836],[-116.64721710999997,31.712011779155866],[-116.64746781999997,31.709330749155875],[-116.64128346499994,31.709410350155853],[-116.64659835499998,31.71305152815582],[-116.64766305999996,31.71624268015576],[-116.638917113,31.723623768155644],[-116.63236421699996,31.732994792155537],[-116.62809546399997,31.732612174155527],[-116.62674071799995,31.73778819815548],[-116.62919397899998,31.737649552155464],[-116.62466608799997,31.747756873155332],[-116.62155976499997,31.74997893915529],[-116.62004495099998,31.763388521155115],[-116.61107200299993,31.76677830115502],[-116.61263292999999,31.768584312155042],[-116.61113624899996,31.768443924154994],[-116.60997173999999,31.770919515154972],[-116.61037981799996,31.7747804281549],[-116.61288725099998,31.77651450415492],[-116.61553347399999,31.775142307154933],[-116.61923020399996,31.777731161154907],[-116.61984029899997,31.77997154315483],[-116.61986474499999,31.782869555154793],[-116.61358659399997,31.796256488154583],[-116.61008022000001,31.81412528915434],[-116.60999455999996,31.82768060215413],[-116.61212084599997,31.839591232154007],[-116.61409675099999,31.84277780615394],[-116.61642012399994,31.84228094715395],[-116.61708994199998,31.844393909153922],[-116.61819140399997,31.84388622115391],[-116.61769170799994,31.844943326153917],[-116.62112955299995,31.84373170515389],[-116.62128183899995,31.84108288915396],[-116.62101533899994,31.846040496153883],[-116.61610294199994,31.845933420153884],[-116.61746875200001,31.847752518153847],[-116.61920380699995,31.84729042515384],[-116.61755013000001,31.847898141153888],[-116.62019561499994,31.851039029153807],[-116.61783852099997,31.85288787115378],[-116.62099170899995,31.856252757153722],[-116.62317732899997,31.855172960153755],[-116.62037121899998,31.85378445215377],[-116.62430161299994,31.852552367153766],[-116.62487486999997,31.855528005153737],[-116.62240669399995,31.857123112153726],[-116.62334137099998,31.857924811153744],[-116.62179841799998,31.857571540153693],[-116.62641385099994,31.860158286153673],[-116.62992990799998,31.860732902153657],[-116.62871710799999,31.858403807153703],[-116.63176811299995,31.85849649215374],[-116.62927516199996,31.856059454153723],[-116.631433809,31.857213017153697],[-116.63352011999999,31.85504485215375],[-116.62880498099997,31.851506118153832],[-116.62836144899995,31.847900758153827],[-116.62526624599995,31.843985117153895],[-116.625930592,31.840326458153953],[-116.62620470499996,31.844369638153886],[-116.63998654399995,31.860155934153692],[-116.65059251499996,31.85991656015365],[-116.65772804299998,31.86139896515364],[-116.65899724699995,31.863296109153662],[-116.66029143599998,31.861184099153675],[-116.65928873099993,31.863296109153662],[-116.66255846699994,31.864278887153617],[-116.66117089399994,31.863193020153606],[-116.66320113999996,31.86344408715365],[-116.66142988499998,31.862709299153668],[-116.66322251399998,31.863407751153623],[-116.66171513100001,31.86230056115362],[-116.66345545399997,31.862992669153623],[-116.66190710799998,31.861944341153677],[-116.66393581899996,31.861822033153675],[-116.659984962,31.8604412321537],[-116.66445472699996,31.861590314153677],[-116.66486023899995,31.862538251153634],[-116.66891680799998,31.861425013153692],[-116.67012693799995,31.865153278153592],[-116.67754598299997,31.869216617153544],[-116.68648442899999,31.882652244153345],[-116.699369086,31.89477572415317],[-116.70246357499997,31.89291141615321],[-116.70108430499995,31.89469658915314],[-116.70417512199998,31.89566159715318],[-116.70582408799999,31.89388176015318],[-116.702504951,31.89062500715322],[-116.710643819,31.896643223153152],[-116.71632216399996,31.89827267815313],[-116.72063374799995,31.902355833153074],[-116.72956719599996,31.900507468153084],[-116.73445709899994,31.90225012215305],[-116.74638676499995,31.902128293153105],[-116.756287226,31.913652499152917],[-116.75516411999996,31.92550031115273],[-116.75717809599998,31.93154223815266],[-116.75588366899996,31.935931868152572],[-116.756458547,31.94461023815245],[-116.76258042399998,31.962696045152217],[-116.76971336099994,31.971652521152066],[-116.78057797999996,31.977796290151986],[-116.79073039999999,31.976717733151986],[-116.79948238099996,31.98206948315194],[-116.81338122899996,31.978995300151965],[-116.81808595899997,31.97943684715192],[-116.824219258,31.977133529152],[-116.833388749,31.978854355151963],[-116.84132342099997,31.986417522151854],[-116.84951106099999,31.987339656151846],[-116.85149323699996,31.985651335151864],[-116.85067470199999,31.985525224151864],[-116.84979906099994,31.984985086151863],[-116.85116968099999,31.985428713151887],[-116.85203337499998,31.985929732151853],[-116.85217852199997,31.986358035151866],[-116.85307081999999,31.98687437815182],[-116.85101972399995,31.986462731151857],[-116.85302560999996,31.990574440151782],[-116.85569298599997,31.99051257415177],[-116.85540507099998,31.99250180415179],[-116.85968572099995,31.994862229151703],[-116.86057087999995,31.9993998611517],[-116.864470817,32.000130355151654],[-116.86443949199997,32.004186660151596],[-116.87127092499998,32.00837689015155],[-116.88095149099996,32.01868485515139],[-116.88182178399997,32.02594906815126],[-116.88709806400001,32.03443497715114],[-116.88578079399998,32.03649273515114],[-116.88642991100002,32.04044644715111],[-116.88449074699999,32.043084857151015],[-116.88760303899998,32.048907279150946],[-116.88306604699994,32.05029417315094],[-116.88257302299996,32.05328468015087],[-116.88487002899997,32.05435993815088],[-116.88211013899996,32.053287061150876],[-116.87891436399997,32.05416793615087],[-116.87776651200002,32.05598203715083],[-116.87915518899996,32.05456700715088],[-116.87877869699999,32.056925393150856],[-116.88039823199993,32.05471257815089],[-116.88528254899994,32.0553753331509],[-116.88225322399998,32.056290415150826],[-116.88122148899997,32.06777654915071],[-116.88233063599995,32.079640501150536],[-116.88457875099999,32.081129091150466],[-116.88480146799998,32.08449460115045],[-116.88661556899999,32.08618497015044],[-116.88404575099997,32.08941342315036],[-116.88757116099998,32.1291542291498],[-116.89485929199999,32.14439014514958],[-116.89554338699999,32.151701039149465],[-116.89867504499995,32.15445121614942],[-116.90059348499997,32.16175021214935],[-116.90305045999996,32.16521827214928],[-116.90778915599999,32.16505171014929],[-116.90651662099998,32.16871774614926],[-116.907806452,32.17020520314923],[-116.90658467699996,32.17108403314921],[-116.90727281299996,32.17614475714917],[-116.91190541299994,32.18148054314908],[-116.90988739600002,32.183008486149035],[-116.91315605699998,32.186207580148995],[-116.91474577499997,32.205480913148754],[-116.92227284099998,32.22589773714845],[-116.93132074100001,32.23798498314824],[-116.94165355099996,32.245201888148145],[-116.95724913299995,32.25194052214804],[-116.96956641299995,32.25429261914803],[-116.97524142699996,32.257797565148],[-116.98521910199997,32.26020498514795],[-116.98657717999998,32.25876481614795],[-116.98981800599994,32.261045529147935],[-117.00438387599998,32.26398654314788],[-117.01086374299996,32.26863720014781],[-117.01736383599997,32.269550615147814],[-117.02031674699998,32.26728298914786],[-117.02408152899993,32.268403358147836],[-117.02716480999997,32.27491853614776],[-117.031017897,32.2765967941477],[-117.03111486999994,32.279556427147654],[-117.03317297499994,32.28127993014763],[-117.03504323099999,32.280658891147674],[-117.03836128999995,32.28412950614759],[-117.04031805599998,32.28824160514754],[-117.04015788399994,32.2937310551475],[-117.04357359899997,32.301329864147384],[-117.04534391799996,32.30180635114733],[-117.04834526199994,32.31353574514721],[-117.05008603399996,32.31417302214715],[-117.04923237499997,32.317229120147125],[-117.05165505799998,32.31932399814713],[-117.05127774099999,32.322917901147036],[-117.05746968299995,32.33408827314692],[-117.05956499999995,32.33174968014696],[-117.05750392399996,32.33415954514686],[-117.05887373099995,32.337407593146864],[-117.07132663899995,32.36482612214647],[-117.07588449799998,32.36833106914644],[-117.07112854999997,32.36939290314642],[-117.07128559399997,32.37001751114641],[-117.07621286299998,32.36878197614639],[-117.07540503599998,32.367241275146455],[-117.07672920599998,32.36799913414644],[-117.07647954799994,32.36907578414643],[-117.07470963799994,32.369577311146394],[-117.075471661,32.372729502146385],[-117.09098693699995,32.39779296014601],[-117.10226116599995,32.437925314145424],[-117.10700756999994,32.445851279145344],[-117.11329292299995,32.45051276614529],[-117.11237492699995,32.453725039145226],[-117.11868534799999,32.467466381145044],[-117.12097977800003,32.46902561014502],[-117.12039762999996,32.476358494144925],[-117.12178194099997,32.481980462144854],[-117.12450507199999,32.48537889114477],[-117.12341750799999,32.4857664241448],[-117.12429200799995,32.4915268511447],[-117.12270788599997,32.495639999144636],[-117.124272857,32.505350936144524],[-117.12449807799999,32.53425584114411]]],[[[-116.11325709,30.497663924174443],[-116.10676254499998,30.493834460174522],[-116.10438226499997,30.485515443174634],[-116.10043655500002,30.48425090317468],[-116.10986958999999,30.480312200174733],[-116.12299860399997,30.484662550174644],[-116.12394324999997,30.489994922174553],[-116.12097606199994,30.49395434517453],[-116.11325709,30.497663924174443]]],[[[-114.68449861299997,31.756668932155193],[-114.63204295199994,31.7580946931552],[-114.61719339200002,31.756395840155164],[-114.60295058999998,31.75239656215525],[-114.59572137199996,31.747252475155303],[-114.60128273599997,31.735190256155505],[-114.60398739399994,31.73269394015554],[-114.61234163399995,31.728344129155598],[-114.61933744799995,31.7284623161556],[-114.64077448799999,31.735189836155516],[-114.66335840000002,31.74460832515536],[-114.68296907599994,31.754299922155244],[-114.68449861299997,31.756668932155193]]],[[[-114.74757186899998,31.80028120115456],[-114.739308233,31.777045539154916],[-114.72609598599998,31.760249850155105],[-114.713989913,31.748776517155306],[-114.66694287699995,31.716909838155757],[-114.65346704399995,31.6948624941561],[-114.64977598899998,31.68205288715628],[-114.650643582,31.67986936415633],[-114.65438136999994,31.677977099156365],[-114.65929338999996,31.678397920156343],[-114.65963293599998,31.676638663156353],[-114.66230680499997,31.675594253156355],[-114.668174489,31.67628916515638],[-114.67012453799998,31.67790180815634],[-114.66953708499993,31.682908519156296],[-114.67573817199998,31.682369224156286],[-114.68083959799998,31.685644878156232],[-114.687997228,31.686933302156223],[-114.696016403,31.699354774156056],[-114.71163810899998,31.71032284515587],[-114.71078118099997,31.70720283515593],[-114.69685170599996,31.69845100815604],[-114.69407843099998,31.695025776156125],[-114.68970040999993,31.68172387515628],[-114.69300104499996,31.67909929315632],[-114.70018579499998,31.68026705815632],[-114.70166220099998,31.68610448115626],[-114.70430176899998,31.68702013415624],[-114.71085893299995,31.681611276156307],[-114.71750414599994,31.681179487156317],[-114.72527086299999,31.68635965515621],[-114.72209135199996,31.69457201715609],[-114.72553306799996,31.693196439156143],[-114.72628752899999,31.694809779156124],[-114.72992884099993,31.69530234315606],[-114.73084973199998,31.697392138156047],[-114.73440541399998,31.695354054156095],[-114.74072860199999,31.695062007156075],[-114.76385211999998,31.705671853155938],[-114.78220588499995,31.72128695515569],[-114.78153915499996,31.723356657155698],[-114.784622475,31.72310050415568],[-114.79109977399997,31.72999713815557],[-114.79659562499994,31.742575664155403],[-114.80022723099997,31.763101865155097],[-114.79927468799997,31.782723221154818],[-114.80172636099996,31.800988584154513],[-114.79993625799993,31.812644952154383],[-114.79179937199996,31.81748732715427],[-114.78615799399995,31.818717147154306],[-114.76596782399999,31.81587538115433],[-114.74983199499997,31.805304532154455],[-114.743555643,31.79580579215462],[-114.74757186899998,31.80028120115456]]],[[[-116.79851821099999,31.806825557154482],[-116.78878617299995,31.806588036154448],[-116.78794933899998,31.80484817815446],[-116.78891878399996,31.803807866154486],[-116.78664639799996,31.79944546215457],[-116.788048142,31.794223706154675],[-116.78604064799998,31.791861695154683],[-116.78693869999995,31.790970860154697],[-116.788982375,31.79215542315466],[-116.788693793,31.794663070154648],[-116.79044662599995,31.7969520831546],[-116.79352016199998,31.798608800154586],[-116.79307189199993,31.80155058115454],[-116.79705364499993,31.803136483154507],[-116.79851821099999,31.806825557154482]]],[[[-116.808254294,31.81283056815434],[-116.80078753299995,31.811180872154406],[-116.80141304600001,31.80590389915445],[-116.80269283300001,31.809819286154394],[-116.80928426299994,31.809894614154427],[-116.808254294,31.81283056815434]]],[[[-117.24588157299996,32.41361430214576],[-117.243689099,32.415041056145775],[-117.24220075499994,32.41143625514582],[-117.24245932199997,32.40538005014593],[-117.23921377899998,32.39548679714603],[-117.23997116199997,32.391094130146115],[-117.24195607299997,32.39106774114614],[-117.24431540899997,32.395045183146024],[-117.24542419599999,32.40167025814596],[-117.24429594799994,32.40499488514592],[-117.24563853199999,32.408989792145846],[-117.24757360699998,32.408736632145846],[-117.24921899199997,32.41084705314583],[-117.25063039199999,32.4198010441457],[-117.24621850799997,32.41655809314573],[-117.24588157299996,32.41361430214576]]],[[[-117.26056503999996,32.42014536614567],[-117.25728118199999,32.418499932145735],[-117.25946208199998,32.418772990145705],[-117.25960725599998,32.41471307614576],[-117.26157218299994,32.41681397414572],[-117.26056503999996,32.42014536614567]]],[[[-117.29817404299996,32.44543016414535],[-117.29561813599996,32.44070831114539],[-117.29408055199998,32.43371938914553],[-117.29705569899993,32.43533568114552],[-117.30004070899997,32.44033648114544],[-117.30036314399996,32.44492773914532],[-117.29817404299996,32.44543016414535]]],[[[-112.06503253999995,18.99135528941881],[-112.06565227999995,18.993246219418758],[-112.06431266,18.991570179418797],[-112.06503253999995,18.99135528941881]]],[[[-111.61847696099994,24.378269219290043],[-111.60389443399998,24.375520942290073],[-111.58674684799998,24.377503033290026],[-111.58005104499995,24.374113491290125],[-111.57974185099994,24.37257838329017],[-111.569057935,24.376320441290098],[-111.56437753499996,24.37537103629009],[-111.55629926499995,24.367367719290282],[-111.55326783199996,24.367909046290276],[-111.54835675999999,24.365558973290323],[-111.54398198499996,24.367042922290263],[-111.53193847899996,24.366415579290262],[-111.52746509199996,24.361787527290378],[-111.51750704799997,24.36101420329043],[-111.51864255899996,24.360701440290427],[-111.51501680599996,24.359264464290423],[-111.51685269599996,24.359431861290464],[-111.51379508899998,24.356671686290532],[-111.50618900599994,24.355816625290505],[-111.50402740199996,24.353197673290598],[-111.49975137399998,24.3522605212906],[-111.49804411099996,24.35009521129064],[-111.495612302,24.350461648290654],[-111.48990453500001,24.345307384290773],[-111.48312307099997,24.343779771290787],[-111.476640859,24.339293648290894],[-111.47305795099999,24.3393396962909],[-111.45033234899996,24.329716318291105],[-111.44113510199998,24.327989667291117],[-111.437937106,24.325491233291164],[-111.43972170199999,24.323806575291208],[-111.44381913399998,24.32412066429123],[-111.52376836199994,24.356168805290498],[-111.55610523699995,24.363985335290337],[-111.57859039799997,24.367602422290265],[-111.59069070299995,24.368518208290247],[-111.60621668599998,24.366983455290303],[-111.663281768,24.35339179229059],[-111.666593978,24.354419719290583],[-111.67010293599998,24.359406042290427],[-111.654944716,24.375409942290062],[-111.650459432,24.37520768829008],[-111.64885791899998,24.370632339290193],[-111.64744213899996,24.370832214290214],[-111.64468553399998,24.365685440290296],[-111.64205384999997,24.368808482290262],[-111.61847696099994,24.378269219290043]]],[[[-111.992944208,24.525305674286837],[-111.98361196199996,24.524119513286895],[-111.97632422099998,24.519508031286957],[-111.96625196199996,24.518051801287026],[-111.94794914799996,24.519893504286937],[-111.93432197499999,24.517880480287033],[-111.92745485100001,24.51952230828696],[-111.89806612799998,24.51596025528704],[-111.88815329299997,24.51918442528698],[-111.88167164199996,24.518518175286996],[-111.86855605199997,24.52124979728693],[-111.86285431599998,24.519130973286998],[-111.854759389,24.510103298287166],[-111.84990409899996,24.508520956287192],[-111.84307504599998,24.510453079287174],[-111.84193674799998,24.5134586962871],[-111.83935237899999,24.50979515828722],[-111.84357473299997,24.507813067287255],[-111.84543190199999,24.508087895287247],[-111.84451580999996,24.509237174287215],[-111.84976252099995,24.50801294228722],[-111.84355002299999,24.50412169128733],[-111.83669571099996,24.49609541128748],[-111.83382251199998,24.485302176287725],[-111.83017269299995,24.482820756287786],[-111.82875929299996,24.479622760287825],[-111.82129702900001,24.478839560287835],[-111.82036427999999,24.476141251287917],[-111.81922332899997,24.475283455287947],[-111.81893184499995,24.474317394287976],[-111.82140529499999,24.47544169028796],[-111.82208819999994,24.47276003728799],[-111.81908175099996,24.46719685728809],[-111.80350817899995,24.465356344288136],[-111.79736430799994,24.46148944128826],[-111.79216794199999,24.463275863288175],[-111.78074744399999,24.46254977028821],[-111.77276911199999,24.45708652728832],[-111.76952114699998,24.456553528288364],[-111.74998009799998,24.442003482288666],[-111.74951701899994,24.434275824288815],[-111.74012912899997,24.42552809428902],[-111.74258473299994,24.42006009328915],[-111.74182806499999,24.4174046142892],[-111.73520364499997,24.414263726289256],[-111.733035682,24.405502192289468],[-111.72594012899998,24.401138261289567],[-111.72313977799998,24.39411920928968],[-111.71064760799999,24.386366925289867],[-111.70595055199999,24.381084521289964],[-111.70485124099999,24.3763018052901],[-111.70350922499995,24.3766730012901],[-111.70562218599999,24.37568790429011],[-111.70903433299998,24.38174125328999],[-111.70790646799999,24.37610193029009],[-111.70350419099998,24.374679844290128],[-111.703662426,24.370690678290217],[-111.70525845899999,24.370072138290222],[-111.70086802299994,24.367978450290256],[-111.70136386599995,24.36486099829031],[-111.70238822399996,24.364169765290328],[-111.70417876899995,24.368916790290246],[-111.70340068499998,24.36435655329032],[-111.70589911899998,24.360475652290415],[-111.70299875099995,24.356418235290484],[-111.701076146,24.357160627290483],[-111.69660494399996,24.37059431029021],[-111.69184959100001,24.373750665290117],[-111.68810193999997,24.378972392289995],[-111.68952148399997,24.379717918289987],[-111.69070169599996,24.377357492290027],[-111.69188190899996,24.379337204290028],[-111.69374740599996,24.378423491290008],[-111.69209130199994,24.379794060289996],[-111.68738948699996,24.381507272289983],[-111.68443895499996,24.379717918289973],[-111.694889548,24.369419610290244],[-111.70006725499998,24.358988053290478],[-111.700086291,24.35544741529055],[-111.69492266499998,24.351431320290626],[-111.69476443099995,24.346076343290726],[-111.697087975,24.339280603290902],[-111.70286768599999,24.3304528022911],[-111.70297971499997,24.324761886291167],[-111.71009710799997,24.3194367802913],[-111.71032967499997,24.30481886929166],[-111.71233675099995,24.305410165291622],[-111.71192034499995,24.308658129291523],[-111.71585121499999,24.31158129729151],[-111.71729197799999,24.317027883291352],[-111.72482892099998,24.324972904291187],[-111.72529999999995,24.327899999291144],[-111.73209999999995,24.332199999291042],[-111.73679999999997,24.3395999992909],[-111.74019448499998,24.34018079329087],[-111.73945154999996,24.341827519290806],[-111.74579981999996,24.348255059290675],[-111.81334863399998,24.393214220289714],[-111.86714741199995,24.434083002288844],[-111.88490770799996,24.445428272288588],[-111.89328182499997,24.44945907928849],[-111.89520918799998,24.448888008288485],[-111.89667121499997,24.45217651028845],[-111.90360020599996,24.45648214428835],[-111.90912903499998,24.457156635288307],[-111.91581532099998,24.46248662828823],[-111.91548818299998,24.46428658728817],[-111.918480317,24.46768575028808],[-111.92303698499995,24.469839162288075],[-111.92712712599997,24.468907690288056],[-111.92657048399997,24.46979157328806],[-111.93499377599994,24.475442793287936],[-111.93786102699994,24.480951245287837],[-111.95050414099997,24.489961161287614],[-111.96804449099994,24.495228011287487],[-111.972517876,24.498583051287458],[-111.98125049799995,24.500760258287386],[-111.98711931099996,24.504913962287283],[-111.99631709399995,24.506267607287253],[-112.00063105599999,24.51073980428719],[-112.00484508199997,24.511231163287142],[-112.00625253299995,24.51562007828705],[-112.00270475699996,24.518043559286983],[-111.99864896499997,24.518043559286973],[-111.992944208,24.525305674286837]]],[[[-112.16284647799996,25.09993701427457],[-112.16310317199998,25.09925256327461],[-112.16491429099996,25.09979495927461],[-112.16631184799998,25.095991684274686],[-112.16579132899994,25.090638489274813],[-112.16733149399994,25.086802641274897],[-112.16586263299997,25.081959228274993],[-112.16726732099994,25.082185258274965],[-112.16363082099998,25.07534604527512],[-112.16417272999996,25.06883584327523],[-112.16244717599994,25.06514140927532],[-112.16451498899995,25.066833629275322],[-112.169613219,25.065109114275323],[-112.17162398999994,25.066355676275304],[-112.17182364099995,25.06339103427538],[-112.16912835299996,25.064844299275364],[-112.17040469299997,25.063055166275394],[-112.16810157599997,25.06384316327536],[-112.16688940999995,25.062441559275364],[-112.16576993899999,25.063778573275346],[-112.16539915799996,25.061537290275403],[-112.16283221699997,25.06133705827541],[-112.16316734499999,25.05766823427549],[-112.17171668499998,25.041092567275868],[-112.17560274899996,25.041079646275865],[-112.17654395999995,25.04242335427581],[-112.176772133,25.040963363275843],[-112.17803421199994,25.04314042327581],[-112.17925087099997,25.040096534275847],[-112.17568831299997,25.03589848327594],[-112.17240833299996,25.03644115927593],[-112.17156694699999,25.030490975276077],[-112.16557741799994,25.02461803527619],[-112.16581985099998,25.02171053627625],[-112.16214769899995,25.020030615276287],[-112.16214769899995,25.01009277127651],[-112.16460768399998,25.010402937276474],[-112.16179117999997,25.005750366276622],[-112.16420077999999,25.004142878276607],[-112.16208882299999,25.003683660276604],[-112.16256126199994,24.998596693276767],[-112.15746303199997,24.99460932627682],[-112.15811189699997,24.99265760127687],[-112.15602982299998,24.989193536276954],[-112.16440090299994,24.990066025276906],[-112.16501411699994,24.98863126327696],[-112.162012222,24.98528988427702],[-112.16369499399998,24.98244608627706],[-112.16286073799996,24.980384291277133],[-112.157156425,24.978496975277146],[-112.15635782099997,24.973901369277293],[-112.15370947499999,24.97123237027731],[-112.15835915899999,24.967763628277407],[-112.16637067399995,24.970712030277348],[-112.17896532299994,24.968721142277364],[-112.17980551999995,24.96598361927742],[-112.18603349399996,24.9625771302775],[-112.18822413599997,24.958464543277575],[-112.18970488099997,24.95865309127762],[-112.18480569199994,24.93869210027804],[-112.18750400099998,24.938042507277995],[-112.18475995399997,24.937286056278055],[-112.18584139699999,24.936321597278077],[-112.18519966199995,24.931186667278187],[-112.17395833999996,24.919306187278433],[-112.17440042399994,24.917702468278474],[-112.17231122,24.917540801278477],[-112.16651803499997,24.911717249278563],[-112.16983960899996,24.903568604278746],[-112.17169351099996,24.90302965427879],[-112.17117061599998,24.900356424278808],[-112.17279277999995,24.89776937327889],[-112.17817028399999,24.897990352278896],[-112.173975237,24.89288077627901],[-112.176565946,24.890024064279036],[-112.17660159799999,24.887194237279118],[-112.18842616399998,24.893188003278954],[-112.18812312199998,24.89506908027892],[-112.18628704699995,24.894610941278938],[-112.18926992699994,24.897354362278868],[-112.18817659999996,24.898249059278886],[-112.19159324599997,24.898664068278876],[-112.191937882,24.90269011427876],[-112.18992948799996,24.90430157327874],[-112.19240135799998,24.903579383278775],[-112.19298367299996,24.906635188278685],[-112.19171802799997,24.907815452278676],[-112.19381555199999,24.90892564427866],[-112.19240729999997,24.9110382162786],[-112.19006021199999,24.910434628278633],[-112.18769529899998,24.9119920952786],[-112.18816208099999,24.908836370278657],[-112.18352437,24.90590147827873],[-112.18134542599995,24.906857417278708],[-112.18270733099996,24.907736955278676],[-112.18061812599996,24.907167843278692],[-112.18024734599999,24.905783853278702],[-112.18026160599999,24.907070835278688],[-112.18521009799997,24.90972882927864],[-112.18226524699998,24.913266265278544],[-112.17628997799994,24.91142965627859],[-112.18055395299996,24.91461137027851],[-112.17783014299995,24.91637679727847],[-112.17874996299997,24.918187466278447],[-112.17759484,24.921394870278405],[-112.18287845999998,24.923502917278334],[-112.184803666,24.921698793278374],[-112.18734921599997,24.923147268278303],[-112.19066484799998,24.916680732278508],[-112.19410882699998,24.919196255278443],[-112.19653405499997,24.917005692278497],[-112.19141625900001,24.888536410279094],[-112.18648643899998,24.884763416279153],[-112.18126699199996,24.883133374279197],[-112.18091769899996,24.880701643279256],[-112.18252183399996,24.879506355279258],[-112.17744163299996,24.874195148279384],[-112.178866982,24.872553570279386],[-112.17822452799999,24.870183627279474],[-112.18341413199994,24.869319883279488],[-112.18581262899994,24.866821448279524],[-112.19198763299994,24.866302801279552],[-112.19377617299996,24.861682525279637],[-112.19549935099997,24.868248980279535],[-112.20656783599999,24.86920132027948],[-112.20408731299995,24.8685460252795],[-112.20528165399998,24.867580049279535],[-112.20326731799999,24.865694142279544],[-112.202964276,24.862330021279618],[-112.20724845399998,24.86153210727966],[-112.20972032299994,24.856210752279747],[-112.21405797799997,24.853633559279817],[-112.21702243799997,24.854165716279816],[-112.21885257199996,24.85192277027984],[-112.22086096599998,24.852634479279853],[-112.218929818,24.85559988727975],[-112.21914372999998,24.85655958527977],[-112.21936952599998,24.856812988279746],[-112.21985082699997,24.855357265279785],[-112.21955372699996,24.85675907227974],[-112.22130661499995,24.857670238279752],[-112.220231115,24.855368048279782],[-112.22291689599997,24.855206300279804],[-112.22085977699999,24.85471782027981],[-112.22131731099995,24.853235114279848],[-112.22299889399996,24.854016907279824],[-112.22321874899995,24.851493586279865],[-112.22497163699995,24.852048937279847],[-112.22289193899998,24.847897226279926],[-112.23077696399999,24.848107511279967],[-112.23210202899999,24.842985088280013],[-112.224603233,24.846975204279943],[-112.21765763699995,24.845234127280026],[-112.22101486399998,24.843853758280048],[-112.214906495,24.84417189128004],[-112.21527779199995,24.84165014228006],[-112.21234727799998,24.84068909528011],[-112.20922178999996,24.835976191280174],[-112.20875806899994,24.825379387280417],[-112.21281980899994,24.82408020228045],[-112.21474003399999,24.826385899280396],[-112.21718136099997,24.825343695280434],[-112.21815931899994,24.827599424280393],[-112.22286460599997,24.82875010828035],[-112.21978665399998,24.826307165280394],[-112.21868738499997,24.820741606280528],[-112.21660768699996,24.81988410028056],[-112.21429625199994,24.822968938280493],[-112.21215713399994,24.819738485280556],[-112.21185409299994,24.82225705928047],[-112.21014874099997,24.822947366280463],[-112.21138499399996,24.81935459228057],[-112.20964961299997,24.81755963328061],[-112.20735894599996,24.818576508280543],[-112.19752200499994,24.811368035280694],[-112.18897483099995,24.80834980928077],[-112.18960251699998,24.8072775272808],[-112.19511668599995,24.80842530028079],[-112.19823979799999,24.806470629280813],[-112.19425153199995,24.801542823280908],[-112.19178441599998,24.801145828280948],[-112.193605043,24.802966815280893],[-112.18840936399995,24.806125430280833],[-112.178360265,24.797663440281017],[-112.18467779299999,24.800891233280954],[-112.18443060599999,24.799445641280958],[-112.18751093499998,24.79670544228105],[-112.18030211799999,24.795114520281103],[-112.18068863299999,24.79415960728107],[-112.17827003499998,24.795162612281075],[-112.17220079499998,24.79373538728112],[-112.17347713499998,24.791832271281166],[-112.17711363599996,24.792693208281115],[-112.17918144899994,24.791547448281147],[-112.16536987999996,24.77625021528147],[-112.16714534699997,24.773964855281545],[-112.17084609799998,24.775217639281486],[-112.17102428099997,24.77302609728154],[-112.17417916599999,24.772712666281556],[-112.17153766899997,24.765845983281704],[-112.13804524599999,24.73717038828228],[-112.13472589799994,24.735849788282327],[-112.129529156,24.71497715628281],[-112.13057356799999,24.71245151528283],[-112.12929009699997,24.713928347282767],[-112.13112440599997,24.711134000282872],[-112.13065701999994,24.708531196282948],[-112.124297701,24.70542178528298],[-112.11598148499998,24.689074888283326],[-112.12454754499998,24.676582718283615],[-112.13266468999996,24.66883881228375],[-112.13650989899998,24.661129358283905],[-112.13818503999994,24.661795607283903],[-112.14377905299995,24.65019490328416],[-112.14375416799999,24.64775678728421],[-112.14086312299997,24.644037690284307],[-112.139078527,24.634707823284476],[-112.134757919,24.630193068284576],[-112.11766399299995,24.623858180284746],[-112.10361712099997,24.616287006284878],[-112.09873044499994,24.608152330285066],[-112.08628551599998,24.59553739428536],[-112.07926445699997,24.58547036628553],[-112.07212529699997,24.585499216285562],[-112.07332008699996,24.575009137285782],[-112.06573275499994,24.567822480285955],[-112.05761123899998,24.55548763928618],[-112.05764689099999,24.548525247286335],[-112.06040041099999,24.54514173728641],[-112.05645492699996,24.540519261286512],[-112.05733909599998,24.539580908286542],[-112.05990128299999,24.54131491028649],[-112.06297685899996,24.54054088228654],[-112.06340943599997,24.54199380228646],[-112.06898540299996,24.54090843828654],[-112.06974597799997,24.543476974286442],[-112.07196590599995,24.54182948528648],[-112.07468020899996,24.543775336286462],[-112.07649132799997,24.542525670286516],[-112.07594518599997,24.544211257286477],[-112.07766071299994,24.54560008428642],[-112.08034649399997,24.54521092228644],[-112.08577509799994,24.548955476286334],[-112.08792372299996,24.547757750286383],[-112.08720593,24.549063573286357],[-112.08856545899995,24.548717661286354],[-112.08942110599999,24.55091418828628],[-112.09468808799994,24.553815446286222],[-112.09626628199999,24.553166885286245],[-112.09702210299999,24.55590379228617],[-112.10194207399996,24.558515257286146],[-112.09913269899994,24.56270905128605],[-112.100962833,24.57399701028583],[-112.11486041599996,24.599928267285247],[-112.13198711999996,24.617430242284883],[-112.13632725599996,24.619728801284815],[-112.14630737199998,24.620569076284777],[-112.14744171899999,24.625596552284684],[-112.15001153699997,24.62695998328467],[-112.15573651999995,24.638174383284394],[-112.15931285,24.639666305284383],[-112.15709995099996,24.641615083284332],[-112.15790658799996,24.644399053284314],[-112.17042731199996,24.647511388284215],[-112.17457471299998,24.65261533228409],[-112.16823167399997,24.660638626283912],[-112.16998608499995,24.661377762283948],[-112.16858852799999,24.66109264128391],[-112.16659399999998,24.66468633728383],[-112.16682242899999,24.670796793283735],[-112.16088329399997,24.672995415283673],[-112.15277926099998,24.66981987128376],[-112.15105552499995,24.66673326928383],[-112.14727218199995,24.667804026283783],[-112.14043123099998,24.676025064283596],[-112.13687393799995,24.68730370928336],[-112.13654081299997,24.70573263428298],[-112.13959841999997,24.722412656282636],[-112.14703423599997,24.73778397428231],[-112.15333980799994,24.74481528128213],[-112.17797912599997,24.766872885281664],[-112.18872239299999,24.773630554281542],[-112.21376621999997,24.785706319281243],[-112.22618700599998,24.788680645281204],[-112.24292651499997,24.788133369281194],[-112.25564473399999,24.78481402128127],[-112.25666790199995,24.78599185428128],[-112.26020615999994,24.783727797281284],[-112.25856433199999,24.788931678281173],[-112.26245475099996,24.78654032028128],[-112.26103332099996,24.78162118128134],[-112.26185185499999,24.770975472281606],[-112.25945811699995,24.76797259328166],[-112.25971033999997,24.75878311428182],[-112.25804947599995,24.75595155628192],[-112.259719858,24.755161575281907],[-112.25878710899997,24.753534023281937],[-112.26003394699995,24.74996483228202],[-112.26142355199994,24.753153309281988],[-112.266044465,24.753629202281964],[-112.26425986999999,24.75503784328194],[-112.27014665599995,24.758564204281825],[-112.27488654299998,24.774662447281518],[-112.28236756799998,24.780212540281358],[-112.286411462,24.780598013281402],[-112.28987714699997,24.787129633281236],[-112.29718328199999,24.788514479281208],[-112.29705836000001,24.78993501828117],[-112.30496054999998,24.79399675828109],[-112.30319023099999,24.800656869280967],[-112.299960114,24.804533011280853],[-112.30145203499997,24.808423430280786],[-112.28968797999994,24.81183557728071],[-112.27925642299999,24.833082379280267],[-112.24320758799996,24.918505029278453],[-112.21679557099999,24.988223237276962],[-112.17901649399994,25.103052710274525],[-112.15891004899999,25.170867348273095],[-112.14463328299996,25.224286248271984],[-112.13922000899998,25.254832579271323],[-112.13556158699998,25.26122738027119],[-112.12744167699998,25.264737085271122],[-112.12336684999997,25.255159754271315],[-112.12464896899996,25.236085728271725],[-112.122780806,25.214973510272184],[-112.13360474099994,25.194225397272646],[-112.14410780799996,25.162367327273312],[-112.15440409399997,25.143675794273666],[-112.15895328399996,25.127821892274014],[-112.16344543099996,25.106103354274495],[-112.16284647799996,25.09993701427457]]],[[[-112.09726178299996,25.48790038726652],[-112.09756159499995,25.48571604226651],[-112.09888933399998,25.48571604226651],[-112.10048833199994,25.475294003266736],[-112.09707618499999,25.45990364926708],[-112.098399735,25.46092033326704],[-112.097704363,25.453964515267188],[-112.10059827299995,25.44624107326737],[-112.09649829799997,25.42654251626775],[-112.09883350099994,25.42355337726784],[-112.09688452699999,25.423494345267816],[-112.09899987699998,25.41119891426809],[-112.10460317599997,25.404457630268254],[-112.10496563799995,25.39280441226851],[-112.10799011199998,25.38729142026858],[-112.10698426099998,25.382038167268707],[-112.10856054399996,25.382948486268695],[-112.10960039300001,25.374240676268858],[-112.10746127499999,25.372608562268862],[-112.10962416099994,25.371142863268904],[-112.11004009999999,25.37044490426895],[-112.10570244499996,25.37213610426889],[-112.10360492099994,25.368909382268992],[-112.10441303299997,25.365306733269055],[-112.10692649599999,25.367534911268997],[-112.103379126,25.36026499226914],[-112.10820402399997,25.357344014269177],[-112.10307608399997,25.33961796926959],[-112.10410999099997,25.327786630269816],[-112.10625504999997,25.32279166426995],[-112.11215545,25.317194910270057],[-112.11752106999997,25.3087455762702],[-112.11933931899996,25.300585742270393],[-112.11838901699997,25.289985149270628],[-112.12036396999999,25.285511762270698],[-112.13373654099998,25.2864159582707],[-112.13780541899997,25.291103496270594],[-112.13954242599999,25.2968855862705],[-112.13904273899999,25.301073437270396],[-112.12797824499997,25.325082199269886],[-112.11959064499996,25.351328844269354],[-112.10532815599998,25.43232093726763],[-112.103415069,25.459261195267104],[-112.10695570699995,25.48497365026659],[-112.10240141899999,25.489270957266502],[-112.09726178299996,25.48790038726652]]],[[[-112.11973554599997,25.494677161266377],[-112.12001540199998,25.495345023266374],[-112.11955066299998,25.49539820326632],[-112.11973554599997,25.494677161266377]]],[[[-112.12078736599996,25.49595949726633],[-112.12012854099999,25.49574119726637],[-112.12040126799998,25.495639854266326],[-112.12078736599996,25.49595949726633]]],[[[-112.09186236599999,25.686543661262426],[-112.09465528199996,25.68362574426244],[-112.09321808699997,25.681941085262483],[-112.09250641099999,25.67462233226265],[-112.09584521699998,25.669886516262757],[-112.09621124399996,25.665816231262827],[-112.09094901499998,25.658947845262958],[-112.09181021999996,25.653644060263044],[-112.09419096599999,25.65390877826307],[-112.09417195199997,25.658819300262966],[-112.09535559699998,25.658296549262978],[-112.09430029899995,25.650673550263164],[-112.09549820499997,25.63477038126348],[-112.09332581099994,25.62460855626367],[-112.09468058699997,25.62389278126368],[-112.09128652,25.62056244426379],[-112.08999354199996,25.6144844452639],[-112.09117243399999,25.61262840826389],[-112.08955145799996,25.61189970226394],[-112.08890496899994,25.608470437263996],[-112.09218019599997,25.59112542326435],[-112.090958522,25.587661264264458],[-112.09342266699998,25.557399731265086],[-112.09260287299999,25.550870369265194],[-112.09667194999997,25.530964832265592],[-112.09546929099999,25.514385087265936],[-112.097770031,25.507308506266117],[-112.09581645899999,25.504566544266147],[-112.09374632799997,25.507945379266047],[-112.09329422999998,25.50445946826614],[-112.09428170599995,25.503674246266172],[-112.09379391699997,25.502508310266187],[-112.09712516199994,25.50231795326618],[-112.09706567599996,25.501199607266205],[-112.09328233299999,25.501616012266208],[-112.09363925199996,25.50365045126617],[-112.09303248899994,25.500450076266226],[-112.09387719899998,25.49550079826637],[-112.09598302099994,25.49357343426636],[-112.09938564999999,25.49745195626632],[-112.10287024999997,25.51632759926593],[-112.09761057199997,25.592235405264336],[-112.09812929499998,25.68046581926252],[-112.09746304599997,25.68352104726246],[-112.09186236599999,25.686543661262426]]],[[[-112.09112876999997,25.670761799262703],[-112.08337373999997,25.671824889262698],[-112.08088507999999,25.669891709262746],[-112.08385164999999,25.66519927926281],[-112.08702222999996,25.66519068926281],[-112.08797811999996,25.662263679262875],[-112.08351085999999,25.64878573926318],[-112.08909265999995,25.643541819263284],[-112.08902190999999,25.651319599263157],[-112.08647968999998,25.650586319263144],[-112.08922782999997,25.652275649263093],[-112.08910687999999,25.659529419262963],[-112.09272154999996,25.667936719262787],[-112.09112876999997,25.670761799262703]]],[[[-111.27396003399997,25.757403819260936],[-111.27543034399999,25.755454297261014],[-111.276002851,25.755437505261014],[-111.27538385300001,25.75788779826095],[-111.27396003399997,25.757403819260936]]],[[[-111.28041991199997,25.767901480260697],[-111.28144317,25.767202447260733],[-111.28150014999996,25.768324465260694],[-111.28041991199997,25.767901480260697]]],[[[-111.31602246399996,25.84171291825921],[-111.31779438499997,25.840513462259224],[-111.31636865699996,25.84236209825923],[-111.31602246399996,25.84171291825921]]],[[[-111.30428922399994,26.105104114253894],[-111.306304002,26.104649956253883],[-111.30631439599996,26.10577963225387],[-111.30470603699997,26.106287368253835],[-111.30428922399994,26.105104114253894]]],[[[-111.26567178199997,26.135747917253262],[-111.26337652199999,26.135608363253272],[-111.26371501499995,26.130180001253365],[-111.25998631199997,26.126111686253452],[-111.26222011699997,26.12326360525349],[-111.260940894,26.118092998253623],[-111.26499561499999,26.11629939625363],[-111.26291466799996,26.110713867253786],[-111.26325610799996,26.106142438253855],[-111.27954871699995,26.10648779125386],[-111.29041146999998,26.10088843025396],[-111.29711904999999,26.09857557125403],[-111.29536571199999,26.103395726253947],[-111.29368943199995,26.100539138253957],[-111.28990381999995,26.101629878253938],[-111.27971656399995,26.111270092253736],[-111.279783072,26.113856991253673],[-111.28786392299997,26.118591905253616],[-111.28837454099994,26.12034159325355],[-111.28589606499997,26.12561372525345],[-111.27928552999998,26.132958888253334],[-111.27912801399998,26.13535218425327],[-111.27676045899995,26.134562664253263],[-111.27377621499994,26.136685927253275],[-111.26674909999998,26.136050710253254],[-111.26580292599999,26.13735789225323],[-111.26567178199997,26.135747917253262]]],[[[-111.43600108,26.641628698243174],[-111.42823847299996,26.63692389924329],[-111.42809031999997,26.634004106243363],[-111.424833816,26.62979430124343],[-111.42509422999997,26.624511008243545],[-111.42673718599998,26.625477760243534],[-111.43043933899999,26.62413820924356],[-111.43067990699996,26.62782308024345],[-111.43297471799997,26.629656603243422],[-111.43223487499996,26.632112304243403],[-111.43691898099996,26.636845480243252],[-111.43530526599996,26.637943371243278],[-111.43600108,26.641628698243174]]],[[[-113.22708508999995,26.732635332241436],[-113.22892679199998,26.731279039241453],[-113.22170274899997,26.730658000241448],[-113.21551377099996,26.726524876241513],[-113.21208020899996,26.727702709241516],[-113.20893218199996,26.724304839241576],[-113.20323575199996,26.722227569241593],[-113.19697175899995,26.723469807241585],[-113.19592479599999,26.71890124224169],[-113.19436624899998,26.72131639524166],[-113.19063049599998,26.721601930241643],[-113.17577076199997,26.718829858241673],[-113.16964364999995,26.71217926524184],[-113.16922724399996,26.707955722241906],[-113.16696675499998,26.707765365241897],[-113.16729988099996,26.706373380241924],[-113.16973882799999,26.706658915241903],[-113.165146468,26.705124163241944],[-113.16482524099996,26.702780394241994],[-113.16045892999996,26.698092856242095],[-113.16229156099998,26.697324835242117],[-113.16240577499997,26.69493347724215],[-113.15755881299998,26.69681087124213],[-113.15780151799999,26.69528325724217],[-113.15454641599997,26.693448693242168],[-113.15257622200001,26.687409621242324],[-113.15505324099998,26.685082508242328],[-113.14912124499996,26.682905301242382],[-113.14986363599996,26.68035689924243],[-113.14775067499994,26.67537430724255],[-113.14302506499997,26.671819393242625],[-113.14169970499997,26.666956747242725],[-113.13549163799996,26.663054821242774],[-113.13507523199998,26.65877179124284],[-113.13894185599997,26.657106168242876],[-113.14423615699997,26.657582061242913],[-113.16095186999996,26.669598339242647],[-113.19039769999995,26.68530278124235],[-113.24012843499997,26.69714060024212],[-113.25202573999997,26.701602089242016],[-113.25642774299997,26.706658444241945],[-113.261484098,26.70885944524191],[-113.26291177399997,26.714927071241725],[-113.25773644699996,26.7162357742417],[-113.23774897399994,26.733010974241424],[-113.23186066799998,26.734284298241338],[-113.22708508999995,26.732635332241436]]],[[[-113.23898299999996,26.771522749240635],[-113.23358381999998,26.769875679240673],[-113.23224039999997,26.77112505924064],[-113.23102113999994,26.768126579240718],[-113.22128785999996,26.76366090924081],[-113.21918005999999,26.760871169240833],[-113.21606859999997,26.76027484924084],[-113.21578054999998,26.761549599240812],[-113.19554721999998,26.749729259241054],[-113.19044114999998,26.744517719241156],[-113.19250485999999,26.73880396924129],[-113.19397441999996,26.73840439924129],[-113.19341881999998,26.742044599241222],[-113.19472971999994,26.74092019924126],[-113.19722193999996,26.742793519241246],[-113.19875096999999,26.7423446792412],[-113.19709731999995,26.740450479241257],[-113.19821811999998,26.73937096924126],[-113.20503624999998,26.736625859241343],[-113.20916149,26.73683145924136],[-113.20915304999995,26.74084865924124],[-113.21042804999996,26.741794419241252],[-113.20846877999999,26.742382999241244],[-113.20741897,26.743519459241217],[-113.21051428999999,26.74225804924119],[-113.20983214999995,26.73714227924133],[-113.21506559999996,26.73862628924131],[-113.21466270999997,26.74758741924113],[-113.22081033999996,26.75185424924105],[-113.22354455,26.75816007924089],[-113.21847336999997,26.75521867924097],[-113.21906394999998,26.759655599240865],[-113.22525459999999,26.763738969240826],[-113.22335015,26.76212531924084],[-113.223302,26.760715139240865],[-113.22557779999994,26.76326551924082],[-113.22558856999996,26.76143794924086],[-113.22701606,26.764580549240797],[-113.22375696999995,26.757236119240947],[-113.23097427999996,26.766509369240744],[-113.23524517999999,26.76709121924074],[-113.23898299999996,26.771522749240635]]],[[[-111.91334556999999,26.87959931123853],[-111.91392649599999,26.878075264238575],[-111.91539608999996,26.87758497923858],[-111.91334556999999,26.87959931123853]]],[[[-113.15264311,26.908883339237967],[-113.14925885999997,26.904477079238067],[-113.15100673999997,26.90044476923812],[-113.14974488999997,26.894801029238238],[-113.15526968999995,26.891107719238303],[-113.15175429,26.89845425923817],[-113.15712921999994,26.9027171492381],[-113.16250468,26.90345674923806],[-113.16190142999996,26.911789169237945],[-113.15690685999999,26.916703079237823],[-113.15465385,26.915496309237827],[-113.15604414999996,26.909216819237955],[-113.15264311,26.908883339237967]]],[[[-113.16066647999997,26.929228199237595],[-113.16209727999995,26.925961849237684],[-113.15936228999999,26.921812479237705],[-113.16000099999998,26.91974796923778],[-113.16228362999999,26.92210647923769],[-113.16212011,26.925162249237633],[-113.16783161999997,26.92785236923759],[-113.16303511999998,26.9318550492375],[-113.16066647999997,26.929228199237595]]],[[[-111.909902666,27.03734564423551],[-111.91581205199998,27.03383942623553],[-111.91616451899995,27.037264369235494],[-111.90884196199994,27.042852499235366],[-111.909902666,27.03734564423551]]],[[[-111.90990080299997,27.058328076235085],[-111.90923780299994,27.059926102235067],[-111.90973715899997,27.05806094823507],[-111.90990080299997,27.058328076235085]]],[[[-112.069145274,27.16550830323304],[-112.06778786299998,27.164855299233032],[-112.06771066999994,27.16407830123306],[-112.069145274,27.16550830323304]]],[[[-112.08732072199996,27.258548644231265],[-112.083947836,27.2547177122313],[-112.08078315299997,27.253748082231336],[-112.07991464999999,27.251124726231374],[-112.07768985399998,27.250684526231378],[-112.07764226399996,27.248709573231398],[-112.06489430199997,27.239798491231586],[-112.06633089499998,27.237636639231656],[-112.06345742499997,27.23607106623168],[-112.064108208,27.234824228231666],[-112.058683036,27.234312644231697],[-112.05639545599998,27.229674962231773],[-112.04973061199998,27.227921709231804],[-112.04662351099996,27.22456191023187],[-112.050502033,27.219650703231988],[-112.05061148799997,27.217233170232007],[-112.04682645299994,27.21415968723209],[-112.04666619699998,27.209818796232145],[-112.04337406699995,27.20835267823218],[-112.04871451699996,27.2039573852323],[-112.05011299099999,27.19797381323242],[-112.05403027199998,27.19436376123244],[-112.05938146099999,27.17965254123274],[-112.06109717799995,27.18257037223267],[-112.06541267999995,27.183629281232655],[-112.07561582399997,27.177616121232816],[-112.08000765399998,27.18388251523266],[-112.08483112399996,27.185746623232635],[-112.08320328099997,27.190582271232522],[-112.08431894999997,27.19149304923254],[-112.08619813499996,27.189668780232537],[-112.08732793699996,27.191716149232512],[-112.08650694099998,27.19067217223254],[-112.08447205299996,27.192903352232523],[-112.08622973899998,27.19633510823246],[-112.08537729099999,27.205556746232265],[-112.088591943,27.20707246223221],[-112.08841705199997,27.215950231232068],[-112.09694504099998,27.23040783623175],[-112.10843248999998,27.238582438231596],[-112.10733852599998,27.240376588231587],[-112.10362418799998,27.240909587231602],[-112.10421370599994,27.241942237231545],[-112.10172537799998,27.243724490231497],[-112.102433267,27.248554796231435],[-112.09786946099996,27.249637450231422],[-112.09264833499998,27.258527080231257],[-112.08732072199996,27.258548644231265]]],[[[-111.87544813999996,27.456284565227513],[-111.86912119299996,27.454512914227525],[-111.85588057799998,27.4407411592278],[-111.85579111099999,27.436965234227863],[-111.85994537999994,27.430647734227954],[-111.86697756999996,27.431115872227974],[-111.876871775,27.42810502322801],[-111.88605315099996,27.42765971622801],[-111.89534950499997,27.430644992227954],[-111.90180721399997,27.438141054227852],[-111.90282541899995,27.442111828227752],[-111.900216566,27.45093408622759],[-111.88898884499999,27.45563099522747],[-111.87544813999996,27.456284565227513]]],[[[-112.73646668199997,27.841199542220302],[-112.73808538199995,27.841887374220263],[-112.74141014199996,27.842393937220255],[-112.74021216599999,27.843288894220244],[-112.73646668199997,27.841199542220302]]],[[[-112.76042975200001,27.90204147121916],[-112.75970422999995,27.90342795621915],[-112.75983471299998,27.90165029121916],[-112.76042975200001,27.90204147121916]]],[[[-111.37416874999998,27.97103527921784],[-111.36706481999994,27.957038379218126],[-111.36743311999999,27.95254984921819],[-111.37043465,27.95567081921814],[-111.37434777,27.956206279218158],[-111.38180211999999,27.960539259218095],[-111.38273491999998,27.964073749218024],[-111.38465547999999,27.96495270921797],[-111.38489833999995,27.96855711921794],[-111.38866757999995,27.9716075192179],[-111.38984650999998,27.979724889217728],[-111.39163348999995,27.98192530921768],[-111.39007733999995,27.98510414921761],[-111.38780341999997,27.986312979217573],[-111.38067027999996,27.97858776921773],[-111.37978105999997,27.974761119217806],[-111.37416874999998,27.97103527921784]]],[[[-112.30059687299996,28.376688807210463],[-112.29974122799996,28.372924571210547],[-112.30230816799997,28.371820368210557],[-112.31565626099997,28.37859597021044],[-112.31822320199997,28.37894728721044],[-112.32010562699999,28.376186918210514],[-112.31919293699997,28.379951038210418],[-112.32056196999997,28.382209449210386],[-112.316511909,28.382159261210393],[-112.31497174499998,28.387027226210286],[-112.31286114799998,28.385923172210298],[-112.31012307799996,28.386977043210297],[-112.306985705,28.3909415122102],[-112.297345416,28.385170401210306],[-112.29677498299999,28.381356278210383],[-112.30059687299996,28.376688807210463]]],[[[-112.894037606,28.678556426205077],[-112.87435165399997,28.67459055620514],[-112.87213485599996,28.672897775205207],[-112.87051016199997,28.673709526205144],[-112.86742884399997,28.67110157620523],[-112.86024143799996,28.67299757420521],[-112.85820616899997,28.670321830205204],[-112.85548265599999,28.67081463720519],[-112.85344778499996,28.66636455220529],[-112.847855086,28.66197951420538],[-112.84149003799996,28.65944609720541],[-112.83866542899995,28.66116345520539],[-112.83748880199995,28.657022740205463],[-112.82469870199999,28.64952128120558],[-112.82028917699995,28.645115028205694],[-112.80304864799997,28.63584140720583],[-112.79777343899997,28.627434593206022],[-112.79007130199994,28.621183814206102],[-112.78432834399996,28.618810549206128],[-112.77997272399995,28.610329868206307],[-112.76396682599994,28.60225145720646],[-112.75897316599998,28.593860982206614],[-112.75256022699995,28.591528838206614],[-112.75804906099995,28.585799826206756],[-112.77216002799999,28.576860419206906],[-112.77589940499996,28.576911711206865],[-112.77796737799997,28.57926204620685],[-112.78261125899998,28.580362073206835],[-112.78348372499995,28.58620872120671],[-112.78932232999996,28.58727550820671],[-112.79192537999997,28.599311008206524],[-112.798907317,28.61057801520627],[-112.808541715,28.61559718820618],[-112.80993979199997,28.61923763420613],[-112.82983211399996,28.627348086205966],[-112.84376963299997,28.640177061205797],[-112.85349182099998,28.641090413205784],[-112.85572700599994,28.644192023205704],[-112.86784550599998,28.6439686962057],[-112.86573938899994,28.649076081205646],[-112.866553357,28.65253028120554],[-112.87208519999997,28.65498354720552],[-112.87628758199997,28.659883394205426],[-112.87815127599998,28.665750979205296],[-112.891377536,28.67469333320515],[-112.894037606,28.678556426205077]]],[[[-112.93087750299998,28.709456255204554],[-112.93045783899998,28.707574890204555],[-112.92610254199998,28.706195461204576],[-112.920777565,28.699692174204703],[-112.91582030599994,28.698224119204763],[-112.91543308499996,28.70008983020472],[-112.91321155399999,28.70073661120471],[-112.91273473700001,28.69840957520476],[-112.90958733999999,28.696462006204765],[-112.90732891299996,28.69817746420475],[-112.90149570799997,28.6956102812048],[-112.89761047599995,28.69723174720473],[-112.89843366099997,28.684700849205],[-112.895065451,28.682319910205],[-112.895071853,28.67990497620506],[-112.89884318399999,28.683497020204996],[-112.91460451799999,28.69128592720488],[-112.92634143,28.69430238320479],[-112.92984707499994,28.697540156204752],[-112.93136953,28.6964258392048],[-112.93482775700001,28.701531779204664],[-112.93339499299998,28.702453290204648],[-112.93377203999995,28.70520601120463],[-112.93203520399999,28.705148781204592],[-112.93328887099995,28.70991336820453],[-112.93087750299998,28.709456255204554]]],[[[-112.90473386199996,28.69814370420476],[-112.90428535599996,28.69929809820469],[-112.90387718599999,28.699229197204733],[-112.903679599,28.698479770204724],[-112.90473386199996,28.69814370420476]]],[[[-112.55181717299998,28.729025673204205],[-112.548025957,28.729140111204174],[-112.54639659599997,28.7171363422044],[-112.54212544699999,28.710876147204534],[-112.54655277099994,28.701533167204637],[-112.54488121199996,28.6941297772048],[-112.54767422699997,28.690521632204884],[-112.545338648,28.68633438820492],[-112.54746967399997,28.685695450204985],[-112.553885172,28.671973342205202],[-112.55480294799999,28.673218095205158],[-112.55781625899999,28.672832874205174],[-112.57251166599997,28.66836711620527],[-112.57439210399998,28.669855246205234],[-112.58692720499995,28.67023518520525],[-112.58933971799996,28.67240403420521],[-112.59820329799999,28.67248690520522],[-112.60389592399999,28.67012767620523],[-112.60568001799999,28.667674251205277],[-112.60164170699994,28.67340003620521],[-112.60132249499998,28.6768843482051],[-112.605162856,28.687795542204917],[-112.60931495299998,28.692786580204857],[-112.610397192,28.70166315420469],[-112.61305430599998,28.70517568720462],[-112.61311028299997,28.70745841820456],[-112.61133527899995,28.70827952620457],[-112.61164772399998,28.71377878820447],[-112.60986761,28.71591851820444],[-112.61023078999996,28.718283000204362],[-112.61267625699998,28.719513435204377],[-112.61051821999997,28.72124045120436],[-112.61270861899999,28.72452337820428],[-112.61215459999994,28.726562521204233],[-112.60379924099999,28.72723019220419],[-112.59422756899994,28.731961250204115],[-112.57784121199997,28.730945056204146],[-112.56955520899999,28.728454630204183],[-112.56166956399994,28.731304896204126],[-112.55757714899995,28.734691952204077],[-112.55181717299998,28.729025673204205]]],[[[-112.29583464699999,28.734222290204073],[-112.28660513199998,28.722234783204343],[-112.28602010799995,28.716265778204388],[-112.28303877199994,28.714516793204474],[-112.28455341499996,28.71425254820444],[-112.28619127599995,28.70934196620454],[-112.29087492499997,28.71226668620451],[-112.29449752699999,28.725435714204263],[-112.297952609,28.72912096320421],[-112.29635875099997,28.73105853820416],[-112.29824294499998,28.735210036204084],[-112.29583464699999,28.734222290204073]]],[[[-112.96321127699997,28.724939989204266],[-112.96223183799998,28.72325983420432],[-112.96449849699997,28.723814423204306],[-112.96321127699997,28.724939989204266]]],[[[-112.96054399799999,28.734929323204103],[-112.95788476399997,28.729969583204177],[-112.955159999,28.729768524204182],[-112.95291997399994,28.725682641204237],[-112.95274465600001,28.72854363620418],[-112.95083520099996,28.727420261204227],[-112.94678588799997,28.722126334204304],[-112.94628990099994,28.71716166320441],[-112.95019706299996,28.720641171204345],[-112.951761032,28.72480297520425],[-112.95402992299995,28.72246363220433],[-112.95701092699994,28.724565608204237],[-112.95787557399996,28.7225848162043],[-112.95837996299998,28.727794500204222],[-112.96011857199996,28.727383426204227],[-112.96307703099995,28.731802793204118],[-112.96566886099998,28.73113132120416],[-112.96357747099997,28.734336338204088],[-112.96054399799999,28.734929323204103]]],[[[-112.96667302899999,28.7343656942041],[-112.96607278499995,28.733319541204125],[-112.96710003699997,28.733843245204106],[-112.96667302899999,28.7343656942041]]],[[[-111.96674065999999,28.80823717920279],[-111.97331367999999,28.808364829202812],[-111.97288384999997,28.810736679202748],[-111.96756185,28.813925179202712],[-111.96595733999999,28.816627369202653],[-111.96390428999996,28.816262939202662],[-111.96674065999999,28.80823717920279]]],[[[-112.98645228999999,28.825991299202496],[-112.97574395499998,28.8254922292025],[-112.97524835899998,28.822880520202542],[-112.97692694599999,28.82087448420256],[-112.98160403199995,28.821009200202553],[-112.98634650599998,28.824028052202518],[-112.98645228999999,28.825991299202496]]],[[[-113.35759057599995,28.826405263202485],[-113.35822937499996,28.82747923520245],[-113.357355462,28.82794186420247],[-113.35759057599995,28.826405263202485]]],[[[-112.99855727899995,28.836541213202324],[-112.999590873,28.836712709202267],[-112.99850403199997,28.837047040202307],[-112.99855727899995,28.836541213202324]]],[[[-113.35910735499999,28.883433139201493],[-113.35883491899995,28.88286958520145],[-113.35993687599996,28.882717733201474],[-113.35910735499999,28.883433139201493]]],[[[-113.02814187999996,28.887777791201408],[-113.02670857899994,28.885985452201417],[-113.028699965,28.885361079201434],[-113.03133104399997,28.887403568201414],[-113.02814187999996,28.887777791201408]]],[[[-113.039089855,28.900136338201172],[-113.03268359699996,28.899262434201173],[-113.03274595899995,28.895695104201277],[-113.04006389299998,28.888282914201383],[-113.04045786899998,28.884455574201468],[-113.04534588399997,28.88415831520143],[-113.04664389299995,28.886784840201425],[-113.04476877599997,28.888925642201368],[-113.04803212999998,28.89440354920127],[-113.04450457599995,28.890072600201336],[-113.04127900099996,28.890533091201355],[-113.03759184899997,28.89613172620127],[-113.039089855,28.900136338201172]]],[[[-113.04342112299999,28.91217254420096],[-113.04326080099999,28.910694410201],[-113.04431301999996,28.911227284200983],[-113.04342112299999,28.91217254420096]]],[[[-113.38352279799996,28.92287690220076],[-113.385279783,28.924710034200725],[-113.38455278899994,28.92655398920072],[-113.38352279799996,28.92287690220076]]],[[[-113.48109082499997,28.955252103200237],[-113.48244704199999,28.956473084200177],[-113.48062901699996,28.955423443200228],[-113.48109082499997,28.955252103200237]]],[[[-113.47350691899999,28.9562680872002],[-113.47644237999998,28.95537130220021],[-113.47740920399997,28.955894681200224],[-113.47461771799999,28.95718727320016],[-113.47350691899999,28.9562680872002]]],[[[-113.47515107699996,28.9683548132],[-113.48141924299996,28.967357415199974],[-113.48079979499995,28.974304334199893],[-113.48492862699999,28.976838378199872],[-113.48510989699997,28.978897033199807],[-113.47629446199994,28.973496621199864],[-113.47515107699996,28.9683548132]]],[[[-112.28527961299994,29.231559950195443],[-112.29229902399999,29.225414992195542],[-112.28852162799996,29.22536145419553],[-112.28667754499999,29.22333296319558],[-112.29529714299997,29.22185769719561],[-112.289509104,29.219234342195612],[-112.286148116,29.21954962019565],[-112.28567222399994,29.217711487195675],[-112.284958385,29.21970428519562],[-112.28077053399996,29.217586565195685],[-112.28248969499998,29.222970095195556],[-112.28149626999999,29.222351436195577],[-112.28005669599999,29.218086252195636],[-112.28221605599998,29.213618814195765],[-112.27940829299997,29.206474482195883],[-112.27598186899996,29.204344864195896],[-112.27225963899997,29.205101059195886],[-112.27298299499995,29.20711408319587],[-112.27115080999994,29.20327363319588],[-112.27160766699997,29.19705848119602],[-112.26119990399997,29.1927564151961],[-112.26170434999995,29.19134777419612],[-112.26205175099994,29.19281828119612],[-112.26699151199995,29.18988678519614],[-112.27045124899998,29.185827425196234],[-112.26907116099994,29.179398121196343],[-112.26347942799998,29.178455855196315],[-112.27115556899997,29.172050346196436],[-112.27469144799996,29.165459239196586],[-112.27148869399998,29.160448094196653],[-112.27102707799997,29.154228183196736],[-112.27434880599998,29.143049475196957],[-112.27432025199995,29.137205519197064],[-112.269161581,29.129905332197193],[-112.258139917,29.12222919119733],[-112.256241107,29.11870283019738],[-112.25023058899995,29.11390107819748],[-112.24833653799999,29.108437835197563],[-112.24109821799999,29.105306465197618],[-112.24350623199996,29.102398763197645],[-112.24165976999997,29.09857734919769],[-112.235054387,29.096017049197773],[-112.23445952099996,29.092690562197845],[-112.231989641,29.09223846519781],[-112.23417874499995,29.08693226719793],[-112.22914380499999,29.081573720197998],[-112.22586014999996,29.07287441119814],[-112.22250986799999,29.0701285131982],[-112.22427542799996,29.065307725198313],[-112.22238613599997,29.06066301719839],[-112.21890736399996,29.05705099519843],[-112.21869321299995,29.05388631219853],[-112.215476181,29.049641354198585],[-112.20989872499997,29.045819939198644],[-112.21060304499997,29.043178738198666],[-112.205515758,29.035597775198795],[-112.20267943999995,29.024990138199005],[-112.19971939099997,29.02237273119905],[-112.19475107699998,29.021049750199094],[-112.19622634199999,29.01499640119918],[-112.198344062,29.01351637719923],[-112.1947669,29.006265544199348],[-112.19736693699998,29.008741988199265],[-112.19985109399995,29.008385069199274],[-112.19737169499996,29.008580185199307],[-112.19455441399998,29.005496403199327],[-112.20665635199998,28.99893860919945],[-112.21152948799995,28.992847189199598],[-112.21188640799996,28.985061592199717],[-112.21408027099994,28.983138988199727],[-112.21481350199997,28.974812073199878],[-112.213552387,28.968482707199996],[-112.21656954399998,28.964994417200057],[-112.21655050799995,28.960573378200113],[-112.21342389599994,28.959497862200113],[-112.20901237599998,28.966069933200057],[-112.19983712399996,28.97067389319997],[-112.19899479499998,28.973814781199867],[-112.20051764999995,28.974366816199876],[-112.207103998,28.96806600419997],[-112.19699604799996,28.978273891199827],[-112.19400268599998,28.978768819199782],[-112.18887256799997,28.97667965219987],[-112.20829372899999,28.9660149082],[-112.214594542,28.956711216200222],[-112.21748796599996,28.937918233200513],[-112.22847155799998,28.91362393620096],[-112.22780054999998,28.910254619200998],[-112.23047982299994,28.906694945201078],[-112.22972315499999,28.903849110201122],[-112.24188219999996,28.890428950201336],[-112.23769910799996,28.880373348201488],[-112.23949797999997,28.87137898520166],[-112.25709647399998,28.85761618320192],[-112.25747242899996,28.84300153320217],[-112.26186015499998,28.837547809202277],[-112.26205527099995,28.83523973120231],[-112.26517712399999,28.832879306202347],[-112.26498200799996,28.830533158202375],[-112.27183485599996,28.824137166202515],[-112.27489008299996,28.816499097202655],[-112.27363848699997,28.81123097020274],[-112.27689358999999,28.80419252420289],[-112.27252489899996,28.801984384202893],[-112.27478062799999,28.794565225203016],[-112.27256772999999,28.79116735520311],[-112.26914130599994,28.78983485620314],[-112.27257724699996,28.789149572203105],[-112.27321494299997,28.78343410620325],[-112.270864035,28.783053393203225],[-112.27221080999999,28.782039742203242],[-112.27016923299999,28.77947944220332],[-112.26549597099995,28.779703112203283],[-112.26058952299996,28.77520593020339],[-112.25460755799998,28.773385643203373],[-112.25437912999998,28.7688503902035],[-112.25276109599999,28.767241874203485],[-112.25508344999999,28.766970616203494],[-112.258390901,28.76950712120347],[-112.26735465999998,28.764946349203555],[-112.27197286399998,28.769259657203484],[-112.28121469099995,28.767774873203503],[-112.29470623499998,28.76132177520361],[-112.31020128499995,28.74679754520387],[-112.31377984299998,28.747598082203883],[-112.31219750099996,28.750138157203786],[-112.31303626099998,28.753183867203777],[-112.31894327299995,28.755497893203692],[-112.32195329099996,28.754070216203736],[-112.32409480599996,28.7566043422037],[-112.32267902699999,28.756848237203677],[-112.32280989699996,28.75888862520366],[-112.32667057299996,28.76039958320361],[-112.32842542499999,28.76345124120356],[-112.34238691299998,28.766485054203514],[-112.34457601699995,28.765289375203555],[-112.34777639199996,28.766062700203538],[-112.35095297099997,28.765104967203555],[-112.35136342899995,28.76313596320361],[-112.35360607099996,28.763772469203577],[-112.35531928299997,28.761595262203624],[-112.35471846899998,28.760030766203634],[-112.35957256999995,28.759721436203662],[-112.36243981999998,28.76366539320357],[-112.364860922,28.7738911272034],[-112.370381271,28.775408033203384],[-112.37456912299996,28.773480669203373],[-112.38366461199998,28.775961258203356],[-112.388697172,28.77920922220332],[-112.391629858,28.78524710420319],[-112.39809604299997,28.78881629620312],[-112.402408816,28.79610934420301],[-112.407126098,28.799446538202936],[-112.41562077399999,28.800136581202935],[-112.42509102899999,28.79762625020299],[-112.43529891599998,28.800457809202957],[-112.43781519599997,28.802748040202868],[-112.46171093299995,28.802670707202886],[-112.46730266699996,28.807459373202832],[-112.46679703099996,28.813390179202703],[-112.46821875899998,28.81771485020264],[-112.47205563999995,28.82150414120254],[-112.48921750299996,28.824044216202523],[-112.49393478399998,28.822580847202516],[-112.49589189099999,28.83016537920239],[-112.50192739399996,28.837056298202274],[-112.50812101199996,28.84058557320222],[-112.52734110799997,28.846956579202097],[-112.53204108799999,28.850766776202043],[-112.54385824899998,28.85495293920195],[-112.54355118599995,28.856837291201916],[-112.54539197999998,28.857843429201925],[-112.54766765399995,28.856429809201963],[-112.55488336899998,28.86794045120172],[-112.56403834399998,28.87086124020169],[-112.57278286399999,28.86792855420174],[-112.57616764799997,28.869802379201726],[-112.57993439399996,28.874908811201625],[-112.584251866,28.87666712420159],[-112.57457291699995,28.879086407201527],[-112.57437710299996,28.88047426220152],[-112.57004053599996,28.87981991020151],[-112.56740528299997,28.883163053201503],[-112.56974905199996,28.88534026020145],[-112.56546602199995,28.88617307120145],[-112.56351486399996,28.891687472201305],[-112.56108781399996,28.888159921201385],[-112.55280134099998,28.891639883201304],[-112.54524655199998,28.896065680201232],[-112.54343816199999,28.899283901201184],[-112.53529445599999,28.90272817120111],[-112.52373622399996,28.91063987920103],[-112.521630401,28.914786090200913],[-112.51732357699996,28.915488031200894],[-112.51408156099995,28.91804000320085],[-112.51308218799996,28.922007754200777],[-112.51203522599997,28.921484272200786],[-112.505693379,28.926652915200684],[-112.50201116299996,28.93878975320048],[-112.48984735899997,28.949164203200322],[-112.48675405899996,28.961699203200123],[-112.493421309,28.96968943419999],[-112.489752179,28.975942657199866],[-112.49021855499996,28.98290496019971],[-112.49275030099996,28.987525873199615],[-112.49798035599997,28.99059537819961],[-112.50065011199997,28.994616667199526],[-112.50065487099995,29.00292574519939],[-112.50264885899999,29.00477696619936],[-112.50166852099994,29.0070422121993],[-112.50641624999997,29.01393928919919],[-112.501836896,29.023460072199004],[-112.50478742899998,29.041477350198683],[-112.50060439099997,29.050192683198535],[-112.50181315699997,29.05773557419841],[-112.50593438399994,29.063041772198346],[-112.50529858099998,29.064616199198312],[-112.50336964999998,29.063211179198326],[-112.50102793499997,29.065007207198303],[-112.49402756099994,29.073654168198164],[-112.49182893899996,29.08460920719799],[-112.49387527500001,29.09507883519776],[-112.49047740499998,29.10181271019765],[-112.48782663099998,29.11340369819748],[-112.49064872599997,29.118016839197388],[-112.48849293399996,29.12195246819733],[-112.48833113199998,29.128638753197208],[-112.47766162799998,29.140607442197016],[-112.47855154599995,29.144585901196944],[-112.47717145899999,29.146299113196896],[-112.47581040799999,29.16078051319665],[-112.47777108300001,29.167433486196515],[-112.46836269399995,29.174943064196373],[-112.462913729,29.18675946819619],[-112.456826854,29.194522449196093],[-112.44897833999995,29.199904709195973],[-112.44289321999999,29.196418649196037],[-112.43554013999994,29.20005521919595],[-112.42582237999996,29.189205279196173],[-112.41818877399999,29.18875704619613],[-112.41458934999997,29.185737799196197],[-112.40912674999998,29.185973449196215],[-112.39399948,29.193415029196068],[-112.37187808999995,29.21215357919578],[-112.35997950999997,29.220228219195597],[-112.34475423999999,29.220314022195645],[-112.34009049699995,29.222990916195585],[-112.33286288399995,29.21933249419564],[-112.324213543,29.221634623195595],[-112.31725361999999,29.220415149195624],[-112.31118599399997,29.224400746195553],[-112.29953258399996,29.223904034195524],[-112.29388136399996,29.227729017195486],[-112.294642792,29.22645600619549],[-112.291668465,29.22744943119551],[-112.28826583600001,29.23205368819542],[-112.28527961299994,29.231559950195443]]],[[[-113.50649752399995,29.013901848199183],[-113.50531613699998,29.014926679199153],[-113.50499937499995,29.014819777199182],[-113.50520421399996,29.014103845199205],[-113.50649752399995,29.013901848199183]]],[[[-113.470108935,29.024343411199016],[-113.46423634599995,29.02158733819907],[-113.46031133699995,29.01319502219919],[-113.46329657799998,29.01166198019921],[-113.46678210999995,29.014564146199167],[-113.470108935,29.024343411199016]]],[[[-113.49910898899998,29.02755875919894],[-113.498269313,29.027417622198982],[-113.49837485499995,29.027091738198987],[-113.49910898899998,29.02755875919894]]],[[[-113.08281339199999,29.065993006198266],[-113.087028021,29.06213596219836],[-113.09257798099999,29.062908328198322],[-113.09731320299994,29.061555482198376],[-113.09256381299997,29.063555511198324],[-113.09508481299999,29.06537432619828],[-113.098046389,29.063236918198353],[-113.09592492199995,29.06678305219828],[-113.08937178199994,29.06830230019827],[-113.08345116199996,29.06889687419825],[-113.08281339199999,29.065993006198266]]],[[[-113.51186700299996,29.550285458190007],[-113.51266682799998,29.540097867190152],[-113.51078763199996,29.537615395190187],[-113.50485257899999,29.5376508151902],[-113.49382908999996,29.532875658190303],[-113.48988282999994,29.533990977190303],[-113.48535525899996,29.53182984819033],[-113.47439202399994,29.53109740819031],[-113.47680264499998,29.52829650119037],[-113.47640899299996,29.525880208190397],[-113.47435546799994,29.524289468190435],[-113.47165413499995,29.52488998719041],[-113.46890642599999,29.520054782190478],[-113.46168864599997,29.518099799190555],[-113.45631197899998,29.512727162190654],[-113.45627008999999,29.510833595190665],[-113.44628958699997,29.506589727190732],[-113.44164584399999,29.49998938619081],[-113.43711059099998,29.497088153190884],[-113.43560572899997,29.49319912319097],[-113.43100141699995,29.492055411190996],[-113.42751156699995,29.486207271191088],[-113.42842436699999,29.484333136191136],[-113.42539912499996,29.47385459519126],[-113.41715572299995,29.47060828519136],[-113.41711759199995,29.466587808191395],[-113.40973983999999,29.464545112191434],[-113.406561701,29.460657435191546],[-113.39336459099997,29.459249710191518],[-113.39209367199999,29.455746132191592],[-113.39409744199997,29.45178448219165],[-113.39295010799998,29.44927806119173],[-113.38481481499997,29.443579912191808],[-113.38387390499999,29.43358716219195],[-113.37280131699998,29.42191406719215],[-113.36904969599999,29.412403806192312],[-113.36537452500001,29.408434720192393],[-113.36636634399999,29.405980383192418],[-113.36164566899998,29.401336657192516],[-113.36334298999998,29.395441948192595],[-113.35204203299998,29.38734662819275],[-113.35180416099996,29.38290838719281],[-113.36196747699996,29.373752202192982],[-113.36661770499995,29.360983637193215],[-113.37505827399997,29.35384291819332],[-113.37614184499996,29.349513547193418],[-113.37593512499996,29.34398055119351],[-113.372053689,29.334823011193677],[-113.37008800799998,29.323634782193846],[-113.37144992199997,29.320205622193896],[-113.36945041799999,29.31551576519397],[-113.37067260699997,29.312354984194062],[-113.36678817399996,29.30785376919414],[-113.34496603399998,29.295746250194288],[-113.31252762499999,29.29058079219442],[-113.30442881499994,29.29131421819442],[-113.29768069699998,29.283014071194568],[-113.29444022199999,29.281254865194565],[-113.29103246399995,29.282008007194552],[-113.28836229699999,29.280755400194607],[-113.28840157999997,29.282649868194568],[-113.28272324799997,29.28841769819444],[-113.27853171399994,29.287385053194445],[-113.27602882099995,29.2905473771944],[-113.27426680599997,29.284805152194505],[-113.26885821399999,29.285552248194474],[-113.26719725999999,29.288598832194428],[-113.26053804899999,29.289661888194424],[-113.26102777999996,29.28379297719454],[-113.25546026899998,29.28276842719456],[-113.24875826799996,29.286277255194484],[-113.23746658899996,29.289066938194452],[-113.21892597199997,29.28831866019446],[-113.20717409199995,29.284710519194487],[-113.20259255599996,29.2855423401945],[-113.20122669699998,29.287504387194467],[-113.19977214399995,29.285534638194495],[-113.19150417099996,29.289148396194463],[-113.18937866299996,29.28774194019445],[-113.18353968599997,29.289550416194412],[-113.18072122999996,29.288737438194428],[-113.17962767899996,29.285373572194512],[-113.17323693499998,29.283393371194514],[-113.16759061299997,29.278893326194613],[-113.16802304499998,29.276384614194644],[-113.17080637499998,29.27450548819468],[-113.17681341499998,29.265111786194822],[-113.17861993899999,29.247669282195147],[-113.17706159899997,29.232468895195417],[-113.172806951,29.22701101019551],[-113.17446233499999,29.216153557195668],[-113.171586968,29.208696524195823],[-113.17237663199997,29.196855873196018],[-113.16702694899999,29.191041338196097],[-113.17249881999999,29.177877604196347],[-113.17402327299999,29.166059509196533],[-113.17317760299994,29.146734117196882],[-113.17456104899998,29.12778103619719],[-113.17236034299998,29.121930483197335],[-113.16485957599997,29.112487788197488],[-113.16318872999996,29.10580241519763],[-113.15604565199999,29.099552603197715],[-113.15387292299994,29.09503586919779],[-113.156003243,29.089347284197864],[-113.15591518899998,29.079169734198054],[-113.15317084199997,29.071712459198203],[-113.14975363399999,29.06943012919823],[-113.14836889299995,29.066186413198306],[-113.13405838399996,29.06189510319833],[-113.12465989699997,29.06128392319838],[-113.12546218099999,29.057737400198427],[-113.12350498199999,29.056373929198468],[-113.12169686,29.057941836198417],[-113.12091075299999,29.056114436198484],[-113.114070885,29.05516076419845],[-113.100199144,29.056226325198473],[-113.106390091,29.047273731198622],[-113.115153396,29.028559827198926],[-113.11404758399999,29.01233984419921],[-113.116925344,29.00356410719936],[-113.11614943099994,28.986985576199658],[-113.12241825899997,28.98737198419964],[-113.12245615299999,28.989571058199626],[-113.13927536399997,29.00284671919937],[-113.14971558899998,29.006024372199334],[-113.15119391599995,29.01084814119924],[-113.15462781799994,29.015024751199167],[-113.161038713,29.01862570519909],[-113.16577485299996,29.018882837199065],[-113.17908146699996,29.026747796198958],[-113.18858870599996,29.028361979198948],[-113.19731059099998,29.040556933198722],[-113.19782082499995,29.044703448198653],[-113.20035065499997,29.048002688198586],[-113.21252993299998,29.051951520198518],[-113.21971104499994,29.05640594519843],[-113.22136116599997,29.0591269781984],[-113.22958211599996,29.059361706198406],[-113.24168641399996,29.067144725198244],[-113.24395013999998,29.06713143319825],[-113.24878804099995,29.073124460198187],[-113.24759809299997,29.076539844198123],[-113.24984155799997,29.08019346019806],[-113.24991137099995,29.08395739719798],[-113.25265459499998,29.086582876197948],[-113.255346085,29.0867556341979],[-113.25975541999998,29.09171406119784],[-113.26402117199996,29.10455264419765],[-113.273948212,29.112749728197446],[-113.27734153399997,29.118809529197403],[-113.28628828299998,29.12720111419722],[-113.28677740399998,29.129440536197183],[-113.29352333799996,29.132772053197126],[-113.29605024399996,29.13714524119702],[-113.29827443499994,29.136714142197082],[-113.29720652299994,29.139118617197017],[-113.29835207699996,29.139088369196994],[-113.30069071099996,29.145102148196898],[-113.31350374399996,29.14816660519688],[-113.319745605,29.157204815196703],[-113.324693089,29.15730938819668],[-113.33038687099997,29.1623006861966],[-113.33275576099999,29.161479806196613],[-113.33155336899995,29.159484255196652],[-113.33701074299995,29.16331597219662],[-113.34262810299998,29.16430463819661],[-113.35060663499996,29.1685827071965],[-113.35654718499995,29.174099863196385],[-113.35627831999994,29.17628493619637],[-113.36386757199996,29.187436045196222],[-113.36976433499996,29.191374692196128],[-113.38592201299997,29.19627107619604],[-113.40441112999997,29.20946571419583],[-113.40415938499996,29.213298858195756],[-113.40996207199998,29.21708801019567],[-113.41141347099995,29.22194832819558],[-113.41413803499995,29.22340480019559],[-113.41465677299999,29.225973467195544],[-113.41801696999995,29.226813948195538],[-113.42206451099999,29.232411529195392],[-113.42254326099999,29.236226726195326],[-113.43031274499998,29.242956351195254],[-113.43119287599995,29.247341290195152],[-113.42819441999997,29.247052979195146],[-113.42740975599997,29.248756220195148],[-113.42782650899994,29.25501350319501],[-113.43024951899997,29.259060315194937],[-113.43480412099996,29.259392908194933],[-113.43877847399995,29.269904697194768],[-113.44282410799998,29.2756774091947],[-113.44963742399995,29.28013073019459],[-113.456079102,29.278272455194596],[-113.46465268499998,29.281258524194573],[-113.47399389599997,29.277775291194633],[-113.47908394199999,29.28121155119458],[-113.48675791799997,29.280599325194604],[-113.49427005299998,29.284210318194532],[-113.49692085599999,29.28379366119453],[-113.49682501599995,29.288831361194436],[-113.50328314999997,29.2977482741943],[-113.50300982799997,29.304781933194192],[-113.505802659,29.30912722119408],[-113.505089227,29.317082894193963],[-113.50729003099997,29.323194572193806],[-113.51429989999997,29.329889458193755],[-113.52548148999996,29.334818828193626],[-113.53140817799999,29.35182035519339],[-113.539267082,29.356640731193316],[-113.54011096199997,29.362243862193203],[-113.54572720199998,29.37156270319301],[-113.55202386699996,29.376147863192976],[-113.55613432999996,29.376949470192926],[-113.55773911299997,29.37904925819291],[-113.55731979899998,29.385891213192753],[-113.56148493899998,29.387637370192742],[-113.56642131399997,29.392404394192653],[-113.56992598099998,29.400146933192563],[-113.58821735999999,29.408923934192412],[-113.59242942599997,29.41752600319221],[-113.58836944699999,29.42741786019206],[-113.59072277899999,29.434816595191972],[-113.59443472999999,29.43844947119189],[-113.59208566899999,29.44599803919177],[-113.592256159,29.451030154191695],[-113.58428365599998,29.463137324191475],[-113.58521694999997,29.464345758191424],[-113.583164158,29.464213087191464],[-113.57788602499996,29.468204796191387],[-113.57545986799994,29.480660632191196],[-113.56829676199999,29.48907602519105],[-113.567664563,29.498183371190844],[-113.56618784599999,29.502849648190786],[-113.56361958699995,29.50519512119074],[-113.56456219199998,29.51175720319064],[-113.57004794299998,29.515295353190577],[-113.56909434299997,29.52166961919049],[-113.57233838499997,29.52202093619045],[-113.56799631699994,29.52860856919038],[-113.57222705899994,29.535659601190257],[-113.57212327499997,29.538355395190187],[-113.56888030799998,29.540920536190132],[-113.56713204399995,29.540559313190165],[-113.56484418299999,29.543884842190113],[-113.56322958799997,29.542845831190135],[-113.55869076699999,29.546006066190074],[-113.55757929599997,29.54397659619009],[-113.56058295399998,29.540325860190155],[-113.560353783,29.536185052190234],[-113.55600150099997,29.534126586190286],[-113.55292309899995,29.537916659190223],[-113.55357919999994,29.534345512190285],[-113.54550337899997,29.533988881190297],[-113.54171298799997,29.535224150190274],[-113.54065671599994,29.538731093190197],[-113.53501403999998,29.537967284190184],[-113.535156569,29.53945723919017],[-113.52478171299998,29.543281468190145],[-113.52396890299997,29.54475929119007],[-113.52599863799998,29.55079344319001],[-113.51681592799997,29.55215530718997],[-113.51186700299996,29.550285458190007]]],[[[-110.98257858299996,18.860740699422205],[-110.97979347699999,18.85749866642229],[-110.97862330499999,18.861168812422186],[-110.97713540099994,18.8615456244222],[-110.977746713,18.854759013422335],[-110.97564904499997,18.852753585422423],[-110.96980351599997,18.85441271942233],[-110.96929010299999,18.851955498422413],[-110.96263100999994,18.846739400422543],[-110.96219525899994,18.843561169422635],[-110.95841684799997,18.841302084422693],[-110.95946194,18.839367748422784],[-110.957743452,18.837958012422785],[-110.95098751799999,18.83641607042281],[-110.94980107599997,18.839078777422746],[-110.94681614899999,18.840264378422752],[-110.94458697799998,18.838560855422795],[-110.94388104399998,18.834138650422886],[-110.94026304899995,18.834317716422866],[-110.94122130999996,18.831632671422962],[-110.93782977399997,18.827766104423027],[-110.93941437599995,18.822523821423196],[-110.93638044499995,18.8223800924232],[-110.93282228099999,18.817695371423323],[-110.93030394299997,18.817340905423304],[-110.93004351799999,18.812208335423446],[-110.92667592699998,18.8104282364235],[-110.917663324,18.79881901042379],[-110.91579334799997,18.79835388942382],[-110.91753643399996,18.79186670642399],[-110.91634735099997,18.785625423424143],[-110.91391453399997,18.78464168942419],[-110.91505246199995,18.782390326424217],[-110.90774507599998,18.778911534424363],[-110.91263755699998,18.779365613424304],[-110.913334622,18.77730839742437],[-110.91567981599998,18.776953383424352],[-110.91903685399996,18.769722685424544],[-110.91695772999998,18.760654585424803],[-110.91797637399999,18.757738379424868],[-110.915932006,18.754595869424968],[-110.91746656199997,18.75186507742501],[-110.91710900999999,18.74562282342521],[-110.92009183399995,18.732295175425538],[-110.92866859699997,18.72787445342568],[-110.94009956800001,18.7301228004256],[-110.94164264599999,18.72907112542564],[-110.94111610899996,18.72487888442575],[-110.94287094699996,18.721678840425795],[-110.949548931,18.726344887425682],[-110.94918838999996,18.721230892425826],[-110.95147452099998,18.719222982425904],[-110.95634624399997,18.72130854842586],[-110.95811974499998,18.723770608425767],[-110.95803995799997,18.72792695242567],[-110.95495878599996,18.731254223425573],[-110.96069817499996,18.733504005425498],[-110.96077994299999,18.737050829425414],[-110.96236067699999,18.737340571425413],[-110.96362289599996,18.735465469425478],[-110.96408284299997,18.740933606425315],[-110.96611366199994,18.740788508425297],[-110.97081733899995,18.745283580425177],[-110.97937570399995,18.747100533425133],[-110.98453950999999,18.74480016342519],[-110.98819929099994,18.748733172425123],[-110.98728091099997,18.75123593942508],[-110.98898144599997,18.75295818742499],[-110.99663061399998,18.753964613424973],[-111.00021426399996,18.75826195442484],[-111.00596024099998,18.752566104424982],[-111.00939970699996,18.75276802742501],[-111.01089114699994,18.756278514424938],[-111.013057087,18.75626868842489],[-111.015535534,18.753744180424995],[-111.01862236699998,18.76080682942479],[-111.015137429,18.764495730424716],[-111.01907557099997,18.763851572424745],[-111.01991331799996,18.76737725042461],[-111.02296331399998,18.768922234424593],[-111.02142926799998,18.775062219424427],[-111.022465158,18.77624806142438],[-111.028288822,18.77515452642442],[-111.02752200699996,18.778416560424322],[-111.03331612199997,18.780300616424267],[-111.03586203199995,18.787923752424074],[-111.04057049199997,18.78406470742422],[-111.04623477699994,18.78588410842414],[-111.04888435099997,18.78366065942422],[-111.04911067799998,18.779854983424304],[-111.05224291999998,18.78149048942428],[-111.05462417299998,18.779403094424342],[-111.05559143899997,18.780688869424296],[-111.05229762299996,18.78763131842413],[-111.04576898999996,18.790640232424],[-111.04742796699998,18.793996530423946],[-111.045723008,18.79450710442391],[-111.04515416799995,18.793149278423936],[-111.04357098699995,18.795116545423895],[-111.041510922,18.79483240142391],[-111.04096888599997,18.798441097423833],[-111.04645278399995,18.80171146242375],[-111.04510413399998,18.807216813423608],[-111.04821316699997,18.80849387242354],[-111.04577106299996,18.80967282242351],[-111.04342080199996,18.814518404423406],[-111.05028393899994,18.814633620423386],[-111.05205819599998,18.81630295542337],[-111.05007262299995,18.81752650842333],[-111.04801456899997,18.81613823642338],[-111.04162408799999,18.816690539423313],[-111.04289995999994,18.81464572442339],[-111.040454873,18.813880661423397],[-111.03702311199999,18.821047288423216],[-111.02743141499997,18.818935115423272],[-111.02851961899995,18.823190047423193],[-111.02510509999996,18.826059123423082],[-111.01741283099994,18.822560238423176],[-111.01200811599995,18.826955019423092],[-111.013389836,18.82879234442305],[-111.01127944599995,18.82927880842303],[-111.01046437299999,18.83143976442294],[-111.01253334399996,18.834083197422867],[-111.01188087599998,18.83489034042287],[-111.01060270499994,18.83309478542292],[-111.00832532799996,18.83601536842285],[-111.00917713399997,18.838988568422746],[-111.00703071799995,18.840077169422713],[-111.00989792499996,18.843793764422625],[-111.00828585399996,18.846866544422575],[-111.00063556799995,18.853180939422412],[-110.99792931999997,18.8519027004224],[-110.99889853899998,18.858949359422244],[-110.98933723399995,18.860769065422183],[-110.98845858599998,18.861973667422195],[-110.99118679599998,18.86281874542216],[-110.99109939299997,18.864552135422084],[-110.98855396599998,18.866480401422027],[-110.98378472299999,18.863740962422114],[-110.98635164599995,18.85984332442221],[-110.98257858299996,18.860740699422205]]],[[[-110.79536026499994,19.333883635409947],[-110.79433674899998,19.326859182410143],[-110.792058979,19.326841835410104],[-110.79140414999995,19.324538648410165],[-110.79417015999996,19.322816568410225],[-110.79685700599998,19.31449531141047],[-110.80056488399998,19.311697626410517],[-110.80031137900001,19.30778021641064],[-110.79599241299998,19.3045501564107],[-110.79677730099996,19.30153276041075],[-110.80362075499994,19.298342037410848],[-110.80731418199997,19.30118814341077],[-110.81035372299999,19.30077053441077],[-110.80978587599998,19.29981314841082],[-110.81265532499998,19.298234778410848],[-110.81757724699999,19.301008876410812],[-110.81885127199996,19.306517532410627],[-110.81569393399997,19.314386408410464],[-110.80872151799997,19.318035493410378],[-110.80507780999994,19.317917989410365],[-110.80319543599995,19.320099011410317],[-110.80567629299999,19.325207269410193],[-110.80330828099996,19.326726246410136],[-110.80236729099995,19.324890050410186],[-110.80052702499997,19.32625812341014],[-110.80193805699999,19.32851717641006],[-110.80066477399998,19.329852178410054],[-110.80172419999998,19.3349834234099],[-110.79536026499994,19.333883635409947]]],[[[-109.894681817,22.875314422323633],[-109.89424614299998,22.8749402313236],[-109.89462531399994,22.87475226432362],[-109.894681817,22.875314422323633]]],[[[-109.89330407799999,22.87639089432358],[-109.89305487999998,22.875756258323623],[-109.893442629,22.875889305323582],[-109.89330407799999,22.87639089432358]]],[[[-110.14913028399998,24.252548154292782],[-110.14861465899999,24.251882120292787],[-110.14960533099998,24.251951899292777],[-110.14913028399998,24.252548154292782]]],[[[-109.80191667799994,24.13705239729528],[-109.80509328799998,24.137031224295296],[-109.81013063199998,24.140637183295233],[-109.81803977699997,24.142823458295165],[-109.82570280299996,24.14169850229519],[-109.83133065999999,24.144223443295115],[-109.84967739899997,24.14785331729506],[-109.86366235099996,24.14745182429509],[-109.86761654899999,24.151739226294985],[-109.87363013299995,24.15298130429493],[-109.87131281599994,24.158016543294867],[-109.87772555799997,24.167137732294645],[-109.87764043,24.1699176752946],[-109.88635739399996,24.17774943829438],[-109.88752690399998,24.18130994729431],[-109.89317794199998,24.18683254529421],[-109.89637232899999,24.195900032294002],[-109.89950949699995,24.200026348293907],[-109.89899373199995,24.204083527293843],[-109.90395049499996,24.21148616829368],[-109.91063656099999,24.22853693229328],[-109.91430038299995,24.242507400293],[-109.91803222099999,24.247856492292843],[-109.92251970399998,24.262539052292574],[-109.92331941999998,24.271488964292363],[-109.91823212199995,24.283317122292114],[-109.91842768399995,24.29135741629191],[-109.939471095,24.324976416291214],[-109.93741096999997,24.35106783929062],[-109.93391953099996,24.3627585172904],[-109.93518299299996,24.368021058290264],[-109.93320484299996,24.37347978829013],[-109.93425028599995,24.37592997529011],[-109.93077116699999,24.3758490162901],[-109.922377107,24.365521565290305],[-109.91832676499996,24.350998347290652],[-109.908152504,24.340740988290833],[-109.901005592,24.32513163429118],[-109.88980971899998,24.31283152329145],[-109.88270989999995,24.298583218291746],[-109.88218764399996,24.292096586291922],[-109.87323471599996,24.280104841292182],[-109.869773577,24.270422655292375],[-109.86355148099996,24.262720568292558],[-109.85754684199998,24.258315742292627],[-109.85502138699998,24.24785857129285],[-109.85143870599997,24.242376074292977],[-109.84723354199997,24.239672962293035],[-109.84649860199994,24.234421593293145],[-109.84248724099996,24.22723871829334],[-109.83202284099998,24.21927095229348],[-109.81973783799998,24.204805712293798],[-109.80978007,24.18210922729432],[-109.808271662,24.170356966294552],[-109.79907201599997,24.155783379294903],[-109.80255671799995,24.142475075295167],[-109.80191667799994,24.13705239729528]]],[[[-110.33726903499996,24.288373085291965],[-110.33987052899994,24.28638427829204],[-110.34151174799996,24.285902769292058],[-110.33961027099997,24.289079669291965],[-110.33726903499996,24.288373085291965]]],[[[-110.38378880599998,24.456834994288347],[-110.38423016099995,24.457446523288304],[-110.38294904699997,24.457610625288343],[-110.38378880599998,24.456834994288347]]],[[[-110.38214149199996,24.4663363902881],[-110.38411939699996,24.465821294288165],[-110.38851203899999,24.465469008288157],[-110.38663887599995,24.46646395628811],[-110.38214149199996,24.4663363902881]]],[[[-110.35045533299996,24.531368107286706],[-110.33574960399996,24.52352951628689],[-110.32643443399996,24.50711451028725],[-110.32136406499997,24.502330528287366],[-110.31793395499996,24.500629375287403],[-110.31150844099994,24.500609623287374],[-110.30907057099995,24.503526636287322],[-110.305500071,24.503551514287302],[-110.303354846,24.501085489287377],[-110.30388730799997,24.497721630287444],[-110.30223638299998,24.494809975287513],[-110.30345761799998,24.4920517822876],[-110.30709224699997,24.48975836928763],[-110.30647450799995,24.48719015928768],[-110.29940279699997,24.47815654628785],[-110.29565946999999,24.476715868287876],[-110.29232981099996,24.47738457228789],[-110.289112306,24.472853310287988],[-110.29212178399996,24.463163339288194],[-110.29442389999997,24.46117956728823],[-110.29378245399995,24.458708163288275],[-110.30787965099995,24.456209481288372],[-110.30955359499995,24.454633625288373],[-110.31215775099999,24.449071862288484],[-110.31338418399999,24.44021635328868],[-110.30804681299998,24.42525789028903],[-110.31530043499998,24.423169629289088],[-110.31834925699997,24.420623357289127],[-110.32487671699994,24.41124608228931],[-110.32569525999997,24.403748328289492],[-110.32763796699999,24.402443825289485],[-110.338985875,24.40498658028946],[-110.34812134799995,24.40128703028952],[-110.34857955899999,24.40403364128948],[-110.351583432,24.40539988128944],[-110.351961099,24.407754870289413],[-110.34850082299994,24.40936786928935],[-110.34885123199997,24.412582905289305],[-110.34488903499995,24.41473512428924],[-110.34936269999997,24.418131913289194],[-110.353048033,24.414565908289244],[-110.354646367,24.415047480289235],[-110.35437194499997,24.419358775289115],[-110.34694396999998,24.43077226928888],[-110.34963003299998,24.43335598928884],[-110.35704579199995,24.43652188028876],[-110.36269558799997,24.43704944728876],[-110.36715420499996,24.434820590288826],[-110.36804297099997,24.43312740228886],[-110.36651162299997,24.431817401288864],[-110.370483725,24.42894084128892],[-110.372720229,24.43564854728881],[-110.37205337099999,24.4402084272887],[-110.37166836499996,24.43794713328876],[-110.36788312299996,24.440386535288695],[-110.36654447499996,24.44321744128862],[-110.37120415599999,24.442532313288655],[-110.37125929599996,24.440744943288706],[-110.37615565299997,24.441088236288657],[-110.37151339499998,24.446114448288554],[-110.37763991099996,24.447347885288536],[-110.37859694299999,24.448973346288504],[-110.37211398699998,24.449228430288496],[-110.35450815599995,24.456508296288327],[-110.35589329799996,24.459058482288267],[-110.37118563599995,24.457422008288297],[-110.36816192599997,24.46031418628826],[-110.36824016999999,24.463029813288195],[-110.36329809099999,24.463836662288195],[-110.35639688199996,24.469022325288083],[-110.36950449599999,24.46997823028803],[-110.37434996699996,24.466720702288143],[-110.37651697899999,24.467505807288113],[-110.37597300899995,24.470796659288062],[-110.37030377999999,24.476253625287935],[-110.36320311099996,24.479394317287852],[-110.36347857299995,24.481510846287797],[-110.37319291899998,24.480429173287824],[-110.38156606099994,24.475645739287934],[-110.386494601,24.474690111287973],[-110.38515777999999,24.476175332287937],[-110.38592105499998,24.479061494287844],[-110.389289681,24.48170419428783],[-110.38287551199994,24.488693819287626],[-110.38505612599995,24.49157834328759],[-110.39085940399997,24.490494285287607],[-110.38494750899997,24.494243091287505],[-110.39136343999996,24.49371150128754],[-110.38928380899996,24.497709011287423],[-110.39325469399995,24.49733075028746],[-110.38718833899999,24.50037574328739],[-110.38040194599996,24.50713908928726],[-110.38509498099995,24.509404286287193],[-110.39729110799999,24.50983677028717],[-110.38762448699998,24.516125054287034],[-110.39944472799999,24.51853859828702],[-110.39206996399997,24.52231078828694],[-110.382519206,24.522248229286927],[-110.37664576899999,24.52620109628685],[-110.37092342499994,24.5278382562868],[-110.37050845799996,24.53088065928672],[-110.36660340299996,24.529366133286768],[-110.36183066099994,24.5334778262867],[-110.35045533299996,24.531368107286706]]],[[[-110.39815167799999,24.485873544287717],[-110.40227627399999,24.4814362232878],[-110.407905203,24.47963488528783],[-110.40934757099996,24.481630487287802],[-110.40263015499994,24.486116905287712],[-110.39815167799999,24.485873544287717]]],[[[-110.38935333199998,24.59013281728544],[-110.38070391499998,24.58277470228561],[-110.37974194899999,24.57805541928572],[-110.38126363499998,24.572905698285833],[-110.37991884099995,24.570267499285897],[-110.37265137699997,24.56621536528597],[-110.36993651799997,24.562196857286057],[-110.36769362999998,24.562546808286026],[-110.36726019699996,24.55615320128622],[-110.36396772399996,24.556334495286166],[-110.361305191,24.554016258286218],[-110.36077898399999,24.542995214286503],[-110.36615944899997,24.537211796286595],[-110.36793632399997,24.53074122628677],[-110.369453498,24.53461574828667],[-110.37525294199999,24.534640274286673],[-110.37804699699996,24.54009451128653],[-110.38168610199995,24.539058413286575],[-110.38452112899996,24.531406255286704],[-110.39333869699999,24.532832058286687],[-110.38904351999997,24.538988337286536],[-110.39675327099997,24.535910789286632],[-110.39906495499997,24.536348447286628],[-110.38277107799998,24.549553525286345],[-110.37733985699998,24.54979622228631],[-110.37491930099999,24.551586919286265],[-110.38312292399996,24.557012327286166],[-110.389939627,24.552169846286297],[-110.406594908,24.54481460228646],[-110.40835524699999,24.544593673286446],[-110.40716924399999,24.546455779286376],[-110.409866847,24.547590630286383],[-110.40405778699996,24.552304821286278],[-110.40664857399999,24.552068601286315],[-110.40598060999997,24.553395240286232],[-110.40948897099997,24.55191627528628],[-110.41148142299994,24.553850761286213],[-110.40546418899999,24.553988360286237],[-110.39691732799999,24.55709142128616],[-110.39236145699999,24.56329616828605],[-110.402622792,24.56146931728605],[-110.400998943,24.565578024285973],[-110.40571947699999,24.566267974285985],[-110.40575896599996,24.568857081285884],[-110.41417545099996,24.564626992286],[-110.41553926599995,24.56487803528599],[-110.41448944399997,24.56832801728592],[-110.41037823099998,24.573900896285803],[-110.40348668699994,24.57721316028572],[-110.40128725099999,24.58020406128568],[-110.39599154099994,24.58079001328568],[-110.400413346,24.58254487428562],[-110.40187826299996,24.58558415728558],[-110.39857671699997,24.588267951285466],[-110.39802339599999,24.591576019285416],[-110.38935333199998,24.59013281728544]]],[[[-110.40376138999994,24.598996183285262],[-110.39952983199998,24.5988090262853],[-110.40448817400001,24.59808153628527],[-110.40376138999994,24.598996183285262]]],[[[-110.56613237799996,24.842344103280077],[-110.56854978199999,24.831788782280267],[-110.56814620499995,24.827631434280384],[-110.56289414799994,24.82639054728041],[-110.560290754,24.8224800012805],[-110.563043829,24.81560009828064],[-110.56523047099996,24.814216182280656],[-110.56832427099994,24.815838616280626],[-110.56774777499999,24.817001412280618],[-110.56605308499998,24.81629008628059],[-110.56498494999994,24.818417448280552],[-110.56763815899996,24.82273191328046],[-110.57156995799994,24.823567209280487],[-110.57694264199995,24.820301789280517],[-110.57629972399998,24.822064101280507],[-110.58209873799997,24.82220335028048],[-110.58263613499997,24.8261748042804],[-110.58522287699998,24.826136017280415],[-110.58693146199995,24.82820446828038],[-110.581069675,24.838346843280146],[-110.57642415299996,24.838708377280124],[-110.571288387,24.843271901280016],[-110.56613237799996,24.842344103280077]]],[[[-110.60541628699997,24.843323904280023],[-110.60519510999995,24.843482827280035],[-110.60524563999996,24.84313266428004],[-110.60541628699997,24.843323904280023]]],[[[-110.58120966499996,24.8531221192798],[-110.58000249199995,24.85298689127983],[-110.58066994099995,24.852197521279844],[-110.58120966499996,24.8531221192798]]],[[[-110.60384393299995,24.874391496279358],[-110.60361786799997,24.87717917727933],[-110.60334994799997,24.87367203627941],[-110.60384393299995,24.874391496279358]]],[[[-110.70716386199996,25.105237683274478],[-110.69826901499995,25.099226950274616],[-110.69425872899997,25.09312480927476],[-110.69257578099996,25.080162015274993],[-110.68900904999998,25.071996990275196],[-110.68132158499999,25.06139627927542],[-110.66913579199996,25.052494928275586],[-110.63519825299994,25.047084618275697],[-110.61279110699996,25.03984272927585],[-110.60323400199997,25.039598834275875],[-110.60071647699999,25.036611829275916],[-110.58924427499996,25.031183603276034],[-110.59023500599994,25.024849745276164],[-110.58859317799994,25.02318412227624],[-110.58262192099994,25.02238918727622],[-110.583667694,25.019758888276296],[-110.58261121299996,25.0182265152763],[-110.58076951099997,25.01867861327633],[-110.58134058099995,25.01757930227633],[-110.57881359399995,25.017400842276377],[-110.57779994299996,25.015537724276395],[-110.57522774599995,25.016098087276358],[-110.574430626,25.014264712276404],[-110.57582023199996,25.012394456276425],[-110.57461037099996,25.011144763276477],[-110.57595476599994,25.010062108276493],[-110.57371866799997,25.00953604927653],[-110.57627718299995,25.007700890276567],[-110.57549196099995,25.005026227276634],[-110.57323504199996,25.000583179276685],[-110.56872041199995,24.997387562276792],[-110.56613631699997,24.988250432276985],[-110.56632358099995,24.979731486277128],[-110.57027348599996,24.96423643627749],[-110.57034011099996,24.95413800327771],[-110.561468291,24.94129367327798],[-110.56064145999996,24.937555478278018],[-110.55797524199994,24.93569789427806],[-110.55692827899998,24.92887835927822],[-110.552401354,24.9252889422783],[-110.55053312699995,24.915769697278527],[-110.54711846599997,24.908292087278657],[-110.53703241599999,24.89470454027896],[-110.53323003699995,24.892815248278954],[-110.53230159199997,24.887700513279118],[-110.52559339499999,24.882973797279163],[-110.53069258,24.877332571279325],[-110.55176032799996,24.872326185279434],[-110.56787522699994,24.873096417279406],[-110.57347725199999,24.870180147279452],[-110.57877331299994,24.864628474279606],[-110.58336343599996,24.866187354279518],[-110.58982486299999,24.864991675279565],[-110.590555952,24.866362840279557],[-110.58369596600001,24.866512746279554],[-110.573452386,24.8785516292793],[-110.57284166299998,24.886634792279104],[-110.57449687099995,24.888340335279093],[-110.586922416,24.894233070278936],[-110.59942053499998,24.903762811278735],[-110.61074676899996,24.90791735027865],[-110.61031846599997,24.90992323627862],[-110.613045329,24.912978464278535],[-110.61755678699996,24.91515091127853],[-110.62401940299998,24.915998000278485],[-110.64164169099996,24.91433594627852],[-110.64149297499995,24.919659990278415],[-110.63630336999996,24.925283846278298],[-110.63520881799997,24.928834002278247],[-110.64280405799997,24.94107394927794],[-110.64805671799996,24.944925107277893],[-110.65392803799995,24.946204067277836],[-110.65558027599997,24.948311972277807],[-110.65524477199995,24.953201765277715],[-110.66020594799996,24.96440188827747],[-110.65949924799999,24.97204709627729],[-110.66296136399995,24.974988110277266],[-110.66519567799999,24.982126493277086],[-110.67306931499996,24.99036418727693],[-110.67379742999998,25.006631372276583],[-110.67823215,25.01714977927637],[-110.68199407799995,25.020390605276265],[-110.69682763799995,25.02152560827625],[-110.70457278299995,25.030512832276063],[-110.71236789799998,25.0300845292761],[-110.71366708299996,25.03159786627606],[-110.716102462,25.039170501275887],[-110.71565631299995,25.047171439275715],[-110.71750366699997,25.054361872275578],[-110.71268288,25.06523125027534],[-110.71242484999999,25.085796297274893],[-110.70957306599996,25.094854905274676],[-110.710915082,25.10087970127457],[-110.70716386199996,25.105237683274478]]],[[[-110.50938337799995,25.111367618274393],[-110.51143258199996,25.111512948274342],[-110.510960148,25.114985338274284],[-110.50943242299996,25.114739923274286],[-110.50938337799995,25.111367618274393]]],[[[-110.86120573599999,25.130069767273973],[-110.861376228,25.128068623273993],[-110.86190753399995,25.129510709273973],[-110.86120573599999,25.130069767273973]]],[[[-108.36647603899996,25.157478941273403],[-108.36126795599996,25.1569394702734],[-108.35471465699999,25.16313776027326],[-108.35412716099997,25.16184509527329],[-108.36043936699997,25.153145554273465],[-108.36873185599997,25.148869484273565],[-108.37200966499996,25.152197190273483],[-108.37349591999998,25.153087938273494],[-108.37630656899995,25.156925359273405],[-108.37778449799998,25.158204037273393],[-108.37885024799999,25.164127336273218],[-108.377060729,25.167000396273185],[-108.37528998499994,25.167620867273158],[-108.37671766099999,25.165875541273206],[-108.37389415899997,25.16617413727319],[-108.37170091299998,25.162831308273304],[-108.37317953699996,25.160791683273334],[-108.37597894799995,25.162231841273286],[-108.37603983699996,25.164529500273257],[-108.37719635499997,25.16365141527326],[-108.371692135,25.157132418273406],[-108.36303015399994,25.168616160273153],[-108.36240850299998,25.166438644273182],[-108.36648636499996,25.161285062273297],[-108.36647603899996,25.157478941273403]]],[[[-108.37675847399998,25.16814323627316],[-108.38069671399997,25.161207325273327],[-108.37854528799994,25.160136243273342],[-108.37766889799997,25.15776394627337],[-108.37432649299996,25.15387667327347],[-108.37299563599998,25.15257525227351],[-108.37210361700001,25.152149977273528],[-108.368867965,25.14882056827359],[-108.38405548799996,25.16024217027334],[-108.38273015199998,25.170388409273112],[-108.38622693299999,25.175473117273032],[-108.38094348999999,25.18163458327288],[-108.37888256899998,25.16946295627315],[-108.37753071499998,25.170166506273112],[-108.37675847399998,25.16814323627316]]],[[[-108.37435756899998,25.173991297273034],[-108.37577870999996,25.167913790273165],[-108.37731485299999,25.173001218273086],[-108.37917145099999,25.17150765427308],[-108.37862115699994,25.174734005273034],[-108.38068630999999,25.180585856272902],[-108.37976675299996,25.18365082627286],[-108.38027107699997,25.180080791272943],[-108.37435756899998,25.173991297273034]]],[[[-110.69515766499997,25.199865576272476],[-110.70046622099996,25.19535532927258],[-110.70468082299999,25.19408098627263],[-110.69746587099996,25.20555990527241],[-110.69449724799995,25.20307896227243],[-110.69515766499997,25.199865576272476]]],[[[-110.91657336199997,25.209162453272274],[-110.91561248599999,25.210329107272283],[-110.91536402199995,25.210019187272284],[-110.91657336199997,25.209162453272274]]],[[[-110.92216181799996,25.247677919271503],[-110.92087393099996,25.246615152271527],[-110.92290164299999,25.246753276271512],[-110.92216181799996,25.247677919271503]]],[[[-110.68896428899995,25.311410242270185],[-110.70336545699998,25.29039280727059],[-110.710841115,25.267414348271064],[-110.71964542999997,25.260729677271257],[-110.72667060399999,25.25990640227125],[-110.73018425799997,25.26180890827118],[-110.73016097499999,25.265136480271142],[-110.73515913199998,25.276596088270914],[-110.73565200299998,25.28237205327078],[-110.73154664899994,25.291958574270552],[-110.716863156,25.304195285270303],[-110.70919858999997,25.305799834270307],[-110.69894720699996,25.30500104127033],[-110.68896428899995,25.311410242270185]]],[[[-110.954177191,25.329536347269777],[-110.95280866699994,25.32879242826979],[-110.95461595699999,25.328572207269787],[-110.954177191,25.329536347269777]]],[[[-111.14436273199999,25.585816126264465],[-111.14854763299996,25.583176691264526],[-111.15286445099997,25.582686175264524],[-111.15285972099997,25.587857434264436],[-111.14436273199999,25.585816126264465]]],[[[-111.13255142299994,25.587835421264458],[-111.12934269599998,25.58663155426445],[-111.13008504899994,25.584313744264477],[-111.13255142299994,25.587835421264458]]],[[[-110.77177290299996,25.709705442261956],[-110.76964908399998,25.695309632262248],[-110.76306031099995,25.69056031726231],[-110.76946362999998,25.677648473262554],[-110.76445924499997,25.65809168626296],[-110.76110217099995,25.65308350126311],[-110.76174562099999,25.644958143263246],[-110.76009826599994,25.64230973626333],[-110.75989529699997,25.63378483826348],[-110.75738311799995,25.62971790226355],[-110.75866798799996,25.624636271263647],[-110.75678982099998,25.617723953263805],[-110.757824143,25.61357283726389],[-110.75514139999996,25.601189078264163],[-110.75716086799997,25.601246391264166],[-110.760217534,25.597495370264213],[-110.75872973699995,25.59365554726434],[-110.77499163799996,25.604634751264072],[-110.77720633499997,25.603056601264104],[-110.779972909,25.60399107326413],[-110.78006724499996,25.60130959726416],[-110.78628388199998,25.606059705264062],[-110.78926210699997,25.61080462226395],[-110.78919248199999,25.617069670263795],[-110.79319525099999,25.62308083226373],[-110.79238416599999,25.626719986263637],[-110.79828446199997,25.634321306263473],[-110.79858830799998,25.638638988263402],[-110.802906072,25.641442726263296],[-110.80495041599995,25.647252536263203],[-110.80295702799998,25.648441553263176],[-110.80242250099998,25.65120428326315],[-110.80546917099998,25.65924362226298],[-110.80181696599999,25.66144167126288],[-110.801620647,25.665478160262854],[-110.79993455999994,25.6671372822628],[-110.80130636399997,25.66914295826276],[-110.800200987,25.680348512262544],[-110.79652024999996,25.681950491262494],[-110.79890832099994,25.684744694262452],[-110.79226721599998,25.69292546126229],[-110.79325871099996,25.695662229262187],[-110.78880376099994,25.695854295262215],[-110.783176961,25.704053118262024],[-110.78399010299997,25.70687933126196],[-110.78217562499998,25.706985805261965],[-110.78064107899996,25.712229962261848],[-110.77659485,25.712114997261892],[-110.77440784199996,25.71400030626184],[-110.77177290299996,25.709705442261956]]],[[[-111.03359989299999,25.71352589626187],[-111.03183373099996,25.702505266262065],[-111.026435377,25.701161653262076],[-111.02549891599995,25.69611287226221],[-111.02321883499998,25.6967969722622],[-111.01727868299997,25.69361622126227],[-111.01667493599997,25.686536022262384],[-111.01330987799997,25.67875368926257],[-111.01355203599996,25.669458571262755],[-111.02504052899998,25.658139289262998],[-111.02659414,25.651183898263128],[-111.02870851399997,25.651794872263086],[-111.02979645699997,25.649778013263163],[-111.03153377699999,25.650702221263156],[-111.031764696,25.65305609126307],[-111.03733632499997,25.655005139263068],[-111.03977599599996,25.659674194262937],[-111.04297459899999,25.658776024262988],[-111.04691463699999,25.66436878226285],[-111.04790788499997,25.671658725262688],[-111.04678973099999,25.675591137262657],[-111.04547464999996,25.675591554262624],[-111.048991028,25.681145506262506],[-111.04865964099997,25.68364573026248],[-111.05708480199996,25.696055456262208],[-111.059635518,25.70726928026196],[-111.05882675399994,25.709058489261956],[-111.05458344099998,25.707476539262],[-111.044059545,25.70711055626201],[-111.04170578699996,25.709797398261905],[-111.04186506099995,25.71284366426185],[-111.03582794399995,25.714435765261836],[-111.03359989299999,25.71352589626187]]],[[[-111.22495370899999,25.732261705261436],[-111.22426429499995,25.729286556261496],[-111.22567747099998,25.730343890261537],[-111.22495370899999,25.732261705261436]]],[[[-111.04324180299994,25.738267737261324],[-111.044788042,25.742060781261284],[-111.04385147499995,25.743180979261222],[-111.04324180299994,25.738267737261324]]],[[[-111.04987415899997,25.741782717261245],[-111.04860837099996,25.74247723226125],[-111.04882237399994,25.740644039261298],[-111.04987415899997,25.741782717261245]]],[[[-111.22692968799998,25.74496968026119],[-111.227103646,25.743216211261245],[-111.22817671299998,25.74439796526122],[-111.22692968799998,25.74496968026119]]],[[[-111.25973507799995,25.811684849259855],[-111.25781621899995,25.810565705259844],[-111.25509525700001,25.81198008025985],[-111.25385646299998,25.804295083259984],[-111.25045533999997,25.797933686260134],[-111.24726898399996,25.79880195626008],[-111.25010469099999,25.793712980260203],[-111.24791183499997,25.79123972926023],[-111.24836814799995,25.788594045260332],[-111.2474916,25.790893743260284],[-111.24595493299995,25.789099285260317],[-111.24512301899996,25.789906626260287],[-111.24515704399994,25.788494681260335],[-111.24444918299997,25.789974597260297],[-111.24333063699999,25.789124660260317],[-111.24724374399996,25.784027766260404],[-111.24871826799995,25.777394558260557],[-111.24672261599994,25.774796279260578],[-111.24363346899999,25.773904025260578],[-111.24247500399997,25.770947681260665],[-111.24525235399996,25.764686578260804],[-111.24914574799999,25.77124198626066],[-111.25742522199995,25.778890436260472],[-111.25926105899998,25.7830948132604],[-111.25770014399997,25.7891894162603],[-111.25895346499999,25.794567045260187],[-111.256213534,25.7942818442602],[-111.25714678199995,25.800985467260084],[-111.25555171199994,25.802314622260006],[-111.257579508,25.80521816525994],[-111.25608012499998,25.806569984259973],[-111.25692464199994,25.809315114259892],[-111.26016519399997,25.81057066325987],[-111.26098686199998,25.808798979259905],[-111.25973507799995,25.811684849259855]]],[[[-111.05963179099996,26.069940825254584],[-111.06890455099995,26.06021120925477],[-111.07233811299994,26.052066313254954],[-111.07145518499999,26.05128570225499],[-111.07336851999999,26.05038167925497],[-111.07703502099999,26.043096787255145],[-111.08199619699997,26.029753959255398],[-111.08113959099995,26.026779633255444],[-111.08417102399996,26.016242190255685],[-111.08173802399995,26.009466674255815],[-111.08295154999998,26.004731547255904],[-111.08006050499995,25.99799767225604],[-111.07327071299996,25.994743759256128],[-111.07066520299998,25.997920340256062],[-111.06908048199995,25.997101805256058],[-111.07113395699997,25.99558846825608],[-111.06991091399999,25.99391332825615],[-111.07230584199999,25.984039754256298],[-111.06960330799997,25.980693728256394],[-111.06485925799996,25.981270747256378],[-111.06744394699997,25.97737438025648],[-111.06446664599999,25.970792196256593],[-111.06655164899996,25.968772628256644],[-111.06678959499999,25.965935121256734],[-111.07084419699999,25.968395484256625],[-111.07289767199997,25.97279986625656],[-111.07914375699994,25.9719789522566],[-111.08181708099994,25.977495732256475],[-111.08722624999996,25.98326802925633],[-111.09403941999994,25.98527442925632],[-111.10114733999995,25.99765997925605],[-111.10864648599996,25.998541269256016],[-111.11996082299999,25.993894182256152],[-111.12207308599994,25.978812035256457],[-111.13234402999996,25.961412227256776],[-111.14394390199999,25.95122813425701],[-111.15097520899998,25.938718117257256],[-111.15393168999998,25.937028700257272],[-111.15786969799997,25.927159885257463],[-111.16150432399996,25.92627353625749],[-111.17163725899998,25.916666462257723],[-111.17966912999998,25.90523434225796],[-111.18119793299998,25.899725890258058],[-111.178283094,25.895978239258106],[-111.18335729399998,25.891302598258186],[-111.18147751999999,25.888756575258263],[-111.18493915999994,25.882411861258372],[-111.18159668099997,25.866500316258698],[-111.18848730299999,25.85757793225892],[-111.19518310599994,25.857996717258878],[-111.20378616699999,25.84791053925909],[-111.20402411299995,25.825314582259583],[-111.20109737599995,25.810151467259885],[-111.20225260399997,25.807272319259912],[-111.20452736899996,25.80619680325992],[-111.21110501199996,25.81564180225976],[-111.221187978,25.81786064925971],[-111.228933124,25.822500598259584],[-111.23328634799998,25.848148808259097],[-111.22742811499995,25.855165839258937],[-111.22768985599998,25.857824886258893],[-111.22435266199996,25.864963269258734],[-111.21787457899995,25.865349932258745],[-111.21455408999998,25.86979834925866],[-111.21744627599998,25.88128637225839],[-111.21979004499997,25.884308287258357],[-111.21746412199997,25.886705594258277],[-111.21584608799998,25.894635148258157],[-111.21257432999994,25.89624723325811],[-111.21365698399995,25.90525349325796],[-111.21260407299997,25.909649547257857],[-111.20708372299998,25.91424785525772],[-111.20786299699996,25.925074403257515],[-111.20987958999996,25.92659130925749],[-111.20929662199995,25.92972624925743],[-111.20359781299999,25.93457440125735],[-111.20328848299995,25.937292935257286],[-111.19992749399997,25.94118930325719],[-111.19777408199997,25.95575755325691],[-111.19324650399996,25.96063426225679],[-111.19074093199998,25.960593811256825],[-111.188078315,25.963342089256727],[-111.187428722,25.968760121256633],[-111.18042834799996,25.97609124125649],[-111.17406328899995,25.97836124725645],[-111.17062258899996,25.981416474256395],[-111.16790228999999,25.989345419256242],[-111.16800047599999,25.99302457625612],[-111.17260473299996,26.004153315255916],[-111.16953522899996,26.00771536925583],[-111.17053259999996,26.008999279255846],[-111.16889277399997,26.016367089255695],[-111.16432420899999,26.015674666255684],[-111.16261254999995,26.01927279925564],[-111.16424948999999,26.022265219255566],[-111.16709827999995,26.019831349255615],[-111.16870003799994,26.020685810255614],[-111.16789813799994,26.024262593255514],[-111.17459634199997,26.035219558255275],[-111.17543857999999,26.041727339255136],[-111.15978657699998,26.0434875902551],[-111.15227223899996,26.047118648255033],[-111.14250217199998,26.048298861255],[-111.13500449099996,26.051903149254944],[-111.13211939399999,26.053991126254928],[-111.13415978199998,26.060861820254786],[-111.13319604999998,26.06326801925474],[-111.13073501099996,26.063789565254694],[-111.12847881899997,26.067511224254623],[-111.12160217599995,26.059629259254812],[-111.12047193299999,26.060468019254763],[-111.11156085099998,26.056422935254865],[-111.10596911799998,26.056654933254862],[-111.10381570499999,26.05154504025496],[-111.10209059599998,26.05175324325496],[-111.10155164799994,26.054175534254917],[-111.09803361499996,26.05327371925492],[-111.09268022499998,26.05840692325483],[-111.08640201699995,26.059763215254836],[-111.08603558,26.055944181254905],[-111.079825186,26.060041612254803],[-111.07744096699997,26.059777492254817],[-111.07355411599997,26.063460898254736],[-111.07245718499996,26.06759973225466],[-111.07024101499997,26.067714839254645],[-111.06817334399994,26.06526016125471],[-111.06661312999995,26.068527425254626],[-111.06247286799999,26.069876579254565],[-111.05963179099997,26.07302460625451],[-111.05963179099996,26.069940825254584]]],[[[-111.17758658799995,26.044718067255108],[-111.18072028799997,26.044842284255115],[-111.18072101199999,26.045658383255073],[-111.17857060499996,26.045748278255093],[-111.17758658799995,26.044718067255108]]],[[[-110.58975168999996,27.41537138422828],[-110.59340184599995,27.40543380922843],[-110.60270636999996,27.36159263122928],[-110.59586986899996,27.35980722622929],[-110.597998766,27.358886226229302],[-110.597474682,27.356235626229378],[-110.59568970799995,27.35359474322945],[-110.59697674299997,27.356572328229397],[-110.59543657899997,27.357408276229346],[-110.58478757599994,27.348154559229553],[-110.58471532199997,27.346080550229583],[-110.58264275399995,27.346141352229587],[-110.58286712399997,27.343006621229655],[-110.58021485599994,27.33991613822967],[-110.58532081099999,27.33814157422974],[-110.57903655899997,27.335889810229784],[-110.57966403299997,27.337774201229724],[-110.57728596799996,27.332539000229822],[-110.57816157899998,27.331663170229852],[-110.57966133799995,27.33277358122985],[-110.57886261699998,27.333550694229807],[-110.58109110199997,27.333952708229816],[-110.57989662499995,27.330926500229886],[-110.58195920899999,27.32942533722992],[-110.57995352899997,27.329064287229883],[-110.57982755899997,27.32677961022995],[-110.58267971599997,27.32511780522995],[-110.58448845799997,27.327755143229908],[-110.58540447599995,27.321898344230053],[-110.57127903299995,27.311578610230242],[-110.54340594399997,27.305462251230338],[-110.53531687299996,27.30181629123044],[-110.53192382199995,27.30268532023041],[-110.53120777199997,27.298850761230458],[-110.534256358,27.288271850230668],[-110.58269550299997,27.303576277230384],[-110.59760080099996,27.312706593230228],[-110.60172395199999,27.318701365230062],[-110.60420770499996,27.326645326229936],[-110.60610241299997,27.346835868229586],[-110.59709482999995,27.391348805228724],[-110.59677931,27.414226346228293],[-110.59514217199995,27.41662652722824],[-110.58975168999996,27.41537138422828]]],[[[-110.95124013599998,27.867979895219793],[-110.950788576,27.867459325219812],[-110.95108618799998,27.867373841219795],[-110.95124013599998,27.867979895219793]]],[[[-110.95275172699996,27.87576351121963],[-110.952983954,27.876379001219657],[-110.952382389,27.87680575521963],[-110.95275172699996,27.87576351121963]]],[[[-110.86153462,27.877666629219636],[-110.86393761999996,27.874692399219672],[-110.86596642999996,27.87464851921966],[-110.85960108999997,27.880842109219547],[-110.85971217999997,27.877636029219627],[-110.86153462,27.877666629219636]]],[[[-110.95528326399996,27.884385895219452],[-110.95605307999995,27.88433593121948],[-110.95510153699996,27.88496800821944],[-110.95528326399996,27.884385895219452]]],[[[-110.83347585999996,27.90192353921914],[-110.84140453999998,27.88776373921939],[-110.84704899999998,27.88713753921941],[-110.84818341999996,27.888523739219394],[-110.84824846,27.89159901921935],[-110.84782901999995,27.888537999219388],[-110.84551791999996,27.888364419219425],[-110.84274057999994,27.890874659219364],[-110.84094445999996,27.894146779219284],[-110.84188599999999,27.895720919219244],[-110.83922079999996,27.899006649219192],[-110.83347585999996,27.90192353921914]]],[[[-110.90033217999996,27.898949719219225],[-110.90129465999996,27.899432029219206],[-110.90054487999998,27.899607289219205],[-110.90033217999996,27.898949719219225]]],[[[-110.89922237999997,27.900673689219193],[-110.89838162999996,27.90091030921915],[-110.89852296999999,27.90029394921918],[-110.89922237999997,27.900673689219193]]],[[[-110.96835785999997,27.909074819219033],[-110.97094510999995,27.909051649219013],[-110.97081062999996,27.90942765921902],[-110.96835785999997,27.909074819219033]]],[[[-110.88200468999997,27.909472229219027],[-110.88093648999995,27.910838319218975],[-110.87915559999999,27.910683739218964],[-110.87996801999998,27.908081419219016],[-110.88200468999997,27.909472229219027]]],[[[-110.87029530999996,27.90909845921901],[-110.87466908,27.906569399219045],[-110.87538662999998,27.907245369219055],[-110.87423177999995,27.91198427921898],[-110.86971634999998,27.91206022921898],[-110.87029530999996,27.90909845921901]]],[[[-110.99185968399996,27.925959859218693],[-110.991763645,27.925250523218704],[-110.99239484599997,27.925738154218692],[-110.99185968399996,27.925959859218693]]],[[[-111.05964777999999,27.929677599218635],[-111.05915491999998,27.930796119218584],[-111.05874347999998,27.929591139218658],[-111.05964777999999,27.929677599218635]]],[[[-110.99039681999996,27.935246149218553],[-110.99086670999998,27.93291824921858],[-110.99303324999995,27.934679379218533],[-110.99288454999999,27.935291829218524],[-110.99039681999996,27.935246149218553]]],[[[-111.05074528999995,27.935576799218513],[-111.05178231999997,27.935729799218525],[-111.05127087999995,27.936496739218512],[-111.05074528999995,27.935576799218513]]],[[[-111.05175425,27.938890749218462],[-111.05226145999997,27.941600779218415],[-111.05125156999999,27.93904745921846],[-111.05175425,27.938890749218462]]],[[[-111.02797791999996,27.952406909218205],[-111.02913441999999,27.948526489218292],[-111.03208891999998,27.94705325921834],[-111.02926070999996,27.952981889218194],[-111.02797791999996,27.952406909218205]]],[[[-111.12086868999995,27.953061939218216],[-111.12480481999997,27.95274573921823],[-111.11915565999999,27.95959439921811],[-111.12086868999995,27.953061939218216]]],[[[-99.90480568299995,16.821693341476756],[-99.901293271,16.821142400476745],[-99.90561234399998,16.817549611476867],[-99.90818509699994,16.819567792476796],[-99.91232351699995,16.819436825476828],[-99.91597483499999,16.82310576647673],[-99.91815037199996,16.822706362476737],[-99.91682967599996,16.823965466476686],[-99.91230337899998,16.822409580476727],[-99.91195062199995,16.82442248647667],[-99.90879712399999,16.824997120476635],[-99.90480568299995,16.821693341476756]]],[[[-101.65848355499999,17.67979404545345],[-101.65729084999998,17.677777451453498],[-101.65431652399998,17.67862513445349],[-101.65161226599997,17.675868529453563],[-101.65201304699997,17.673831304453582],[-101.65544779899994,17.677186344453517],[-101.65672319,17.673631429453618],[-101.65958791299994,17.6732883964536],[-101.66173928899998,17.676117409453568],[-101.66057315799998,17.679035185453447],[-101.65848355499999,17.67979404545345]]],[[[-104.48833942399995,19.104505242415875],[-104.48488254699998,19.10282229441593],[-104.48653683299996,19.101464927415932],[-104.48867863799997,19.102371468415917],[-104.48833942399995,19.104505242415875]]],[[[-104.81490056399997,19.231292289412593],[-104.81408807199996,19.224456655412745],[-104.81639517999999,19.223537581412796],[-104.81642783499996,19.220925344412873],[-104.81659376799998,19.224162811412754],[-104.81763821599998,19.224074025412765],[-104.81490056399997,19.231292289412593]]],[[[-104.81204429099996,19.23326796641257],[-104.81338897799998,19.23092734741257],[-104.81481671499995,19.23309644741251],[-104.81356411899998,19.234275184412514],[-104.81204429099996,19.23326796641257]]],[[[-104.87590128899996,19.273229350411505],[-104.87747212499995,19.27275012541153],[-104.87685659199997,19.273725528411486],[-104.87590128899996,19.273229350411505]]],[[[-104.96095385399997,19.307690159410615],[-104.95954295699994,19.30709118241065],[-104.95991171599998,19.306054420410668],[-104.96016461299998,19.306089427410672],[-104.96095385399997,19.307690159410615]]],[[[-104.955320686,19.310397897410574],[-104.95632936599998,19.309690741410552],[-104.95658344199997,19.31033990341055],[-104.955320686,19.310397897410574]]],[[[-104.95210367699997,19.31510233741041],[-104.95124516399994,19.314556531410428],[-104.95155275199994,19.31420882741046],[-104.95210367699997,19.31510233741041]]],[[[-105.03569438699998,19.390733868408457],[-105.03398419999996,19.38905391740853],[-105.035864012,19.388829153408548],[-105.03569438699998,19.390733868408457]]],[[[-105.03590447099998,19.441197744407212],[-105.03539549299997,19.439683019407244],[-105.03636536299996,19.440104720407227],[-105.03590447099998,19.441197744407212]]],[[[-105.06333072599995,19.47654544040628],[-105.06583065199999,19.476187848406287],[-105.06626919599995,19.47635159840629],[-105.06402288099997,19.477193214406274],[-105.06333072599995,19.47654544040628]]],[[[-105.06571824199996,19.478827735406206],[-105.06387583499999,19.477848402406245],[-105.06698482299998,19.477142752406284],[-105.06843512199998,19.477775126406225],[-105.06571824199996,19.478827735406206]]],[[[-105.085738334,19.514960933405284],[-105.085201623,19.513820176405346],[-105.08618701799998,19.514452907405328],[-105.085738334,19.514960933405284]]],[[[-105.08597670999995,19.52280629340512],[-105.08698711399995,19.521502680405153],[-105.08715911199994,19.5227536734051],[-105.08597670999995,19.52280629340512]]],[[[-105.090883261,19.524641587405068],[-105.09137936799999,19.523139490405097],[-105.09385057099996,19.52370763040506],[-105.09589416999997,19.526154894405007],[-105.09359172099995,19.526761365405015],[-105.090883261,19.524641587405068]]],[[[-105.09308923899995,19.53038532240492],[-105.09413755899999,19.529194728404924],[-105.09446186499997,19.52916371340493],[-105.09415605599999,19.530427487404893],[-105.09308923899995,19.53038532240492]]],[[[-105.08809050099995,19.53154483240488],[-105.08952848199999,19.531838760404895],[-105.08965086799999,19.53321749540485],[-105.08832716999997,19.533210438404858],[-105.08809050099995,19.53154483240488]]],[[[-105.08901359599997,19.536070883404737],[-105.08720254799995,19.534332193404815],[-105.08929335099998,19.534005700404826],[-105.08901359599997,19.536070883404737]]],[[[-105.09282125999994,19.535260882404767],[-105.09187463699999,19.53604083740479],[-105.09247063699998,19.534925203404775],[-105.09282125999994,19.535260882404767]]],[[[-105.09223006499997,19.539502523404675],[-105.09322964699999,19.537931087404708],[-105.09511788999998,19.538779028404704],[-105.09424530299998,19.540469057404632],[-105.09223006499997,19.539502523404675]]],[[[-105.10653793799997,19.548895065404427],[-105.10986629199999,19.546658859404467],[-105.10805193299996,19.544530127404567],[-105.11330486199996,19.54542922040452],[-105.10931974399995,19.55210091240436],[-105.10653793799997,19.548895065404427]]],[[[-105.11422117199999,19.54772031440445],[-105.11556360699996,19.54890127540442],[-105.11308387599996,19.548540212404408],[-105.11422117199999,19.54772031440445]]],[[[-105.10661072899997,19.55634895840424],[-105.10802820599997,19.555778714404237],[-105.10816922099997,19.55651608940424],[-105.10661072899997,19.55634895840424]]],[[[-105.110529199,19.561711607404117],[-105.11200328299998,19.557062892404193],[-105.11391972199999,19.557529704404196],[-105.11716609699995,19.55496888340429],[-105.11627204699995,19.558217799404158],[-105.11278999499997,19.560103369404125],[-105.11357491899997,19.561519795404084],[-105.110529199,19.561711607404117]]],[[[-105.13108222999995,19.57326961640381],[-105.130559281,19.573671856403763],[-105.13079503199998,19.573119512403817],[-105.13108222999995,19.57326961640381]]],[[[-105.13271763299998,19.574237421403804],[-105.133271607,19.573425583403814],[-105.13453716499998,19.57377723140379],[-105.13271763299998,19.574237421403804]]],[[[-105.13579970199999,19.573770118403818],[-105.13674099799994,19.574652291403773],[-105.13455155099996,19.57485026940378],[-105.13579970199999,19.573770118403818]]],[[[-105.14663126399995,19.57899665140367],[-105.14787120599999,19.578651360403654],[-105.1478054,19.57903059640364],[-105.14663126399995,19.57899665140367]]],[[[-105.14690623499996,19.580364532403593],[-105.146681662,19.581046673403616],[-105.14618756199997,19.580469409403612],[-105.14690623499996,19.580364532403593]]],[[[-105.29281329499997,20.545762410379325],[-105.29164572699996,20.544531075379346],[-105.29352703199999,20.54461040037935],[-105.29281329499997,20.545762410379325]]],[[[-105.27298533999999,21.0498539393669],[-105.27076794999999,21.04790842936697],[-105.27182753999995,21.046382739367],[-105.27412934999995,21.046680829367002],[-105.27544874999995,21.049384939366895],[-105.27298533999999,21.0498539393669]]],[[[-106.23198305599999,21.335811835359962],[-106.22326651299994,21.329566123360095],[-106.22655871799999,21.32463191836024],[-106.22221149299999,21.32143198036029],[-106.22543291899997,21.323124228360236],[-106.22714231199996,21.321993969360275],[-106.22611309499996,21.31909009536032],[-106.22757453599998,21.31833344436038],[-106.22766888299999,21.30929338336059],[-106.22617871199999,21.306454014360643],[-106.22982739099996,21.3005866783608],[-106.228689413,21.296901507360914],[-106.229787048,21.291858175361018],[-106.23298536399994,21.295142271360962],[-106.23379393099998,21.29919148536082],[-106.23720567099997,21.29974249836081],[-106.23966832699995,21.297967563360842],[-106.24198963999999,21.292822126360957],[-106.25170017799996,21.291555775361022],[-106.25668351899999,21.292918742360953],[-106.25950140599997,21.29753377936086],[-106.26871092399995,21.30095018036081],[-106.274323402,21.306511931360635],[-106.27754528499999,21.31398962836047],[-106.27912678999998,21.31460994636048],[-106.27553646899999,21.317568195360355],[-106.27343929099999,21.322514605360258],[-106.26977628299996,21.323653617360225],[-106.26618340699999,21.328711566360095],[-106.26384587999998,21.32918524636012],[-106.25772349099998,21.33497255635998],[-106.25208055099995,21.33287164136001],[-106.23972026699994,21.333108368360016],[-106.23661945799996,21.331383101360075],[-106.23180464499995,21.333316573359987],[-106.23198305599999,21.335811835359962]]],[[[-106.43360893999994,21.49245814935616],[-106.42449322999994,21.4905389693562],[-106.42385108999997,21.48883513935625],[-106.42033299999997,21.487878919356294],[-106.41487868999997,21.488664519356252],[-106.41218582999994,21.486191679356306],[-106.40527505999997,21.486109109356292],[-106.40120691,21.483341489356377],[-106.37706490999994,21.48298999935636],[-106.37119648999999,21.48068161935644],[-106.36976914999998,21.47354964935662],[-106.3616578,21.46351394935686],[-106.35863753999996,21.455273349357043],[-106.36672594999999,21.455594059357068],[-106.38033308999997,21.44839876935721],[-106.38367966,21.438620919357465],[-106.38307059999995,21.436332249357537],[-106.38648601999995,21.43149601935764],[-106.38538365999995,21.428177369357726],[-106.38831728999999,21.424213799357826],[-106.3851686,21.42126704935787],[-106.38637484999998,21.419754419357915],[-106.39207358,21.4196754893579],[-106.39461214999994,21.421397599357856],[-106.39673971999997,21.419893849357912],[-106.40879928,21.424779419357797],[-106.41258027999999,21.42284194935786],[-106.41481796999994,21.42566553935779],[-106.41431657999999,21.427285199357716],[-106.41811442999996,21.42715659935774],[-106.41811579999997,21.430468659357633],[-106.42208910999994,21.432867109357627],[-106.42510596999996,21.43275181935763],[-106.43608574999998,21.437232539357467],[-106.44199588999999,21.43745253935747],[-106.44530901999997,21.43562133935755],[-106.44492779999996,21.43878110935743],[-106.44672176999995,21.441559059357374],[-106.44974893999996,21.443065459357374],[-106.45077641999995,21.44220211935737],[-106.45211745999997,21.443980829357322],[-106.45601470999998,21.443268249357367],[-106.45606727999996,21.445202429357312],[-106.45994865999995,21.445792199357275],[-106.46200936999999,21.448675709357204],[-106.46875996999997,21.45128441935714],[-106.47791754999999,21.45146454935713],[-106.48030854999996,21.449614139357198],[-106.47961108999999,21.452108689357125],[-106.48075722999995,21.45387381935711],[-106.48353136999998,21.45263407935713],[-106.48262191999999,21.45502408935706],[-106.48417170999994,21.45586305935706],[-106.48516277999995,21.460125019356973],[-106.48908451999996,21.46167165935689],[-106.49024607999996,21.465659849356822],[-106.49400833999995,21.466203229356818],[-106.49195939999998,21.46990151935672],[-106.48766270999995,21.472901149356623],[-106.48375962999997,21.480109319356462],[-106.48176647999999,21.479218829356462],[-106.47234285999997,21.483978679356383],[-106.45997145999998,21.49478361935613],[-106.44502887999994,21.493815109356156],[-106.43808082999999,21.49766471935602],[-106.43360893999994,21.49245814935616]]],[[[-106.65397774999997,21.693519719351315],[-106.62658588999996,21.69185379935137],[-106.62344047999996,21.688833919351428],[-106.60785317999995,21.691664829351357],[-106.60603073999995,21.690035079351393],[-106.59823876999998,21.69032876935142],[-106.59614939999994,21.686209719351474],[-106.57510696999998,21.68191522935164],[-106.56626214999994,21.67530474935178],[-106.55053237,21.669774509351875],[-106.53630704999995,21.658084319352188],[-106.53486217999995,21.653190919352294],[-106.53928585999995,21.64439276935248],[-106.53799545499999,21.634886212352768],[-106.53569155799994,21.63457597835272],[-106.53714208799994,21.632841769352762],[-106.51752874999994,21.613074349353248],[-106.51356274999995,21.606143089353424],[-106.50569987999995,21.603345229353508],[-106.51205656999997,21.59745319935366],[-106.51562390999999,21.585926249353918],[-106.51554127999998,21.580128309354084],[-106.51184739999997,21.57046237935428],[-106.51580928999999,21.57093408935426],[-106.52112577999998,21.567011859354345],[-106.52125781999996,21.560937059354533],[-106.52704490999997,21.558349119354585],[-106.53352416999998,21.550860889354723],[-106.53220117999996,21.54476921935488],[-106.54167762999998,21.54431159935494],[-106.54138250999995,21.549297109354796],[-106.53833818,21.55180437935475],[-106.53763533999995,21.555616109354666],[-106.54622670999998,21.563214849354473],[-106.54879707999999,21.563987569354442],[-106.55228845,21.561693799354497],[-106.55294427999996,21.565258229354395],[-106.55799805,21.56626664935438],[-106.55893821999996,21.564626059354396],[-106.560908,21.567687379354346],[-106.59149168999996,21.57840964935407],[-106.62897288999996,21.59861208935363],[-106.63073454999994,21.602417169353497],[-106.62767404999995,21.609001179353378],[-106.62951187999994,21.618468379353104],[-106.63724939999997,21.626940969352958],[-106.63663881999997,21.628745579352888],[-106.64130691999998,21.63504701935275],[-106.64392124999995,21.64404030935251],[-106.65622436999998,21.656616279352214],[-106.64798821999995,21.661467309352084],[-106.64729794,21.67453359935182],[-106.65027887999997,21.68218642935161],[-106.66048213999994,21.69358014935134],[-106.65493908999997,21.695320349351274],[-106.65397774999997,21.693519719351315]]],[[[-106.67244202999996,21.7749472193494],[-106.66907682,21.771453459349463],[-106.67036756999994,21.768488229349554],[-106.66808296999996,21.76642637934958],[-106.66899641999998,21.763988459349665],[-106.66569331999995,21.758221579349794],[-106.66531891999995,21.748701449350015],[-106.65771565999995,21.739452689350244],[-106.67215522999999,21.729664799350434],[-106.67795739999997,21.728686149350484],[-106.68745864999995,21.7457910293501],[-106.68572288999998,21.756636059349837],[-106.68772677999999,21.759368229349775],[-106.68165414999999,21.758709049349775],[-106.67840761999997,21.76762494934954],[-106.67818104999998,21.77352373934941],[-106.67244202999996,21.7749472193494]]],[[[-105.88172495299996,21.850382071347603],[-105.87984209099994,21.843132318347767],[-105.88269158299994,21.844892146347732],[-105.88487548199998,21.843665745347757],[-105.88485180899994,21.840633300347797],[-105.88736584799996,21.84080992734782],[-105.88639700899995,21.84843207934765],[-105.88945078299997,21.84946589434761],[-105.88870570399996,21.85260790734753],[-105.89040775699999,21.853615865347496],[-105.88524887499996,21.853205903347515],[-105.88172495299996,21.850382071347603]]],[[[-106.41316797399999,23.173076811316786],[-106.41292115299996,23.173295216316784],[-106.41287434099996,23.17305843631683],[-106.41316797399999,23.173076811316786]]],[[[-106.40313516299996,23.180259666316633],[-106.40394693699994,23.178402060316678],[-106.40442870399994,23.18012339231663],[-106.40313516299996,23.180259666316633]]],[[[-106.44055330299994,23.18473902231657],[-106.43932452699994,23.184012319316547],[-106.44063514099999,23.18377678931653],[-106.44055330299994,23.18473902231657]]],[[[-106.43621118999994,23.18674986931648],[-106.43646015599995,23.18777594531647],[-106.43584020299996,23.187411989316477],[-106.43621118999994,23.18674986931648]]],[[[-106.467224709,23.222319277315684],[-106.46354967599997,23.227724891315543],[-106.46329014899999,23.224564702315654],[-106.467224709,23.222319277315684]]],[[[-106.463665683,23.23686222531534],[-106.46231414899995,23.23090786231548],[-106.46403309699997,23.22779587931555],[-106.46680657099996,23.230352020315493],[-106.46620218799995,23.231299045315495],[-106.47130203199998,23.234100925315424],[-106.46731488499995,23.239182913315286],[-106.463665683,23.23686222531534]]],[[[-106.47453565499997,23.258072857314882],[-106.47276912899997,23.255999876314952],[-106.473557364,23.251549572315007],[-106.47949718899999,23.25035559831505],[-106.47927264899994,23.25685449431488],[-106.47453565499997,23.258072857314882]]],[[[-96.22777465999997,15.686967954508287],[-96.22794606799995,15.685508440508295],[-96.22825128499994,15.685270020508343],[-96.23123161599995,15.686983570508273],[-96.23130954899995,15.687773351508236],[-96.22777465999997,15.686967954508287]]],[[[-96.22210455399994,15.690943097508162],[-96.22259091799998,15.689763480508207],[-96.22357319499997,15.690207513508208],[-96.22332572699999,15.690839963508196],[-96.22210455399994,15.690943097508162]]],[[[-96.16235282899999,15.721039565507324],[-96.16021829699997,15.718180038507407],[-96.16154794399995,15.718404170507378],[-96.16041962499997,15.717138900507436],[-96.16145548999998,15.71638819450744],[-96.16180351999999,15.718414253507383],[-96.16261485899997,15.717149213507453],[-96.16399934899994,15.718176603507416],[-96.16235282899999,15.721039565507324]]],[[[-96.11891316399999,15.747929214506566],[-96.11859613099995,15.747043902506617],[-96.11976036099999,15.747458561506608],[-96.11891316399999,15.747929214506566]]],[[[-96.11698717599995,15.74777506350657],[-96.11745703899999,15.748249215506545],[-96.116855301,15.747982039506576],[-96.11698717599995,15.74777506350657]]],[[[-96.11592768899999,15.74898594050654],[-96.11603147499994,15.748570399506557],[-96.11602314499999,15.74899927350651],[-96.11592768899999,15.74898594050654]]],[[[-96.11624372899996,15.749139188506549],[-96.11651999399999,15.749069098506538],[-96.11646266199996,15.749259962506525],[-96.11624372899996,15.749139188506549]]],[[[-96.08274431999996,15.763603664506139],[-96.084796898,15.762936180506136],[-96.08478893999995,15.765564838506052],[-96.08307866099994,15.764713397506076],[-96.08274431999996,15.763603664506139]]],[[[-96.09482844999997,15.771537306505923],[-96.09492849699997,15.771906143505914],[-96.09460120399997,15.7718430095059],[-96.09482844999997,15.771537306505923]]],[[[-97.35132147299998,15.93767997150126],[-97.35269122399997,15.9365210485013],[-97.35296529399994,15.937609912501275],[-97.35132147299998,15.93767997150126]]],[[[-95.57455306599998,15.941599855501122],[-95.57507435299999,15.940248210501167],[-95.57688520599999,15.941400377501113],[-95.57612176399994,15.941911249501098],[-95.57455306599998,15.941599855501122]]],[[[-96.09294393399995,19.174369927414038],[-96.09293070699995,19.17641070241399],[-96.09212775899994,19.177245709413956],[-96.09099471999997,19.175329250414027],[-96.09294393399995,19.174369927414038]]],[[[-91.95672890999998,20.19706053938802],[-91.95602807999995,20.19592639938807],[-91.95774351999995,20.196741659388028],[-91.95672890999998,20.19706053938802]]],[[[-91.97847284999995,20.20404196938783],[-91.97655496999994,20.202769689387853],[-91.97896248999996,20.204030019387858],[-91.97847284999995,20.20404196938783]]],[[[-91.96381908999996,20.201973579387918],[-91.96246027999996,20.206109459387797],[-91.96231977999997,20.208619979387716],[-91.96100430999996,20.207520449387758],[-91.96145751999995,20.202151249387878],[-91.96381908999996,20.201973579387918]]],[[[-90.49892348999998,20.34320451938433],[-90.49743824999996,20.344448419384324],[-90.49614745999997,20.34321736938436],[-90.49715874999998,20.342300179384388],[-90.49892348999998,20.34320451938433]]],[[[-90.46488821999998,20.642032049376947],[-90.47473913999994,20.61028228937771],[-90.47085704999995,20.60378042937785],[-90.47090816999997,20.598392419377994],[-90.47435044999997,20.599712579378004],[-90.47825116999996,20.618260539377523],[-90.47284196999999,20.631870079377176],[-90.46965370999999,20.65306602937666],[-90.46479942999997,20.645886829376842],[-90.46488821999998,20.642032049376947]]],[[[-90.46402442999994,20.649913779376753],[-90.47040853999994,20.65610573937657],[-90.46944539999998,20.6584286593765],[-90.46601128999998,20.658367879376552],[-90.46158497999994,20.655516259376608],[-90.46123934999997,20.63829504937704],[-90.46402442999994,20.649913779376753]]],[[[-90.45252551999994,20.684396659375892],[-90.45149321999997,20.67359082937612],[-90.45486857999998,20.676588979376096],[-90.45647605999994,20.67657230937606],[-90.45686247999998,20.674530849376122],[-90.45583096999997,20.672199619376208],[-90.45291893999996,20.672548859376196],[-90.45180031999996,20.670077149376244],[-90.45155479999994,20.66493408937634],[-90.45304824999994,20.664234519376365],[-90.45409893999994,20.655891629376576],[-90.45767708999995,20.66199311937641],[-90.46570707999996,20.667367889376294],[-90.46677077999999,20.672806169376173],[-90.46666256999998,20.676862889376064],[-90.45901259999994,20.68976561937576],[-90.45860311999996,20.693744319375654],[-90.45252551999994,20.684396659375892]]],[[[-92.22820000099995,20.90499998037046],[-92.23440000099998,20.9025999803705],[-92.23890000099999,20.898499980370598],[-92.24530000099998,20.901799980370537],[-92.22530000199998,20.913599980370243],[-92.22240000199997,20.91289998037027],[-92.22240000099998,20.91019998037034],[-92.22470000099997,20.90729998037039],[-92.22740000099998,20.907699980370403],[-92.22820000099995,20.90499998037046]]],[[[-92.20300000099996,20.921999981370032],[-92.21300000099995,20.913499980370222],[-92.21570000099996,20.913899980370218],[-92.21610000099997,20.915899981370174],[-92.21370000099995,20.91909998137009],[-92.21710000099995,20.91759998037011],[-92.21710000099995,20.91939998037007],[-92.21210000099995,20.924199980369995],[-92.20670000099994,20.925099981369975],[-92.20610000099998,20.93079998136982],[-92.20070000099997,20.93459998136973],[-92.19880000099994,20.933399980369742],[-92.19840000099998,20.930099981369835],[-92.20510000099995,20.924399980369934],[-92.20300000099996,20.921999981370032]]],[[[-92.20060000099994,20.925199981369943],[-92.20110000099999,20.924099980369967],[-92.20120000099996,20.925199981369943],[-92.20060000099994,20.925199981369943]]],[[[-92.19760000099996,20.92869998136989],[-92.19750000099998,20.926399981369944],[-92.19960000099996,20.92559998036996],[-92.19960000199995,20.926199981369937],[-92.19760000099996,20.92869998136989]]],[[[-92.29800000099999,20.987499978368437],[-92.30150000099997,20.986999978368466],[-92.30110000199994,20.984399978368497],[-92.30660000099994,20.982399977368548],[-92.30800000099998,20.97929997736861],[-92.30640000099999,20.9770999773687],[-92.31370000099997,20.972699977368773],[-92.31860000099994,20.971199977368855],[-92.32000000099998,20.973899977368777],[-92.32270000099999,20.972999977368804],[-92.32420000099995,20.97419997736876],[-92.32170000199994,20.97759997736867],[-92.31230000099998,20.98039997736859],[-92.31360000199999,20.98199997836854],[-92.32570000099997,20.97959997736863],[-92.32390000099997,20.984599977368504],[-92.32060000099995,20.985599977368462],[-92.31960000199996,20.98409997736853],[-92.31560000199994,20.984399977368504],[-92.31410000199998,20.987499977368444],[-92.31280000099997,20.987399977368412],[-92.31310000099995,20.984599978368493],[-92.30700000099995,20.990099978368335],[-92.29920000099997,20.98899997736837],[-92.29800000099999,20.987499978368437]]],[[[-97.22085439899996,21.477570333356535],[-97.22520921199998,21.473048021356632],[-97.22503679199997,21.46873686235674],[-97.23040281799996,21.46864569135674],[-97.22667097499999,21.471368513356687],[-97.22849500499996,21.472673047356626],[-97.22085439899996,21.477570333356535]]],[[[-92.08080000099994,21.839999984347862],[-92.07900000099994,21.839299984347832],[-92.07970000199998,21.837499984347872],[-92.08160000099997,21.83839998334786],[-92.08080000099994,21.839999984347862]]],[[[-91.38750000099998,22.11159999434141],[-91.38590000099998,22.11149999434139],[-91.38720000099994,22.110599994341396],[-91.38750000099998,22.11159999434141]]],[[[-91.38300000099997,22.11539999434133],[-91.38400000099995,22.116399994341283],[-91.38280000099996,22.11739999434124],[-91.38019999999995,22.11659999434128],[-91.38300000099997,22.11539999434133]]],[[[-91.40789999999998,22.11909999334123],[-91.40870000099994,22.11749999434127],[-91.40919999999994,22.119099994341227],[-91.40789999999998,22.11909999334123]]],[[[-91.40449999999998,22.11759999334124],[-91.40580000099999,22.11829999434123],[-91.40590000099996,22.119199994341205],[-91.40449999999998,22.11759999334124]]],[[[-91.38990000099994,22.122899994341143],[-91.38810000099994,22.12279999434112],[-91.38840000099998,22.12199999434118],[-91.38990000099994,22.122899994341143]]],[[[-89.75409462299996,22.493295873332464],[-89.74929514999997,22.493998912332422],[-89.74953772999999,22.491366359332467],[-89.75391947299994,22.490268480332517],[-89.75409462299996,22.493295873332464]]],[[[-89.76338716899994,22.4991625503323],[-89.75914385699997,22.49390851233245],[-89.75532655499995,22.487356268332565],[-89.75861032699999,22.47996232533279],[-89.76116744199999,22.48829340333256],[-89.76650382199995,22.494384670332398],[-89.77017193699999,22.495457681332404],[-89.77115481899995,22.497464346332357],[-89.77827562799996,22.498829577332305],[-89.77789107199999,22.500303353332274],[-89.78448996499998,22.505457952332186],[-89.77801565599998,22.510971054332014],[-89.77405173199998,22.51209085433202],[-89.76910568299996,22.50534847233214],[-89.77098826199995,22.500791008332303],[-89.76338716899994,22.4991625503323]]],[[[-89.75785906099998,22.50553245033219],[-89.76092789599994,22.506017483332144],[-89.76117742399998,22.5086454133321],[-89.75780176999996,22.508955659332063],[-89.75785906099998,22.50553245033219]]],[[[-89.75451226799998,22.52228434533177],[-89.75009897099994,22.52005293433179],[-89.75234961499996,22.518285761331878],[-89.75451226799998,22.52228434533177]]],[[[-89.76007271999998,22.561023819330885],[-89.76324544899995,22.561156240330874],[-89.76331140099995,22.5629411443308],[-89.76232002499995,22.561685036330893],[-89.76007271999998,22.561023819330885]]],[[[-89.76417859299994,22.562754565330803],[-89.77627524299999,22.56070639733087],[-89.77805969699995,22.562623724330834],[-89.77495282199999,22.5638132943308],[-89.76417859299994,22.562754565330803]]],[[[-89.78014959599994,22.559981002330925],[-89.78074359899995,22.56586463233075],[-89.78028080799999,22.566657861330754],[-89.77823263299996,22.560906269330854],[-89.78014959599994,22.559981002330925]]],[[[-89.77623386699997,22.56485002533077],[-89.77662990099998,22.56875040333073],[-89.77544068699996,22.565048254330755],[-89.77623386699997,22.56485002533077]]],[[[-89.77348123299998,22.56684445633075],[-89.77526525999997,22.570744992330667],[-89.77486843599996,22.57266205633061],[-89.77348123299998,22.56684445633075]]],[[[-89.75699308599997,22.568063426330685],[-89.75569518299994,22.57736913233049],[-89.75256765399996,22.582403064330386],[-89.75096663999994,22.578741543330434],[-89.75371283399994,22.57386010933057],[-89.75462910499994,22.566385012330752],[-89.75584942499995,22.56592750133074],[-89.75699308599997,22.568063426330685]]],[[[-89.75582672699994,22.58157631833042],[-89.75964740899997,22.575303099330533],[-89.76026018699997,22.581639302330377],[-89.75582672699994,22.58157631833042]]],[[[-89.76514479899998,22.578917360330447],[-89.76385919299997,22.578923744330464],[-89.76425721899994,22.580944261330423],[-89.76216969799998,22.580778457330403],[-89.76423761699994,22.576928735330533],[-89.76514479899998,22.578917360330447]]],[[[-87.64359316999997,19.186405939413735],[-87.64708384999994,19.18639387941372],[-87.64264979999996,19.188369909413705],[-87.63963853999996,19.186952619413738],[-87.64028928999994,19.18454105941381],[-87.64453713999995,19.184595549413782],[-87.64359316999997,19.186405939413735]]],[[[-87.63283581999997,19.194875019413512],[-87.62753513999996,19.196700199413492],[-87.62966014999995,19.192780549413595],[-87.62861634999996,19.190976979413644],[-87.63401773999999,19.193063849413576],[-87.63283581999997,19.194875019413512]]],[[[-87.62852931999998,19.20255474941333],[-87.63104001999994,19.202715029413316],[-87.63080601999997,19.203691679413325],[-87.62866868999998,19.20446724941328],[-87.62852931999998,19.20255474941333]]],[[[-87.65202424999995,19.215542029412994],[-87.64023854999994,19.21852368941291],[-87.61456367999995,19.236026089412476],[-87.61954751999997,19.230242169412612],[-87.63250150999994,19.220812169412852],[-87.64094784999998,19.217051149412928],[-87.65202424999995,19.215542029412994]]],[[[-87.60194965999995,19.235847249412483],[-87.60454444999993,19.23545437941251],[-87.60559279999995,19.234172369412526],[-87.60586111999999,19.235380739412474],[-87.60322091999996,19.23692082941243],[-87.60194965999995,19.235847249412483]]],[[[-87.51842790999996,19.370812649409007],[-87.50105291999995,19.36157919940924],[-87.49517602999998,19.353624769409453],[-87.48344385999997,19.34447504940964],[-87.48066317999996,19.339639549409814],[-87.47842697999994,19.339040079409834],[-87.47926759999996,19.335405719409895],[-87.48598234999997,19.339322769409772],[-87.48577491999998,19.341139379409782],[-87.48918939999999,19.344358829409657],[-87.49462330999995,19.34676557940963],[-87.49484797999997,19.35069977940954],[-87.50091754999994,19.352095689409477],[-87.50548971999996,19.350973249409492],[-87.50720814999994,19.35611397940935],[-87.50625791999994,19.35853804940931],[-87.50998207999999,19.3584267494093],[-87.50901651999999,19.355907149409393],[-87.51497999999998,19.35730287940937],[-87.51477350999994,19.359321309409278],[-87.51808728999998,19.36405384940917],[-87.51842790999996,19.370812649409007]]],[[[-87.57235734999995,19.398278999408298],[-87.56544867999997,19.397258719408292],[-87.56554688999995,19.393705319408397],[-87.57161317999999,19.39434564940839],[-87.57350348999995,19.3970249794083],[-87.57235734999995,19.398278999408298]]],[[[-87.55073379999999,19.40823228940804],[-87.55550451999994,19.41070274940796],[-87.55443864999995,19.41371477940791],[-87.54939548999994,19.412374549407915],[-87.54874630999996,19.40914176940804],[-87.55073379999999,19.40823228940804]]],[[[-87.65915448999993,19.507493399405476],[-87.65906590999998,19.504475849405576],[-87.66184950999997,19.50469174940557],[-87.66066939999996,19.5074066494055],[-87.65915448999993,19.507493399405476]]],[[[-87.66163013999994,19.509291629405457],[-87.65649493999996,19.516682999405266],[-87.65782611999998,19.511256919405394],[-87.66163013999994,19.509291629405457]]],[[[-87.57741942999996,19.56519593940399],[-87.57590897999995,19.565723889404016],[-87.57695999999999,19.564747979404018],[-87.57741942999996,19.56519593940399]]],[[[-87.56633933999996,19.577661549403725],[-87.56714097999998,19.576591279403726],[-87.56751871999995,19.576868949403735],[-87.56633933999996,19.577661549403725]]],[[[-87.56257234999998,19.58044733940361],[-87.56170401999998,19.580332949403644],[-87.56238508999996,19.58008151940366],[-87.56257234999998,19.58044733940361]]],[[[-87.55820857999998,19.58314951940358],[-87.55771236999999,19.583565429403574],[-87.55769668999994,19.583282519403575],[-87.55820857999998,19.58314951940358]]],[[[-87.64766568999994,19.587612519403432],[-87.64812696999996,19.586690449403463],[-87.64852190999994,19.58698299940344],[-87.64766568999994,19.587612519403432]]],[[[-87.65944565999996,19.588015179403463],[-87.65964734999994,19.587357479403444],[-87.66010908999993,19.587672449403453],[-87.65944565999996,19.588015179403463]]],[[[-87.63883525999995,19.587476319403454],[-87.63640022999994,19.589346049403428],[-87.63588225999996,19.58862653940342],[-87.63883525999995,19.587476319403454]]],[[[-87.70264397999995,19.592609489403287],[-87.69058448999994,19.587930539403448],[-87.67545668999998,19.587406509403454],[-87.69466528999999,19.587234149403425],[-87.69771104999995,19.58761990940345],[-87.69708807999996,19.58921239940342],[-87.69954433999999,19.5897849994034],[-87.71304847999994,19.59034254940338],[-87.70475853999994,19.590971419403374],[-87.70264397999995,19.592609489403287]]],[[[-87.49771830999998,19.592584799403316],[-87.49649482999996,19.589948629403374],[-87.49925496999998,19.591270889403322],[-87.49933188999995,19.59261796940331],[-87.49771830999998,19.592584799403316]]],[[[-87.51790301999995,19.61175248940285],[-87.52087657999994,19.606248379402977],[-87.52342364999998,19.60474517940302],[-87.52154134999995,19.60996779940288],[-87.52300807999995,19.613208229402794],[-87.51790301999995,19.61175248940285]]],[[[-87.51734925999995,19.627883489402414],[-87.52001919999998,19.622825489402526],[-87.52066713999994,19.623187479402556],[-87.51905787999993,19.62857307940236],[-87.51503185999997,19.628930429402367],[-87.51647617999998,19.627053339402412],[-87.51734925999995,19.627883489402414]]],[[[-87.68092484999994,19.646426769401955],[-87.67719285999999,19.64595365940194],[-87.67325427999998,19.642194569402072],[-87.67582168999996,19.641028709402075],[-87.68007001999996,19.641986879402047],[-87.68162293999995,19.64423308940201],[-87.68092484999994,19.646426769401955]]],[[[-87.69674064999998,19.64545456940194],[-87.69756630999996,19.64307776940203],[-87.69936508999996,19.642644879402027],[-87.69938068999994,19.646235799401957],[-87.69674064999998,19.64545456940194]]],[[[-87.70442122999998,19.64796708940192],[-87.70431754999998,19.645988579401944],[-87.70726228999996,19.64561722940194],[-87.71345414999996,19.648786019401882],[-87.70847005999997,19.65010999940184],[-87.70442122999998,19.64796708940192]]],[[[-88.28475681499998,21.564437019354443],[-88.28415026699997,21.562831066354462],[-88.28553646699999,21.56312888535448],[-88.28475681499998,21.564437019354443]]],[[[-89.66263003199998,22.371536708335295],[-89.66281031699998,22.36858583633538],[-89.66359675299998,22.36837889733537],[-89.66431713199995,22.370673925335314],[-89.66263003199998,22.371536708335295]]],[[[-89.67378227399996,22.36755350633536],[-89.66698442499995,22.372855044335257],[-89.66505733499997,22.371832625335298],[-89.66849978299996,22.368251303335384],[-89.67378227399996,22.36755350633536]]],[[[-89.67825969299997,22.37766129733518],[-89.68015263799998,22.380314132335105],[-89.67856173699994,22.381495434335044],[-89.67495869299995,22.38146512333506],[-89.67258028299995,22.378484862335124],[-89.67460516499995,22.376886363335156],[-89.67825969299997,22.37766129733518]]],[[[-89.66858186399998,22.37989608533508],[-89.66694835499999,22.379620481335117],[-89.66818967099994,22.37909317833512],[-89.66858186399998,22.37989608533508]]],[[[-89.68002601799998,22.38371128433502],[-89.67912014299998,22.382156080335054],[-89.68198547899999,22.38021464333507],[-89.68002601799998,22.38371128433502]]],[[[-89.67772288999998,22.388402198334884],[-89.67916807899996,22.38749334533491],[-89.67963751599996,22.39012257633486],[-89.67823878599995,22.38982974333486],[-89.67772288999998,22.388402198334884]]],[[[-89.67411250899994,22.388896496334905],[-89.67616366599998,22.389422445334844],[-89.67452388999999,22.39047238833482],[-89.67411250899994,22.388896496334905]]],[[[-89.72591222099999,22.424303321334087],[-89.72928650899996,22.424548312334057],[-89.72848239899997,22.428486075333986],[-89.72622740199995,22.428474996333925],[-89.72457575599998,22.426506244334004],[-89.72591222099999,22.424303321334087]]],[[[-89.71974206899995,22.427479602333996],[-89.72091916699998,22.427790499333987],[-89.72069843699995,22.428496123333964],[-89.72002545199996,22.428623231333976],[-89.71974206899995,22.427479602333996]]],[[[-89.72711492999997,22.42922642233394],[-89.72864889399995,22.428789449333966],[-89.73219937799996,22.42481992833401],[-89.73380556899997,22.427648022334],[-89.73031635599995,22.42949134533396],[-89.73354220999994,22.42994136733395],[-89.73166370999996,22.431189872333903],[-89.73437917199999,22.431550968333898],[-89.73325821099996,22.43358309933388],[-89.73778603199997,22.43341356533386],[-89.73784488899997,22.43558794233377],[-89.73475566199994,22.437029312333745],[-89.73186212299998,22.435786156333787],[-89.73031918999999,22.431709483333893],[-89.72711492999997,22.42922642233394]]],[[[-89.72023173399998,22.4305187603339],[-89.71634639299998,22.43182793233385],[-89.71615525599998,22.43043450533391],[-89.72023173399998,22.4305187603339]]],[[[-89.72747885799998,22.433576214333865],[-89.72854626999998,22.43302488633385],[-89.72850387599999,22.433484375333823],[-89.72747885799998,22.433576214333865]]],[[[-89.74381222999995,22.435035139333785],[-89.74089223099998,22.43576687333376],[-89.74136675599999,22.439059198333716],[-89.73902772799994,22.439113950333684],[-89.73863419299994,22.437756677333727],[-89.73660042899996,22.440125940333722],[-89.73549711099997,22.439435330333687],[-89.73553390699999,22.43763018533373],[-89.73902400499998,22.436341275333795],[-89.73959029399998,22.433011323333876],[-89.74250662299994,22.433725779333823],[-89.74381222999995,22.435035139333785]]],[[[-89.73316559399996,22.440388341333698],[-89.73152161899998,22.44083588733365],[-89.73079614899996,22.43908568933373],[-89.73248247099997,22.43868492233372],[-89.73316559399996,22.440388341333698]]],[[[-89.72596970199999,22.443201854333605],[-89.72696077599994,22.439628552333673],[-89.72937040399995,22.44007382033369],[-89.72939781399998,22.443149750333646],[-89.72736000699996,22.44204706233367],[-89.72596970199999,22.443201854333605]]],[[[-89.72381615899997,22.44571330433353],[-89.72308021099997,22.44357167833362],[-89.72589062499998,22.444142987333617],[-89.72556213599995,22.445678980333582],[-89.72381615899997,22.44571330433353]]],[[[-89.74331718899998,22.4565456293333],[-89.73820425699995,22.447159788333543],[-89.73866658999998,22.44021823933367],[-89.74741969599995,22.442833225333633],[-89.74483321999998,22.444457336333606],[-89.74448467799994,22.446551052333557],[-89.74559831899995,22.45411923633335],[-89.75223936799995,22.458165390333235],[-89.75247389599997,22.46322253233318],[-89.75456408199994,22.46418437333315],[-89.75652245999999,22.469113441332993],[-89.75925366799999,22.470188225333],[-89.76081145199998,22.475808597332875],[-89.75746908599996,22.4786083383328],[-89.75554628799995,22.484164103332674],[-89.74792581699995,22.475409677332877],[-89.74929739299995,22.462761614333147],[-89.74331718899998,22.4565456293333]]],[[[-89.74446584099996,22.475606056332854],[-89.74233697399995,22.475906665332868],[-89.74015171299999,22.472176749332974],[-89.74476655199999,22.47206205033291],[-89.74446584099996,22.475606056332854]]],[[[-89.66798509599994,22.554840617331042],[-89.62519745199995,22.504768660332207],[-89.61654784999996,22.48982439933252],[-89.60958741999997,22.469301518333005],[-89.60869464399997,22.43897295733369],[-89.61311181799994,22.422873866334115],[-89.63078789999997,22.38510888633498],[-89.63782300699995,22.37614688233518],[-89.64684233499997,22.368626294335375],[-89.65296942899994,22.36693898333541],[-89.65285473399996,22.369292411335344],[-89.65538587999998,22.370508122335295],[-89.65614204999997,22.367386486335366],[-89.66021000699999,22.365446693335453],[-89.66223034599994,22.36846699333538],[-89.66127602999995,22.37121112833532],[-89.65560614399999,22.374703151335204],[-89.65513961599999,22.376825835335147],[-89.65115638999998,22.376339777335176],[-89.65166456199995,22.378405693335125],[-89.64661167299994,22.382990497335],[-89.64713863699995,22.38820412833488],[-89.64826413099996,22.38739042133493],[-89.64865789199996,22.389013209334863],[-89.65266812099998,22.39063698733484],[-89.65169026699994,22.38650825033496],[-89.65417176499994,22.388262419334897],[-89.65563931499997,22.387114482334955],[-89.65228199999996,22.38557934633494],[-89.65434124699999,22.383502518335003],[-89.65306910299995,22.380869018335062],[-89.65569754299997,22.379658702335128],[-89.65827684099997,22.380637128335064],[-89.65646675499994,22.37568110233517],[-89.66084622699998,22.375852793335167],[-89.66104331499997,22.373168457335268],[-89.66291321099999,22.372571078335287],[-89.66560465799995,22.374016441335208],[-89.66376689099997,22.38404603733502],[-89.66245112399997,22.383418571334996],[-89.66211788499999,22.378485775335122],[-89.65956346899998,22.378011820335118],[-89.66111017299994,22.38074096833508],[-89.65814995099998,22.384994283335],[-89.65966545499998,22.38598376533495],[-89.65868727899993,22.390093587334885],[-89.66094114199996,22.390949413334823],[-89.65986852499998,22.386861365334937],[-89.66328572999998,22.384676370334994],[-89.66354874299998,22.389067673334882],[-89.67126706699997,22.392047687334802],[-89.67139579499997,22.3886442573349],[-89.67207080799994,22.392221915334794],[-89.67552876299999,22.391625038334837],[-89.67936364099995,22.395006002334743],[-89.67942983899997,22.3970906433347],[-89.68098269499995,22.396069846334708],[-89.68715869599998,22.39761896933467],[-89.68696818499996,22.3958257443347],[-89.68276603499999,22.39325937033479],[-89.68308387799999,22.389126151334906],[-89.67978993299994,22.38664203033495],[-89.68303436699995,22.379973168335088],[-89.68482569699995,22.3791040423351],[-89.69291459899995,22.381440795335056],[-89.69370815499997,22.382950758335017],[-89.69080608599995,22.383332109335],[-89.68754818499997,22.388906703334914],[-89.69260856699998,22.39473592733474],[-89.69631855499995,22.395828230334715],[-89.69655774899996,22.399969834334616],[-89.70215212699998,22.408445060334447],[-89.70989925299995,22.412457924334355],[-89.71267938599999,22.415693441334287],[-89.72986177499996,22.420973085334158],[-89.72843879399994,22.421669633334133],[-89.72912447099998,22.423383789334085],[-89.72749169699995,22.424217893334042],[-89.72572485199998,22.42299212633408],[-89.72334404299994,22.424860210334067],[-89.71369232899997,22.421775554334133],[-89.71018439299996,22.417961141334178],[-89.69709611299999,22.41685376733425],[-89.69391839099995,22.41510617433428],[-89.68967105999997,22.416032117334233],[-89.68961620099998,22.418305957334226],[-89.69363219399997,22.418808371334197],[-89.69507281099999,22.421454937334133],[-89.69087827199996,22.42334948133408],[-89.69186496699996,22.425296794334052],[-89.69825650599995,22.42418057033403],[-89.69932222399996,22.426676576333968],[-89.69649567299996,22.42747119633398],[-89.70160196699999,22.432464732333898],[-89.70551929199996,22.431157670333896],[-89.70880727099996,22.433966121333853],[-89.71853738599998,22.433065013333884],[-89.71984886899997,22.433690399333834],[-89.71938430699998,22.43602554733377],[-89.72346809099997,22.43472601233382],[-89.72745826499994,22.4350442593338],[-89.72911676699994,22.436743512333784],[-89.72688062199995,22.43849382733372],[-89.72277628099994,22.438708893333736],[-89.71891930399994,22.443888352333584],[-89.72150107799996,22.444576502333597],[-89.72140507399996,22.450485335333443],[-89.71944174999999,22.45040102233344],[-89.71861100199999,22.44863110433351],[-89.71467086899997,22.450293513333477],[-89.71260901199997,22.45408265133338],[-89.71488198899999,22.454746248333333],[-89.71682156699995,22.45171878233341],[-89.72313594399998,22.4529940193334],[-89.72271633599996,22.455853505333298],[-89.72100223399997,22.456440013333324],[-89.72078182299998,22.454108062333344],[-89.71932232899997,22.454184485333347],[-89.71824637499998,22.457082004333323],[-89.71976787399996,22.459915552333218],[-89.72243177099995,22.46091156533321],[-89.72328154199994,22.460135563333214],[-89.72080716399995,22.458491713333263],[-89.72218388499994,22.457275594333293],[-89.72957981499997,22.45828724533327],[-89.72947304199994,22.46014709533325],[-89.72556676099998,22.45926308633326],[-89.71988054499997,22.46694601033308],[-89.71751824699999,22.465491863333106],[-89.71947954199999,22.46364858233316],[-89.71863933199995,22.46196148633318],[-89.71433476199996,22.464953677333085],[-89.71625389899998,22.465743292333094],[-89.71629416099995,22.468003023333026],[-89.71875204399998,22.467678403333018],[-89.71821464999994,22.472148565332937],[-89.72203405499994,22.47123819633295],[-89.72244425799994,22.466121435333072],[-89.72589449999998,22.46448723333311],[-89.73163387799997,22.468867124333],[-89.73078681199996,22.470667975333004],[-89.72712019999994,22.470345560332973],[-89.72893614799995,22.476246104332827],[-89.72513759099996,22.476508303332835],[-89.72349819299995,22.48162108133273],[-89.72864715699995,22.484858253332668],[-89.73016394399997,22.475028578332847],[-89.73436063899999,22.47396475333291],[-89.73559665999994,22.47575078233283],[-89.73238575099998,22.47906291633281],[-89.73255367299998,22.48608923433263],[-89.72366637199997,22.488780063332527],[-89.72290072199996,22.49200273933246],[-89.72022451599997,22.49176520433247],[-89.71907696599999,22.494638981332393],[-89.71652519199995,22.493615738332455],[-89.71316248599999,22.497156530332333],[-89.71155936899999,22.49541333233239],[-89.70908538899994,22.497581457332362],[-89.70526058899998,22.49503400033243],[-89.70810532399997,22.49878096233233],[-89.71188425399998,22.49812975033236],[-89.71390247499994,22.500547347332283],[-89.71300225899995,22.507592294332113],[-89.71496689699995,22.51463439533198],[-89.71761955799997,22.516928959331892],[-89.71363199199999,22.522339011331763],[-89.71591029999996,22.53141418533158],[-89.72219027999995,22.531697994331562],[-89.72277594399998,22.533926487331527],[-89.72609422499994,22.532840911331526],[-89.72497562999996,22.526266632331666],[-89.72158228699999,22.52858776433163],[-89.71947192399995,22.526852451331695],[-89.72359789599994,22.521515967331812],[-89.72519855099995,22.52315032733174],[-89.72763741999995,22.521608913331814],[-89.73036705299995,22.52549086433171],[-89.73277566399997,22.52610463933167],[-89.73854194099994,22.534498869331493],[-89.73205947299994,22.53737843533141],[-89.73963017499995,22.542195249331343],[-89.73998503599995,22.544537877331244],[-89.74391763799997,22.54861171833118],[-89.74635891299994,22.5430139693313],[-89.74853020599994,22.547001816331175],[-89.74889869999998,22.54502410933124],[-89.75329304799999,22.547139507331188],[-89.75142135099998,22.543229833331278],[-89.74868890899995,22.54359110333126],[-89.74463272299994,22.540857604331343],[-89.74458090199994,22.535790792331454],[-89.74704492699999,22.531020601331594],[-89.74364401099996,22.52399974333172],[-89.74512334499997,22.52315315333175],[-89.74689283199996,22.524788647331704],[-89.75079753499995,22.533103101331523],[-89.75160410199999,22.53167256033155],[-89.75404199199994,22.532252153331527],[-89.75522206399995,22.539006737331405],[-89.75643226299997,22.53939224133141],[-89.75748749199994,22.537234092331428],[-89.75657418599997,22.524466623331744],[-89.75993782199998,22.522600467331777],[-89.76058765299996,22.520193126331794],[-89.76978861999999,22.520523623331844],[-89.77073717499997,22.51359811533195],[-89.78112336799995,22.50988168333207],[-89.78968936799998,22.503988601332193],[-89.79378826299995,22.507242604332124],[-89.78913296899998,22.506656545332135],[-89.79244967899996,22.5082574743321],[-89.79466590199996,22.512196292332003],[-89.79549069699999,22.515082206331922],[-89.79299717599997,22.52400521533171],[-89.79564241999998,22.528690708331613],[-89.79286144899999,22.536931974331466],[-89.79154178699997,22.538539871331412],[-89.78850100499994,22.538588098331378],[-89.78623784199999,22.545423914331263],[-89.78407825399995,22.546048198331217],[-89.78217397299994,22.55067044933111],[-89.78288373899994,22.55311339333105],[-89.77794857799995,22.55597641433097],[-89.77733093299997,22.5584587093309],[-89.76875353299994,22.561972629330867],[-89.76412847899996,22.56146067833086],[-89.76470671799996,22.55940922433088],[-89.76163899999995,22.559744117330883],[-89.74872198999998,22.567675140330724],[-89.74386633999995,22.57752311733048],[-89.74655267199995,22.582469701330353],[-89.75107909799999,22.584059153330337],[-89.75103726499998,22.58535766733029],[-89.74856584399998,22.58595148833027],[-89.73300682699994,22.580132866330416],[-89.69758854799994,22.571522484330636],[-89.68159618199996,22.56376518633082],[-89.66798509599994,22.554840617331042]]],[[[-89.74795334799995,22.48533388533263],[-89.74950759299998,22.48395083333266],[-89.75162141999994,22.48634898133259],[-89.74954284099994,22.487087642332593],[-89.74795334799995,22.48533388533263]]],[[[-89.72867619699997,22.494836375332387],[-89.72658965699998,22.497259995332325],[-89.72749791399997,22.499646770332326],[-89.72461470099995,22.500104014332273],[-89.72430472799994,22.497981892332323],[-89.72631922799997,22.497238437332374],[-89.72580292099997,22.493978845332435],[-89.72833426499994,22.493694408332452],[-89.72806843699999,22.49123199433253],[-89.73020642699998,22.490275627332537],[-89.73170513799994,22.495047622332418],[-89.73555142099997,22.495330228332392],[-89.73634612499995,22.500215124332303],[-89.73500973499995,22.50232661333221],[-89.73292273799996,22.502449654332263],[-89.73202798899996,22.49977469733231],[-89.72900522299994,22.499352729332315],[-89.72867619699997,22.494836375332387]]],[[[-89.71611370499994,22.510270712332076],[-89.71580703199999,22.506708067332102],[-89.71897150299998,22.50650846233214],[-89.72108982799995,22.50815403033212],[-89.71867751099995,22.511728848332037],[-89.71611370499994,22.510270712332076]]],[[[-89.73569007199995,22.5083552733321],[-89.73847867199999,22.507588928332133],[-89.73912780799998,22.510678223332054],[-89.73634135399999,22.51184254033205],[-89.73569007199995,22.5083552733321]]],[[[-89.74176284399994,22.513746313331982],[-89.74601852999996,22.514024759331953],[-89.74484451299998,22.511279458332016],[-89.74736289799995,22.506477485332137],[-89.75050890299997,22.50612509433217],[-89.75102625799997,22.50966188233205],[-89.74890319999997,22.51087918633204],[-89.74891815799998,22.513532240331998],[-89.74440153799998,22.518898472331845],[-89.74522230799994,22.52125404633181],[-89.74350567999994,22.522985799331778],[-89.74075293999994,22.52047642533184],[-89.74318528099997,22.518018162331845],[-89.74099385299996,22.516457514331936],[-89.74176284399994,22.513746313331982]]],[[[-89.73496829299995,22.518523923331884],[-89.73130013999997,22.518906750331833],[-89.73037880399994,22.516518960331883],[-89.72976660199998,22.514155798331952],[-89.73117088299995,22.51243547333199],[-89.73551588999999,22.515963864331933],[-89.73496829299995,22.518523923331884]]],[[[-89.74908642499997,22.524131802331727],[-89.75134342799998,22.524136267331745],[-89.75198533399998,22.528436617331643],[-89.75087026699998,22.528709551331637],[-89.74908642499997,22.524131802331727]]],[[[-89.73902295799996,22.525126909331703],[-89.73675418199997,22.522294371331757],[-89.73867789899998,22.52148322833181],[-89.74027228299997,22.52248408233177],[-89.73960439999996,22.524449959331694],[-89.74176565399995,22.526377620331687],[-89.74090011599998,22.527321261331654],[-89.74313118399994,22.531932965331567],[-89.74180708399996,22.532118630331553],[-89.74066166799997,22.52821838433164],[-89.73836332199994,22.527003036331653],[-89.73902295799996,22.525126909331703]]],[[[-89.73855905499994,22.529209689331637],[-89.74049486699994,22.53002677133159],[-89.73935770799994,22.531804621331545],[-89.73832354199999,22.53105931533155],[-89.73855905499994,22.529209689331637]]],[[[-89.73893528399998,22.53645399033142],[-89.74247669499994,22.534988048331467],[-89.74301973199994,22.538948824331378],[-89.74085737499996,22.536365915331412],[-89.73893528399998,22.53645399033142]]],[[[-89.73570635399994,22.538834170331413],[-89.73740341099995,22.53647410633145],[-89.74028852499998,22.538114116331425],[-89.74111230199998,22.54100033433133],[-89.73726760799997,22.537945944331412],[-89.73570635399994,22.538834170331413]]],[[[-87.39350053999999,18.380480619434806],[-87.38902513999994,18.377565979434852],[-87.38779991999996,18.37537131943493],[-87.39197874999996,18.37446924943496],[-87.39508030999997,18.379730619434785],[-87.39350053999999,18.380480619434806]]],[[[-87.40752404999995,18.379346019434845],[-87.40965988999994,18.38636773943461],[-87.40805148999993,18.390481169434516],[-87.39950708999999,18.379801279434787],[-87.40256241999998,18.377641419434838],[-87.40752404999995,18.379346019434845]]],[[[-87.42133342999995,18.39929153943428],[-87.41748867999996,18.399572779434266],[-87.41200131999994,18.395055599434386],[-87.41155088999994,18.392069849434474],[-87.41251104999998,18.391037249434525],[-87.42074025999995,18.39585385943438],[-87.42133342999995,18.39929153943428]]],[[[-87.43006694999997,18.40952113943401],[-87.42564122999994,18.404874059434153],[-87.42697533999996,18.402873479434188],[-87.43031197999994,18.406471689434092],[-87.43006694999997,18.40952113943401]]],[[[-87.43521937999998,18.423605579433676],[-87.43414373999997,18.420927089433754],[-87.43891494999997,18.419300399433777],[-87.43756533999994,18.423173419433674],[-87.43521937999998,18.423605579433676]]],[[[-87.44182959999995,18.429726059433502],[-87.44359973999997,18.450233139432928],[-87.44739876999995,18.460041459432713],[-87.44426619999996,18.4625828194326],[-87.43996037999995,18.456515349432802],[-87.43876710999996,18.450333769432945],[-87.43699122999999,18.430589449433484],[-87.43924157999999,18.428457339433493],[-87.44182959999995,18.429726059433502]]],[[[-87.38333890999996,18.37505742943491],[-87.38431927999994,18.380162799434796],[-87.37246071999994,18.384781089434675],[-87.36760691999996,18.391710849434485],[-87.36440851999998,18.393418149434453],[-87.36100188999995,18.406358549434103],[-87.35499157999999,18.411509939433955],[-87.35093231999997,18.419486109433745],[-87.33740244999996,18.43466445943333],[-87.33216045999995,18.443774629433136],[-87.32939781999994,18.45800305943276],[-87.32820894999998,18.47633650943228],[-87.32901759999999,18.48827176943194],[-87.33139147999998,18.49304251943185],[-87.33281911999995,18.505399109431494],[-87.33734116999995,18.515701229431226],[-87.33701982999997,18.523015089431045],[-87.33311808999997,18.53348893943074],[-87.32863591999995,18.539172479430604],[-87.32429685999995,18.549295599430348],[-87.31919557999998,18.554522919430223],[-87.31442567999994,18.555453169430216],[-87.31201627999997,18.550508579430304],[-87.32316827999995,18.540374379430588],[-87.32441873999994,18.535703849430707],[-87.33098362999993,18.526431739430976],[-87.32737734999995,18.51201079943131],[-87.32004481999996,18.49263408943181],[-87.32212422999999,18.46085404943265],[-87.32956827999999,18.438932739433234],[-87.33800110999994,18.42908670943349],[-87.33940871999994,18.42306499943368],[-87.34658365999996,18.410468629433968],[-87.35651677999994,18.400356939434257],[-87.35948393999996,18.38748224943462],[-87.37193262999995,18.37818834943488],[-87.38333890999996,18.37505742943491]]],[[[-87.44719250999998,18.476163819432283],[-87.44482287999995,18.488246819431932],[-87.44504948999997,18.50069696943161],[-87.44205545999995,18.517386769431155],[-87.44057981999998,18.51869284943113],[-87.43715896999998,18.516134549431232],[-87.44063777999997,18.507285219431424],[-87.44174982999994,18.49238364943181],[-87.44069068999994,18.478817319432224],[-87.44537188999999,18.47497056943229],[-87.44719250999998,18.476163819432283]]],[[[-87.43914725999997,18.55897384943007],[-87.43743693999994,18.562046459429986],[-87.43546547999995,18.561268059430006],[-87.43460554999996,18.55897268943012],[-87.43720587999996,18.554589549430215],[-87.43914725999997,18.55897384943007]]],[[[-87.43897677999996,18.588376829429336],[-87.43687730999994,18.589747249429312],[-87.43556521999994,18.588939399429325],[-87.43512881999999,18.58415077942944],[-87.43661039999995,18.5821860494295],[-87.43897677999996,18.588376829429336]]],[[[-87.30923147999994,18.60351761942892],[-87.30549397999994,18.601078649428974],[-87.30543950999999,18.597569679429075],[-87.31077207999994,18.58584756942938],[-87.31779256999994,18.57781259942962],[-87.32664547999997,18.572150279429763],[-87.33883894999997,18.573510799429723],[-87.33977896999994,18.57548702942963],[-87.33945484999998,18.57332576942971],[-87.34028571999994,18.573841509429666],[-87.34067550999998,18.573622799429728],[-87.33928291999996,18.572603089429712],[-87.34103030999995,18.573497879429706],[-87.34094287999994,18.57507234942964],[-87.33620919999998,18.578980289429573],[-87.32297345999996,18.58506711942943],[-87.32399114999998,18.59195796942924],[-87.32052731999994,18.598811689429038],[-87.30923147999994,18.60351761942892]]],[[[-87.44246310999995,18.60092181942899],[-87.44000322999995,18.61040341942875],[-87.44082554999994,18.612871799428678],[-87.43804144999996,18.612815219428697],[-87.43660364999994,18.609475089428756],[-87.43761859999995,18.60195865942893],[-87.44073804999994,18.596886029429115],[-87.44246310999995,18.60092181942899]]],[[[-87.43766010999997,18.62345734942837],[-87.42307101999995,18.65916077942744],[-87.42027859999996,18.660005399427433],[-87.42834756999997,18.632919259428153],[-87.43766010999997,18.62345734942837]]],[[[-87.26345425999995,18.723187119425766],[-87.26025345999994,18.712583019426084],[-87.25380574999997,18.7003550794264],[-87.25213959999996,18.690388509426647],[-87.24584785999997,18.685096659426783],[-87.24525448999998,18.681935969426856],[-87.24731045999994,18.677689149426975],[-87.24644047999999,18.672757479427087],[-87.24804042999995,18.666322079427268],[-87.24739545999995,18.645268309427838],[-87.25091442999997,18.6412771694279],[-87.25028739999999,18.637804089428002],[-87.25936851999995,18.622835199428412],[-87.26259191999998,18.619014629428502],[-87.26453605999995,18.618789029428534],[-87.26757628999997,18.62283808942844],[-87.25709207999995,18.64292693942789],[-87.25648248999994,18.65325479942763],[-87.25272159999997,18.667403829427272],[-87.25354922999998,18.6729592294271],[-87.25950773999995,18.68251294942684],[-87.25877277999996,18.686632819426737],[-87.26189137999995,18.694184819426532],[-87.26652541999994,18.70043241942636],[-87.27207776999995,18.722361109425822],[-87.27595041999996,18.727804289425656],[-87.27886433999998,18.737850799425402],[-87.27382630999995,18.739436599425346],[-87.27061562999995,18.73770942942541],[-87.26345425999995,18.723187119425766]]],[[[-87.40326325999996,18.691423089426625],[-87.39817470999998,18.70355284942631],[-87.39783656999998,18.708820709426174],[-87.39473099999998,18.711881599426054],[-87.39473457999998,18.707165939426197],[-87.40253937999995,18.681708369426843],[-87.40576447999996,18.67743467942696],[-87.41006159999995,18.676394309426982],[-87.41061931999997,18.679796819426905],[-87.40326325999996,18.691423089426625]]],[[[-87.39269145999998,18.723169019425793],[-87.38878945999994,18.725009829425726],[-87.38767591999994,18.72233081942578],[-87.39249673999996,18.720220119425836],[-87.39269145999998,18.723169019425793]]],[[[-87.38517202999998,18.73638837942544],[-87.38399527999997,18.732529859425547],[-87.38690702999997,18.73075045942555],[-87.38751513999995,18.73252387942552],[-87.38517202999998,18.73638837942544]]],[[[-87.30410657999994,18.741677279425282],[-87.30345673999994,18.738381749425372],[-87.30589111999996,18.737662089425427],[-87.30608291999994,18.7416533694253],[-87.30410657999994,18.741677279425282]]],[[[-87.28071814999998,18.743588319425267],[-87.27937874999998,18.741704219425284],[-87.28020068999996,18.740046979425333],[-87.28071814999998,18.743588319425267]]],[[[-87.38033596999998,18.740197749425334],[-87.37547850999994,18.750699149425085],[-87.37186813999995,18.752645949425002],[-87.37397119999997,18.74267697942528],[-87.37881141999998,18.738416969425398],[-87.38033596999998,18.740197749425334]]],[[[-87.31522696999997,18.747144629425144],[-87.31663734999995,18.745249539425192],[-87.31822728999998,18.74786365942516],[-87.31712201999994,18.748443769425116],[-87.31522696999997,18.747144629425144]]],[[[-87.29865951999994,18.75068956942509],[-87.29833554999999,18.748260199425136],[-87.30154054999997,18.74783676942514],[-87.30061727999998,18.745703019425203],[-87.30343627999997,18.744803199425206],[-87.30253348999997,18.750368919425057],[-87.29865951999994,18.75068956942509]]],[[[-87.28978499999994,18.754520229424934],[-87.28904034999994,18.751739799425035],[-87.28959224999994,18.751536509425048],[-87.28978499999994,18.754520229424934]]],[[[-87.32031831999996,18.755925979424905],[-87.31968291999999,18.75318128942499],[-87.32183908999997,18.75399704942499],[-87.32031831999996,18.755925979424905]]],[[[-87.33124973999998,18.759624549424856],[-87.32897497999994,18.763870369424737],[-87.32672817999998,18.76496099942467],[-87.32503424999999,18.76165259942477],[-87.32617705999996,18.75687710942491],[-87.32976499999995,18.753405279424985],[-87.33124973999998,18.759624549424856]]],[[[-87.32161630999997,18.76249051942473],[-87.32025425999996,18.758976799424822],[-87.32194159999995,18.75892174942487],[-87.32161630999997,18.76249051942473]]],[[[-87.35484519999994,18.77032825942454],[-87.35342659999998,18.768998879424565],[-87.35749641999996,18.76490633942468],[-87.35777311999999,18.766815749424634],[-87.35484519999994,18.77032825942454]]],[[[-87.31810051999997,18.770123819424548],[-87.31706364999997,18.767167689424653],[-87.31934211999999,18.76663219942466],[-87.32008041999995,18.77017528942456],[-87.31810051999997,18.770123819424548]]],[[[-87.35658316999996,18.77287387942451],[-87.35957719999999,18.77019404942455],[-87.36148741999995,18.769828399424565],[-87.35917953999996,18.773727579424488],[-87.35658316999996,18.77287387942451]]],[[[-87.34784759999997,18.782024719424232],[-87.33911927999998,18.786112829424123],[-87.34236257999999,18.780175879424295],[-87.34912959999997,18.77804788942434],[-87.34784759999997,18.782024719424232]]],[[[-87.46523019999995,19.331996259409987],[-87.46426805999994,19.328192659410103],[-87.46554181999994,19.326554219410127],[-87.46722481999996,19.332921539409945],[-87.47124399999996,19.3348283094099],[-87.46523019999995,19.331996259409987]]],[[[-87.46315302999994,19.594316849403263],[-87.46465034999994,19.597701459403186],[-87.46351761999995,19.598381979403165],[-87.46232079999999,19.596695319403192],[-87.46315302999994,19.594316849403263]]],[[[-87.49390654999996,19.595140599403237],[-87.49200784999994,19.59785636940318],[-87.49081905999998,19.59888056940317],[-87.49176044999996,19.594920429403256],[-87.49390654999996,19.595140599403237]]],[[[-87.45541190999995,19.598176289403145],[-87.45556599999998,19.595803139403223],[-87.45826667999995,19.596136179403203],[-87.45869094999995,19.597779629403178],[-87.45541190999995,19.598176289403145]]],[[[-87.46221356999996,19.599180399403124],[-87.47247079999994,19.601413319403097],[-87.46686222999995,19.600858349403115],[-87.46484793999997,19.603348259403056],[-87.46221356999996,19.599180399403124]]],[[[-87.48129284999999,19.601950719403064],[-87.47835854999994,19.60231497940309],[-87.48151764999994,19.597432279403222],[-87.48462002999997,19.59855361940318],[-87.48319690999995,19.60093373940313],[-87.48391751999998,19.602738979403025],[-87.48510364999999,19.600811259403116],[-87.48773176999998,19.602728939403086],[-87.49440947999994,19.603614719403037],[-87.49322410999997,19.605759349402952],[-87.48677990999994,19.603291659403013],[-87.48320745999996,19.604430519403],[-87.48129284999999,19.601950719403064]]],[[[-87.49228650999999,19.61095737940285],[-87.49429628999997,19.607111849402916],[-87.49513511999999,19.607001149402926],[-87.49562099999997,19.609936459402842],[-87.49228650999999,19.61095737940285]]],[[[-87.46511521999997,19.61328685940281],[-87.46521488999997,19.60820853940294],[-87.46389961999995,19.60515777940301],[-87.46640324999998,19.606958619402953],[-87.46702097999997,19.612776049402772],[-87.46511521999997,19.61328685940281]]],[[[-87.45823697999998,19.690846419400827],[-87.46226834999999,19.692480179400793],[-87.46427137999996,19.694702539400705],[-87.45996619999994,19.695500149400686],[-87.45725417999995,19.692196019400765],[-87.45823697999998,19.690846419400827]]],[[[-87.46544774999995,19.698316749400625],[-87.46425267999996,19.693765919400725],[-87.46816736999995,19.69477124940069],[-87.46694704999999,19.697682749400645],[-87.46810779999998,19.69898393940061],[-87.46544774999995,19.698316749400625]]],[[[-87.47818637899996,19.704271569400476],[-87.46993288999994,19.70317267940047],[-87.46856670999995,19.700914709400564],[-87.47027937999997,19.701268509400528],[-87.46831414999997,19.6991737394006],[-87.47130134999998,19.6993733194006],[-87.47818637899996,19.704271569400476]]],[[[-87.47959281999994,19.704888909400427],[-87.47839542999998,19.703986399400502],[-87.47953110999998,19.70395781940046],[-87.47959281999994,19.704888909400427]]],[[[-87.50174559999994,19.711464829400303],[-87.48530116999996,19.707540629400373],[-87.47974247999997,19.704631619400455],[-87.48645137999995,19.704153089400457],[-87.50595456999997,19.710558199400296],[-87.50174559999994,19.711464829400303]]],[[[-86.72333336999998,20.58688730037829],[-86.73794657199994,20.55273864337913],[-86.74932943799996,20.534393951379624],[-86.75777887999999,20.525527619379822],[-86.76338021999999,20.507081829380297],[-86.77148508999994,20.494763479380605],[-86.79051147999996,20.472138939381125],[-86.79356274999998,20.46483914938132],[-86.79849947999998,20.461942459381397],[-86.80027281999998,20.458192489381485],[-86.80689725999997,20.455921779381534],[-86.81552327999998,20.443251549381877],[-86.81500556699996,20.440960409381923],[-86.81811774999994,20.438271679381998],[-86.82140550999998,20.439315769381974],[-86.83058696999996,20.438061079382003],[-86.83474270499994,20.431027809382154],[-86.85404821999998,20.408553709382723],[-86.85718602999998,20.40220934938291],[-86.86136207999994,20.399938399382943],[-86.87417525999996,20.382460939383368],[-86.87890653999995,20.37837011938348],[-86.89846653999996,20.34418757938433],[-86.90074213999998,20.344273169384344],[-86.90280691999999,20.346559019384255],[-86.90808097999997,20.34330284938434],[-86.93229734999994,20.312216749385144],[-86.93561151999995,20.31129437938516],[-86.94234944999994,20.305624939385265],[-86.94731984999999,20.304317619385344],[-86.95752864999997,20.292376799385632],[-86.96457564999997,20.290501919385676],[-86.97418205999998,20.280421349385918],[-86.97970987999997,20.278905769385972],[-86.98821782999994,20.271619689386124],[-86.99437574999996,20.274540709386084],[-86.99701582999995,20.28260484938586],[-86.99646261999999,20.285648309385795],[-87.00092534999999,20.29118459938567],[-87.00304081399997,20.297351280385488],[-87.00969084999997,20.29941122938543],[-87.01702485899995,20.29939800238548],[-87.01051752799998,20.310216683385207],[-87.00988517999997,20.315561799385065],[-87.01373222999996,20.32874187938472],[-87.02144033999997,20.339763799384468],[-87.02043973999997,20.344835369384313],[-87.02467097999994,20.35541759938407],[-87.02528894699998,20.366975820383754],[-87.02175333999998,20.390865709383185],[-87.01767974999996,20.401942910382886],[-87.01706143199993,20.412170438382606],[-87.01099178299995,20.4204207093824],[-87.01044736199998,20.42462581138232],[-87.00757951699995,20.42707380138227],[-87.00590794599998,20.433180767382115],[-86.99428038399998,20.443299145381882],[-86.99044361699998,20.448650683381715],[-86.98943178599995,20.453641468381598],[-86.98279336999997,20.466563333381288],[-86.98008235399999,20.465839783381263],[-86.98184463899997,20.46802393638125],[-86.97562710699998,20.475430402381086],[-86.97840251099996,20.47613948138105],[-86.97885182399995,20.47834762138099],[-86.97846968299996,20.476571592381067],[-86.97707293899998,20.476818104381046],[-86.97757422799998,20.47728839638102],[-86.97761991299996,20.479743524380964],[-86.97552218099997,20.47555246038107],[-86.97431810999996,20.478164319381026],[-86.97555182599996,20.47940617238094],[-86.97574932699996,20.48320708038086],[-86.97443557999998,20.479128519381],[-86.96437982699996,20.49483117738055],[-86.96494183399994,20.496395159380565],[-86.96401180399994,20.49580280138058],[-86.95545209899996,20.50781702838023],[-86.95714553999994,20.50936191938022],[-86.95623251999996,20.51175957938016],[-86.95699017199996,20.509390880380224],[-86.95400092299997,20.508194096380258],[-86.95014233399996,20.51124026938015],[-86.95134198699998,20.51260653238014],[-86.94998221999998,20.51135810938017],[-86.94734190399998,20.514269596380103],[-86.94097684699994,20.527338705379755],[-86.93923545799998,20.52763195437977],[-86.93951004999997,20.5290496193797],[-86.94083742099997,20.52767536937977],[-86.93743849999998,20.53749651537951],[-86.92621872499996,20.55252824237914],[-86.90858259999999,20.55747890937902],[-86.89923654999996,20.561980319378893],[-86.89696401999998,20.565580079378847],[-86.88843888999997,20.56277036937891],[-86.88160010999997,20.55769276937905],[-86.88356817899995,20.55335299537914],[-86.88017792299996,20.544389090379326],[-86.87015747899994,20.53752112237951],[-86.86498292699997,20.537199960379525],[-86.85724676199999,20.543302022379354],[-86.85868773999994,20.547917249379278],[-86.85433861999996,20.549904019379206],[-86.83955953999998,20.549662739379208],[-86.82687189099994,20.551963498379173],[-86.82254265999995,20.554735909379076],[-86.81024381999998,20.553680179379146],[-86.80032677999998,20.55669253937902],[-86.78997083699994,20.556301771379044],[-86.76756082999998,20.568891489378743],[-86.77362190999997,20.563236489378898],[-86.77236291999998,20.56078916937896],[-86.76871202999996,20.560635289378947],[-86.76694667999999,20.56491927937881],[-86.76303441999994,20.567467339378787],[-86.76740502999996,20.568337859378754],[-86.76273631999999,20.570871769378694],[-86.75933722999997,20.575370149378553],[-86.74766716999994,20.578718949378498],[-86.73679427999997,20.58491777937836],[-86.73156619999997,20.591034279378178],[-86.72693919999995,20.592156779378158],[-86.72321344499994,20.590386535378197],[-86.72333336999998,20.58688730037829]]],[[[-86.86594594999997,20.547944919379283],[-86.85908659999996,20.547185819379266],[-86.86289928999997,20.545733119379292],[-86.86594594999997,20.547944919379283]]],[[[-86.74866441999995,21.265224199361636],[-86.73892776999998,21.245508679362146],[-86.72959083499995,21.234270783362405],[-86.72224307999994,21.22280191936268],[-86.71839516999995,21.212185779362912],[-86.71040527999997,21.201453539363197],[-86.71844664999998,21.205545219363085],[-86.72518764999995,21.21444468936289],[-86.73416517999999,21.222670859362697],[-86.73667708999994,21.22806359936253],[-86.74255257999994,21.2343613693624],[-86.74356224999997,21.237389509362348],[-86.74013436999996,21.23937664936229],[-86.73848276999996,21.235781089362366],[-86.73986256999996,21.2337007213624],[-86.73013510999994,21.22137567936271],[-86.73426208499995,21.23106782836247],[-86.73660333999999,21.23442437936241],[-86.73766104999999,21.233893169362403],[-86.73694351999995,21.235611049362365],[-86.74535875599997,21.25433709336191],[-86.75307219999996,21.257784459361826],[-86.75064646399994,21.262642920361728],[-86.74883111699995,21.262753705361735],[-86.74911002999994,21.263827049361677],[-86.74999339999994,21.264569679361635],[-86.75023471999998,21.264459939361682],[-86.75029541999999,21.264602289361648],[-86.74997576999993,21.26461681936168],[-86.74908662999997,21.263850029361706],[-86.74866441999995,21.265224199361636]]],[[[-86.85512385999994,21.43292610935758],[-86.87044681999998,21.428678799357705],[-86.87851788999996,21.420434169357918],[-86.88832890999998,21.416807519358006],[-86.88616345999998,21.4206129993579],[-86.87729721999995,21.422522059357863],[-86.87482116999996,21.42633091935776],[-86.87842199999994,21.42492651935778],[-86.87738770999994,21.42659659935773],[-86.87898254999999,21.4284151693577],[-86.88001622999997,21.427595149357742],[-86.87911054999995,21.425044259357787],[-86.88264777999996,21.424841599357773],[-86.88151921999997,21.42695133935776],[-86.88408634999996,21.42648413935778],[-86.88346490999999,21.4282487693577],[-86.88780665999997,21.43068674935767],[-86.88358556999998,21.433994149357574],[-86.87906701999998,21.434817909357545],[-86.86866397999995,21.42965167935769],[-86.86869319999994,21.432026049357614],[-86.85186488999994,21.436382139357494],[-86.85512385999994,21.43292610935758]]],[[[-86.90351094999994,21.461447939356884],[-86.90193436999994,21.457299049357022],[-86.90393747999997,21.451126479357136],[-86.90740976999996,21.451808219357126],[-86.91319451999999,21.44931748935721],[-86.91361779999994,21.45052621935715],[-86.90957791999995,21.453507579357108],[-86.90545947999999,21.4528255193571],[-86.90545807999996,21.454997059357062],[-86.90232261999995,21.457029199356988],[-86.90487221999996,21.460351029356918],[-86.90429859999995,21.466533619356806],[-86.90228907999995,21.46538853935681],[-86.90351094999994,21.461447939356884]]],[[[-86.93684694999996,21.475346999356585],[-86.93179742999996,21.47420581935662],[-86.93155537999996,21.471452719356666],[-86.92810837999997,21.470008349356704],[-86.92756173999999,21.468052539356723],[-86.93147561999996,21.468566799356765],[-86.93263259999998,21.46645981935679],[-86.93401142999994,21.46682110935679],[-86.93281271999996,21.47152921935665],[-86.93549004999994,21.47094167935669],[-86.93684694999996,21.475346999356585]]],[[[-86.92209724999998,21.47862456935647],[-86.91122331999998,21.4694195193567],[-86.91178624999998,21.466355969356794],[-86.92025388999997,21.47230650935667],[-86.92082482999996,21.475824199356552],[-86.92371128999997,21.477700179356525],[-86.92209724999998,21.47862456935647]]],[[[-86.79863962999997,21.52048281935548],[-86.79152307999999,21.494037649356127],[-86.78422277999994,21.45799936935698],[-86.78665790999997,21.45839637935699],[-86.78941965999996,21.46352362935686],[-86.79031788999998,21.468575029356753],[-86.78827791999998,21.470378459356706],[-86.78868499999999,21.475647779356557],[-86.79046521999999,21.479032339356493],[-86.79095379999995,21.47783456935648],[-86.79214273999997,21.478612459356462],[-86.79484199999996,21.48463125935638],[-86.79278914999998,21.482670799356395],[-86.79089411999996,21.483883709356363],[-86.79159236999999,21.48737856935626],[-86.79452716999998,21.49055542935619],[-86.79378019999996,21.495955719356072],[-86.79701750999999,21.501852419355913],[-86.79878191999995,21.501411029355943],[-86.79577131999997,21.489367199356245],[-86.79884922999997,21.490726059356188],[-86.80149211999998,21.50901330935577],[-86.79871834999994,21.509557599355755],[-86.79807884999997,21.512094169355702],[-86.79876387999997,21.513452139355632],[-86.80176924999995,21.5110033693557],[-86.80209681999997,21.513360889355663],[-86.79949567999995,21.517844139355518],[-86.80378573999997,21.531732979355237],[-86.79863962999997,21.52048281935548]]],[[[-86.97750779999996,21.5355056793551],[-86.97217670999999,21.531192799355225],[-86.97340287999998,21.52972804935529],[-86.97199993999999,21.528829449355275],[-86.97476176999999,21.529064849355276],[-86.97467308999995,21.526391719355345],[-86.97547068999995,21.528912939355294],[-86.97406728999994,21.530612649355206],[-86.97750779999996,21.5355056793551]]],[[[-87.08695107999995,21.5984180793536],[-87.05749265999998,21.59268581935374],[-87.04927739999994,21.589621419353836],[-87.04640373999996,21.58732224935388],[-87.04618444999994,21.58513408935393],[-87.05555857999997,21.586514599353897],[-87.05809387499994,21.587982854353886],[-87.05805770699999,21.590682115353786],[-87.06252094999996,21.591049799353808],[-87.06783032599998,21.594320917353706],[-87.07281851499994,21.590377147353824],[-87.07377187999998,21.59331821935376],[-87.07484084999999,21.593911949353732],[-87.07694790999994,21.59129102935376],[-87.07946256999998,21.594774139353678],[-87.07969221999997,21.592181079353747],[-87.08461201999995,21.59352310935372],[-87.08510144999997,21.5908218593538],[-87.08840212599995,21.589901146353803],[-87.09258644999994,21.593689119353755],[-87.09551987899994,21.594201962353704],[-87.09647514999995,21.59731977935366],[-87.09929608399995,21.594363766353716],[-87.10189035099995,21.59466387535367],[-87.10152322999994,21.598449089353593],[-87.09889941999995,21.599630179353614],[-87.09890452899998,21.602346836353487],[-87.10273504999998,21.599108879353622],[-87.10606785999994,21.60127707935354],[-87.10702559999999,21.599530799353552],[-87.10556202999999,21.59976762935356],[-87.10561161999999,21.598540909353602],[-87.10677127999998,21.59688885935363],[-87.10798513999998,21.600285059353556],[-87.10863985999998,21.59835024935363],[-87.11146656999995,21.598631449353583],[-87.11060733999994,21.597075089353627],[-87.11227213999996,21.596035999353646],[-87.10966068999994,21.59406284935373],[-87.11337669799997,21.59384857935372],[-87.11601684999994,21.5899538593538],[-87.11919777999998,21.58884844935385],[-87.11753744999999,21.59186825935378],[-87.12046305999996,21.58918768935386],[-87.12352504999996,21.576151519354163],[-87.12953322999994,21.568364089354333],[-87.13883482999995,21.56243588935451],[-87.14685942999995,21.563797259354445],[-87.14605337999996,21.5651189993544],[-87.14807361999999,21.56686288935435],[-87.14841193699993,21.560336675354552],[-87.14885023299996,21.5617643523545],[-87.15014941799996,21.560540833354526],[-87.15136762399999,21.561921309354503],[-87.15183122099995,21.560440895354517],[-87.15399081999999,21.559363951354566],[-87.15477580399994,21.56066147135452],[-87.15359416399997,21.56042947435451],[-87.15246154099998,21.560691215354524],[-87.15257456499995,21.560919643354488],[-87.15790938599997,21.56216905735448],[-87.16234502999998,21.558451519354588],[-87.15685830899997,21.558996563354544],[-87.15852583499998,21.56035190435453],[-87.15685402599996,21.561109048354496],[-87.15131190999995,21.557107849354576],[-87.15573477999999,21.558363459354588],[-87.16653071999997,21.556324279354637],[-87.17038370999995,21.55029599935478],[-87.17424342999999,21.55008859935476],[-87.17467376999997,21.54839116935483],[-87.17929199599996,21.54683925835483],[-87.18073395499994,21.544630132354907],[-87.18063392599998,21.54639681235487],[-87.18359924999999,21.543467999354963],[-87.18313061099997,21.54283934435496],[-87.17872045499996,21.54550291935488],[-87.18079296599996,21.54254286935494],[-87.18568611999996,21.541536599354956],[-87.19433951999997,21.53407781935516],[-87.20239077999997,21.530628479355265],[-87.20857831999996,21.520594229355453],[-87.22288573999998,21.516532569355565],[-87.22563284999995,21.51644648935561],[-87.22425584999996,21.51822494935553],[-87.20988482999996,21.52104921935549],[-87.20703775899995,21.525965351355385],[-87.21162416999994,21.523942809355404],[-87.20813409599998,21.527362214355307],[-87.21278641799995,21.525980223355322],[-87.21470711899997,21.521535389355464],[-87.21543553299995,21.522877411355438],[-87.21807072499996,21.521442115355473],[-87.21753267499997,21.522932263355454],[-87.21930233399996,21.523142002355403],[-87.21720935999997,21.52647146235535],[-87.23038354399995,21.521675668355453],[-87.23155994899997,21.52247326335543],[-87.22820586099994,21.5228615913554],[-87.23300285399995,21.523632536355382],[-87.22889304899996,21.526367965355362],[-87.23102694999994,21.523459312355406],[-87.22417410199995,21.52675629335533],[-87.22802847199995,21.526126568355348],[-87.22639901699995,21.527139267355317],[-87.22693963099994,21.52773127735529],[-87.23875136999999,21.522799416355426],[-87.23503750799995,21.52639716135532],[-87.24590831299997,21.52471393035539],[-87.24756679799998,21.523138727355416],[-87.24881601499999,21.524506917355378],[-87.25908814799999,21.5232577003554],[-87.26383755199998,21.52516602835537],[-87.26160418999996,21.529834530355267],[-87.26618607999995,21.525007080355397],[-87.27014550299998,21.526573717355348],[-87.27341845199999,21.52568558335534],[-87.28090423599997,21.516027351355575],[-87.28984641999995,21.511123309355735],[-87.28979351999999,21.51650221935559],[-87.29213405999997,21.516810179355566],[-87.29232991999999,21.518155169355552],[-87.28723764599994,21.52245066135542],[-87.29190736299995,21.519174854355537],[-87.29676868199994,21.519273245355528],[-87.29560369699999,21.522545480355447],[-87.29082669199994,21.523729024355376],[-87.29573742299993,21.522799130355434],[-87.29657225699998,21.52132874235544],[-87.29708146199994,21.522918222355404],[-87.29357651599997,21.52459812235537],[-87.29994038399997,21.523799218355418],[-87.29886367799998,21.52487889835537],[-87.30231389599999,21.525101973355376],[-87.30611234899999,21.527954113355317],[-87.29976220199995,21.527581252355322],[-87.29882374299996,21.52845499035529],[-87.30007579099998,21.529334922355307],[-87.30704461999994,21.529185599355284],[-87.30922094999994,21.526332619355355],[-87.31587916999996,21.525835829355373],[-87.31782182999996,21.529453889355292],[-87.31524133999994,21.533995999355163],[-87.31763948899999,21.53509031535512],[-87.31682666499995,21.534288913355166],[-87.31880114199998,21.533205782355154],[-87.31882950899995,21.5355907993551],[-87.32173958999994,21.536169960355096],[-87.32146262099997,21.5372435723551],[-87.32286317199998,21.536389822355083],[-87.32251172399998,21.538507304355054],[-87.32468940799998,21.539087893355013],[-87.31961258999996,21.538313140355065],[-87.31883612099995,21.53963949935505],[-87.32692993999996,21.541135819354956],[-87.32519196999993,21.545475519354866],[-87.32663057199994,21.545906952354873],[-87.32594766699998,21.547379838354825],[-87.32819149899996,21.546523232354883],[-87.32700414799996,21.546328116354843],[-87.33064948199996,21.54236869335497],[-87.32935029599997,21.545162181354907],[-87.33069231199994,21.54656368335485],[-87.32852286399998,21.54915750935478],[-87.33117776999995,21.54692313935484],[-87.33184071999995,21.548823229354788],[-87.33543022999999,21.54653008335485],[-87.33768485999997,21.540540149354975],[-87.34481551999994,21.540981319355016],[-87.34585527999997,21.538674889355033],[-87.35284629099993,21.53524198335511],[-87.35467957999998,21.53672197935507],[-87.35587034999998,21.534783749355118],[-87.35871194999999,21.53520359935513],[-87.35739677999999,21.533466199355196],[-87.35973793999995,21.528656829355285],[-87.36439951999995,21.529859949355263],[-87.36079108999996,21.522396219355457],[-87.36519073299996,21.52132107335549],[-87.36459485999995,21.518837369355502],[-87.37161796999999,21.52114736935548],[-87.37523776899997,21.519737780355513],[-87.37473237099994,21.51881264535555],[-87.37602588899995,21.519384651355505],[-87.37182990499997,21.509781857355744],[-87.37326709899997,21.509841344355724],[-87.37414274199995,21.51043145035572],[-87.37354716199997,21.512396647355683],[-87.37528850999996,21.514675779355635],[-87.37835044999997,21.510752629355743],[-87.38054170999999,21.51461399935563],[-87.38530661999994,21.505141779355842],[-87.39031304999997,21.50309257935589],[-87.39725107499999,21.511242608355726],[-87.39560979999999,21.5145701093556],[-87.38770641999997,21.52070287935547],[-87.36882937999997,21.531780829355224],[-87.36006894999997,21.540136619355025],[-87.34500001999999,21.560501979354502],[-87.33492194999997,21.566179919354365],[-87.31139950999994,21.549761019354793],[-87.29771402999995,21.544847889354873],[-87.27031250999994,21.540280569355005],[-87.24961117999999,21.540188449355046],[-87.22815221999997,21.542588259354957],[-87.19862587999995,21.550321199354762],[-87.14712385999997,21.571359349354232],[-87.12934756999994,21.58304553935399],[-87.12183677999997,21.59340345935372],[-87.10702199999997,21.604634089353457],[-87.09689830999997,21.604451629353445],[-87.08695107999995,21.5984180793536]]],[[[-87.00415277999997,21.567656749354324],[-87.00365667999995,21.562060149354462],[-87.00934091999994,21.559708949354555],[-87.00912544999994,21.566321769354385],[-87.00415277999997,21.567656749354324]]],[[[-87.02424682999998,21.574894119354184],[-87.01860985999997,21.570325079354273],[-87.02111459999998,21.568821059354327],[-87.02543662999994,21.574210419354184],[-87.02424682999998,21.574894119354184]]],[[[-87.04003676999997,21.5865041393539],[-87.01894002999995,21.581318029354005],[-87.00917044999994,21.575012979354177],[-86.99998581999995,21.571380349354236],[-86.99251570999996,21.56567005935441],[-86.99251305999996,21.56399610935445],[-86.99568630999994,21.56382657935445],[-86.99840611999997,21.56603197935439],[-86.99897913999996,21.569219659354303],[-87.00142839999995,21.570414399354295],[-87.00721628999997,21.56841384935435],[-87.00946108999995,21.571253719354285],[-87.00995268999998,21.569293719354345],[-87.01451839999999,21.56983373935428],[-87.01734067999996,21.573453399354225],[-87.01443339999997,21.574713649354155],[-87.02099688999994,21.576292919354167],[-87.02312261999998,21.58021834935405],[-87.02947979899994,21.57833661935412],[-87.03031277999997,21.574616549354165],[-87.03187410999999,21.577756199354113],[-87.03097642999995,21.578916339354056],[-87.03386247999998,21.578255819354084],[-87.03588287999997,21.584418579353926],[-87.04133805999999,21.58343625935397],[-87.04209714999996,21.58469185935397],[-87.04003676999997,21.5865041393539]]]]}}]}
