{"type":"FeatureCollection","features":[{"type":"Feature","properties":{"cve_ent":"02","cvegeo":"02","nombre_inegi":"Baja California","nombre_catalogo":"Baja California"},"geometry":{"type":"MultiPolygon","coordinates":[[[[-116.41424173999998,32.593795459143266],[-117.12449807799999,32.53425584114411],[-117.124272857,32.505350936144524],[-117.12270788599997,32.495639999144636],[-117.12429200799995,32.4915268511447],[-117.12341750799999,32.4857664241448],[-117.12450507199999,32.48537889114477],[-117.12178194099997,32.481980462144854],[-117.12039762999996,32.476358494144925],[-117.12097977800003,32.46902561014502],[-117.11868534799999,32.467466381145044],[-117.11237492699995,32.453725039145226],[-117.11329292299995,32.45051276614529],[-117.10682935499997,32.44564688814533],[-117.102122681,32.43757125114544],[-117.09098693699995,32.39779296014601],[-117.075471661,32.372729502146385],[-117.07470963799994,32.369577311146394],[-117.07647954799994,32.36907578414643],[-117.07667923799995,32.36792834514642],[-117.07540503599998,32.367241275146455],[-117.07621286299998,32.36878197614639],[-117.07128559399997,32.37001751114641],[-117.07588449799998,32.36833106914644],[-117.07132663899995,32.36482612214647],[-117.05887373099995,32.337407593146864],[-117.05750392399996,32.33415954514686],[-117.05975059699996,32.33244210314694],[-117.05956499999995,32.33174968014696],[-117.05746968299995,32.33408827314692],[-117.05127774099999,32.322917901147036],[-117.05165505799998,32.31932399814713],[-117.04923237499997,32.317229120147125],[-117.05008603399996,32.31417302214715],[-117.04834526199994,32.31353574514721],[-117.04534391799996,32.30180635114733],[-117.04357359899997,32.301329864147384],[-117.04015788399994,32.2937310551475],[-117.03926067999998,32.285641079147595],[-117.03510926099995,32.28070707514766],[-117.03317297499994,32.28127993014763],[-117.03111486999994,32.279556427147654],[-117.031017897,32.2765967941477],[-117.02716480999997,32.27491853614776],[-117.02444558799999,32.2687067391478],[-117.02031674699998,32.26728298914786],[-117.01736383599997,32.269550615147814],[-117.01086374299996,32.26863720014781],[-117.00438387599998,32.26398654314788],[-116.98981800599994,32.261045529147935],[-116.98657717999998,32.25876481614795],[-116.98521910199997,32.26020498514795],[-116.97760423199998,32.25847392714798],[-116.96956641299995,32.25429261914803],[-116.95709208899996,32.25188698414806],[-116.93542888099995,32.2417950951482],[-116.92227284099998,32.22589773714845],[-116.91474577499997,32.205480913148754],[-116.91315605699998,32.186207580148995],[-116.90988739600002,32.183008486149035],[-116.91129864999998,32.18242280914905],[-116.91190541299994,32.18148054314908],[-116.90727281299996,32.17614475714917],[-116.90658467699996,32.17108403314921],[-116.907806452,32.17020520314923],[-116.90651662099998,32.16871774614926],[-116.90778915599999,32.16505171014929],[-116.90305045999996,32.16521827214928],[-116.90059348499997,32.16175021214935],[-116.89867504499995,32.15445121614942],[-116.89554338699999,32.151701039149465],[-116.89485929199999,32.14439014514958],[-116.88757116099998,32.1291542291498],[-116.88404575099997,32.08941342315036],[-116.88661556899999,32.08618497015044],[-116.88480146799998,32.08449460115045],[-116.88457875099999,32.081129091150466],[-116.88233063599995,32.079640501150536],[-116.88122148899997,32.06777654915071],[-116.88225322399998,32.056290415150826],[-116.88528254899994,32.0553753331509],[-116.88039823199993,32.05471257815089],[-116.87877869699999,32.056925393150856],[-116.87915518899996,32.05456700715088],[-116.87776651200002,32.05598203715083],[-116.87891436399997,32.05416793615087],[-116.88211013899996,32.053287061150876],[-116.88487002899997,32.05435993815088],[-116.88257302299996,32.05328468015087],[-116.88306604699994,32.05029417315094],[-116.88760303899998,32.048907279150946],[-116.88449074699999,32.043084857151015],[-116.88642991100002,32.04044644715111],[-116.88578079399998,32.03649273515114],[-116.88709806400001,32.03443497715114],[-116.88182178399997,32.02594906815126],[-116.88095149099996,32.01868485515139],[-116.87127092499998,32.00837689015155],[-116.86443949199997,32.004186660151596],[-116.864470817,32.000130355151654],[-116.86057087999995,31.9993998611517],[-116.85968572099995,31.994862229151703],[-116.85540507099998,31.99250180415179],[-116.85569298599997,31.99051257415177],[-116.85302560999996,31.990574440151782],[-116.85101972399995,31.986462731151857],[-116.85307081999999,31.98687437815182],[-116.85217852199997,31.986358035151866],[-116.85203337499998,31.985929732151853],[-116.85116968099999,31.985428713151887],[-116.84979906099994,31.984985086151863],[-116.85149323699996,31.985651335151864],[-116.84951106099999,31.987339656151846],[-116.84132342099997,31.986417522151854],[-116.833388749,31.978854355151963],[-116.824219258,31.977133529152],[-116.81808595899997,31.97943684715192],[-116.81338122899996,31.978995300151965],[-116.79948238099996,31.98206948315194],[-116.79073039999999,31.976717733151986],[-116.78057797999996,31.977796290151986],[-116.76971336099994,31.971652521152066],[-116.76258042399998,31.962696045152217],[-116.756458547,31.94461023815245],[-116.75588366899996,31.935931868152572],[-116.75717809599998,31.93154223815266],[-116.75516411999996,31.92550031115273],[-116.756287226,31.913652499152917],[-116.74638676499995,31.902128293153105],[-116.73445709899994,31.90225012215305],[-116.72956719599996,31.900507468153084],[-116.72063374799995,31.902355833153074],[-116.71632216399996,31.89827267815313],[-116.710643819,31.896643223153152],[-116.702504951,31.89062500715322],[-116.70582408799999,31.89388176015318],[-116.70417512199998,31.89566159715318],[-116.70108430499995,31.89469658915314],[-116.70246357499997,31.89291141615321],[-116.699369086,31.89477572415317],[-116.68648442899999,31.882652244153345],[-116.67754598299997,31.869216617153544],[-116.67012693799995,31.865153278153592],[-116.66891680799998,31.861425013153692],[-116.66486023899995,31.862538251153634],[-116.66445472699996,31.861590314153677],[-116.66142578899998,31.860358538153687],[-116.659984962,31.8604412321537],[-116.66393581899996,31.861822033153675],[-116.66190710799998,31.861944341153677],[-116.66345545399997,31.862992669153623],[-116.66171513100001,31.86230056115362],[-116.66322251399998,31.863407751153623],[-116.66142988499998,31.862709299153668],[-116.66320113999996,31.86344408715365],[-116.66117089399994,31.863193020153606],[-116.66255846699994,31.864278887153617],[-116.65928873099993,31.863296109153662],[-116.66029143599998,31.861184099153675],[-116.65899724699995,31.863296109153662],[-116.65772804299998,31.86139896515364],[-116.65059251499996,31.85991656015365],[-116.63998654399995,31.860155934153692],[-116.62620470499996,31.844369638153886],[-116.625930592,31.840326458153953],[-116.62526624599995,31.843985117153895],[-116.62836144899995,31.847900758153827],[-116.62880498099997,31.851506118153832],[-116.63352011999999,31.85504485215375],[-116.631433809,31.857213017153697],[-116.62927516199996,31.856059454153723],[-116.63176811299995,31.85849649215374],[-116.62871710799999,31.858403807153703],[-116.62992990799998,31.860732902153657],[-116.62641385099994,31.860158286153673],[-116.62179841799998,31.857571540153693],[-116.62334137099998,31.857924811153744],[-116.62240669399995,31.857123112153726],[-116.62487486999997,31.855528005153737],[-116.62430161299994,31.852552367153766],[-116.62037121899998,31.85378445215377],[-116.62317732899997,31.855172960153755],[-116.62099170899995,31.856252757153722],[-116.61783852099997,31.85288787115378],[-116.62019561499994,31.851039029153807],[-116.61755013000001,31.847898141153888],[-116.61920380699995,31.84729042515384],[-116.61746875200001,31.847752518153847],[-116.61610294199994,31.845933420153884],[-116.62101533899994,31.846040496153883],[-116.62128183899995,31.84108288915396],[-116.62112955299995,31.84373170515389],[-116.61769170799994,31.844943326153917],[-116.61819140399997,31.84388622115391],[-116.61708994199998,31.844393909153922],[-116.61642012399994,31.84228094715395],[-116.61409675099999,31.84277780615394],[-116.61212084599997,31.839591232154007],[-116.60999455999996,31.82768060215413],[-116.61008022000001,31.81412528915434],[-116.61358659399997,31.796256488154583],[-116.61986474499999,31.782869555154793],[-116.61984029899997,31.77997154315483],[-116.61923020399996,31.777731161154907],[-116.61553347399999,31.775142307154933],[-116.61288725099998,31.77651450415492],[-116.61037981799996,31.7747804281549],[-116.60997173999999,31.770919515154972],[-116.61113624899996,31.768443924154994],[-116.61263292999999,31.768584312155042],[-116.61106010599997,31.76821787515502],[-116.61107200299993,31.76677830115502],[-116.62004495099998,31.763388521155115],[-116.62155976499997,31.74997893915529],[-116.62466608799997,31.747756873155332],[-116.62919397899998,31.737649552155464],[-116.62674071799995,31.73778819815548],[-116.62809546399997,31.732612174155527],[-116.63236421699996,31.732994792155537],[-116.638917113,31.723623768155644],[-116.64766305999996,31.71624268015576],[-116.64659835499998,31.71305152815582],[-116.64128346499994,31.709410350155853],[-116.64746781999997,31.709330749155875],[-116.64721710999997,31.712011779155866],[-116.65025667999998,31.715553379155836],[-116.64901042999998,31.718348149155748],[-116.65280887999994,31.720270279155756],[-116.65126732,31.72186114915571],[-116.64649464999998,31.721889279155683],[-116.64802562999996,31.723766519155646],[-116.64657102999998,31.72545041915568],[-116.64524271999993,31.7237909491557],[-116.64009597999996,31.726494049155608],[-116.63730984999997,31.733513539155528],[-116.63594637999996,31.733226249155525],[-116.63798257999997,31.735405909155514],[-116.63526510999996,31.734863169155506],[-116.63451041999997,31.73601699915551],[-116.63414844999996,31.74318974915539],[-116.63148056999995,31.751474509155265],[-116.62494531999994,31.75441721915521],[-116.62387044999997,31.758494049155136],[-116.62558436999994,31.764532569155055],[-116.62295882999996,31.76471637915507],[-116.618982355,31.775502803154904],[-116.62207394999997,31.77547128515489],[-116.62558294899996,31.772319579154953],[-116.63444135499998,31.749819659155307],[-116.64335481599996,31.734310332155513],[-116.65158061299996,31.72568240715566],[-116.66191936999998,31.71913175015577],[-116.67219743299995,31.718950059155755],[-116.677693988,31.726091416155658],[-116.68211681099996,31.729074666155608],[-116.68738731799999,31.729134152155634],[-116.697707182,31.732712380155554],[-116.70434873399996,31.7384040511555],[-116.70782274699998,31.73807283015549],[-116.72751326199995,31.749115432155293],[-116.74160633399997,31.749878287155283],[-116.74157586599996,31.74511367715537],[-116.74400245099997,31.743896323155383],[-116.74404528199995,31.74283032415538],[-116.73659042999996,31.741376473155412],[-116.73381998800001,31.736764253155474],[-116.73428890000001,31.73421860715552],[-116.73286868199993,31.7359795241555],[-116.72855750199996,31.731816856155568],[-116.72800759899997,31.73407869415552],[-116.72664299799999,31.733814957155516],[-116.72502375499995,31.73168019815554],[-116.72673934599999,31.729551770155577],[-116.72420165099999,31.72941138215562],[-116.72455143199996,31.726841564155613],[-116.72659181999994,31.727274626155616],[-116.72430874699995,31.72260769515571],[-116.71907185899994,31.72550666015566],[-116.71488690499996,31.72499650615567],[-116.71707341899999,31.718047950155793],[-116.71398064899995,31.713860520155848],[-116.708158523,31.71154609415588],[-116.70850842199995,31.714269268155824],[-116.70739293099999,31.714362543155797],[-116.70610040799994,31.711579525155845],[-116.705719694,31.713153776155846],[-116.70368668299999,31.712754027155842],[-116.704613721,31.713696294155802],[-116.70327955699999,31.71612834115578],[-116.69646505099998,31.716048978155783],[-116.69403718200002,31.713359757155796],[-116.693265432,31.7092453821559],[-116.69128780299998,31.70974410315587],[-116.69028769999994,31.706848443155923],[-116.68842410599997,31.706833214155935],[-116.69193047999997,31.70541886315593],[-116.69167459899997,31.703870650155952],[-116.68990791899996,31.70406508915594],[-116.68743044299998,31.701552714156],[-116.68356689999995,31.70265753015598],[-116.67767533699998,31.699699630156015],[-116.67662930700001,31.69725657015603],[-116.67988750899997,31.69656070915605],[-116.66605462999999,31.681890569156316],[-116.66542715599998,31.678741499156345],[-116.65730425899994,31.67480367915637],[-116.65833062999998,31.67238405015642],[-116.654965775,31.67108850915646],[-116.64993101999997,31.664539400156563],[-116.65422257999994,31.642327490156884],[-116.65923825899995,31.62964974015705],[-116.66761884999994,31.617854680157215],[-116.66634822499998,31.613549228157304],[-116.66715804999995,31.609248690157354],[-116.663948109,31.600083879157502],[-116.65461024099997,31.593947437157567],[-116.65368490899999,31.590609179157653],[-116.65075337099996,31.58809359215768],[-116.65156973699997,31.582409008157764],[-116.65377212299997,31.579186137157826],[-116.666355084,31.579930850157787],[-116.66761827999997,31.578000260157832],[-116.67181198599997,31.579598888157804],[-116.67634643999996,31.578331853157813],[-116.67665107999994,31.57434985015792],[-116.68154077899997,31.571209659157947],[-116.68336822999999,31.572509312157923],[-116.68526744399996,31.571162539157914],[-116.6920804,31.571367800157937],[-116.68877691999995,31.567794079157977],[-116.68985450999999,31.56526693915804],[-116.68792248999993,31.559101450158106],[-116.68993798099996,31.55828392015812],[-116.68868539899995,31.55699243015811],[-116.69110740800002,31.553264679158186],[-116.68718509099995,31.5530922241582],[-116.68503526099994,31.55043276415823],[-116.68119659200002,31.551986509158237],[-116.68081615700001,31.550790183158238],[-116.67847437299997,31.554761836158182],[-116.66916631599999,31.55263188515818],[-116.66456731099998,31.546676105158298],[-116.66598725999994,31.543580849158342],[-116.66460630999995,31.542214799158373],[-116.66652319999999,31.540186540158356],[-116.66414439899994,31.536335739158424],[-116.66049959999997,31.53583254315846],[-116.659382508,31.533828249158482],[-116.66019990899997,31.528861289158574],[-116.65603712999996,31.526758834158596],[-116.651698152,31.520850994158668],[-116.64668066899998,31.519344188158684],[-116.64590205999997,31.517998319158735],[-116.64845937899999,31.516063799158736],[-116.64530800299997,31.51522986615879],[-116.63710292299999,31.518354893158694],[-116.63416682899998,31.517175356158713],[-116.623303837,31.510990417158823],[-116.62242251999999,31.507833720158875],[-116.62015894199997,31.50697460715889],[-116.62132370999997,31.505372739158904],[-116.62001414999997,31.503706569158954],[-116.60866553299996,31.497226646159017],[-116.60617352199993,31.487235627159198],[-116.60674405099996,31.482394429159246],[-116.60332807499998,31.476337297159322],[-116.60436689999996,31.473152180159385],[-116.60317305899997,31.47017236915943],[-116.60467434,31.466868879159474],[-116.60245953900001,31.463284711159545],[-116.59810891699999,31.462744418159534],[-116.59664304999995,31.46067437015957],[-116.58264101999997,31.466441306159457],[-116.570980681,31.46487403515948],[-116.55060770899999,31.45211356315971],[-116.54728642299996,31.44601146915977],[-116.544492787,31.44695280715978],[-116.52174114199995,31.43448607115995],[-116.52234184999998,31.432292380159968],[-116.52059557899999,31.429213860160058],[-116.51682438199997,31.42655355916008],[-116.51704557899996,31.424635819160113],[-116.51227558399995,31.419254597160215],[-116.51185504399996,31.414919650160265],[-116.51291964799996,31.414565818160284],[-116.50926509299998,31.415173473160227],[-116.50063404999999,31.410756820160334],[-116.50012057899995,31.407951150160393],[-116.50182586399997,31.407809031160344],[-116.50200756899996,31.405840909160393],[-116.49759973399993,31.40117432616046],[-116.49502741999999,31.39592515016051],[-116.49631491599996,31.39469418816057],[-116.49206096899998,31.3923270501606],[-116.49292750299996,31.391359401160585],[-116.49070799999998,31.389330739160656],[-116.49134776899999,31.38424756916074],[-116.48753495999995,31.382210645160733],[-116.48675994899997,31.379984150160762],[-116.48539510899997,31.374891520160855],[-116.48788177999997,31.37194548016091],[-116.48748631799998,31.369328382160926],[-116.48498502700004,31.367083123160963],[-116.48219629999996,31.367326780160955],[-116.47362167399997,31.360329261161063],[-116.47116035999994,31.361627495161034],[-116.46861719199997,31.360241697161065],[-116.46916446799997,31.355027346161148],[-116.46662556999998,31.349846730161264],[-116.46363001099996,31.349909392161265],[-116.46439839399996,31.34865699916126],[-116.46223928999997,31.34742215016125],[-116.45832359599996,31.349008302161263],[-116.45570860299995,31.34670013116126],[-116.45298067999992,31.336010289161447],[-116.45413262999996,31.332467180161476],[-116.45726223,31.332632380161503],[-116.455495403,31.328739959161553],[-116.45070602399993,31.331374498161512],[-116.44799199999999,31.33009493916152],[-116.44850945999997,31.32757937916155],[-116.44550993499999,31.323389086161654],[-116.440193268,31.32502996316164],[-116.43700288599997,31.32149503616164],[-116.43297421999998,31.31199218216179],[-116.42518649,31.309842829161806],[-116.41727029399999,31.30278509316195],[-116.41507156899996,31.295074460162084],[-116.41738012599994,31.294390714162084],[-116.41647056999994,31.292811120162096],[-116.41562061099994,31.293783344162094],[-116.41165928399995,31.29122114116211],[-116.40677853399995,31.292150082162074],[-116.40172836499994,31.28800220616217],[-116.39991045799997,31.283721080162262],[-116.39792979399999,31.285418111162215],[-116.39237708499999,31.283556421162245],[-116.38416139,31.266439004162496],[-116.378974165,31.26382397716255],[-116.37160735299994,31.257030615162652],[-116.36989022599994,31.25467928216266],[-116.37076967499996,31.252910867162715],[-116.36772967499998,31.251795375162736],[-116.36351136699993,31.247044068162772],[-116.35290010099999,31.22520162716311],[-116.35253740099998,31.21378300016328],[-116.33993264799997,31.207672727163363],[-116.33846343500001,31.200993942163514],[-116.33576674499994,31.19739817816355],[-116.33515817399999,31.19032514016368],[-116.33175459299997,31.18894124616369],[-116.332045839,31.186628410163735],[-116.32908726299996,31.182004352163755],[-116.32556981799996,31.18073086616382],[-116.32352471099995,31.173205676163906],[-116.31984511299999,31.171663785163954],[-116.316038754,31.162244040164108],[-116.31361967,31.15868828716415],[-116.31094026999997,31.15774061516417],[-116.30950307399999,31.152382068164236],[-116.30969200499997,31.12093225616471],[-116.31319248999996,31.095729421165082],[-116.32877941299995,31.01691093916631],[-116.33347029899994,31.004190835166543],[-116.334863689,30.993780060166664],[-116.33870442599999,30.98534668716679],[-116.33852501499999,30.972280591167003],[-116.33055559399997,30.95929198216721],[-116.32474732899999,30.956305758167233],[-116.31825853899994,30.955739446167247],[-116.29984982399996,30.96063846916716],[-116.28447495199998,30.969526043167075],[-116.26964852999997,30.966830114167085],[-116.24545807899993,30.93342857016758],[-116.23758525999995,30.934138179167583],[-116.23293362,30.931453450167623],[-116.22151465999998,30.917814749167835],[-116.21535414,30.9140141401679],[-116.20955499399999,30.90386009216806],[-116.20747296599995,30.892319707168244],[-116.20064439899997,30.88237377016841],[-116.19116208900002,30.878177919168444],[-116.17468577399997,30.861802987168737],[-116.16750218099996,30.86057280516874],[-116.16088912000002,30.863564969168664],[-116.14846851,30.859141029168754],[-116.14083650899994,30.854278400168823],[-116.10857054999995,30.82509917916929],[-116.10219192499994,30.821278386169354],[-116.09627886199998,30.818954194169386],[-116.08957591999994,30.819575233169385],[-116.08655910899996,30.821758591169313],[-116.07473760099998,30.816836473169428],[-116.06440598200001,30.807111616169557],[-116.05677742999995,30.793501099169802],[-116.05165920899998,30.779393275170012],[-116.04953078099999,30.766916869170178],[-116.04630958599994,30.732197856170753],[-116.04681641099997,30.718882392170944],[-116.03951503499997,30.71013430417109],[-116.03254559399996,30.697404187171287],[-116.02811741699999,30.66542185217179],[-116.02904540699998,30.611286734172673],[-116.03220057199997,30.574319428173247],[-116.04360305099999,30.503607344174327],[-116.04840480299998,30.49268799817454],[-116.04659975,30.48248172117468],[-116.04805949699998,30.47038138517487],[-116.04306500899999,30.467159595174927],[-116.04269874499994,30.46493248017498],[-116.04431898499996,30.463628474175007],[-116.04018348199997,30.462136552175014],[-116.04008116499995,30.45967856917505],[-116.03594804099998,30.458003429175115],[-116.03496770299996,30.4494873381752],[-116.03080899999998,30.440068836175392],[-116.032108781,30.436895230175413],[-116.02242139999998,30.431532520175516],[-116.020687368,30.432296922175468],[-116.02009555099995,30.432381213175464],[-116.01700812599998,30.42868014117558],[-116.01196069499997,30.41693155217573],[-116.00740997499997,30.40101593217599],[-116.00516435899999,30.385751690176228],[-116.00557778999996,30.375728211176416],[-116.00784422699996,30.372759833176474],[-116.00578718299997,30.367237996176556],[-116.007531799,30.365465641176566],[-116.00031682099996,30.359452731176674],[-115.99616466199994,30.359157678176693],[-115.99494875699999,30.36059487217663],[-115.990796598,30.357151792176722],[-115.98647838699998,30.358268339176675],[-115.98452484999997,30.356914425176708],[-115.98239047399994,30.359022628176657],[-115.98227150099996,30.36328186317659],[-115.97903498299999,30.36443954617661],[-115.98235240199995,30.369846796176475],[-115.98830343400002,30.37360158517644],[-115.98895778599996,30.37639031417637],[-115.99072572600001,30.377206469176357],[-115.99018201099996,30.3815168681763],[-115.99266021099997,30.38215401717629],[-115.99623840399993,30.386839763176226],[-115.99711895499995,30.399430446176012],[-115.995121365,30.401169202175986],[-115.99486876199995,30.404910867175936],[-115.99505447999996,30.40527678817591],[-115.99568193399993,30.405052331175906],[-115.99594269499994,30.40511349717593],[-115.99599098399993,30.405232610175897],[-115.99471766199997,30.40664166117588],[-116.00305053399997,30.41379432117579],[-116.00611829399996,30.418727067175727],[-116.00564302299995,30.420494600175665],[-116.01372941499994,30.428658441175518],[-116.01486173699998,30.435624866175452],[-116.01652986899995,30.4375975201754],[-116.01453825999995,30.44148318017531],[-116.01811934899995,30.442689567175325],[-116.01700813999999,30.443534275175292],[-116.01911872199999,30.444152935175268],[-116.01866900399996,30.445533022175283],[-116.02060112699998,30.446135026175238],[-116.02240237800001,30.450239596175216],[-116.02369204499996,30.450827323175197],[-116.02498885299997,30.450308601175212],[-116.02633324799994,30.450796390175174],[-116.02569745499994,30.45226713517516],[-116.02728431699998,30.45418517817514],[-116.02500503299996,30.453751919175147],[-116.02150650399996,30.45592433217509],[-116.01494828999995,30.450118155175183],[-116.013863256,30.45166956317518],[-116.00785511699996,30.451705255175156],[-116.00333651999995,30.454208448175166],[-115.99857997799994,30.450771317175228],[-115.995308219,30.45130907517517],[-115.99548667799996,30.445317592175257],[-115.99324522599996,30.444311080175268],[-115.99316432299999,30.440775201175363],[-115.98852318599995,30.438298182175366],[-115.98494685599997,30.431966436175465],[-115.980121309,30.430053350175516],[-115.980097514,30.42810457117555],[-115.97824391399995,30.42725034517557],[-115.975747859,30.42819023217557],[-115.97126019599999,30.4269195991756],[-115.96722700999999,30.42930144017555],[-115.96740071000002,30.433417907175453],[-115.96457866999997,30.434362553175482],[-115.96500459299995,30.436006761175413],[-115.96096138200001,30.43838192717541],[-115.95732318599994,30.438136843175386],[-115.96116363600001,30.442089127175368],[-115.95658079399998,30.4459914431753],[-115.95789663599999,30.450966896175203],[-115.959893004,30.450343478175164],[-115.96364156899995,30.453713482175157],[-115.963034807,30.463219429174984],[-115.96577594599998,30.464518614174963],[-115.96900725399996,30.469239465174873],[-115.97158658899997,30.468504212174942],[-115.97230042800001,30.46652687917494],[-115.97651207399997,30.469922370174885],[-115.97760662599997,30.469317987174914],[-115.97591958799997,30.470412539174863],[-115.97873686999998,30.47218285817485],[-115.97487024599995,30.472958563174867],[-115.97407967000001,30.47572319917481],[-115.97980227299995,30.47824780717476],[-115.98075167800002,30.481491012174683],[-115.97831511000001,30.484172665174675],[-115.980956313,30.48227385517471],[-115.98660753199998,30.486730585174648],[-115.98784485199998,30.491282494174573],[-115.99958273299998,30.49747861117448],[-115.99836266399997,30.504364338174355],[-115.99254726099996,30.50506865917434],[-115.99307074299998,30.5078216951743],[-115.98916366799995,30.511428958174218],[-115.99159785599994,30.50756947217428],[-115.98977994799998,30.50544937317435],[-115.99412722299995,30.50130911017441],[-115.99280662299999,30.498932029174426],[-115.98540947299998,30.49703083917444],[-115.97704745199997,30.49869467817442],[-115.97808608699995,30.497416907174436],[-115.97695108399996,30.495328930174498],[-115.98221564199999,30.494222481174504],[-115.98142504499998,30.488986404174586],[-115.97795640600002,30.48479922017467],[-115.97605759700001,30.48382364117468],[-115.968207755,30.486165031174615],[-115.96650643999997,30.482060461174687],[-115.96085937799994,30.47971406317476],[-115.95884269899996,30.47391809017481],[-115.95501890499997,30.47133161617485],[-115.95071684000001,30.462572820174998],[-115.94671934499999,30.460114836175045],[-115.93974514499996,30.46057645217502],[-115.93366562199999,30.458092295175106],[-115.93609505199997,30.457754411175074],[-115.93708472999998,30.45448459717516],[-115.93982860499995,30.453557618175136],[-115.93934176699997,30.45059019317518],[-115.94059336400002,30.451403968175196],[-115.94218998199996,30.44899595417521],[-115.94110970699995,30.448279736175248],[-115.94253738299994,30.44826783917522],[-115.94072893099997,30.447182724175264],[-115.94326073999999,30.44763014317527],[-115.94383180999995,30.446445172175245],[-115.94230419599994,30.446047802175272],[-115.94323456499997,30.44417992517531],[-115.93864616199996,30.44272332117533],[-115.94159230799995,30.441753498175355],[-115.94376237699998,30.438805345175375],[-115.94089869499997,30.436499053175403],[-115.94515495599994,30.43641874617545],[-115.93982795099998,30.433385819175488],[-115.94402577799995,30.43401006517546],[-115.94168259399999,30.43332249017549],[-115.94354923699994,30.426131762175594],[-115.94131254299998,30.426146039175578],[-115.94327083999998,30.42487302717559],[-115.941652806,30.423669020175602],[-115.94329225499997,30.419640592175707],[-115.94075575000001,30.4136895601758],[-115.93718176099998,30.411016745175814],[-115.93977537299999,30.41255863617583],[-115.94760085099993,30.409276613175876],[-115.95503613999995,30.410257819175815],[-115.95895341999994,30.408337429175905],[-115.96403284999995,30.410909679175816],[-115.967508219,30.40875327917587],[-115.96822417999999,30.40626984917592],[-115.97160804899994,30.41058633917585],[-115.97509514999994,30.407642139175902],[-115.97805553999994,30.401184859175974],[-115.98530529,30.394943739176075],[-115.98640799999998,30.391675619176148],[-115.98537384999999,30.390875779176145],[-115.98733109799998,30.388157563176193],[-115.98439490999998,30.388323320176177],[-115.97745695,30.39472890917607],[-115.96946837899998,30.398043459176037],[-115.94359737299999,30.403736178175976],[-115.92875386199995,30.403105377175994],[-115.90645355299995,30.395924164176073],[-115.88683739599998,30.38217462717627],[-115.86900511999994,30.37245274417643],[-115.84888320799999,30.356477638176706],[-115.83544401199997,30.340949276176953],[-115.82634869499998,30.318642102177325],[-115.81693640699996,30.309733024177486],[-115.81174292099998,30.3003540141776],[-115.80762682899997,30.287772939177792],[-115.80248899400002,30.278195413177944],[-115.799067629,30.258602620178312],[-115.79651841999997,30.25204128917843],[-115.79527043499995,30.238689714178633],[-115.79487960899996,30.1950730041793],[-115.79816326500001,30.170463428179715],[-115.80295787899996,30.151951222179992],[-115.80022362999996,30.140807000180196],[-115.80229235699994,30.133991176180306],[-115.79984172699994,30.132128213180323],[-115.80031464499999,30.130694588180337],[-115.798107003,30.130765703180366],[-115.79837968599999,30.12881652418038],[-115.795524098,30.127618271180424],[-115.79328809599997,30.12389855018046],[-115.79349585299995,30.120375684180534],[-115.79166142899999,30.12082534918055],[-115.791071177,30.118216459180555],[-115.78809492299999,30.116882114180612],[-115.789174603,30.116302121180574],[-115.78805566199998,30.113206739180654],[-115.790272413,30.11258653418066],[-115.79014837799997,30.110991220180694],[-115.78629485999997,30.107177185180753],[-115.78733468499998,30.1043480061808],[-115.78422472899996,30.101554519180812],[-115.78481880099996,30.09781673918089],[-115.78352754699999,30.096512441180938],[-115.78500995199997,30.09656003018089],[-115.78325819199993,30.09551116418095],[-115.784546908,30.09434427618096],[-115.78199614,30.093392420180948],[-115.78131226899998,30.090854797181024],[-115.78306830999998,30.088875799181025],[-115.78184924899996,30.0869329591811],[-115.78329783199996,30.086345925181067],[-115.78297282399996,30.080663955181148],[-115.78530286099999,30.075934867181264],[-115.78414354999998,30.073844939181313],[-115.78570237499997,30.072378996181303],[-115.78470965899999,30.06862803018139],[-115.78659169999999,30.063827441181463],[-115.785414992,30.062142867181457],[-115.79035369599998,30.039547707181853],[-115.79250234899996,30.037161108181913],[-115.79180947299996,30.03243680918196],[-115.79650876699998,30.00956144218235],[-115.80523027399994,29.973201453182934],[-115.80991543299997,29.964599702183065],[-115.80945143799995,29.960421606183168],[-115.81099570899995,29.960247668183182],[-115.80983929099996,29.959067455183195],[-115.81143352899994,29.958827129183156],[-115.80936339799997,29.956216861183258],[-115.81332282100001,29.952980794183258],[-115.81217175699999,29.951233080183307],[-115.81349235799996,29.949931514183344],[-115.811491231,29.94785186618336],[-115.80375977999994,29.958261171183192],[-115.78834723200002,29.959423859183193],[-115.75608766,29.951369199183294],[-115.751477419,29.94862200018335],[-115.74288006799996,29.947903916183392],[-115.72341909799997,29.928528741183655],[-115.71885459999999,29.920216749183833],[-115.70959735699995,29.91043335418399],[-115.70742907299996,29.90497546518408],[-115.70189087799997,29.89999049518415],[-115.69771194999998,29.888134830184356],[-115.69059916899995,29.855186089184915],[-115.68579613899998,29.842324830185106],[-115.68476548899997,29.833776850185238],[-115.68647779099997,29.80752450018567],[-115.69933062799998,29.754831033186576],[-115.69063241699996,29.74965509518662],[-115.68677174099999,29.744961608186703],[-115.68658729699999,29.746668474186677],[-115.67872714199997,29.743948535186746],[-115.67195587999998,29.736833381186855],[-115.65990087999995,29.729655370186972],[-115.65567144399998,29.72361250118707],[-115.65083291999998,29.721146379187118],[-115.644810025,29.71449762818723],[-115.63786184900002,29.711460558187277],[-115.61926651199997,29.695003894187572],[-115.60219408199997,29.6979743861875],[-115.58614671699999,29.692990552187613],[-115.57417382999994,29.681451566187807],[-115.56372659599998,29.66368399118811],[-115.55660973299996,29.661318614188094],[-115.54740716799994,29.652621684188258],[-115.54058703799998,29.643130609188454],[-115.52458218799998,29.635314079188575],[-115.51640576499993,29.628407694188706],[-115.51266870899997,29.621509220188802],[-115.50856709499999,29.620158939188833],[-115.50608650699999,29.61706564018889],[-115.49951027199995,29.615643912188883],[-115.49309250899994,29.61680026018887],[-115.48938449300002,29.620853736188817],[-115.48337121999997,29.622519449188765],[-115.47838014999996,29.626824279188707],[-115.457948839,29.625122786188744],[-115.44928759999999,29.619135468188855],[-115.44408847799998,29.617692919188844],[-115.44001365099997,29.612809076188963],[-115.43465594499997,29.60956250818899],[-115.42797952699999,29.60080172118913],[-115.41485685699996,29.592448082189314],[-115.408399595,29.58272798418948],[-115.40769765399995,29.577945267189545],[-115.40049383599995,29.577344453189557],[-115.39382837100001,29.57466458618956],[-115.38826340599996,29.569289978189698],[-115.38744249199999,29.56605688518975],[-115.38344797199997,29.5621991841898],[-115.38112204899994,29.561999904189797],[-115.37855520499994,29.558124357189843],[-115.37315680299997,29.558201690189886],[-115.36955191999999,29.56040566518984],[-115.35341025099996,29.556610425189906],[-115.34777985200002,29.55750569718987],[-115.34115602599998,29.555964996189893],[-115.33676889599995,29.552208422189942],[-115.33032055599996,29.55061418318998],[-115.31621332699997,29.54290473019014],[-115.29868154599997,29.540707204190152],[-115.28996192299998,29.533089453190286],[-115.27723180699998,29.525183694190428],[-115.26975137599999,29.52299161519047],[-115.26557397899995,29.518928459190516],[-115.25832623499998,29.518581065190514],[-115.25326685999994,29.51623413719059],[-115.23822573800001,29.502933135190773],[-115.23119145699997,29.49189243619098],[-115.22942269199996,29.486420036191102],[-115.22052685999995,29.48192605919114],[-115.21818088899992,29.47952500019121],[-115.21876745599998,29.478106189191212],[-115.21583414,29.477747592191232],[-115.211293889,29.472355680191328],[-115.19901956599998,29.452787343191655],[-115.19382662899996,29.440229720191848],[-115.19244927899996,29.432300184191963],[-115.189494074,29.428080877192073],[-115.18754247099999,29.427480216192052],[-115.17920072399994,29.431484031192028],[-115.17243115699995,29.42842642319207],[-115.17109568399998,29.42964292319205],[-115.16689593599996,29.42833719319206],[-115.160481964,29.42333932519216],[-115.15384161799994,29.42066045719218],[-115.140157339,29.42264730719213],[-115.13016657599998,29.417995461192255],[-115.12583861699994,29.420478583192228],[-115.113965106,29.419660643192188],[-115.10690405599999,29.42144523919216],[-115.09527622499998,29.41670059419229],[-115.08440208799999,29.416819567192253],[-115.08139206899995,29.41827103819223],[-115.07320374899994,29.41645075019228],[-115.05614342999996,29.406917819192422],[-115.04955488099993,29.405576614192412],[-115.04399876999997,29.4015795201925],[-115.03015930000001,29.397935569192594],[-115.01195642299994,29.385348221192793],[-115.00835451399995,29.385897281192758],[-114.99209945599993,29.381612095192843],[-114.98244049599997,29.38230016419285],[-114.96734327999998,29.375140554192942],[-114.95052331699999,29.360614254193198],[-114.93532217999996,29.340114339193587],[-114.92021627400001,29.32712763219376],[-114.91159667699996,29.314620590194],[-114.90783415399994,29.31451648919403],[-114.90406999899997,29.312087963194056],[-114.89956630999995,29.30455739519419],[-114.89461446399999,29.30268491619423],[-114.89037604899994,29.298306708194268],[-114.88758910499996,29.297923020194272],[-114.88232706099998,29.290682736194412],[-114.88287097599999,29.28837877019445],[-114.88072756099994,29.28764168319447],[-114.87917189299996,29.284541795194503],[-114.87755092899994,29.28346155919452],[-114.876818939,29.284846107194532],[-114.87353032399994,29.28439145319452],[-114.86352070599999,29.275669632194685],[-114.85870650599999,29.265593612194873],[-114.85069367099999,29.260007827194922],[-114.84719288899998,29.252735600195056],[-114.84835882499998,29.250829056195077],[-114.84542316499994,29.247896371195157],[-114.84622272399997,29.246063489195173],[-114.84266163599995,29.243994102195202],[-114.84234176299998,29.241620542195264],[-114.83753525199995,29.236864595195318],[-114.83499881100002,29.237907465195295],[-114.834059149,29.241046012195277],[-114.83156825999998,29.241363363195255],[-114.82705025799997,29.239587690195286],[-114.823040866,29.235673477195327],[-114.81460270299999,29.220733436195594],[-114.81505182599996,29.21680435119568],[-114.81264440999996,29.213550339195724],[-114.80518895999997,29.20900269319581],[-114.80093864799998,29.21009724519577],[-114.80078100899999,29.211474358195808],[-114.79715827899997,29.2110014401958],[-114.78583204499995,29.197031030196026],[-114.78161742500001,29.197970917196017],[-114.776956655,29.19412808719608],[-114.77351238599998,29.19761102319597],[-114.76850362000002,29.19644508819604],[-114.76307844899996,29.191350067196144],[-114.75992863699997,29.18578510219623],[-114.754348801,29.181656737196306],[-114.75411107999996,29.183848625196237],[-114.75188605899996,29.18494336819624],[-114.747362109,29.182165347196296],[-114.74440860299995,29.18239734519629],[-114.73926599299996,29.17376287619643],[-114.73668130299995,29.164985639196573],[-114.73734457799998,29.162612126196613],[-114.73560716199994,29.1615890171966],[-114.73453978899994,29.14227070919696],[-114.73626548199998,29.14151272519695],[-114.73676161099995,29.138772901196994],[-114.73455168599999,29.13528104219712],[-114.728965901,29.137868706197047],[-114.725352462,29.13583445719706],[-114.72147952199997,29.128196197197227],[-114.72267817499996,29.12635508919724],[-114.717490289,29.120812819197315],[-114.71844705999997,29.116842519197387],[-114.71526994,29.112860830197455],[-114.71606624899998,29.110061730197497],[-114.71042989999997,29.111432895197506],[-114.70264665699995,29.101152304197647],[-114.69964499300002,29.103283241197627],[-114.69910388899997,29.107822609197537],[-114.69640000299995,29.110403778197494],[-114.68333218199997,29.10896671519754],[-114.67801623199998,29.11317970319748],[-114.67584105999998,29.113202958197448],[-114.66564898399996,29.10848324219752],[-114.652118149,29.09665170119772],[-114.64523380199996,29.098442438197722],[-114.639480237,29.09689857019775],[-114.63610710999995,29.097960550197694],[-114.62728181699998,29.090225445197838],[-114.62112685999995,29.078004757198094],[-114.61935161999997,29.0702228501982],[-114.62083537599995,29.068787320198236],[-114.61858975899997,29.066059863198298],[-114.618506478,29.063180715198317],[-114.61255846299997,29.06378309219831],[-114.60862230500003,29.057379773198406],[-114.60472861399997,29.027433959198962],[-114.60452516999999,29.022230078199048],[-114.60687762999999,29.020119096199096],[-114.60286289399994,29.017562059199108],[-114.60210258199999,29.01464108419918],[-114.60384553699997,29.014367446199174],[-114.60084146699997,29.01120276319925],[-114.60116566899995,29.004614631199335],[-114.60469619399998,29.001476716199413],[-114.59936620199996,29.00019478219943],[-114.60213529899994,28.995620268199495],[-114.59939797,28.993379320199573],[-114.59969612400002,28.992055303199585],[-114.60226616999996,28.992003487199543],[-114.59978558200001,28.988942905199615],[-114.601388743,28.986274935199653],[-114.59777493699993,28.981402988199772],[-114.59861072299996,28.979781981199817],[-114.59668335899993,28.977280572199813],[-114.59845605799998,28.97563279519988],[-114.59149572699995,28.973525906199917],[-114.59210587099993,28.969761475199945],[-114.58739061099999,28.966297499200028],[-114.58554231899996,28.967178468199993],[-114.58141395399997,28.965271925200057],[-114.58464031199998,28.96983583419994],[-114.58142803999999,28.973556716199912],[-114.57647281199996,28.975115263199882],[-114.56924519999995,28.973979070199867],[-114.56251695899999,28.970361469199943],[-114.54867147099998,28.955549325200195],[-114.54346342499997,28.939487963200524],[-114.54368352499996,28.93679322320051],[-114.54596780799996,28.936293536200534],[-114.54556627399995,28.934273969200582],[-114.53640534899995,28.927810758200707],[-114.53100843399994,28.917754561200844],[-114.53037428899995,28.921701469200812],[-114.52761175399998,28.92344742120076],[-114.52951234799997,28.927840501200684],[-114.52587670099996,28.931879853200623],[-114.51814267999998,28.93281616520062],[-114.51135336799996,28.930028222200672],[-114.50984697899999,28.9338852822006],[-114.50553123099996,28.93494414320055],[-114.49711091399996,28.931996585200583],[-114.48879172299996,28.93204417420062],[-114.47030925999996,28.91810648220084],[-114.46176104599999,28.909885444201],[-114.46123894999995,28.907349901201087],[-114.45867334599996,28.909228293201018],[-114.45295669099995,28.90895762920101],[-114.44972954699995,28.906548425201038],[-114.44042397599998,28.88954876720137],[-114.43731283099999,28.880780453201513],[-114.43891896699995,28.878900679201575],[-114.43753915599996,28.87804289720156],[-114.43780954399996,28.875834148201616],[-114.43302682699999,28.88135152420153],[-114.42651602699999,28.8839272902015],[-114.41744730599999,28.879516364201518],[-114.40626383899998,28.862559730201827],[-114.40333115399996,28.845278895202117],[-114.40471718999999,28.84418136820217],[-114.40289987599999,28.838393329202237],[-114.40538046399998,28.837209548202306],[-114.40358694599996,28.834452347202348],[-114.39867633299997,28.833286411202373],[-114.39729921999998,28.824009488202506],[-114.399532939,28.82250150420253],[-114.39686794299996,28.816198907202637],[-114.38620498299997,28.806565064202804],[-114.38316197999997,28.81107364920272],[-114.38019684399995,28.81134778120273],[-114.37898629299997,28.81318294020269],[-114.37311794699998,28.811365627202715],[-114.36074457199999,28.79446360420301],[-114.359745198,28.79098007320311],[-114.36159403999994,28.79051607820309],[-114.36043462899994,28.786048630203158],[-114.36161545499999,28.784898171203203],[-114.35980465199998,28.78319232920327],[-114.36081238699995,28.782828040203256],[-114.35978088999997,28.779883457203272],[-114.35765722099995,28.777406438203347],[-114.35033511899998,28.774721280203376],[-114.35029754899996,28.772855719203413],[-114.34862041999999,28.77231207920344],[-114.34828809399994,28.76846561320347],[-114.35170380999995,28.76498565220356],[-114.34933897399999,28.7633770992036],[-114.35077634,28.76170132020359],[-114.34741364199999,28.759701464203626],[-114.34758496299997,28.7577419772037],[-114.34395152599997,28.757659886203673],[-114.343248395,28.75305206020378],[-114.34397788099996,28.740448847203965],[-114.34621439299998,28.739606915204032],[-114.34469999899994,28.738000000204018],[-114.34808147999996,28.737079720204033],[-114.34528384999999,28.7349179392041],[-114.34718679099997,28.73089348320415],[-114.34073924899997,28.732161274204145],[-114.33063763999998,28.730168700204135],[-114.32961566099999,28.728694861204204],[-114.32627475699996,28.72938839820419],[-114.31595159999995,28.726911376204256],[-114.30732168999998,28.720124089204358],[-114.30447524899995,28.714216550204444],[-114.30524705899995,28.713132369204462],[-114.30148664899997,28.711000719204524],[-114.301109054,28.707421507204565],[-114.30302230899997,28.706865889204607],[-114.301557254,28.70561542520463],[-114.29888598899998,28.707079729204565],[-114.294253278,28.703699509204615],[-114.29051747799997,28.70389336120461],[-114.28714161799996,28.70630851420459],[-114.28282587099994,28.70393797620465],[-114.27884622199997,28.69783465820471],[-114.27901228899998,28.695328200204788],[-114.27572912799998,28.694806794204776],[-114.27520862099999,28.692813995204826],[-114.27323366899999,28.693373169204804],[-114.27061328699995,28.690476175204882],[-114.269697195,28.679016096205068],[-114.27133902299994,28.669165127205233],[-114.27053595499997,28.665723832205327],[-114.27174353099998,28.664599537205344],[-114.26922672599994,28.660033666205404],[-114.26140127399998,28.661684417205397],[-114.25898171899998,28.663960600205332],[-114.25459159999997,28.658324770205404],[-114.24541286299996,28.65290676820551],[-114.24762873499998,28.658635321205445],[-114.24525819699994,28.662076616205354],[-114.23949097799999,28.663983159205326],[-114.24115499899995,28.665180860205343],[-114.24016802899996,28.666254140205265],[-114.23946718299999,28.664688075205326],[-114.239092418,28.666169289205275],[-114.23616270599996,28.666954511205315],[-114.22640691599997,28.665250222205312],[-114.22494057399997,28.666657079205294],[-114.21438888199998,28.66214321620538],[-114.19843931999998,28.66067988020543],[-114.18377684999996,28.657087890205467],[-114.17629425399997,28.65249490920553],[-114.16394877999994,28.640554490205748],[-114.15630293899996,28.61947577320611],[-114.15515365899995,28.60856475520635],[-114.15642429199995,28.585786175206746],[-114.16126024899995,28.56912297220703],[-114.14966424299998,28.559552617207203],[-114.13333625599995,28.563271716207172],[-114.11702391099999,28.559210573207235],[-114.11101979299997,28.556058818207266],[-114.09619357399998,28.545967664207428],[-114.09088025999995,28.537664059207604],[-114.08658116199996,28.522785186207866],[-114.07953676799997,28.521835781207866],[-114.06937289999996,28.514427924208032],[-114.06921601999996,28.488535619208474],[-114.05820133099996,28.477833003208655],[-114.05047760099995,28.47300031820875],[-114.04584479,28.464980344208925],[-114.04524754499995,28.457859807208997],[-114.04735336799996,28.44262649820928],[-114.06074140599999,28.39597002721017],[-114.08120205999995,28.344345600211057],[-114.10999065899996,28.283909889212193],[-114.12495521899996,28.256836150212674],[-114.12430949999998,28.254560471212674],[-114.121786081,28.255006620212693],[-114.11684304999994,28.251750850212737],[-114.11647288499995,28.247757657212833],[-114.11471505799996,28.247118177212833],[-114.11639113899997,28.24511933921284],[-114.11470820299998,28.244095953212877],[-114.11535507999997,28.242970829212897],[-114.10310923699996,28.23880196021296],[-114.09580429199997,28.240747170212963],[-114.09132941799999,28.24593826121284],[-114.08201561299997,28.24643021521286],[-114.083019134,28.248481108212825],[-114.091484499,28.24817564321283],[-114.09254454899997,28.25001377621278],[-114.08976771799998,28.24849687021279],[-114.08647692299996,28.249178586212814],[-114.08876834399996,28.252690670212715],[-114.08675531999997,28.25289768321273],[-114.08656258399998,28.25508202821268],[-114.08356179999998,28.250901958212747],[-114.08158514299998,28.25173120621273],[-114.08339314199998,28.25349373821273],[-114.08160140799998,28.25334383221269],[-114.08257936599995,28.257116467212654],[-114.07946703099998,28.253914903212713],[-114.07940437299999,28.251235505212755],[-114.07396250799997,28.24840838421282],[-114.07993251299997,28.256905588212636],[-114.07879929499995,28.25633154321264],[-114.07846319599999,28.259299920212587],[-114.07517005199999,28.25768608321264],[-114.07539369099999,28.26078410921256],[-114.07926626399997,28.264154021212537],[-114.08039353399995,28.26860956221243],[-114.07917108599997,28.271072304212414],[-114.07635142399994,28.271670143212386],[-114.07898370299995,28.270661847212374],[-114.07976892499995,28.26851735721244],[-114.077654178,28.26329146621253],[-114.07333135299996,28.260584204212577],[-114.06751696999999,28.262223719212578],[-114.06477307999997,28.260440969212585],[-114.06700801999996,28.258734919212625],[-114.05908561999998,28.2474126792128],[-114.06466112099999,28.24578459921284],[-114.06434465999997,28.2423731992129],[-114.05650213999998,28.232980089213104],[-114.05236887999997,28.223949779213253],[-114.05066533999998,28.212580339213442],[-114.05125239999995,28.201033339213655],[-114.04738010999995,28.19302001921382],[-114.03540296999995,28.185392459213958],[-114.03684856999996,28.18079901921404],[-114.05010336999999,28.190477619213826],[-114.05440904999995,28.18456027921395],[-114.05157477999997,28.180649909214036],[-114.05633937999994,28.17275562921417],[-114.04608290999994,28.173174029214156],[-114.04488454999996,28.17594299921415],[-114.03897102999997,28.170740059214232],[-114.03917410999998,28.16151136921435],[-114.05047327999996,28.147830949214658],[-114.05350284999999,28.136281029214864],[-114.05402579999999,28.123316459215108],[-114.04877510999997,28.112567049215283],[-114.04831656999995,28.104274089215426],[-114.04040722999997,28.090728569215692],[-114.04506870999995,28.086592649215756],[-114.04805097999997,28.088151709215705],[-114.04929001999994,28.086449179215744],[-114.04814207999999,28.079946429215887],[-114.05565245999998,28.081163319215825],[-114.05880230999998,28.085969889215775],[-114.0601324,28.08521490921577],[-114.05797978,28.08217541921585],[-114.06087722999996,28.082200479215825],[-114.07226401199996,28.10268525221547],[-114.071990885,28.10870924321536],[-114.07511762899998,28.11132697521529],[-114.076144581,28.115002316215246],[-114.07459855999997,28.134328844214863],[-114.07690179199994,28.138959153214824],[-114.07703600099995,28.1457027472147],[-114.066496885,28.155945795214464],[-114.06104616999995,28.171440419214214],[-114.06376953999995,28.184991289213936],[-114.05777294999996,28.202467649213663],[-114.06119517999997,28.20435182921361],[-114.05743487999997,28.205138369213575],[-114.05770033999994,28.208210649213555],[-114.0592898,28.208728909213523],[-114.06544824999997,28.207041555213536],[-114.072880496,28.185160924213942],[-114.07934489699994,28.171567658214222],[-114.10650346999995,28.129877419214985],[-114.10988527899998,28.119443483215143],[-114.10922200399995,28.11704022721521],[-114.10460287499997,28.11472322721524],[-114.10055184299996,28.10814401721538],[-114.10274205399998,28.096713308215556],[-114.10172185999994,28.099500251215503],[-114.10178670099998,28.072968369216028],[-114.10092129599997,28.0669219772161],[-114.09965720799994,28.070089634216046],[-114.100701196,28.07469389121595],[-114.09927946799998,28.07420907621596],[-114.099196023,28.05914907221628],[-114.097279605,28.05862035621627],[-114.09831895399999,28.06042684221626],[-114.09412205899999,28.057598793216293],[-114.09460080799995,28.05930278521625],[-114.09309889199994,28.05808259721628],[-114.09273911699997,28.057896048216307],[-114.09244977499998,28.057930312216268],[-114.09405281199999,28.061054430216224],[-114.09192914299996,28.05891886321629],[-114.09163871599998,28.060565818216215],[-114.09646307299994,28.06543806221614],[-114.09008314299997,28.062148457216175],[-114.09183204699997,28.064935400216175],[-114.07936605099997,28.056701276216305],[-114.07825246299996,28.05451217121634],[-114.07692948299996,28.05470252821634],[-114.07821439099996,28.055507881216315],[-114.07789078499998,28.056820249216294],[-114.07710556299998,28.055121313216357],[-114.06482754399997,28.052332585216362],[-114.06119767599995,28.0462459242165],[-114.072611705,28.04648351721649],[-114.07897887200001,28.04111096021661],[-114.08363648299998,28.031487874216765],[-114.08369734499996,28.026439693216844],[-114.08760359200001,28.0248259462169],[-114.10208120899995,28.02421891121688],[-114.09967795399996,28.019608706216953],[-114.10255206299998,28.019648982216957],[-114.10112438599998,28.018129101217006],[-114.10139504999995,28.01753423621703],[-114.10703139799996,28.02264412821696],[-114.10354846199999,28.020148668216954],[-114.101713304,28.02127296421693],[-114.10356035899997,28.023581041216907],[-114.09876277099994,28.026540496216846],[-114.100014962,28.030195943216807],[-114.09715365999995,28.03101388221679],[-114.09896205099994,28.03377108321669],[-114.09671643399999,28.03133808421679],[-114.09463737999995,28.031421365216783],[-114.09337031699995,28.036022648216694],[-114.10223856899997,28.03663833321664],[-114.10774166699998,28.033499527216723],[-114.11353112299997,28.027723207216837],[-114.11070551299997,28.023606739216905],[-114.11504208099996,28.0290765252168],[-114.11645191199996,28.03201813421675],[-114.11516700299995,28.03303237921675],[-114.11850895599997,28.037271686216645],[-114.11981408899999,28.03652334621669],[-114.11373480499998,28.02592962921688],[-114.11590296999998,28.02676148821683],[-114.11628749099998,28.024658045216913],[-114.12277437699998,28.020469955216964],[-114.12490066399994,28.02114191521693],[-114.12525092,28.018606361217017],[-114.12316269399999,28.015301418217028],[-114.12746221799995,28.012826006217118],[-114.13309170499997,28.01792667621701],[-114.13518261499996,28.022813149216915],[-114.13541771899997,28.029520515216806],[-114.126288549,28.039521431216638],[-114.11767965899998,28.044960997216545],[-114.11508723599997,28.048305330216458],[-114.11603009599999,28.07166984821603],[-114.11853745299999,28.074745302215955],[-114.11915849199994,28.076894847215936],[-114.11790332599998,28.078007245215886],[-114.11970576799996,28.081457464215834],[-114.12667461499996,28.084919579215793],[-114.13625789499999,28.085101013215763],[-114.13858381699998,28.083828002215807],[-114.16234533199997,28.05295605721639],[-114.17562629399998,28.033473030216708],[-114.18093249199997,28.02915728321683],[-114.20544044699994,28.00000002521736],[-112.76477819599995,28.000000000217327],[-112.76880633099995,28.002696350217292],[-112.78205182799996,28.002481047217294],[-112.79062365199997,28.006638815217254],[-112.799736329,28.01505738421705],[-112.80462612199996,28.027552528216837],[-112.80282367999996,28.045537685216505],[-112.80047134499996,28.052395529216398],[-112.788842919,28.06783299621609],[-112.79252253899995,28.077628112215923],[-112.803037831,28.0845228532158],[-112.80453451199999,28.096405881215574],[-112.80979074199998,28.107310951215354],[-112.80842017199997,28.11097056221528],[-112.81246335199995,28.116879715215187],[-112.81181137999994,28.137585785214803],[-112.80615087999998,28.160733539214373],[-112.79757255999999,28.17441634521414],[-112.79604674899997,28.187683705213885],[-112.79425476499995,28.19027216821384],[-112.78941755899997,28.19138456621386],[-112.79020182899995,28.1934404202138],[-112.78694291899997,28.194795761213797],[-112.78662121599996,28.196743112213728],[-112.79360540999994,28.202040744213633],[-112.79752866499996,28.201671452213674],[-112.80171032999999,28.203688521213607],[-112.80261838199999,28.205373606213612],[-112.80139290999996,28.208354168213546],[-112.80456488999995,28.208261845213503],[-112.80905370599999,28.215536341213415],[-112.81160781899997,28.21614215221342],[-112.81670742600001,28.223334033213273],[-112.82387060999997,28.228708323213137],[-112.82473901799995,28.231450493213117],[-112.82631160399995,28.231444545213098],[-112.826761322,28.23361223421308],[-112.83416203999998,28.240260448212965],[-112.84288676999995,28.253637301212727],[-112.86342135099994,28.268032721212446],[-112.87318764099997,28.282548137212178],[-112.87204353699997,28.293212643211984],[-112.86826495300001,28.2998275452119],[-112.87378339799994,28.304146742211792],[-112.87549970399999,28.311626142211683],[-112.869495848,28.336764671211224],[-112.85594830699995,28.365231750210704],[-112.85285401299996,28.36599077921068],[-112.85465756899998,28.373595139210565],[-112.85229571599996,28.37940911421043],[-112.84930949199997,28.38209761921036],[-112.85112692399997,28.386249303210306],[-112.85345974799998,28.387447123210304],[-112.85501593199996,28.39873321521007],[-112.85984901599996,28.403883834209985],[-112.85106499699998,28.419421873209743],[-112.84874323799995,28.421662135209687],[-112.84417172999997,28.421970463209643],[-112.84778598099997,28.43011907320953],[-112.84651522999998,28.440781973209344],[-112.85020839099997,28.442081635209327],[-112.85900140399998,28.44024492920936],[-112.86069436699997,28.433907873209463],[-112.86638437199998,28.432187760209462],[-112.86254749099999,28.426604117209596],[-112.86672463499997,28.425287086209618],[-112.86851840699997,28.4320688762095],[-112.88014622299994,28.434320947209443],[-112.88249464799998,28.437913784209368],[-112.87764231599999,28.446461433209247],[-112.87498255399998,28.44648713120925],[-112.87422874099997,28.450119141209168],[-112.87708837699995,28.452017951209132],[-112.88270913999997,28.45097289120913],[-112.88335587699999,28.456500855209043],[-112.885909514,28.454917919209095],[-112.88817214499996,28.45671179420903],[-112.88498982199997,28.463334089208928],[-112.88949925899999,28.464171107208927],[-112.89291806899998,28.46668381820884],[-112.89574915099996,28.471784906208757],[-112.90304719599999,28.47506546920872],[-112.93732725799998,28.464329698208935],[-112.97097236099997,28.456811553209064],[-113.001246719,28.45447016420907],[-113.01535287799999,28.457454721209004],[-113.01950503699999,28.460503406208954],[-113.02747325699995,28.461809135208963],[-113.02793130399999,28.46374244720893],[-113.03435287399999,28.466249804208896],[-113.03866862099994,28.47506273320873],[-113.056850678,28.477983521208657],[-113.06427845299999,28.482068919208604],[-113.075043135,28.485038486208538],[-113.08024939499997,28.48990210420845],[-113.07926429799996,28.492557583208402],[-113.080511136,28.494013813208355],[-113.09139199099998,28.497026802208303],[-113.10380801899998,28.505371572208166],[-113.10805699799995,28.511892366208034],[-113.109549158,28.519868557207893],[-113.11371178799999,28.527003609207796],[-113.11225555699997,28.54201800720754],[-113.11445126499996,28.558351564207236],[-113.11984785199996,28.567848513207046],[-113.12215177199994,28.582206152206822],[-113.12628442,28.586302632206728],[-113.13016960399996,28.598015291206526],[-113.13112519499998,28.610194324206315],[-113.12806627899995,28.628183763205964],[-113.12879439399997,28.63230974820591],[-113.13474772699999,28.642140676205717],[-113.151507698,28.652334227205543],[-113.15882507399999,28.660073382205418],[-113.16883373999997,28.684366311204993],[-113.16875351299997,28.69186672920487],[-113.17324878999995,28.69518988420478],[-113.17479639199996,28.70069643320471],[-113.17292875299995,28.703362138204632],[-113.17468122599996,28.70282945620468],[-113.17669329799998,28.704765386204635],[-113.17505622899995,28.711473562204482],[-113.17683630399996,28.713934401204465],[-113.18213655299998,28.71519908420443],[-113.18180913899994,28.718069190204375],[-113.18480782999995,28.720172872204312],[-113.18512953399994,28.72385247020427],[-113.18687320299996,28.72512405420424],[-113.18550453599994,28.72752826220423],[-113.18932369099997,28.730172081204145],[-113.18841140599994,28.732822324204097],[-113.191831881,28.73856229820399],[-113.19144926399998,28.741573744203954],[-113.19380207399998,28.743649586203937],[-113.19473458499999,28.74939979120385],[-113.19193962299995,28.765028694203572],[-113.19393920299996,28.773968567203394],[-113.19645191399997,28.774625298203365],[-113.19869622199997,28.779157695203274],[-113.19644334799996,28.792548350203074],[-113.20123209299999,28.79820845320299],[-113.20723785199999,28.79950763920295],[-113.21226327399995,28.803091107202878],[-113.21388749399996,28.814710610202695],[-113.22074578299998,28.82498836620251],[-113.23046350099997,28.82797577920242],[-113.23395119699997,28.835756736202303],[-113.239219323,28.83598611620231],[-113.24255270999998,28.83407065020234],[-113.24534881499994,28.838816247202264],[-113.24881973399995,28.836877819202282],[-113.25155230699994,28.84071826920219],[-113.259807847,28.840732665202243],[-113.26867237099998,28.831620375202377],[-113.27721860099996,28.83093594820238],[-113.28328622699996,28.82813770220243],[-113.28697808,28.825449981202507],[-113.28563130499998,28.819905956202597],[-113.28885166699996,28.81806377720264],[-113.29491643799997,28.818592018202608],[-113.29518103399995,28.81371437720268],[-113.30039205299994,28.81168707620273],[-113.30257877799994,28.812636481202723],[-113.30279673599995,28.809546989202783],[-113.30758230799995,28.808204973202773],[-113.30866805699998,28.80504100320283],[-113.31199652599999,28.803441292202866],[-113.34053578099997,28.80208321420289],[-113.34984244799996,28.802808950202866],[-113.35386671099998,28.805509638202825],[-113.35615694299997,28.80994316920278],[-113.35595349899995,28.812987689202714],[-113.35143490200001,28.816852648202644],[-113.36405722899998,28.822432722202556],[-113.37071562499995,28.837157734202293],[-113.36866155599995,28.849929550202074],[-113.37030814299999,28.861246267201867],[-113.36604795599999,28.870293929201708],[-113.35715067499996,28.87389357820162],[-113.36117862699996,28.87630920720161],[-113.36361519499997,28.8756334402016],[-113.367715482,28.877249570201585],[-113.37211272599997,28.886040250201432],[-113.380513056,28.893803004201292],[-113.38016505999997,28.898734437201224],[-113.37810563599999,28.90205616420113],[-113.37488836699998,28.900725570201192],[-113.36895518099999,28.901779671201126],[-113.36781065999998,28.90387478620113],[-113.37472457899999,28.908810829201027],[-113.38735951599996,28.910516902200975],[-113.38988650399995,28.912889225200967],[-113.39208587999997,28.912538631200967],[-113.39391330599996,28.915046583200905],[-113.39417980599997,28.920469374200806],[-113.39113647499995,28.929103606200684],[-113.38933760199996,28.93041349920064],[-113.386348286,28.929155240200664],[-113.38267439799995,28.935655808200522],[-113.38555830399997,28.936619966200556],[-113.385527847,28.9395838232005],[-113.39342575399996,28.938819540200488],[-113.39638413799997,28.938091901200515],[-113.39808783199999,28.935361469200537],[-113.401306053,28.935716009200583],[-113.40608520099994,28.931637613200635],[-113.40503942799995,28.92630196920072],[-113.41437167399995,28.923695269200767],[-113.42312808999999,28.928245988200693],[-113.42340172799999,28.930768217200605],[-113.42868413199996,28.935069093200543],[-113.42857205899998,28.937169681200523],[-113.425940375,28.939492035200477],[-113.42596892899996,28.944517457200416],[-113.42345145899998,28.946744632200343],[-113.42412722599994,28.949119334200297],[-113.433021651,28.95213173220026],[-113.43436755399995,28.956640446200176],[-113.43830080299996,28.95979275620014],[-113.44097650699997,28.948749915200324],[-113.44788884099995,28.94562211320039],[-113.44581692499997,28.941151106200454],[-113.44724460199996,28.939666917200512],[-113.45259541499998,28.939304050200523],[-113.45551917699999,28.944202765200394],[-113.45301479499996,28.944800605200403],[-113.45096845799998,28.947837392200338],[-113.44642368799998,28.950133572200322],[-113.44683711899995,28.951195406200288],[-113.45293746199998,28.949363221200308],[-113.45493026099996,28.945145626200386],[-113.45788079199997,28.943935076200408],[-113.46186119799995,28.944524744200383],[-113.46999122099999,28.949321737200304],[-113.47195725099999,28.947608526200348],[-113.47995640399996,28.94780364120035],[-113.47438846499995,28.9435206122004],[-113.48148996599998,28.941810969200468],[-113.48316034799996,28.93794910420049],[-113.48101526399996,28.936699887200565],[-113.48026573399996,28.931817233200626],[-113.48604782399997,28.93245968720061],[-113.48735414799997,28.928044597200675],[-113.48587723199995,28.92533470820071],[-113.48352751499999,28.92482907320076],[-113.48455068299995,28.922752993200795],[-113.48313490399995,28.92061445320079],[-113.48067929999996,28.920957690200844],[-113.480926169,28.918834021200862],[-113.476965556,28.920031485200806],[-113.47803631299998,28.917786463200887],[-113.47276818799999,28.91678709020089],[-113.471479709,28.914227979200955],[-113.47583412199998,28.908021155201055],[-113.47524520599995,28.905208632201067],[-113.47904282499998,28.90269592120116],[-113.47797206799999,28.897263612201236],[-113.479496113,28.894336875201294],[-113.48906868399996,28.891149587201355],[-113.50346703399998,28.889381289201385],[-113.51615194099998,28.889835766201386],[-113.52608117799997,28.893074570201314],[-113.52698646599998,28.89999124820117],[-113.53480834899995,28.90599760220109],[-113.53973442899998,28.91785088720085],[-113.54528333199994,28.92334268320075],[-113.54811488999997,28.929791022200668],[-113.54756761399996,28.933290020200612],[-113.550879824,28.93607755820057],[-113.55736718599996,28.946745158200354],[-113.55766685599998,28.94982284820029],[-113.55642144599996,28.950094249200323],[-113.55765305499996,28.95132014820025],[-113.55620824599998,28.95388996620025],[-113.54535314499998,28.96251146720009],[-113.54246983899998,28.953841582200226],[-113.54179109199998,28.95577640220021],[-113.54650956299997,28.96660889820002],[-113.54719484799996,28.985029496199676],[-113.55087468399995,28.99107570619959],[-113.56069352999998,28.999316969199455],[-113.56305276599994,29.00734289119931],[-113.56073085499997,29.023284165199023],[-113.55592731699996,29.027876525198963],[-113.55270647799995,29.03576919719878],[-113.54879845199997,29.038165790198757],[-113.549103023,29.039964663198706],[-113.54112647399997,29.039300317198773],[-113.53705295599997,29.03653962719881],[-113.53825030099996,29.03108399919892],[-113.53447171699997,29.03234987219886],[-113.534507885,29.036099903198778],[-113.53898698199998,29.03985945119872],[-113.53745329999998,29.048855360198594],[-113.53973782099996,29.056119061198448],[-113.53870989399996,29.058032148198407],[-113.54308334299998,29.062093888198334],[-113.54288584799997,29.063904658198325],[-113.54816587199997,29.065339473198286],[-113.550625283,29.067841238198277],[-113.55201298399999,29.07402878919815],[-113.55555921399997,29.077095676198095],[-113.55736081099998,29.081979648198022],[-113.56294659599997,29.08594739919796],[-113.56342546199996,29.090609358197835],[-113.56729803499998,29.094528330197782],[-113.566987515,29.107059762197558],[-113.57139903599995,29.116585934197396],[-113.577877119,29.119273535197344],[-113.58301675399997,29.12695800519723],[-113.59328174899998,29.130402274197163],[-113.60510648099995,29.145860443196888],[-113.608336599,29.156271774196714],[-113.60762632999997,29.161903959196646],[-113.60913966699997,29.16365643219657],[-113.61136684299998,29.163585048196605],[-113.61130497699997,29.16084271919667],[-113.61294799399997,29.160094379196654],[-113.62088173899997,29.160940518196657],[-113.62380312199997,29.1637708861966],[-113.62346047999996,29.168711044196527],[-113.62715459299996,29.17539435519638],[-113.62974023499999,29.175060279196366],[-113.63194742299999,29.172156623196425],[-113.63532625699997,29.173352302196434],[-113.63624948799998,29.178913102196343],[-113.64300596799997,29.184256182196243],[-113.63916194799998,29.192932886196076],[-113.63919763999996,29.19806538419601],[-113.64055393299998,29.200260437195954],[-113.644733456,29.201481100195963],[-113.64429791999999,29.20338162319589],[-113.64834300399997,29.203183652195918],[-113.65449819299994,29.2059114661959],[-113.65629611399999,29.209324089195814],[-113.656563803,29.21625902819571],[-113.65296287499996,29.224214323195554],[-113.643739698,29.231638674195434],[-113.636737935,29.24299187619524],[-113.62527845199998,29.253285424195063],[-113.62567820099999,29.256078912195008],[-113.63156498799998,29.264176217194866],[-113.63319122999998,29.27461253319466],[-113.63761107899995,29.283713972194512],[-113.64379767799994,29.286935167194493],[-113.64623959999994,29.291896343194402],[-113.65663991899999,29.297356294194284],[-113.65827698899996,29.3020295561942],[-113.66843710499997,29.304624639194156],[-113.68444707399999,29.31945052219393],[-113.68887287199999,29.32019291419392],[-113.68971996,29.322305637193857],[-113.69486340299996,29.324500452193817],[-113.69790625699996,29.330632323193754],[-113.70339091499994,29.335705334193655],[-113.70699793999995,29.341942179193527],[-113.70975791599994,29.34254051419353],[-113.71030271399997,29.345639762193482],[-113.716570285,29.349140512193426],[-113.722447693,29.362770460193143],[-113.72599653999998,29.36684564419313],[-113.73045826699996,29.3677620341931],[-113.76159958199997,29.391503354192686],[-113.76361260599998,29.395429465192617],[-113.76790364699997,29.39890609519258],[-113.77220214299996,29.409702186192376],[-113.77869045699998,29.412812617192305],[-113.78566619199995,29.41357449719232],[-113.78620751999996,29.41621272419226],[-113.78850964799994,29.417551171192255],[-113.797590266,29.417931885192267],[-113.80553766599998,29.42616482019209],[-113.82560376299995,29.42929494619207],[-113.83209374299997,29.435195414191973],[-113.83145890999998,29.449258820191712],[-113.83625637199998,29.45622033219156],[-113.84419602999999,29.457286281191568],[-113.85438429599998,29.462315242191465],[-113.86217001499995,29.462183623191464],[-113.86365357499996,29.465256321191468],[-113.86970543599996,29.46753439719139],[-113.87288947299999,29.4726221131913],[-113.88018776599996,29.47749897119121],[-113.89688964099999,29.484874936191083],[-113.916319881,29.505552816190715],[-113.92799946499997,29.51262433719059],[-113.930512176,29.52005777319052],[-113.94314235499998,29.52416055819043],[-113.94969729399999,29.533379661190295],[-113.95152471999997,29.53851453819021],[-113.95737819499999,29.540056429190166],[-113.97427617499996,29.556300057189873],[-113.97625743299996,29.561999104189795],[-113.98031869699999,29.566858915189723],[-113.98846501999999,29.57104200818964],[-113.990358357,29.574399903189615],[-113.99526123599998,29.57793578218952],[-113.99852109799998,29.576107583189557],[-114.00816575699997,29.576498312189557],[-114.02101383899998,29.58081221918946],[-114.02274798999998,29.584383315189452],[-114.02733701899997,29.58678942618937],[-114.03116200199999,29.594051778189232],[-114.04662656799997,29.59685088218922],[-114.05908899499997,29.615996025188903],[-114.06085693399996,29.624560657188756],[-114.06397388499994,29.629498991188655],[-114.08073576099997,29.639948156188485],[-114.09051486899995,29.642587930188427],[-114.10059164899997,29.649732261188312],[-114.110813813,29.653027339188267],[-114.11483700599997,29.65996346818815],[-114.12581726699995,29.66690221418804],[-114.127050184,29.66988391718797],[-114.13229962999998,29.67176502818793],[-114.13355788899997,29.67735509618784],[-114.14176013999997,29.68421610918777],[-114.14432423699999,29.691303735187628],[-114.14889422899995,29.693882149187573],[-114.15343947599996,29.6937571971876],[-114.15474414,29.691336659187623],[-114.15928390999994,29.691061949187635],[-114.16645903699998,29.701574169187474],[-114.17018227999995,29.701872920187466],[-114.18137430999997,29.70808051018733],[-114.18418007199995,29.712565851187282],[-114.18774807299997,29.714242187187253],[-114.19038689599996,29.719982631187133],[-114.19636767199995,29.723049757187106],[-114.19988035099999,29.727176337187032],[-114.20375946699994,29.739398438186832],[-114.20751859899997,29.743824129186752],[-114.21969294899999,29.74561549018669],[-114.22317461999995,29.74905204218666],[-114.22976290399998,29.750783987186598],[-114.24324585899997,29.762732919186455],[-114.25296147999995,29.762192080186406],[-114.25849770499997,29.75983815818644],[-114.26034944799994,29.76429647918639],[-114.25942264799995,29.767118520186347],[-114.26273749899997,29.762212907186424],[-114.26477582899997,29.76796611918633],[-114.27035983999998,29.77041050418627],[-114.27156146799996,29.77242412318627],[-114.27585308799998,29.769922360186317],[-114.28025885799998,29.772506257186297],[-114.28268709799995,29.770572945186334],[-114.28445721899999,29.765220545186356],[-114.28852248799997,29.765083706186385],[-114.29270654799997,29.767220044186356],[-114.29050197799995,29.764018479186422],[-114.29333256899999,29.76049015718645],[-114.291049479,29.756661220186533],[-114.28453986599999,29.759206438186464],[-114.28581538399999,29.756865057186534],[-114.28325653699994,29.760004938186487],[-114.28144519899996,29.75968740018649],[-114.28355713899998,29.7581626801865],[-114.28349131799996,29.755545769186533],[-114.28825955800001,29.75290384018658],[-114.28716073899996,29.749360107186686],[-114.29235044599996,29.746639909186708],[-114.29532001399997,29.74256448818679],[-114.30266659899996,29.741505032186797],[-114.30387565099994,29.74521829818671],[-114.30624916299998,29.744016670186745],[-114.305719733,29.74168182418679],[-114.30786587099999,29.741015558186813],[-114.32986398799996,29.74269307818676],[-114.34240374799998,29.746595394186677],[-114.34283204999997,29.749367466186676],[-114.34546135399995,29.75186590018659],[-114.34561601899998,29.760431959186477],[-114.35352772699997,29.768498332186304],[-114.36127287299996,29.772293572186292],[-114.37261100399998,29.770247236186293],[-114.387720582,29.778646733186186],[-114.39313741299999,29.785756967186035],[-114.39605463199996,29.79464187418587],[-114.39575362999994,29.805018704185738],[-114.39286036599998,29.810119170185644],[-114.39740989599994,29.80746369218569],[-114.399094554,29.803190180185748],[-114.398969853,29.80535092718572],[-114.40120751599994,29.80488435618572],[-114.39904041299998,29.80576535918572],[-114.39832539199995,29.809735779185644],[-114.405282334,29.811560933185614],[-114.40965816299997,29.81596591018553],[-114.40955257999998,29.821201367185463],[-114.40324462899997,29.827621152185348],[-114.40113880599995,29.828442066185318],[-114.39676327699999,29.82657106118534],[-114.39405663999997,29.827978512185357],[-114.40157553999995,29.831341080185307],[-114.40355306899994,29.836662950185197],[-114.41327376199997,29.84811589118503],[-114.41475081299997,29.85676939518487],[-114.41036278699995,29.86764487618467],[-114.40913647499998,29.878267826184512],[-114.41298405899995,29.890687379184282],[-114.42236624999998,29.89661532418418],[-114.42936951999997,29.905929320184047],[-114.43653234899996,29.910613470183947],[-114.43927104899996,29.907805740184042],[-114.447459838,29.90814841618403],[-114.46246443099996,29.909850548184],[-114.47088593899997,29.91353157418391],[-114.47351524299997,29.916307810183852],[-114.47380910599998,29.92093229318382],[-114.47785879899999,29.924618420183744],[-114.478070249,29.929815650183684],[-114.48278588899996,29.943202050183455],[-114.48747117899995,29.948769310183327],[-114.49409341699999,29.952839675183284],[-114.50538919199994,29.955868439183252],[-114.52890302599998,29.965626608183044],[-114.53617108899999,29.97026298818298],[-114.54065042499998,29.977357946182856],[-114.53868974899996,29.9834969551828],[-114.54520947199995,29.98906013518266],[-114.55063940199994,29.996812419182532],[-114.55121047199998,30.00180928718248],[-114.56509974299996,30.0111277321823],[-114.566096143,30.01581527018227],[-114.56404683199999,30.01856949718218],[-114.56753274199997,30.024524098182123],[-114.56589686299998,30.02694222518209],[-114.57619321399994,30.03314640318193],[-114.57778316999999,30.04447069418176],[-114.58339869799994,30.05239548918163],[-114.58229581799998,30.066053595181444],[-114.58327615599995,30.07137407018131],[-114.58570320599996,30.077208508181236],[-114.59696281499998,30.08871558218105],[-114.60182643399997,30.104924470180784],[-114.60807251899996,30.11170117518068],[-114.62749843799999,30.119534361180513],[-114.63324113899996,30.126411919180452],[-114.63522348899996,30.142933457180185],[-114.63888785899998,30.145588936180143],[-114.64021227999997,30.15247083018003],[-114.64530654899998,30.15734176917995],[-114.650114419,30.166480424179756],[-114.652456509,30.174925109179647],[-114.66351039899995,30.184548250179464],[-114.667722539,30.191418569179383],[-114.66800702999998,30.200454780179253],[-114.66701076199996,30.200031475179234],[-114.66463505899998,30.206751850179103],[-114.65470231899998,30.216672230178986],[-114.650540429,30.225303170178826],[-114.64995522899999,30.23296545017869],[-114.65200601000001,30.241649925178532],[-114.63974135599996,30.258467744178315],[-114.64114107999995,30.266370155178166],[-114.65506202099999,30.277285770177983],[-114.65616198,30.284230117177845],[-114.65544814199997,30.287323417177785],[-114.65157913799999,30.289942608177764],[-114.65164576299999,30.297347491177636],[-114.64759398700002,30.30256587317756],[-114.64867515399999,30.3069226661775],[-114.644545452,30.31481273517741],[-114.64636944899996,30.315598480177368],[-114.64648902399999,30.320595644177263],[-114.64403360299997,30.32349418717723],[-114.64430010199997,30.33692386517703],[-114.642275594,30.339926623176964],[-114.63909306499994,30.339302015176962],[-114.64161529399998,30.348843653176846],[-114.63831379099999,30.348760372176837],[-114.63611026199997,30.34468448817688],[-114.63484572699998,30.34949205617685],[-114.63727381899997,30.357754868176706],[-114.63530496299995,30.364174520176586],[-114.64070488999994,30.367316323176535],[-114.64050501599998,30.36950542717647],[-114.64302724399994,30.371180568176467],[-114.64356976199997,30.377043560176375],[-114.63789022599995,30.39235789017615],[-114.63445904300002,30.39572244817609],[-114.63688133499994,30.399786567175987],[-114.63672309999998,30.404546679175954],[-114.63443310699995,30.40677195117589],[-114.63520191099997,30.408131099175872],[-114.63322695799997,30.41018338417585],[-114.63465284999995,30.41219583017584],[-114.63050009600002,30.419314090175696],[-114.63175407199998,30.42862016217556],[-114.63708882399999,30.4374979311754],[-114.636761172,30.44561807917526],[-114.638531491,30.448030853175215],[-114.63923700099997,30.454043751175167],[-114.63855290599997,30.459284514175046],[-114.630970753,30.47749928817475],[-114.63031521199997,30.489422450174573],[-114.63250610099999,30.492525862174503],[-114.63143534299996,30.49547639317448],[-114.63404323199997,30.50260644817436],[-114.64219050699995,30.51603612617418],[-114.641346534,30.518314359174116],[-114.64494451699997,30.520426606174077],[-114.64742391600001,30.526656035174014],[-114.64882303899998,30.52702247217397],[-114.64998659499996,30.53153393017393],[-114.64862316399994,30.533282834173907],[-114.64997231799998,30.53526016617385],[-114.64847801699995,30.538884085173787],[-114.65103684199997,30.5431417261737],[-114.65038438599998,30.5496890071736],[-114.65254315899995,30.557172218173495],[-114.65896722799997,30.565162210173348],[-114.66545614799998,30.578020067173174],[-114.67784957099998,30.588706465173026],[-114.68492902199999,30.606047667172714],[-114.69590611799998,30.623621563172467],[-114.69851333499997,30.632142680172322],[-114.697010677,30.65626369717191],[-114.69398049099999,30.66916524917174],[-114.69442307099995,30.67738390817161],[-114.69960491900001,30.697786710171282],[-114.704573693,30.70493333217115],[-114.70536350199994,30.71229397117105],[-114.70341338799993,30.722385883170897],[-114.69317147399993,30.744327664170566],[-114.69533690299995,30.747014492170507],[-114.69505097199999,30.751765423170422],[-114.69731348899995,30.755606766170388],[-114.700151028,30.76975071717016],[-114.69695609099996,30.817251348169403],[-114.70302387899993,30.825623149169292],[-114.70470368699995,30.835808910169135],[-114.70786190499997,30.839459525169055],[-114.70972870699995,30.845229084168945],[-114.70385232999996,30.865727784168637],[-114.70211391199996,30.866241625168616],[-114.70527286899997,30.86734105816863],[-114.70654350099994,30.884059151168394],[-114.71085308199997,30.891137493168277],[-114.70995564799993,30.906238107168004],[-114.71448852099996,30.921021698167795],[-114.71754374899999,30.924519506167744],[-114.71792217299998,30.931892744167587],[-114.72020946899994,30.937004276167524],[-114.73334812899998,30.942922257167474],[-114.73633320299996,30.946090034167412],[-114.785976492,30.966212541167096],[-114.810609862,30.978674968166914],[-114.82303166099996,30.987984579166753],[-114.82464493499997,30.99193448516669],[-114.82098056499999,30.99427587416664],[-114.82108942599997,30.99593078916664],[-114.82635112799996,30.991491369166713],[-114.82954912299999,30.994144468166667],[-114.82996850299998,30.99552098716665],[-114.82484076499998,30.99861333416661],[-114.82273137299995,30.996318344166653],[-114.82191045899997,30.99683230816664],[-114.82463583299996,30.99910692416657],[-114.82852892899999,30.996753547166637],[-114.83409440799996,31.001748478166572],[-114.83475054599995,31.012098281166395],[-114.83264472299997,31.02233948116624],[-114.831579838,31.02545581416617],[-114.82929301399997,31.02573437716616],[-114.82819798599996,31.027636043166176],[-114.82801524399999,31.03165614216611],[-114.82426509399994,31.03952573316596],[-114.81170316599996,31.04404012616591],[-114.81462038499997,31.049527163165802],[-114.81417304599995,31.052173124165726],[-114.823058668,31.05428370616571],[-114.82503357299998,31.059954112165656],[-114.82895889799993,31.06026263716563],[-114.83217945099997,31.066725681165536],[-114.85121696699997,31.07481381616543],[-114.87031257399995,31.09399174616515],[-114.88416814499998,31.118503586164778],[-114.89093711599999,31.152820767164204],[-114.88998394899994,31.171437728163937],[-114.88555311399996,31.204009555163466],[-114.884089746,31.206103481163424],[-114.88380181199996,31.21496292816326],[-114.885399025,31.219602877163197],[-114.88111599499997,31.2392512761629],[-114.882722132,31.255021154162684],[-114.88656049999997,31.2585427561626],[-114.881426812,31.262754700162557],[-114.88652361799996,31.260042114162577],[-114.89054633399996,31.264252332162545],[-114.89468778699995,31.264842439162525],[-114.88676418099998,31.26864005816248],[-114.88436568499999,31.27243054016242],[-114.88630732499998,31.271713132162407],[-114.886392986,31.273401360162374],[-114.88797413699996,31.271713132162407],[-114.88922692399996,31.27235558716239],[-114.88858692799994,31.28102134616227],[-114.89006695299996,31.284509636162213],[-114.88881059699999,31.28383862816224],[-114.88900343599992,31.285339484162225],[-114.88423219699996,31.286753943162193],[-114.87954955699996,31.297243301162016],[-114.88247331899997,31.303798716161932],[-114.88438283699999,31.30364702616195],[-114.88303963099997,31.3066421721619],[-114.88554052399996,31.305878246161903],[-114.88023503899997,31.310371145161866],[-114.88207388699999,31.31041873416181],[-114.879572598,31.31076518316181],[-114.88292836699998,31.31143822016183],[-114.87853826199995,31.340481921161377],[-114.875811399,31.340416486161345],[-114.87696741299997,31.343301543161328],[-114.87466721199998,31.346087368161264],[-114.87181483299997,31.345822653161306],[-114.87301051199996,31.348532264161285],[-114.87034254099997,31.34979635316122],[-114.87169585999999,31.35233345316123],[-114.87022356799996,31.354593941161177],[-114.86742770199997,31.35311570116115],[-114.86734442099998,31.355905619161135],[-114.86905168399996,31.35657186816114],[-114.86570437699999,31.364347847161053],[-114.86107406499998,31.36481255616101],[-114.86319321300003,31.36951627516097],[-114.85788701499995,31.380796110160777],[-114.85648712700001,31.382692224160724],[-114.85277593299998,31.382692540160722],[-114.85591682100001,31.3840845251607],[-114.85655094799998,31.3908374351606],[-114.85839265000001,31.389827354160676],[-114.85832840499995,31.39342509916059],[-114.85681149899993,31.394463734160567],[-114.86179983799997,31.39316146516058],[-114.85941799799996,31.395602792160513],[-114.86496197799993,31.398339410160492],[-114.86508094999999,31.40089733116049],[-114.8712326,31.39879405416049],[-114.87377000599997,31.400379116160494],[-114.87240175600002,31.402513036160464],[-114.87352195699998,31.404847727160394],[-114.87073608400001,31.408679611160373],[-114.87074893299994,31.412922666160252],[-114.868110587,31.414049103160295],[-114.87068242699998,31.416513392160255],[-114.87032311599995,31.42196376516013],[-114.86543320499999,31.418545669160235],[-114.86238173699996,31.418509025160176],[-114.86171548799994,31.41989863116021],[-114.86346677099998,31.421897378160132],[-114.85840327799997,31.422830127160132],[-114.85907904499999,31.424229250160092],[-114.85664247699998,31.424876463160142],[-114.859478793,31.425561748160092],[-114.85857459899995,31.428807333160048],[-114.85391085599998,31.427236888160046],[-114.85511962199995,31.429568760160038],[-114.86297882299999,31.430813377159996],[-114.86170343199996,31.43284424715999],[-114.85670656399998,31.43257298815998],[-114.86000728799996,31.436197232159916],[-114.85776583599997,31.444988151159823],[-114.855449431,31.445912571159795],[-114.85689967299999,31.447309553159798],[-114.85576167899997,31.457835951159595],[-114.85337206499999,31.462093346159563],[-114.85527367299994,31.463134487159518],[-114.855504657,31.466125740159484],[-114.85329770699997,31.468591456159455],[-114.85520424999999,31.47027492515943],[-114.85313947299998,31.473129683159407],[-114.85506981099996,31.47449846815933],[-114.85775265299998,31.48663669415921],[-114.852960022,31.486774504159154],[-114.85857852399995,31.488704842159155],[-114.85614663599995,31.502584743158934],[-114.85799547100001,31.501747453158966],[-114.85764759999995,31.50636999015889],[-114.859400866,31.508201858158866],[-114.85811298199997,31.50954922815886],[-114.86134012699993,31.510266040158854],[-114.86372574099993,31.514724323158752],[-114.86419561499997,31.521809751158628],[-114.86668119999996,31.524293908158608],[-114.86532633399996,31.524947784158616],[-114.86866793099996,31.527982763158576],[-114.86670338899995,31.52999638215851],[-114.867325023,31.53115339515851],[-114.86363370000001,31.53064824115853],[-114.86137636999996,31.535733857158476],[-114.86223087399998,31.541651160158374],[-114.85865930299997,31.553046399158173],[-114.85760282299998,31.563230492158045],[-114.85432868399992,31.570425982157953],[-114.85636550299998,31.57585115315788],[-114.85237755799996,31.578750482157847],[-114.85532678899995,31.58554331315772],[-114.84749199699998,31.588691601157652],[-114.84642123999997,31.59529460515756],[-114.84088899299996,31.5920109491576],[-114.83735549299998,31.593260166157584],[-114.83974685199996,31.601326539157483],[-114.84163852299997,31.602789908157426],[-114.83910439699999,31.603468054157464],[-114.84035361499997,31.609535680157375],[-114.83778379599993,31.61024951815732],[-114.83589212499999,31.617352209157225],[-114.83328661499996,31.61728082515726],[-114.829668763,31.62100412215716],[-114.82169280999996,31.615788344157266],[-114.81940852699995,31.608535747157383],[-114.81574415799997,31.608721345157356],[-114.81436734199998,31.60803338315739],[-114.81669623899995,31.606745500157384],[-114.81414129299996,31.606495656157396],[-114.81261843799996,31.60828917515736],[-114.81455769899998,31.609104141157342],[-114.81029846399997,31.609440239157337],[-114.81314489399998,31.612063595157306],[-114.811250248,31.612334259157326],[-114.81189270299997,31.613455580157286],[-114.80524389399996,31.60912139215737],[-114.80058966799999,31.61299991315731],[-114.79925241099996,31.610813188157355],[-114.79504314399996,31.612692963157333],[-114.79585454099998,31.61457273715729],[-114.79161909999999,31.61459891115731],[-114.79244477299996,31.618986637157196],[-114.79114796699999,31.620307238157196],[-114.79225501099995,31.621381564157165],[-114.78910341499997,31.622170356157195],[-114.78767157399996,31.62428153315713],[-114.78664840599998,31.62346359315714],[-114.78760613899999,31.62478121915712],[-114.78536647099997,31.62572705515714],[-114.78717584099996,31.628183607157055],[-114.78456890399998,31.62809651815709],[-114.785072013,31.631211713157057],[-114.78363054599998,31.631229288156998],[-114.78556970599998,31.63162621115706],[-114.783590799,31.63424552615702],[-114.78579694399998,31.635316755156992],[-114.78315693299999,31.637035915156954],[-114.78878942999995,31.642511439156902],[-114.78586138699995,31.64481128015683],[-114.78575431199994,31.647709464156787],[-114.789057003,31.654148285156726],[-114.78769119399998,31.655542649156658],[-114.78821943299994,31.660715598156607],[-114.79015552099997,31.660745182156628],[-114.78935126299996,31.663629089156547],[-114.79163316699999,31.66583009015652],[-114.78957017399993,31.666929401156505],[-114.79147612099997,31.668602162156493],[-114.79085032399996,31.676413933156358],[-114.79385878099998,31.677612373156336],[-114.79683667599997,31.68836039915622],[-114.800116723,31.690423828156167],[-114.80250808199996,31.6894720431562],[-114.80307915199995,31.693154259156103],[-114.80553594599998,31.69387999515614],[-114.80086625399996,31.696485504156072],[-114.80569655899995,31.695997715156107],[-114.80878390999997,31.699596650156018],[-114.81265648299996,31.709221569155908],[-114.81581422599999,31.710962542155848],[-114.81571428799997,31.712811383155852],[-114.818983668,31.713139749155815],[-114.81318063799996,31.715781188155777],[-114.813430006,31.718218708155735],[-114.81488623599996,31.723059484155712],[-114.817450343,31.723501112155688],[-114.815957945,31.72464325315565],[-114.81782724999998,31.725810141155645],[-114.81742559699997,31.727987823155576],[-114.81920329199997,31.728383052155635],[-114.81969584099996,31.73189751615556],[-114.82169458799994,31.732889751155547],[-114.820442991,31.735709412155487],[-114.82212383499999,31.738937708155422],[-114.82067236399998,31.741012598155415],[-114.82220235799997,31.742285609155417],[-114.82067950299995,31.749147975155317],[-114.82180625699999,31.752659266155256],[-114.81971875600001,31.76798517615504],[-114.818197883,31.77259974415495],[-114.81479525500002,31.77280199815493],[-114.81071447799997,31.784616022154804],[-114.80760070999996,31.810607179154374],[-114.80876482000001,31.81402779915438],[-114.80687765,31.816680139154332],[-114.81885742,31.820905889154265],[-114.82569194999996,31.828819579154157],[-114.84318573999997,31.863553819153626],[-114.85698724999999,31.866535659153612],[-114.87161881999998,31.86448305915362],[-114.89071537999996,31.87233461915351],[-114.89755540099999,31.871668739153524],[-114.90436479999997,31.868004979153532],[-114.90968711999997,31.86726041915356],[-114.91218836999995,31.87006885915355],[-114.91084748099996,31.87658374915346],[-114.91361990999997,31.881343479153387],[-114.93787662999995,31.890775399153238],[-114.94513447999996,31.91012096915294],[-114.95074991999995,31.913502619152897],[-114.96548456899998,31.91842387915283],[-114.96743445,31.99688028915169],[-114.95700500000001,32.03863617915107],[-114.98973633999996,32.146377649149535],[-114.97531824999997,32.177995479149104],[-114.99284939999995,32.19184785914892],[-114.99188124999995,32.19356362914887],[-115.00274117999997,32.20215119914877],[-115.00272688999998,32.20096905914877],[-115.00576985599999,32.20640523914868],[-115.00700463499999,32.20548431114873],[-115.04201228999996,32.232956769148316],[-115.04705252099996,32.24306865914819],[-115.05302231999997,32.24517401914814],[-115.04961275,32.25288994914805],[-115.041667349,32.26128596914794],[-115.04272048999995,32.27006636914781],[-115.03642784999994,32.277755949147675],[-115.02676514999997,32.28523974914762],[-115.02516225999993,32.28993334914755],[-115.00770671999999,32.302624619147366],[-115.00760024999994,32.305421829147306],[-114.99351993999996,32.311722049147235],[-114.99022728999995,32.320215679147104],[-114.98297548999997,32.32566036914701],[-114.98022604999994,32.32970511914694],[-114.96659247999997,32.33879351914681],[-114.96188008099995,32.35474591914659],[-114.96456816999995,32.36604925914647],[-114.96321721999998,32.37669785914629],[-114.96742808999996,32.38328782914619],[-114.96845331,32.39065302914613],[-114.96712670999996,32.39328751914609],[-114.96399304999993,32.394164829146085],[-114.95949233999994,32.391834339146094],[-114.95449596999998,32.39335408914608],[-114.95357214999994,32.396627859146],[-114.96070899999995,32.40266151914593],[-114.96145231999999,32.41170617914583],[-114.95863948999992,32.41449561914575],[-114.95431894999996,32.41440581914579],[-114.94828677999998,32.4192765191457],[-114.94150712,32.43110302914554],[-114.93194048000001,32.43970073914541],[-114.93160810999996,32.44266737914538],[-114.93837742999995,32.45757257914516],[-114.93935006000002,32.46840401914501],[-114.93926804999995,32.47415496914492],[-114.93499657999998,32.48187467914483],[-114.92895451,32.48482665914481],[-114.92302150999994,32.48292439914482],[-114.90705848999997,32.482109449144836],[-114.90013257,32.48348017914485],[-114.89732224899996,32.48778793914473],[-114.89325207999997,32.4874790791448],[-114.88387001999995,32.4922734191447],[-114.88024490999997,32.49203079914471],[-114.87669254,32.48854150914475],[-114.87342877999998,32.48923304914474],[-114.86954109,32.48637902914476],[-114.86758757999998,32.48127054914482],[-114.84907753999994,32.47342342914494],[-114.83919611,32.47542422914493],[-114.83247236999996,32.48140487914486],[-114.82379268999998,32.480107570144874],[-114.81593005999999,32.4829772591448],[-114.81303371,32.490926349144715],[-114.81307431999996,32.50293579914454],[-114.80780844999998,32.51031081914442],[-114.81055750999998,32.5218478891443],[-114.80996683099993,32.52373537914426],[-114.80501361999995,32.52567588914424],[-114.80321281999993,32.53000417914416],[-114.80431913999996,32.54433365914399],[-114.79510623000003,32.55200565914389],[-114.79181344999994,32.55784628914376],[-114.79206373999993,32.560004889143784],[-114.79494701899995,32.56103001914372],[-114.80819834999994,32.55926137914377],[-114.81225208,32.56223345914374],[-114.81107493999997,32.56831656914362],[-114.80706931999998,32.57358097914355],[-114.80131722000002,32.588350339143346],[-114.80318110999998,32.5989487391432],[-114.80604710999997,32.6007426891432],[-114.80797546,32.60621310914313],[-114.80903182999998,32.616885319142966],[-114.80791705999995,32.620353599142916],[-114.80594624999998,32.624114659142855],[-114.80221933999998,32.62528047914288],[-114.79037629,32.6211233991429],[-114.78543471999994,32.622369909142876],[-114.78142553999999,32.63255711914276],[-114.76464377999999,32.643168019142635],[-114.76231257999996,32.65158922914251],[-114.75015925999999,32.66167384914237],[-114.74610239999998,32.67596196914218],[-114.73763228999996,32.68909404914197],[-114.73425811,32.69147562914196],[-114.72914848,32.70539131914176],[-114.71971805999999,32.71865356914159],[-115.39472254,32.6724991691422],[-115.81255956999996,32.641193479142615],[-116.41424173999998,32.593795459143266]]],[[[-114.11561234999999,28.096389909215542],[-114.11980897999996,28.09656842921557],[-114.12173750999995,28.094769139215597],[-114.12052985999999,28.089631689215683],[-114.11783432099998,28.087177549215728],[-114.11594411999995,28.09295799921566],[-114.11710624999996,28.095809999215554],[-114.11566104999999,28.093593939215637],[-114.11561234999999,28.096389909215542]]],[[[-112.297345416,28.385170401210306],[-112.306985705,28.3909415122102],[-112.31012307799996,28.386977043210297],[-112.31286114799998,28.385923172210298],[-112.31497174499998,28.387027226210286],[-112.316511909,28.382159261210393],[-112.32056196999997,28.382209449210386],[-112.31919293699997,28.379951038210418],[-112.32010562699999,28.376186918210514],[-112.31822320199997,28.37894728721044],[-112.31565626099997,28.37859597021044],[-112.30230816799997,28.371820368210557],[-112.29974122799996,28.372924571210547],[-112.30082504599996,28.37784314721048],[-112.29677498299999,28.381356278210383],[-112.297345416,28.385170401210306]]],[[[-115.54533088199997,28.31150603921165],[-115.54863143199998,28.3100759432117],[-115.54852463699997,28.305730903211742],[-115.54985531199999,28.304465930211784],[-115.549556501,28.302587905211812],[-115.54590981499996,28.30199982121181],[-115.54794026899998,28.297533187211904],[-115.54394268399996,28.295186730211963],[-115.54562233799999,28.29383483721199],[-115.54366509999994,28.291374949212006],[-115.54036484299996,28.295544312211952],[-115.54126071299999,28.296305434211963],[-115.53848488799997,28.2974607862119],[-115.53943579099997,28.29873632821191],[-115.53682573299994,28.30022376421188],[-115.53837753499994,28.301939144211843],[-115.53678595599995,28.3047252682118],[-115.54219875299998,28.30629007721178],[-115.54204538899997,28.30820599721174],[-115.54533088199997,28.31150603921165]]],[[[-115.56885615799997,28.31233538921164],[-115.57344564299996,28.313542551211633],[-115.57057288699997,28.308278838211688],[-115.56092819599996,28.308084562211743],[-115.56765727699997,28.31392483221161],[-115.56885615799997,28.31233538921164]]],[[[-115.59235544800002,28.31676143421155],[-115.59733446999995,28.316042242211555],[-115.59762892799995,28.314130940211587],[-115.60135873399997,28.315929813211586],[-115.60151756299996,28.311511154211683],[-115.60356373499995,28.309494021211666],[-115.60175134499997,28.305641618211745],[-115.60419624099995,28.30550598921174],[-115.60644857999998,28.300203893211858],[-115.59939815699994,28.298151276211897],[-115.59823057999995,28.298989647211865],[-115.596623439,28.29694797621193],[-115.593891424,28.297101455211934],[-115.59176105899998,28.299376344211865],[-115.59054929099999,28.295167665211956],[-115.58800636999997,28.297281286211906],[-115.58530635299996,28.296641361211922],[-115.58280737199998,28.299216000211885],[-115.58074051999994,28.295746619211936],[-115.58095267499999,28.29769021321192],[-115.57891779099998,28.297509925211894],[-115.57863701499997,28.299107391211887],[-115.57993013199996,28.302060156211816],[-115.57590758099997,28.302256511211812],[-115.57392890199999,28.30794124821174],[-115.57555520099997,28.308665237211716],[-115.57528930999997,28.31093214321166],[-115.57894004699993,28.308405243211695],[-115.57856171299997,28.30641541921176],[-115.58263172999997,28.305718710211764],[-115.58352836099999,28.30797628621171],[-115.58497774100003,28.306934389211726],[-115.58657953299996,28.308610142211734],[-115.58908428399997,28.314177340211625],[-115.59043810999998,28.31394700621158],[-115.59235544800002,28.31676143421155]]],[[[-115.21764595599997,28.377743930210478],[-115.222483996,28.3765571742105],[-115.226498653,28.37241887021054],[-115.22917044199994,28.372624599210557],[-115.23136192599999,28.36925052321061],[-115.22840104899996,28.366216647210646],[-115.23015553899998,28.3643179002107],[-115.22959398599994,28.36248333621075],[-115.235894799,28.361388784210735],[-115.23974999599994,28.35548007121085],[-115.24208377699993,28.35633480921087],[-115.243056977,28.35318916121088],[-115.24576004399998,28.354269436210863],[-115.24570293699996,28.351111892210945],[-115.24146959599996,28.34980454221098],[-115.24083481699994,28.348098108210994],[-115.24242403999995,28.34626017121101],[-115.23994702099998,28.342436377211104],[-115.24283308199995,28.34029096821111],[-115.250452341,28.33987607721113],[-115.25159448299999,28.33666380421121],[-115.24809429500002,28.335293235211207],[-115.24946724399994,28.334262928211224],[-115.24592718900001,28.32902228321138],[-115.24795627400002,28.328818839211348],[-115.24779227599998,28.326677873211374],[-115.249426794,28.3268699432114],[-115.247865867,28.326241765211414],[-115.24696405099998,28.32221095821149],[-115.24736360399999,28.319739976211498],[-115.24958764499995,28.318707440211554],[-115.24771649099996,28.315711686211557],[-115.24926023100001,28.31492504921161],[-115.24956289899997,28.311588093211668],[-115.25513464499996,28.31090090421166],[-115.25408603299996,28.3041387162118],[-115.25742463799997,28.304773316211804],[-115.25626536500002,28.303412265211822],[-115.25755739899996,28.302108794211815],[-115.25710483799998,28.29909306721188],[-115.25913404299997,28.30087100021188],[-115.26289003399995,28.300125092211893],[-115.26074184999999,28.29901820621191],[-115.26248443,28.297595254211892],[-115.26159671600001,28.294678037211945],[-115.26441000899999,28.29404141021195],[-115.25834391599994,28.291072047212023],[-115.25377381799996,28.286159207212144],[-115.25794120599998,28.273434326212374],[-115.25397654800001,28.26935117121241],[-115.25470037999996,28.266237408212472],[-115.25305160099998,28.26515238221249],[-115.25384377399995,28.261157735212553],[-115.25250318599996,28.25644069121267],[-115.247882841,28.25140435221276],[-115.24871127699997,28.25020210121278],[-115.24548172,28.245880532212855],[-115.24595871599996,28.24364389121286],[-115.24047786299998,28.23908302421299],[-115.24116315099997,28.23503928421302],[-115.23803511099997,28.231896967213107],[-115.24059350799996,28.22699004321319],[-115.24490973099996,28.22679570021322],[-115.24295461099996,28.220903824213295],[-115.25395584699997,28.205578642213556],[-115.25605631599994,28.205956976213553],[-115.25644027299995,28.202979027213647],[-115.263290979,28.19828607521371],[-115.26479539299999,28.194586608213786],[-115.26887319499995,28.191795501213825],[-115.26833246199999,28.190708682213828],[-115.27033477899992,28.191181600213824],[-115.27051859199997,28.188017511213907],[-115.27499614299997,28.185685045213955],[-115.275804565,28.182330005213977],[-115.28012864000002,28.178685860214102],[-115.28349260299996,28.1727520792142],[-115.31624546999997,28.13784146921484],[-115.32634985099996,28.12937177721499],[-115.32790244899998,28.129842910214936],[-115.33093626199995,28.12622910421503],[-115.33365777099999,28.12576510921501],[-115.33502477099995,28.122836587215083],[-115.33806036799996,28.123898422215092],[-115.33808713699997,28.121198329215083],[-115.34631233899995,28.11934413421516],[-115.34633910799994,28.117161573215228],[-115.35296424099995,28.117236704215173],[-115.351711455,28.115757275215238],[-115.35390722199998,28.110255723215328],[-115.352229702,28.108155611215373],[-115.356144391,28.10697492221539],[-115.35405569999996,28.104792004215394],[-115.35501795399993,28.103558492215424],[-115.35359456099998,28.10260908721547],[-115.35220781099997,28.09516024421559],[-115.35371579399998,28.092263845215633],[-115.35594475399994,28.091730251215655],[-115.352973402,28.09128588621563],[-115.35282599499999,28.087693852215764],[-115.35514025799995,28.08569796021578],[-115.35426794799997,28.084942719215803],[-115.35839821599997,28.084160352215818],[-115.35572846099996,28.08247141121585],[-115.35645657599996,28.080342745215855],[-115.35968026999998,28.080990910215878],[-115.35071032999996,28.074090100215965],[-115.34537851999997,28.074297070215977],[-115.34357072399996,28.075009124215978],[-115.34375453800001,28.07998993121587],[-115.34210378599994,28.081042842215837],[-115.33981486399995,28.07883743921587],[-115.33840431899993,28.079300006215867],[-115.33867843299998,28.081729911215856],[-115.33652807399994,28.082010051215835],[-115.33425449899995,28.08621848521577],[-115.32734585499998,28.08690876221575],[-115.32676990399995,28.085693814215794],[-115.32560808299998,28.08725855921575],[-115.32279382499998,28.08611497821576],[-115.32076711899998,28.088515617215695],[-115.31953753199996,28.087061171215765],[-115.31800277999999,28.09116574121566],[-115.312910635,28.091373108215688],[-115.31327875399997,28.09252462521565],[-115.30688629499996,28.094759322215612],[-115.28951280599993,28.092758563215654],[-115.27827102099997,28.086714481215747],[-115.26545590499998,28.072879037216],[-115.25930170099997,28.06047383121625],[-115.25701027999999,28.050734697216402],[-115.25214373899995,28.043198791216557],[-115.25218121599994,28.041094753216562],[-115.25568437699997,28.04012928721662],[-115.25536850400002,28.03749879221665],[-115.25144417699997,28.03699018321665],[-115.25119790299999,28.035398323216665],[-115.24657044599998,28.03577844221665],[-115.24487508099998,28.034870083216678],[-115.24567100999998,28.03395101621671],[-115.23958666799999,28.035598737216677],[-115.23256101299995,28.034481457216735],[-115.23268414999998,28.02987541621678],[-115.22983593500001,28.02953277321683],[-115.22386824699997,28.0310461112168],[-115.22510675599997,28.031879517216737],[-115.22381827799995,28.033928233216695],[-115.22094507899999,28.035388032216698],[-115.216139163,28.033407131216713],[-115.21590538099998,28.03658192721665],[-115.21002335299997,28.039519371216592],[-115.19632967399997,28.038084080216667],[-115.18872681999993,28.034105622216735],[-115.18797519499998,28.03124543221676],[-115.18534227499998,28.031360675216785],[-115.18555550699995,28.037064716216683],[-115.18088221299995,28.040591081216597],[-115.18341521099995,28.043080972216533],[-115.18142171199997,28.042873892216544],[-115.18205491599998,28.04458853321654],[-115.18420584399995,28.043779558216517],[-115.18527293399995,28.045228305216526],[-115.18347863499997,28.047257619216467],[-115.18536892499996,28.04534619521648],[-115.18729914399997,28.04846043421644],[-115.18952514899996,28.054979704216333],[-115.18877360099997,28.06000811321621],[-115.18145137999994,28.069466316216054],[-115.187960752,28.086622108215778],[-115.18765238799995,28.090459158215666],[-115.18528775799997,28.094127745215584],[-115.18344800899996,28.093764286215617],[-115.18564340999997,28.094349959215606],[-115.18520748900002,28.09746417121556],[-115.18284569499998,28.09472189921558],[-115.18244906599996,28.096015948215584],[-115.18586575599996,28.09903635421555],[-115.18625788999998,28.105375238215423],[-115.18287905699998,28.111799782215275],[-115.17695515099997,28.11727825321518],[-115.17476223899996,28.12382462721509],[-115.16464831199997,28.13102794621496],[-115.159202468,28.1378367962148],[-115.15756898199999,28.14410432221472],[-115.16051317999998,28.15042427421457],[-115.15664739599998,28.16604631421432],[-115.158323019,28.17545322021414],[-115.15639660799995,28.17934982521409],[-115.15992963099994,28.186568158213927],[-115.15979447799998,28.192238889213836],[-115.16957691799998,28.202371586213665],[-115.173589641,28.214937044213418],[-115.17327555199995,28.226249953213188],[-115.17013085699993,28.243656186212903],[-115.16377483999999,28.260417110212575],[-115.16584973,28.26444886821249],[-115.16556038799997,28.26965132221242],[-115.17066956699996,28.28001815821224],[-115.17030979199995,28.28425169521217],[-115.17401413699999,28.288766960212094],[-115.17596148799998,28.298399018211892],[-115.174141676,28.306159868211765],[-115.17662202599995,28.310197337211648],[-115.18622553099998,28.3147316382116],[-115.19133280600002,28.323276759211453],[-115.19273002499993,28.32960041421136],[-115.19528271099995,28.332265411211253],[-115.19591279199997,28.33825403821117],[-115.19382838499996,28.343009153211103],[-115.19596609199999,28.348382928210967],[-115.19384741999995,28.354293509210887],[-115.19515136499997,28.35853085321079],[-115.19416531599998,28.361692681210776],[-115.19726051899997,28.36180689521078],[-115.19770785799994,28.365494108210687],[-115.20409969899997,28.364484167210705],[-115.206353591,28.366503383210674],[-115.20678884399996,28.37305055421056],[-115.21191038499997,28.372305077210587],[-115.21319289799997,28.372961403210525],[-115.21272047199993,28.375193743210513],[-115.21764595599997,28.377743930210478]]],[[[-112.88758073199996,28.678212110205088],[-112.894037606,28.678556426205077],[-112.891377536,28.67469333320515],[-112.87815127599998,28.665750979205296],[-112.87628758199997,28.659883394205426],[-112.87208519999997,28.65498354720552],[-112.86678657999994,28.652871614205523],[-112.86573938899994,28.649076081205646],[-112.86784550599998,28.6439686962057],[-112.85572700599994,28.644192023205704],[-112.85349182099998,28.641090413205784],[-112.84376963299997,28.640177061205797],[-112.82983211399996,28.627348086205966],[-112.80993979199997,28.61923763420613],[-112.808541715,28.61559718820618],[-112.798907317,28.61057801520627],[-112.79192537999997,28.599311008206524],[-112.78932232999996,28.58727550820671],[-112.78348372499995,28.58620872120671],[-112.78261125899998,28.580362073206835],[-112.77796737799997,28.57926204620685],[-112.77589940499996,28.576911711206865],[-112.77216002799999,28.576860419206906],[-112.75804906099995,28.585799826206756],[-112.75256022699995,28.591528838206614],[-112.75897316599998,28.593860982206614],[-112.76396682599994,28.60225145720646],[-112.77997272399995,28.610329868206307],[-112.78432834399996,28.618810549206128],[-112.79007130199994,28.621183814206102],[-112.79777343899997,28.627434593206022],[-112.80304864799997,28.63584140720583],[-112.82028917699995,28.645115028205694],[-112.82469870199999,28.64952128120558],[-112.83748880199995,28.657022740205463],[-112.83866542899995,28.66116345520539],[-112.84149003799996,28.65944609720541],[-112.847855086,28.66197951420538],[-112.85344778499996,28.66636455220529],[-112.85548265599999,28.67081463720519],[-112.85820616899997,28.670321830205204],[-112.86024143799996,28.67299757420521],[-112.86742884399997,28.67110157620523],[-112.87051016199997,28.673709526205144],[-112.87213485599996,28.672897775205207],[-112.87749317899994,28.67549343520515],[-112.886866077,28.676603692205127],[-112.88758073199996,28.678212110205088]]],[[[-112.90472474399996,28.69829012920471],[-112.90365610799996,28.69852573220474],[-112.90416283099995,28.699320434204722],[-112.90472474399996,28.69829012920471]]],[[[-112.93010512399997,28.70912952020457],[-112.93328887099995,28.70991336820453],[-112.93203520399999,28.705148781204592],[-112.93377203999995,28.70520601120463],[-112.93339499299998,28.702453290204648],[-112.93482775700001,28.701531779204664],[-112.93136953,28.6964258392048],[-112.92984707499994,28.697540156204752],[-112.92634143,28.69430238320479],[-112.91460451799999,28.69128592720488],[-112.89884318399999,28.683497020204996],[-112.895071853,28.67990497620506],[-112.895065451,28.682319910205],[-112.89843366099997,28.684700849205],[-112.89761047599995,28.69723174720473],[-112.90149570799997,28.6956102812048],[-112.90732891299996,28.69817746420475],[-112.90958733999999,28.696462006204765],[-112.91273473700001,28.69840957520476],[-112.91321155399999,28.70073661120471],[-112.91543308499996,28.70008983020472],[-112.91582030599994,28.698224119204763],[-112.920777565,28.699692174204703],[-112.92610254199998,28.706195461204576],[-112.93039664999998,28.707526022204593],[-112.93010512399997,28.70912952020457]]],[[[-112.96194210799996,28.723311851204286],[-112.96412634899997,28.724657469204292],[-112.96449849699997,28.723814423204306],[-112.96194210799996,28.723311851204286]]],[[[-112.96587341499999,28.733380682204125],[-112.96669828599994,28.734361483204076],[-112.96708826899999,28.7338045672041],[-112.96587341499999,28.733380682204125]]],[[[-112.96084048899998,28.734597513204072],[-112.96357747099997,28.734336338204088],[-112.96566886099998,28.73113132120416],[-112.96307703099995,28.731802793204118],[-112.96011857199996,28.727383426204227],[-112.95837996299998,28.727794500204222],[-112.95787557399996,28.7225848162043],[-112.95701092699994,28.724565608204237],[-112.95402992299995,28.72246363220433],[-112.951761032,28.72480297520425],[-112.95019706299996,28.720641171204345],[-112.94628990099994,28.71716166320441],[-112.94678588799997,28.722126334204304],[-112.95083520099996,28.727420261204227],[-112.95274465600001,28.72854363620418],[-112.95286551799995,28.725641485204218],[-112.95416689299998,28.72875821220419],[-112.95788476399997,28.729969583204177],[-112.96084048899998,28.734597513204072]]],[[[-114.27656640699998,28.669788405205253],[-114.27868005599998,28.670408444205258],[-114.27937948999994,28.66934559920524],[-114.277664932,28.668690726205277],[-114.27656640699998,28.669788405205253]]],[[[-114.27835979599998,28.693804440204815],[-114.28085593499999,28.693300244204817],[-114.27862481199999,28.69296959120483],[-114.27835979599998,28.693804440204815]]],[[[-112.97574395499998,28.8254922292025],[-112.98652474899995,28.82588572520246],[-112.98634650599998,28.824028052202518],[-112.98160403199995,28.821009200202553],[-112.97692694599999,28.82087448420256],[-112.97524835899998,28.822880520202542],[-112.97574395499998,28.8254922292025]]],[[[-112.99890726299998,28.83633540320232],[-112.99938948599998,28.836874812202307],[-112.99959384199998,28.83645668520232],[-112.99890726299998,28.83633540320232]]],[[[-113.35828175399996,28.827413472202437],[-113.35752426999994,28.826507222202505],[-113.357355462,28.82794186420247],[-113.35828175399996,28.827413472202437]]],[[[-114.35112855899997,28.767146759203534],[-114.35235904999998,28.767761950203507],[-114.35232051799996,28.767156458203498],[-114.35112855899997,28.767146759203534]]],[[[-113.02970673599998,28.888444260201403],[-113.03133263299999,28.88748909720142],[-113.029979417,28.885844481201417],[-113.02670857899994,28.885985452201417],[-113.02970673599998,28.888444260201403]]],[[[-113.03273419099997,28.899342114201165],[-113.039089855,28.900136338201172],[-113.03742879599999,28.896889366201208],[-113.04077795899997,28.890782976201372],[-113.04450457599995,28.890072600201336],[-113.04803212999998,28.89440354920127],[-113.04476877599997,28.888925642201368],[-113.04658812099997,28.885551310201414],[-113.04446104499999,28.88365271620148],[-113.04037907099998,28.884529082201485],[-113.04006389299998,28.888282914201383],[-113.03274595899995,28.895695104201277],[-113.03273419099997,28.899342114201165]]],[[[-113.35798617999995,28.88248694720151],[-113.35910735499999,28.883433139201493],[-113.35993581799994,28.882703375201476],[-113.35798617999995,28.88248694720151]]],[[[-113.04326080099999,28.910694410201],[-113.04355906299998,28.912147778200982],[-113.04430222999999,28.911197041200957],[-113.04326080099999,28.910694410201]]],[[[-113.385279783,28.924710034200725],[-113.38364681499996,28.924093392200785],[-113.38477592499999,28.9264904312007],[-113.385279783,28.924710034200725]]],[[[-113.48099024299997,28.9552650392002],[-113.48228931699998,28.956438027200164],[-113.48309114999996,28.95609126720018],[-113.48296568399998,28.955888973200203],[-113.48099024299997,28.9552650392002]]],[[[-113.47357658299997,28.95643165920022],[-113.47461771799999,28.95718727320016],[-113.47740920399997,28.955894681200224],[-113.47644237999998,28.95537130220021],[-113.47357658299997,28.95643165920022]]],[[[-113.47547455599994,28.9678446732],[-113.47708506899994,28.97489893419987],[-113.48510989699997,28.978897033199807],[-113.48492862699999,28.976838378199872],[-113.48079979499995,28.974304334199893],[-113.48138190899999,28.967295952200033],[-113.47817939299996,28.96634129420003],[-113.47547455599994,28.9678446732]]],[[[-113.51834683699997,28.997723398199472],[-113.52070758699995,28.9970387801995],[-113.51806547599995,28.995126770199526],[-113.51834683699997,28.997723398199472]]],[[[-113.51965899,28.998904528199475],[-113.521243374,28.998403437199432],[-113.52012600899998,28.997877566199474],[-113.51965899,28.998904528199475]]],[[[-113.51253569399995,29.0027200151994],[-113.51556993999998,29.0020154811994],[-113.51230111299999,28.999838714199456],[-113.51298120599995,28.998676636199473],[-113.51536982399996,28.99944274919946],[-113.51696266199997,28.993835287199555],[-113.51134932499998,28.988727211199645],[-113.50901643399999,28.993174268199564],[-113.50484973799996,28.991690141199566],[-113.50198195200001,28.993975595199533],[-113.507728919,29.001139012199413],[-113.51253569399995,29.0027200151994]]],[[[-113.522281234,29.00663605619931],[-113.52393490499999,29.005460785199368],[-113.52431368199996,29.00160319119941],[-113.52110670899998,29.005284192199365],[-113.522281234,29.00663605619931]]],[[[-113.51107285699999,29.011773163199205],[-113.51517077999995,29.011613223199202],[-113.51593055799998,29.009857590199275],[-113.51406611899996,29.00973138619926],[-113.51107285699999,29.011773163199205]]],[[[-113.52409128699998,29.011950957199225],[-113.52504694699996,29.013286718199208],[-113.52499743699998,29.010720088199268],[-113.52409128699998,29.011950957199225]]],[[[-113.50653478899996,29.013872415199163],[-113.50506303799996,29.01419721219918],[-113.50505590999997,29.014885956199173],[-113.50653478899996,29.013872415199163]]],[[[-113.51432093199998,29.016306046199148],[-113.51635401499999,29.0134104961992],[-113.51109083600001,29.013363486199193],[-113.51079216699998,29.014066113199203],[-113.51432093199998,29.016306046199148]]],[[[-113.46940821599999,29.02418016819899],[-113.46628179999999,29.013940821199196],[-113.46329657799998,29.01166198019921],[-113.46031133699995,29.01319502219919],[-113.46423634599995,29.02158733819907],[-113.46940821599999,29.02418016819899]]],[[[-113.49828033199998,29.02743539919896],[-113.49900268399996,29.027390544198965],[-113.49830596699998,29.027128329198955],[-113.49828033199998,29.02743539919896]]],[[[-113.08345116199996,29.06889687419825],[-113.09592492199995,29.06678305219828],[-113.097951014,29.063091269198313],[-113.09663095599996,29.06322939119832],[-113.09651876199996,29.06523571519832],[-113.09226806499998,29.064116273198337],[-113.09750108499998,29.061830227198385],[-113.08485346199997,29.063146557198316],[-113.08236143399996,29.067054092198234],[-113.08345116199996,29.06889687419825]]],[[[-114.61619331099996,28.965307956200046],[-114.615799789,28.96570967220003],[-114.61621414499994,28.96572615620004],[-114.61619331099996,28.965307956200046]]],[[[-113.512321279,29.061816133198327],[-113.51300270899998,29.06142276619838],[-113.51259446599994,29.061094265198374],[-113.512321279,29.061816133198327]]],[[[-113.51586697099998,29.067218664198258],[-113.52185183299997,29.069636055198206],[-113.51783600999994,29.06506675619831],[-113.514876776,29.06483327419832],[-113.51586697099998,29.067218664198258]]],[[[-113.50943717499996,29.096097540197775],[-113.52730808799998,29.09549317819779],[-113.52766891199997,29.093160552197837],[-113.52183596799996,29.078340823198083],[-113.51989071299994,29.077021614198078],[-113.51909571299997,29.077143534198107],[-113.51860122599999,29.077897798198062],[-113.52041530499999,29.077418757198117],[-113.52148808799997,29.080113940198036],[-113.51482523899996,29.076987332198076],[-113.51560177799998,29.070572412198196],[-113.51296545199995,29.06385955819831],[-113.509716987,29.061999442198346],[-113.51001558599995,29.058503772198392],[-113.51315933999997,29.05749025119842],[-113.513788505,29.052102601198524],[-113.50690238699998,29.047495879198603],[-113.50664550999994,29.049063530198584],[-113.50285159299995,29.04909475219861],[-113.50250213199996,29.04749630519859],[-113.50697464999998,29.04732133319862],[-113.503122524,29.045612286198626],[-113.50720410099996,29.04210675219868],[-113.50473209499995,29.039227050198768],[-113.50102430399996,29.03925453419875],[-113.49464759799997,29.0364695421988],[-113.48918258499998,29.037686173198768],[-113.49577688099998,29.0414044471987],[-113.49678010199995,29.047433115198587],[-113.50272519299995,29.049829122198567],[-113.499247649,29.054910673198467],[-113.50551657999996,29.063279127198314],[-113.504300361,29.067152675198244],[-113.50600799899998,29.069242758198254],[-113.50293920599997,29.073749512198148],[-113.50303094899999,29.07683023619808],[-113.50817894599999,29.08023774019807],[-113.50233691599999,29.090415986197836],[-113.50943717499996,29.096097540197775]]],[[[-113.52727896099998,29.098102673197754],[-113.53004240399997,29.09846209419773],[-113.53084581999997,29.09616615919775],[-113.52727896099998,29.098102673197754]]],[[[-113.60671282199998,29.16828605419654],[-113.60821394399996,29.168130977196537],[-113.60806109799995,29.16603868619652],[-113.606931558,29.166756054196558],[-113.60671282199998,29.16828605419654]]],[[[-113.51391467099995,29.55147699318996],[-113.52599863799998,29.55079344319001],[-113.52396890299997,29.54475929119007],[-113.52478171299998,29.543281468190145],[-113.535156569,29.53945723919017],[-113.53501403999998,29.537967284190184],[-113.54065671599994,29.538731093190197],[-113.54171298799997,29.535224150190274],[-113.54550337899997,29.533988881190297],[-113.55357919999994,29.534345512190285],[-113.55292309899995,29.537916659190223],[-113.55600150099997,29.534126586190286],[-113.560353783,29.536185052190234],[-113.56058295399998,29.540325860190155],[-113.55757929599997,29.54397659619009],[-113.55869076699999,29.546006066190074],[-113.56322958799997,29.542845831190135],[-113.56484418299999,29.543884842190113],[-113.56713204399995,29.540559313190165],[-113.56888030799998,29.540920536190132],[-113.57212327499997,29.538355395190187],[-113.57222705899994,29.535659601190257],[-113.56799631699994,29.52860856919038],[-113.57233838499997,29.52202093619045],[-113.56909434299997,29.52166961919049],[-113.57004794299998,29.515295353190577],[-113.56456219199998,29.51175720319064],[-113.56361958699995,29.50519512119074],[-113.56618784599999,29.502849648190786],[-113.567664563,29.498183371190844],[-113.56829676199999,29.48907602519105],[-113.57545986799994,29.480660632191196],[-113.57788602499996,29.468204796191387],[-113.583164158,29.464213087191464],[-113.58521694999997,29.464345758191424],[-113.58428365599998,29.463137324191475],[-113.592256159,29.451030154191695],[-113.59208566899999,29.44599803919177],[-113.59443472999999,29.43844947119189],[-113.59072277899999,29.434816595191972],[-113.58836944699999,29.42741786019206],[-113.59242942599997,29.41752600319221],[-113.58821735999999,29.408923934192412],[-113.56992598099998,29.400146933192563],[-113.56642131399997,29.392404394192653],[-113.56148493899998,29.387637370192742],[-113.55731979899998,29.385891213192753],[-113.55773911299997,29.37904925819291],[-113.55613432999996,29.376949470192926],[-113.55202386699996,29.376147863192976],[-113.54572720199998,29.37156270319301],[-113.54011096199997,29.362243862193203],[-113.539267082,29.356640731193316],[-113.53140817799999,29.35182035519339],[-113.52548148999996,29.334818828193626],[-113.51429989999997,29.329889458193755],[-113.50729003099997,29.323194572193806],[-113.505089227,29.317082894193963],[-113.505802659,29.30912722119408],[-113.50300982799997,29.304781933194192],[-113.50328314999997,29.2977482741943],[-113.49682501599995,29.288831361194436],[-113.49692085599999,29.28379366119453],[-113.49427005299998,29.284210318194532],[-113.48675791799997,29.280599325194604],[-113.47908394199999,29.28121155119458],[-113.47399389599997,29.277775291194633],[-113.46465268499998,29.281258524194573],[-113.456079102,29.278272455194596],[-113.44963742399995,29.28013073019459],[-113.44282410799998,29.2756774091947],[-113.43877847399995,29.269904697194768],[-113.43480412099996,29.259392908194933],[-113.43024951899997,29.259060315194937],[-113.42782650899994,29.25501350319501],[-113.42740975599997,29.248756220195148],[-113.42819441999997,29.247052979195146],[-113.43119287599995,29.247341290195152],[-113.43031274499998,29.242956351195254],[-113.42254326099999,29.236226726195326],[-113.42206451099999,29.232411529195392],[-113.41801696999995,29.226813948195538],[-113.41465677299999,29.225973467195544],[-113.41413803499995,29.22340480019559],[-113.41141347099995,29.22194832819558],[-113.40996207199998,29.21708801019567],[-113.40415938499996,29.213298858195756],[-113.40441112999997,29.20946571419583],[-113.38592201299997,29.19627107619604],[-113.36976433499996,29.191374692196128],[-113.36386757199996,29.187436045196222],[-113.35627831999994,29.17628493619637],[-113.35654718499995,29.174099863196385],[-113.35060663499996,29.1685827071965],[-113.34262810299998,29.16430463819661],[-113.33701074299995,29.16331597219662],[-113.33155336899995,29.159484255196652],[-113.33275576099999,29.161479806196613],[-113.33038687099997,29.1623006861966],[-113.324693089,29.15730938819668],[-113.319745605,29.157204815196703],[-113.31350374399996,29.14816660519688],[-113.30069071099996,29.145102148196898],[-113.29835207699996,29.139088369196994],[-113.29720652299994,29.139118617197017],[-113.29827443499994,29.136714142197082],[-113.29605024399996,29.13714524119702],[-113.29352333799996,29.132772053197126],[-113.28677740399998,29.129440536197183],[-113.28628828299998,29.12720111419722],[-113.27734153399997,29.118809529197403],[-113.273948212,29.112749728197446],[-113.26402117199996,29.10455264419765],[-113.25975541999998,29.09171406119784],[-113.255346085,29.0867556341979],[-113.25265459499998,29.086582876197948],[-113.24991137099995,29.08395739719798],[-113.24984155799997,29.08019346019806],[-113.24759809299997,29.076539844198123],[-113.24878804099995,29.073124460198187],[-113.24395013999998,29.06713143319825],[-113.24168641399996,29.067144725198244],[-113.22958211599996,29.059361706198406],[-113.22136116599997,29.0591269781984],[-113.21971104499994,29.05640594519843],[-113.21252993299998,29.051951520198518],[-113.20035065499997,29.048002688198586],[-113.19782082499995,29.044703448198653],[-113.19731059099998,29.040556933198722],[-113.18858870599996,29.028361979198948],[-113.17908146699996,29.026747796198958],[-113.16577485299996,29.018882837199065],[-113.161038713,29.01862570519909],[-113.15462781799994,29.015024751199167],[-113.15119391599995,29.01084814119924],[-113.14971558899998,29.006024372199334],[-113.13927536399997,29.00284671919937],[-113.12245615299999,28.989571058199626],[-113.12241825899997,28.98737198419964],[-113.11614943099994,28.986985576199658],[-113.116925344,29.00356410719936],[-113.11404758399999,29.01233984419921],[-113.115153396,29.028559827198926],[-113.106390091,29.047273731198622],[-113.100199144,29.056226325198473],[-113.114070885,29.05516076419845],[-113.12091075299999,29.056114436198484],[-113.12169686,29.057941836198417],[-113.12350498199999,29.056373929198468],[-113.12546218099999,29.057737400198427],[-113.12465989699997,29.06128392319838],[-113.13405838399996,29.06189510319833],[-113.14836889299995,29.066186413198306],[-113.14975363399999,29.06943012919823],[-113.15317084199997,29.071712459198203],[-113.15591518899998,29.079169734198054],[-113.156003243,29.089347284197864],[-113.15387292299994,29.09503586919779],[-113.15604565199999,29.099552603197715],[-113.16318872999996,29.10580241519763],[-113.16485957599997,29.112487788197488],[-113.17236034299998,29.121930483197335],[-113.17456104899998,29.12778103619719],[-113.17317760299994,29.146734117196882],[-113.17402327299999,29.166059509196533],[-113.17249881999999,29.177877604196347],[-113.16702694899999,29.191041338196097],[-113.17237663199997,29.196855873196018],[-113.171586968,29.208696524195823],[-113.17446233499999,29.216153557195668],[-113.172806951,29.22701101019551],[-113.17706159899997,29.232468895195417],[-113.17861993899999,29.247669282195147],[-113.17681341499998,29.265111786194822],[-113.17080637499998,29.27450548819468],[-113.16802304499998,29.276384614194644],[-113.16759061299997,29.278893326194613],[-113.17323693499998,29.283393371194514],[-113.17962767899996,29.285373572194512],[-113.18072122999996,29.288737438194428],[-113.18353968599997,29.289550416194412],[-113.18937866299996,29.28774194019445],[-113.19150417099996,29.289148396194463],[-113.19977214399995,29.285534638194495],[-113.20122669699998,29.287504387194467],[-113.20259255599996,29.2855423401945],[-113.20717409199995,29.284710519194487],[-113.21892597199997,29.28831866019446],[-113.23746658899996,29.289066938194452],[-113.24875826799996,29.286277255194484],[-113.25546026899998,29.28276842719456],[-113.26102777999996,29.28379297719454],[-113.26053804899999,29.289661888194424],[-113.26719725999999,29.288598832194428],[-113.26885821399999,29.285552248194474],[-113.27426680599997,29.284805152194505],[-113.27602882099995,29.2905473771944],[-113.27853171399994,29.287385053194445],[-113.28272324799997,29.28841769819444],[-113.28840157999997,29.282649868194568],[-113.28836229699999,29.280755400194607],[-113.29103246399995,29.282008007194552],[-113.29444022199999,29.281254865194565],[-113.29768069699998,29.283014071194568],[-113.30442881499994,29.29131421819442],[-113.31252762499999,29.29058079219442],[-113.34496603399998,29.295746250194288],[-113.36678817399996,29.30785376919414],[-113.37067260699997,29.312354984194062],[-113.36945041799999,29.31551576519397],[-113.37144992199997,29.320205622193896],[-113.37008800799998,29.323634782193846],[-113.372053689,29.334823011193677],[-113.37593512499996,29.34398055119351],[-113.37614184499996,29.349513547193418],[-113.37505827399997,29.35384291819332],[-113.36661770499995,29.360983637193215],[-113.36196747699996,29.373752202192982],[-113.35180416099996,29.38290838719281],[-113.35204203299998,29.38734662819275],[-113.36334298999998,29.395441948192595],[-113.36164566899998,29.401336657192516],[-113.36636634399999,29.405980383192418],[-113.36537452500001,29.408434720192393],[-113.36904969599999,29.412403806192312],[-113.37280131699998,29.42191406719215],[-113.38387390499999,29.43358716219195],[-113.38481481499997,29.443579912191808],[-113.39295010799998,29.44927806119173],[-113.39409744199997,29.45178448219165],[-113.39209367199999,29.455746132191592],[-113.39336459099997,29.459249710191518],[-113.406561701,29.460657435191546],[-113.40973983999999,29.464545112191434],[-113.41711759199995,29.466587808191395],[-113.41715572299995,29.47060828519136],[-113.42539912499996,29.47385459519126],[-113.42842436699999,29.484333136191136],[-113.42751156699995,29.486207271191088],[-113.43100141699995,29.492055411190996],[-113.43560572899997,29.49319912319097],[-113.43711059099998,29.497088153190884],[-113.44164584399999,29.49998938619081],[-113.44628958699997,29.506589727190732],[-113.45627008999999,29.510833595190665],[-113.45631197899998,29.512727162190654],[-113.46168864599997,29.518099799190555],[-113.46890642599999,29.520054782190478],[-113.47165413499995,29.52488998719041],[-113.47435546799994,29.524289468190435],[-113.47640899299996,29.525880208190397],[-113.47680264499998,29.52829650119037],[-113.47439202399994,29.53109740819031],[-113.48535525899996,29.53182984819033],[-113.48988282999994,29.533990977190303],[-113.49382908999996,29.532875658190303],[-113.50485257899999,29.5376508151902],[-113.51152599299998,29.538164523190176],[-113.51276725799994,29.541563408190132],[-113.51137953699998,29.54943731119003],[-113.51391467099995,29.55147699318996]]],[[[-113.55679403899997,29.55187823918998],[-113.55871083899996,29.55425931518994],[-113.55886063599996,29.550969172189983],[-113.56053984199998,29.549754747190008],[-113.55915024499996,29.54902049219002],[-113.55902607399997,29.546099497190067],[-113.55679403899997,29.55187823918998]]],[[[-113.53493149699995,29.564291236189785],[-113.53978270399995,29.566404768189695],[-113.54530166899998,29.56541313318974],[-113.54418102999995,29.563760593189738],[-113.53436393599998,29.562012682189774],[-113.53493149699995,29.564291236189785]]],[[[-113.56469341099995,29.56228759418979],[-113.56685620699996,29.566475026189696],[-113.56795393699997,29.56486270218977],[-113.57934271199997,29.560990826189823],[-113.57570422299995,29.545988616190048],[-113.56398731999997,29.552332927189966],[-113.56216693799996,29.560182471189837],[-113.56225682499998,29.557426510189906],[-113.56050643199997,29.5553124481899],[-113.56177989699997,29.55884423718985],[-113.55965885599994,29.5608724911898],[-113.56469341099995,29.56228759418979]]],[[[-118.26148439299999,29.184854459196238],[-118.260704085,29.18891043719617],[-118.26465310299994,29.190631225196118],[-118.27020158,29.188634271196168],[-118.27970589499995,29.180671797196297],[-118.28865406899996,29.180331121196293],[-118.29488862699998,29.17151443119645],[-118.30808417299994,29.170671156196505],[-118.31585143999997,29.17529503319639],[-118.31726036099998,29.173872590196446],[-118.31917455999996,29.174676979196423],[-118.31825058199998,29.172829314196452],[-118.32099171899995,29.169833875196474],[-118.33395787799996,29.169446645196487],[-118.33915527100001,29.16405036519657],[-118.34387220299998,29.16362486319659],[-118.34299595099998,29.16297240819662],[-118.34578659699999,29.16033769219664],[-118.36019849999997,29.151635523196774],[-118.36526321799994,29.146367579196898],[-118.357673339,29.137736044197045],[-118.35671700599994,29.131057313197147],[-118.353550632,29.12939533519721],[-118.35451259999998,29.122138658197287],[-118.35118987399994,29.114610060197442],[-118.35710737599999,29.094150965197777],[-118.36185126399994,29.09062661919783],[-118.36204922199997,29.082836777197997],[-118.36465445099998,29.07754686819809],[-118.36091710999997,29.072719649198184],[-118.35353126299998,29.07152278019819],[-118.345454541,29.06729036519828],[-118.343975722,29.065807568198316],[-118.34448524099999,29.062512467198378],[-118.33927614899993,29.05846554219844],[-118.33884529599997,29.05515700219846],[-118.32650495699993,29.04925968119859],[-118.31959223999995,29.039113289198756],[-118.317110878,29.03783644819877],[-118.31482515999996,29.030450364198877],[-118.31600851499998,29.026217758198992],[-118.31410204799994,29.019552835199104],[-118.30613417899997,29.009745791199258],[-118.30499547699998,29.00446377519933],[-118.306599584,29.00049841819943],[-118.30948376100001,28.998685160199432],[-118.30531927899995,28.98655919719968],[-118.312224526,28.98293678319975],[-118.31355387099995,28.98004100719979],[-118.30286891799994,28.971769740199928],[-118.29389620499995,28.972060785199908],[-118.29092452799998,28.9676842432],[-118.29294481799997,28.953017228200256],[-118.29819843899998,28.951660397200282],[-118.29742869100001,28.94884252520035],[-118.29418981899997,28.946279264200356],[-118.29404862099993,28.94385531020041],[-118.29841412799998,28.93574815620054],[-118.29247397199998,28.927708113200687],[-118.29307185099998,28.918961935200862],[-118.28741591299995,28.915415076200894],[-118.28598058100002,28.912358905200982],[-118.28780489299997,28.911140988200984],[-118.28591230099995,28.91057807920099],[-118.28660326499994,28.906684257201057],[-118.28227639599999,28.901148764201178],[-118.282507416,28.89624896520123],[-118.282820864,28.893321998201323],[-118.28611376799998,28.889334011201388],[-118.29565473499996,28.885311939201454],[-118.29607352000002,28.883420267201487],[-118.29460327599999,28.8826905122015],[-118.29695851099996,28.88114039920152],[-118.29574603199995,28.879482245201558],[-118.29374937700001,28.879574535201545],[-118.29196131699997,28.882346221201463],[-118.28759057599996,28.882023042201503],[-118.284152353,28.884349847201456],[-118.27665725599995,28.88503034020145],[-118.27049236499992,28.888952710201384],[-118.26829281599998,28.888552610201344],[-118.265451184,28.883866783201494],[-118.26094013999995,28.88347696520146],[-118.25026953799996,28.892013276201315],[-118.24823349599995,28.890998022201337],[-118.24822225499999,28.8935898122013],[-118.24552256299998,28.8947939372013],[-118.24076853999998,28.904476326201106],[-118.23855739699995,28.91528194120091],[-118.22794919399998,28.921766680200808],[-118.226319263,28.926397111200743],[-118.22858639,28.929516154200666],[-118.22760381399995,28.93698249720056],[-118.22421343999999,28.946127602200367],[-118.22430385999996,28.955812008200198],[-118.22096953999993,28.962565076200118],[-118.22900943399996,28.974950582199888],[-118.22736260499994,28.982827757199715],[-118.22989663399993,28.990353808199604],[-118.22968144199996,28.9954252751995],[-118.22517137199998,29.006938936199287],[-118.22146278399998,29.010782316199254],[-118.22432497799997,29.02534640219901],[-118.22336677199996,29.028333451198918],[-118.22452683399996,29.033645525198835],[-118.22291907799996,29.03828087519876],[-118.22806524899993,29.061989984198334],[-118.231772794,29.067985081198266],[-118.23755107899994,29.07231593519818],[-118.24812275899995,29.085714081197935],[-118.25353603299999,29.094654906197803],[-118.27682944199998,29.103730743197662],[-118.282387714,29.10860700219753],[-118.28157526499996,29.116524230197395],[-118.28745049099994,29.133062975197145],[-118.28819526199997,29.14442609119694],[-118.28238429699998,29.15776170719671],[-118.27798871299996,29.16193282719662],[-118.27365367899996,29.1630160781966],[-118.27055218299996,29.175037185196405],[-118.26148439299999,29.184854459196238]]],[[[-115.50029045399998,29.614525029188894],[-115.49962634199994,29.614930924188926],[-115.49965739699998,29.615015740188888],[-115.50029045399998,29.614525029188894]]],[[[-114.38209999999998,29.822599999185474],[-114.38727244999995,29.820266819185456],[-114.39603876999996,29.81952568918547],[-114.39198006,29.818632859185488],[-114.39096757999994,29.814210619185573],[-114.39229999999999,29.80979999918565],[-114.38968014999995,29.808336949185694],[-114.38949762,29.811258919185622],[-114.38578915,29.809824829185626],[-114.3807,29.813099999185614],[-114.37690722999999,29.811745950185596],[-114.37621082999999,29.809155880185635],[-114.37439202999997,29.810322650185615],[-114.37234485899995,29.809336489185675],[-114.37239999899998,29.805800000185744],[-114.369569749,29.806335420185682],[-114.36990699899997,29.80901720018568],[-114.37839999899997,29.813899999185573],[-114.38209999999998,29.822599999185474]]],[[[-115.78953548299994,29.79687264818589],[-115.79259979999995,29.79690576918583],[-115.79205849599998,29.793773598185936],[-115.79485851399997,29.792611517185936],[-115.793321674,29.789716908185984],[-115.795096576,29.786562382186027],[-115.79193556899997,29.788151767185994],[-115.78819326200002,29.79337932618589],[-115.78953548299994,29.79687264818589]]],[[[-114.417462732,29.988012890182688],[-114.41931993199996,29.987529794182716],[-114.42006787599996,29.98505210418277],[-114.41578966799995,29.98150632318282],[-114.415626353,29.97513927118289],[-114.42333617699995,29.968928814183002],[-114.42371851499996,29.966960607183076],[-114.421545719,29.96465905318306],[-114.41866065499995,29.965659244183055],[-114.41957605,29.96240569618313],[-114.41755074999999,29.96298607218309],[-114.41307803899997,29.95996758118316],[-114.412371744,29.96095116718316],[-114.41129654399998,29.956022408183255],[-114.41531879899999,29.948657812183352],[-114.409427065,29.95549603518324],[-114.39716037899997,29.96088285518316],[-114.39171690699999,29.96068320418316],[-114.391686237,29.961844785183096],[-114.39581882499999,29.96656064718304],[-114.39883467699998,29.97893676618285],[-114.40195814399999,29.982755030182805],[-114.40662241700001,29.985287291182765],[-114.41121548199999,29.98457123818276],[-114.417462732,29.988012890182688]]],[[[-114.38978711799996,29.994911573182602],[-114.39087910299999,29.993438630182624],[-114.38957345899996,29.988682929182673],[-114.38700513299995,29.99203627518266],[-114.38868290599999,29.991831307182615],[-114.38978711799996,29.994911573182602]]],[[[-114.47360990899995,30.022816999182115],[-114.47582448899999,30.02341707718215],[-114.47995769699999,30.020241892182167],[-114.47555160899998,30.015850350182244],[-114.47498426099997,30.012954590182275],[-114.47329500399998,30.01421248118228],[-114.47360990899995,30.022816999182115]]],[[[-114.49108484699997,30.047436598181704],[-114.48651554399999,30.05124914818167],[-114.48924062799995,30.054718310181595],[-114.49125916199995,30.053339630181604],[-114.49108484699997,30.047436598181704]]],[[[-114.55038485799997,30.09396966518099],[-114.55379220099998,30.092852184180956],[-114.55388922099996,30.089756266181027],[-114.54691995399999,30.090389804180997],[-114.54556883699996,30.08667014718108],[-114.54186855799999,30.08579157018111],[-114.54177790699998,30.083467328181108],[-114.535182009,30.083257834181133],[-114.53599711399994,30.087187290181095],[-114.54013191499998,30.09225187418098],[-114.55038485799997,30.09396966518099]]],[[[-114.62656013299994,30.128988663180415],[-114.62554349999999,30.131177370180342],[-114.62651105099998,30.131433384180326],[-114.62724714999997,30.130386165180365],[-114.62656013299994,30.128988663180415]]],[[[-116.11256704699997,30.49730224617444],[-116.12006472800002,30.494539692174484],[-116.12338645599999,30.491455911174548],[-116.12299860399997,30.484662550174644],[-116.10986958999999,30.480312200174733],[-116.10168577199993,30.48308258717469],[-116.09994162699996,30.484890978174658],[-116.10438226499997,30.485515443174634],[-116.10798606599997,30.49566992817445],[-116.11256704699997,30.49730224617444]]],[[[-114.74652310199998,31.8018602951545],[-114.75912879799995,31.81240751015438],[-114.76969524900001,31.816830012154334],[-114.78615799399995,31.818717147154306],[-114.79179937199996,31.81748732715427],[-114.79993625799993,31.812644952154383],[-114.80172636099996,31.800988584154513],[-114.79927468799997,31.782723221154818],[-114.80022723099997,31.763101865155097],[-114.79659562499994,31.742575664155403],[-114.79109977399997,31.72999713815557],[-114.784622475,31.72310050415568],[-114.78153915499996,31.723356657155698],[-114.78220588499995,31.72128695515569],[-114.76385211999998,31.705671853155938],[-114.74072860199999,31.695062007156075],[-114.73440541399998,31.695354054156095],[-114.73084973199998,31.697392138156047],[-114.72992884099993,31.69530234315606],[-114.72628752899999,31.694809779156124],[-114.72553306799996,31.693196439156143],[-114.72209135199996,31.69457201715609],[-114.72527086299999,31.68635965515621],[-114.71750414599994,31.681179487156317],[-114.71085893299995,31.681611276156307],[-114.70430176899998,31.68702013415624],[-114.70166220099998,31.68610448115626],[-114.70018579499998,31.68026705815632],[-114.69300104499996,31.67909929315632],[-114.68970040999993,31.68172387515628],[-114.69407843099998,31.695025776156125],[-114.69685170599996,31.69845100815604],[-114.71078118099997,31.70720283515593],[-114.71163810899998,31.71032284515587],[-114.696016403,31.699354774156056],[-114.687997228,31.686933302156223],[-114.68083959799998,31.685644878156232],[-114.67573817199998,31.682369224156286],[-114.66953708499993,31.682908519156296],[-114.67012453799998,31.67790180815634],[-114.668174489,31.67628916515638],[-114.66230680499997,31.675594253156355],[-114.65963293599998,31.676638663156353],[-114.65929338999996,31.678397920156343],[-114.65438136999994,31.677977099156365],[-114.650643582,31.67986936415633],[-114.64977598899998,31.68205288715628],[-114.65346704399995,31.6948624941561],[-114.66867415099995,31.718782985155762],[-114.713989913,31.748776517155306],[-114.73443511299996,31.769754893155017],[-114.739308233,31.777045539154916],[-114.74779882799999,31.798537241154595],[-114.74757186899998,31.80028120115456],[-114.743555643,31.79580579215462],[-114.74652310199998,31.8018602951545]]],[[[-116.78878617299995,31.806588036154448],[-116.79851821099999,31.806825557154482],[-116.79705364499993,31.803136483154507],[-116.79307189199993,31.80155058115454],[-116.79352016199998,31.798608800154586],[-116.79044662599995,31.7969520831546],[-116.788693793,31.794663070154648],[-116.788982375,31.79215542315466],[-116.78693869999995,31.790970860154697],[-116.78604064799998,31.791861695154683],[-116.788048142,31.794223706154675],[-116.78664639799996,31.79944546215457],[-116.78878617299995,31.806588036154448]]],[[[-116.80121324500001,31.81198251815436],[-116.808254294,31.81283056815434],[-116.80928426299994,31.809894614154427],[-116.80269283300001,31.809819286154394],[-116.80141304600001,31.80590389915445],[-116.80121324500001,31.81198251815436]]],[[[-117.24565424800001,32.413902320145745],[-117.24621850799997,32.41655809314573],[-117.25077338399996,32.4196836361457],[-117.24921899199997,32.41084705314583],[-117.24757360699998,32.408736632145846],[-117.24563853199999,32.408989792145846],[-117.24429594799994,32.40499488514592],[-117.24542419599999,32.40167025814596],[-117.24431540899997,32.395045183146024],[-117.24195607299997,32.39106774114614],[-117.23997116199997,32.391094130146115],[-117.23921377899998,32.39548679714603],[-117.24245932199997,32.40538005014593],[-117.24220075499994,32.41143625514582],[-117.243689099,32.415041056145775],[-117.24565424800001,32.413902320145745]]],[[[-117.25728118199999,32.418499932145735],[-117.26056503999996,32.42014536614567],[-117.26157218299994,32.41681397414572],[-117.25960725599998,32.41471307614576],[-117.25946208199998,32.418772990145705],[-117.25728118199999,32.418499932145735]]],[[[-117.29894356399994,32.445527736145365],[-117.30043389699996,32.44470719514533],[-117.30004070899997,32.44033648114544],[-117.29705569899993,32.43533568114552],[-117.29408055199998,32.43371938914553],[-117.29673868199995,32.443677130145396],[-117.29894356399994,32.445527736145365]]]]}}]}
