{"type":"FeatureCollection","features":[{"type":"Feature","properties":{"cve_ent":"03","cvegeo":"03","nombre_inegi":"Baja California Sur","nombre_catalogo":"Baja California Sur"},"geometry":{"type":"MultiPolygon","coordinates":[[[[-112.76477819599995,28.000000000217327],[-114.20544044699994,28.00000002521736],[-114.218720556,27.987943747217592],[-114.23137220799998,27.972473143217837],[-114.25350252699998,27.952827966218248],[-114.26693150299998,27.93535459521851],[-114.27394139499995,27.929722411218627],[-114.27442085699994,27.90208259221915],[-114.26765128999995,27.888234129219416],[-114.26380846099995,27.887454855219396],[-114.25713109799995,27.894463260219307],[-114.25818400999998,27.894207468219278],[-114.25889189899999,27.894959973219297],[-114.25534437299996,27.89639890421927],[-114.24255952899995,27.910649496218998],[-114.24314249699995,27.91144364121898],[-114.24274691199999,27.912115839218977],[-114.24172671799994,27.91149420521897],[-114.23345511699995,27.91682122321887],[-114.23581375699996,27.916907479218903],[-114.23652729799994,27.92049540921881],[-114.234028864,27.92057393121879],[-114.23443813099999,27.91741876521884],[-114.232948589,27.916871489218885],[-114.23178604399999,27.918257765218872],[-114.23040024599999,27.917705730218866],[-114.22691861899995,27.918646093218833],[-114.22007909599995,27.919003964218845],[-114.21638807599999,27.919458917218794],[-114.21564187699994,27.91969115221881],[-114.21840395499999,27.919394195218814],[-114.21879228299998,27.9197539702188],[-114.21909875799997,27.920734308218815],[-114.218247863,27.919586456218813],[-114.21776625999996,27.91966640621884],[-114.21912921499995,27.92165182821878],[-114.21780242799997,27.92107885421882],[-114.21902642199996,27.921965917218795],[-114.21709810699998,27.920880882218793],[-114.21692868999999,27.92264739421878],[-114.22486847500001,27.929810524218624],[-114.22132593299995,27.92680478921871],[-114.22386148699997,27.929585903218662],[-114.22112796199997,27.927769898218678],[-114.22173710399994,27.92980671721865],[-114.21766917800001,27.92618612921873],[-114.21820979099999,27.92779274121868],[-114.21462917799994,27.92363915421875],[-114.212101239,27.923644864218723],[-114.21262852799998,27.924870763218728],[-114.21162751699995,27.92555762821868],[-114.21055771099998,27.92420228721875],[-114.21180169399997,27.92490089721871],[-114.21161392499994,27.924394870218748],[-114.21217050999996,27.923454184218727],[-114.20981222599994,27.92290096021875],[-114.20842071699997,27.924332443218766],[-114.21334715299997,27.932500657218576],[-114.20598034199998,27.9260818232187],[-114.20600318499999,27.92246884921875],[-114.20469352999999,27.923544366218735],[-114.20519035999997,27.921715036218803],[-114.20340089699994,27.92025171521881],[-114.200557442,27.920741884218792],[-114.19602635299998,27.92834812921868],[-114.191526792,27.929973301218634],[-114.18223499699998,27.931153513218632],[-114.179227358,27.930116068218634],[-114.19236614699997,27.928956081218672],[-114.19636958899997,27.926523082218708],[-114.19687522599997,27.925425556218705],[-114.19341013599997,27.927962656218646],[-114.19732137499994,27.923789676218757],[-114.18836865299996,27.92420608221875],[-114.18267281799997,27.92355173021874],[-114.18439495299998,27.923370296218778],[-114.18287507199996,27.92248692221879],[-114.17929160399997,27.92367070321877],[-114.17942485399999,27.922319170218753],[-114.17551063999998,27.925693245218703],[-114.17440240599996,27.934872314218552],[-114.17592823599995,27.94004169321845],[-114.17461655799997,27.93948549421844],[-114.18069608099997,27.942962481218384],[-114.18470011899996,27.951026772218214],[-114.18336464599997,27.950634161218236],[-114.18508083199998,27.951585945218195],[-114.18746029399996,27.951645432218232],[-114.18580954199996,27.952219477218247],[-114.18671076299997,27.953102851218173],[-114.179276137,27.9484620102183],[-114.18151521,27.94857384521828],[-114.18036593000001,27.944923752218372],[-114.17764382699995,27.943063013218413],[-114.17897394599999,27.94446213621839],[-114.17342980199999,27.94415280621835],[-114.173844423,27.94800634321833],[-114.16898080399994,27.952303650218237],[-114.16408387399999,27.952372654218205],[-114.16197805099995,27.948784427218293],[-114.15907034899999,27.94786119621832],[-114.16255625999997,27.948034897218303],[-114.16633722299999,27.95166833421827],[-114.17015387899995,27.95109250421826],[-114.17141737199995,27.949074721218274],[-114.17032044099994,27.949567270218257],[-114.172036032,27.943768523218388],[-114.16987548199995,27.937798456218484],[-114.17209313899998,27.931083022218598],[-114.17100750999998,27.932055627218602],[-114.17042316599999,27.927905180218648],[-114.17258847499994,27.92413522221876],[-114.16824298499996,27.922377395218785],[-114.165836755,27.919254352218818],[-114.16414138899995,27.919977114218813],[-114.16373390599995,27.923245898218767],[-114.16525081199997,27.92599120121869],[-114.16777304099999,27.92689837121868],[-114.16826380499998,27.928450969218634],[-114.16762432499996,27.92948900921865],[-114.16660115599996,27.92996490121864],[-114.16799908999997,27.92848666121867],[-114.16676177,27.927606260218678],[-114.16615500699999,27.93346270921859],[-114.16381123800001,27.938168093218472],[-114.15977210299997,27.938078863218465],[-114.15874893499995,27.936499496218516],[-114.16049188999995,27.937138976218524],[-114.15781202199999,27.935220536218566],[-114.15485554199996,27.935842170218525],[-114.154299343,27.93742748621848],[-114.15739859099995,27.941856258218447],[-114.15510241099997,27.943379113218374],[-114.14954934399998,27.943575418218398],[-114.144162839,27.93969392221845],[-114.14898422199997,27.942781273218365],[-114.15663716299997,27.942278612218395],[-114.15388293699999,27.937876609218485],[-114.15423093399994,27.93600873221852],[-114.15865375699997,27.93447695421854],[-114.16359708699999,27.937632714218505],[-114.16600629099997,27.92837750321863],[-114.16510209599996,27.927039056218685],[-114.15944790199995,27.928892062218633],[-114.15768710099998,27.92689331421867],[-114.15877867799998,27.922143315218793],[-114.16556609099997,27.917512289218863],[-114.16393913399999,27.915067393218926],[-114.16037589199999,27.915736617218883],[-114.15350222399998,27.920822715218787],[-114.14859755999998,27.920489590218793],[-114.14659881199998,27.918472997218824],[-114.143487667,27.92058179421879],[-114.13981734799995,27.920882201218774],[-114.13815469999999,27.920337899218808],[-114.135918007,27.91891617121881],[-114.13428510199998,27.916393943218885],[-114.13727429999994,27.919615138218795],[-114.14227711599996,27.92026056721882],[-114.14500159899995,27.91907975921883],[-114.14732454799997,27.916230355218865],[-114.14468691499998,27.916749970218877],[-114.146557767,27.915732750218904],[-114.14776236899998,27.916393050218886],[-114.14634361499999,27.91782667621886],[-114.15096869199999,27.920191265218836],[-114.14431512499999,27.91062583221897],[-114.14225986499999,27.910590140218993],[-114.14436271399997,27.91024511821897],[-114.145159833,27.908344524219057],[-114.14251863199998,27.908005450219065],[-114.14154305299996,27.905319634219108],[-114.14300939499998,27.904103134219138],[-114.14204868799999,27.903805702219113],[-114.14313134300001,27.904126929219142],[-114.14215873799999,27.9061851632191],[-114.14399859199995,27.907430401219038],[-114.14710081399994,27.904182437219138],[-114.14678256099995,27.903617315219137],[-114.14550657499997,27.904188386219086],[-114.14365059599999,27.903510239219134],[-114.14372792799998,27.902192613219146],[-114.14426628099994,27.901764310219185],[-114.14372792799998,27.903319882219122],[-114.14550657499997,27.903992080219126],[-114.14769865399997,27.902909425219132],[-114.15156825199995,27.90331095921913],[-114.14786521599996,27.90416459121908],[-114.14556308699997,27.906773075219043],[-114.14659220399996,27.90750475921905],[-114.14729414499999,27.90550601221908],[-114.14942376299996,27.910080526218994],[-114.14678850999996,27.91286449521895],[-114.14869505299998,27.91242132121896],[-114.14815075099996,27.914036380218953],[-114.15210957999996,27.9194288332188],[-114.15643424999996,27.91830751221886],[-114.15706778099998,27.91743306021886],[-114.15477160199998,27.91846515221885],[-114.16474154299999,27.910529649219],[-114.16242156899995,27.910806261218983],[-114.16404257699999,27.909473763218998],[-114.167584999,27.910636725219003],[-114.16741546299994,27.912189323218964],[-114.169092983,27.912222041218964],[-114.16950046499996,27.912626549218928],[-114.16806981399998,27.912549217218935],[-114.166425012,27.911808609218962],[-114.16677895699998,27.916689479218878],[-114.16951533699996,27.921171788218782],[-114.17241827899994,27.922269315218763],[-114.17593690700001,27.921897524218803],[-114.17902128399999,27.919134375218828],[-114.18798590299997,27.920282465218826],[-114.18692109399997,27.919604319218845],[-114.187043041,27.91840269121882],[-114.18956526999995,27.91983036721884],[-114.203154967,27.915922103218897],[-114.178697082,27.91278716321896],[-114.17977973699999,27.91377463921891],[-114.17804570499999,27.9144349392189],[-114.17312616899996,27.911790763218963],[-114.17034604299994,27.908079514219033],[-114.17124936899995,27.91042257321899],[-114.16838806699998,27.911993018218997],[-114.16784079099995,27.910577238219016],[-114.16515794899999,27.909286381219026],[-114.16660941999999,27.90688312521904],[-114.15875422399996,27.90161261921914],[-114.13268544499999,27.897073500219218],[-114.13134818699996,27.895421856219247],[-114.13531474899997,27.894622298219286],[-114.13503218699998,27.896076743219233],[-114.15177962099995,27.8989286082192],[-114.14205048199996,27.897068821219246],[-114.141477507,27.895545966219256],[-114.13718115199998,27.894986317219296],[-114.13567632799999,27.892482031219313],[-114.13264548999997,27.89213106021932],[-114.13119996699999,27.889840829219352],[-114.12725303599997,27.89001631421934],[-114.12966855499997,27.8889824342194],[-114.13209894499995,27.88617613321943],[-114.12932986299995,27.887676052219426],[-114.12985383799999,27.88341684121947],[-114.12826257399996,27.88181367921952],[-114.12869385099998,27.880867844219555],[-114.12915487099998,27.882372853219493],[-114.13436886499994,27.87935391121957],[-114.13432722499999,27.873887100219655],[-114.13087105699998,27.87420832721968],[-114.13024347499999,27.8763468682196],[-114.12825959899999,27.877610956219602],[-114.13004121999995,27.87621004921964],[-114.13041896,27.873107826219698],[-114.13428558399994,27.873494489219663],[-114.13566864599994,27.87495785721968],[-114.13353010499998,27.88244126221949],[-114.14170652799999,27.871543331219712],[-114.14103135599998,27.86914007521976],[-114.14125442999995,27.872048966219715],[-114.14029074899997,27.87308700621967],[-114.139422245,27.871504664219696],[-114.14086181899995,27.87089492821971],[-114.13979403599997,27.869916374219752],[-114.14139422399997,27.867495273219816],[-114.15615877899995,27.853608143220065],[-114.15915095099996,27.849812903220094],[-114.15847280499999,27.84808482022014],[-114.16898109999994,27.838391490220307],[-114.16997154899998,27.832219763220447],[-114.16890376699996,27.834741992220362],[-114.16542083099996,27.835414190220373],[-114.16804716099995,27.83389430922042],[-114.16482893999995,27.835182192220373],[-114.16465642899999,27.834316663220374],[-114.16938560799998,27.832523145220414],[-114.16977227099994,27.830925931220484],[-114.173850072,27.83095864922048],[-114.17672624499994,27.825756552220575],[-114.17617896899998,27.823659652220595],[-114.17858222499997,27.82294878822063],[-114.17871012099995,27.820771582220672],[-114.17791002699994,27.819629440220695],[-114.17710100999994,27.82298150622063],[-114.17611055999998,27.82164900822065],[-114.17456985899997,27.82239556422065],[-114.16669681699996,27.829694560220492],[-114.163856336,27.828421549220497],[-114.16463263499998,27.827112845220515],[-114.16436494499999,27.82642280122053],[-114.16381172099996,27.828121142220507],[-114.16295511499999,27.827431098220497],[-114.16236917199996,27.829310872220503],[-114.16177430699997,27.829441743220507],[-114.16411510199998,27.825051637220582],[-114.16738686099995,27.82251751122062],[-114.16732439999998,27.821955363220663],[-114.16601867099996,27.82236582022064],[-114.16576287899994,27.822199258220625],[-114.16577774999996,27.821967261220617],[-114.17581610199996,27.813187050220797],[-114.17474236999999,27.80828833422088],[-114.17725852099996,27.79946828322105],[-114.17431179699999,27.790553871221206],[-114.17293741999998,27.790550064221204],[-114.17402245399995,27.789958054221238],[-114.17367410099997,27.788722637221227],[-114.17228068899999,27.78883304422125],[-114.17229782099999,27.78550370322132],[-114.17063219799996,27.78389709122136],[-114.17205606799997,27.786386959221314],[-114.171113801,27.788543702221276],[-114.16988409599999,27.788227710221253],[-114.15898043099997,27.776219647221478],[-114.15712040699998,27.76318495922171],[-114.14786671899999,27.748311968222],[-114.14867573499998,27.74013614022214],[-114.14635773699996,27.737317195222204],[-114.14939672499997,27.735437761222247],[-114.14897098799997,27.73390510822225],[-114.15020020599998,27.73645333722221],[-114.15049435199995,27.73535261322227],[-114.14577240899997,27.728762266222354],[-114.14710849399997,27.729813901222343],[-114.14642826899995,27.7261777222224],[-114.12333411299996,27.71141491322269],[-114.11819447699997,27.7103393962227],[-114.12144482099995,27.71177302222267],[-114.11456223,27.712244750222702],[-114.11273480399996,27.711516635222704],[-114.11681319999997,27.711530912222685],[-114.10423774799995,27.70855539622275],[-114.10574870599999,27.708859967222754],[-114.10761182399995,27.708833792222734],[-114.10702647699998,27.70851494522273],[-114.10325978999998,27.70803905222275],[-114.10294332199999,27.709388207222748],[-114.10192729199997,27.707544125222785],[-114.09830575199999,27.706858840222754],[-114.09915759899998,27.707265728222744],[-114.10003145599997,27.711985686222672],[-114.09822306599996,27.71092206722271],[-114.09799225799998,27.712571033222687],[-114.10022419299999,27.714860075222617],[-114.096019685,27.714112924222643],[-114.10019706699995,27.715367911222597],[-114.10221663399996,27.713517880222636],[-114.10145520699996,27.71263153122267],[-114.10526829299994,27.713868851222664],[-114.09724058599994,27.71684020322259],[-114.08274074599996,27.726374406222398],[-114.07654938799999,27.73422186822227],[-114.07837681399997,27.736891623222228],[-114.07689203099996,27.739114040222166],[-114.07564995199999,27.739699387222185],[-114.07478147899997,27.732836580222322],[-114.07583554999997,27.73348423522226],[-114.07868614399996,27.73118091722234],[-114.07941425899999,27.724880104222457],[-114.08215539899999,27.726555245222386],[-114.08164500399995,27.72404907722247],[-114.08184963800001,27.726085896222443],[-114.07829472299994,27.72301639122246],[-114.07708595699997,27.723435176222473],[-114.07888006999997,27.728284518222377],[-114.07783786699999,27.72678069922241],[-114.074882576,27.7268758772224],[-114.07782834999996,27.72992158722231],[-114.07447806799996,27.729279133222335],[-114.07698601999999,27.73023091722237],[-114.07638761499999,27.731794376222286],[-114.07495042,27.730921113222337],[-114.075047978,27.732458245222315],[-114.07174528599997,27.73046901622237],[-114.07012963199999,27.731040087222315],[-114.07257571799994,27.73122092622231],[-114.07448404599995,27.73548759722226],[-114.07442455899998,27.736713019222186],[-114.07053414099995,27.732358605222295],[-114.04430772099994,27.737393545222226],[-114.04409119099995,27.742799680222124],[-114.04261116599997,27.742721158222086],[-114.05114812499994,27.763346644221745],[-114.053030278,27.765861734221662],[-114.05426759799997,27.76318722022173],[-114.05657805499999,27.7709870932216],[-114.06349038899998,27.782398988221374],[-114.06589602399998,27.78398014022131],[-114.06502989999996,27.786640378221307],[-114.06736890999997,27.786002682221298],[-114.06816364999999,27.78926492322126],[-114.07108800799995,27.789957346221215],[-114.07285356799997,27.793281453221176],[-114.07168049399996,27.793978635221183],[-114.07968024199995,27.79865189722108],[-114.07569940299999,27.799337182221027],[-114.07334611599998,27.801528665220985],[-114.07613484499996,27.801930794220976],[-114.07730078099996,27.803930731220937],[-114.07775109399996,27.800453744221002],[-114.08192704799997,27.799924314221034],[-114.08445522499994,27.801807062221013],[-114.08554382799998,27.80065897222103],[-114.08265873199998,27.804323342220986],[-114.07818831999998,27.803065202221013],[-114.08146602699998,27.805872966220903],[-114.07728115099997,27.80983476922087],[-114.07118080699996,27.81221125522084],[-114.067992329,27.807951128220907],[-114.06533030699997,27.80818907422086],[-114.05563400399996,27.80005429222106],[-114.05528303299997,27.792460837221196],[-114.054979652,27.79348995422116],[-114.05356684699996,27.792541144221154],[-114.054637604,27.793100317221135],[-114.055071856,27.7917945882212],[-114.05429258199996,27.792817756221144],[-114.05102677199994,27.78925451322124],[-114.05230573299998,27.787249817221294],[-114.04901612799996,27.78826406222124],[-114.04875438699997,27.790084350221242],[-114.04737132499997,27.787776273221283],[-114.04628272199996,27.78905820722122],[-114.04734753099997,27.79026281022122],[-114.04520006699995,27.789676867221264],[-114.04589605999998,27.781747314221402],[-114.042291176,27.776417321221473],[-114.04308234699994,27.772523928221553],[-114.03979928499996,27.757287049221844],[-114.03161691399998,27.743801454222076],[-114.03193814099997,27.74528564322204],[-114.03068892399995,27.74280208022209],[-114.02883080299995,27.74129844022211],[-114.03048690799994,27.743439954222083],[-114.02409472399995,27.74326101922207],[-114.01129893399998,27.747896387222024],[-114.01011681799999,27.745994722222026],[-114.01027045899998,27.749380307222005],[-114.00164015399997,27.75308036922194],[-113.99973277799995,27.75885341722181],[-113.99873530899998,27.75709832722181],[-113.99734950999999,27.758223336221825],[-113.99835269,27.760056473221805],[-113.99499206899998,27.758907255221793],[-113.99540609599995,27.760315896221783],[-113.99258405499997,27.758343323221823],[-113.99060434299999,27.76212428722174],[-113.99023076799995,27.75940694222179],[-113.98886495699998,27.759992290221795],[-113.98756339199997,27.757865052221817],[-113.98799169499995,27.75576874622186],[-113.98801548999997,27.755264301221878],[-113.98785606599995,27.754207820221858],[-113.98774185199996,27.756844263221836],[-113.98695662999995,27.758574131221796],[-113.98706132599995,27.757322534221846],[-113.981862204,27.75931652322179],[-113.972242043,27.752773005221904],[-113.97307366399998,27.75297406922192],[-113.97742212899999,27.745520408222053],[-113.97756489699998,27.744977891222078],[-113.97758631199997,27.744571003222106],[-113.97749351299997,27.743935687222113],[-113.97705093299999,27.743055286222116],[-113.97656076399996,27.74278640722209],[-113.97746733899999,27.745058792222075],[-113.97305224899998,27.751988973221906],[-113.97444423399999,27.74883142822201],[-113.97277147299997,27.748686281221993],[-113.97345199899996,27.74980700722198],[-113.97177209899998,27.750922974221936],[-113.96904047799997,27.749704690221957],[-113.959808169,27.744008260222063],[-113.96138813099999,27.74399398422207],[-113.96158324699998,27.741883402222104],[-113.96120967199994,27.743494297222068],[-113.95239491399997,27.73766933222219],[-113.94745072499995,27.73685395322219],[-113.943795262,27.74180730322215],[-113.94815005699996,27.743914463222083],[-113.94842795799997,27.747008016222008],[-113.94758814799997,27.74436337922206],[-113.94515117299994,27.744943611222055],[-113.942350789,27.741569103222133],[-113.94833023499997,27.733342021222267],[-113.94597265999995,27.73301831322229],[-113.945755836,27.73416045422226],[-113.94270198199996,27.732013595222305],[-113.94321197599999,27.73308244322229],[-113.94107122399998,27.733757345222283],[-113.94163618699997,27.731595217222328],[-113.93506734799996,27.731485278222284],[-113.92749684499996,27.727283175222407],[-113.92029891099997,27.719297348222536],[-113.91737026599998,27.710264049222694],[-113.91581890799996,27.709543339222705],[-113.91751379699997,27.709454777222742],[-113.91696715699999,27.707784319222736],[-113.92206415499999,27.703815118222842],[-113.92281606299998,27.701319063222908],[-113.92507179199998,27.700874104222862],[-113.92099101599997,27.69720021622296],[-113.92192138599997,27.69292908422304],[-113.92475294499998,27.684379680223184],[-113.92656371399994,27.686047682223126],[-113.92519790399996,27.68282351322323],[-113.92612351399998,27.678366782223307],[-113.94073102499999,27.67030754822344],[-113.939205669,27.669779307223468],[-113.93938662999996,27.667180936223538],[-113.94753390399995,27.665993585223553],[-113.95432012699996,27.661234663223638],[-113.95667685599994,27.656978808223723],[-113.95596539699996,27.65581763122371],[-113.95926095099999,27.66056941422364],[-113.96362012399999,27.664840547223545],[-113.95764529699994,27.65696215122372],[-113.95936683699995,27.651479278223814],[-113.96034836499997,27.651061683223826],[-113.95920622299997,27.65203964122378],[-113.96187863799997,27.656306812223743],[-113.96965642199997,27.6585844782237],[-113.97432309199998,27.659106178223666],[-113.98007986099998,27.657143719223733],[-113.98879761099995,27.659392309223662],[-113.994178166,27.658080632223687],[-114.00260078599996,27.66064407522363],[-114.01267780399998,27.659564394223676],[-114.02104160899995,27.66134304122363],[-114.02001249199999,27.660376385223646],[-114.02392670599995,27.6585055342237],[-114.02347460799997,27.65741693122369],[-114.02712410599997,27.658118872223667],[-114.02673446999995,27.656738784223734],[-114.02857260299999,27.656578171223693],[-114.02793014899999,27.65433255422376],[-114.03307275999998,27.652973287223784],[-114.04416937499997,27.642206524223997],[-114.05364914799998,27.638341089224046],[-114.05486267299995,27.638262567224086],[-114.05939197699996,27.6368741522241],[-114.06050913399997,27.636806337224076],[-114.05802854599996,27.637530883224073],[-114.06002372399998,27.63852728222403],[-114.05483411999995,27.64281388122397],[-114.05605835199998,27.64251406922399],[-114.06239723599998,27.636607652224093],[-114.06267563299998,27.634997947224104],[-114.07831226099995,27.622940623224316],[-114.08053586799997,27.61961116222442],[-114.08413361299995,27.618604650224434],[-114.09006798799999,27.61219438222453],[-114.09099121899999,27.6104526172246],[-114.09100787599999,27.60997910422457],[-114.08972534599997,27.611875534224527],[-114.08979434999998,27.609158190224623],[-114.08300817499997,27.60257472122471],[-114.07949252199997,27.60003345722476],[-114.08154123699995,27.60158962422472],[-114.07850028599995,27.60028330022477],[-114.08303672899996,27.60297804022469],[-114.07443973499996,27.599876412224788],[-114.07475025599996,27.596403589224813],[-114.07091694399999,27.594472656224877],[-114.07207693099998,27.592970027224894],[-114.08022539599996,27.596696262224864],[-114.09131777500001,27.58736219722501],[-114.09243493199995,27.59007478222495],[-114.09340932099998,27.587344351225024],[-114.09366273399998,27.589517989224966],[-114.09611119899995,27.590460255224937],[-114.09829197499995,27.588725628224996],[-114.09861677099998,27.588636398224995],[-114.09940199299997,27.58902900922498],[-114.09747819899998,27.590695822224927],[-114.10139717199996,27.588779166224978],[-114.101614892,27.585905967225067],[-114.10260355799994,27.590356749224973],[-114.10576942999997,27.58836157022502],[-114.11073060700001,27.589878477224975],[-114.10699366399996,27.60086801822478],[-114.11234031299995,27.586523437225004],[-114.108116769,27.60008874422477],[-114.11091620499998,27.592266861224896],[-114.11114463399997,27.59198132622492],[-114.11154438299998,27.592409629224942],[-114.112140438,27.592102678224926],[-114.113271872,27.592505997224887],[-114.11377512799999,27.592220461224926],[-114.11156936699997,27.59051795722497],[-114.11225108299999,27.588272936224996],[-114.11356097599999,27.590535803224974],[-114.11471025599997,27.58990405622498],[-114.11313981199999,27.586588277225058],[-114.12832315199995,27.58786604822501],[-114.12939747899998,27.59083204622494],[-114.12846591999995,27.594162102224868],[-114.12964375299998,27.59489735522486],[-114.12801263299998,27.596439246224833],[-114.12876216299998,27.598466546224795],[-114.12652071199996,27.59884845022478],[-114.13353060299995,27.613546381224506],[-114.13345207999998,27.619510500224393],[-114.13688564299997,27.622840555224332],[-114.13955539799998,27.62910091722424],[-114.14326378799996,27.641550257223997],[-114.142567796,27.643106425223937],[-114.147764538,27.64946315522382],[-114.15268288399994,27.66205883222362],[-114.14993817599998,27.65881086722367],[-114.14948131999996,27.65895006622366],[-114.14781093799998,27.657190454223688],[-114.14709352999995,27.65670861422372],[-114.15497787399995,27.665078368223583],[-114.15853635799999,27.66743046522351],[-114.16095626999999,27.672195335223446],[-114.16430417199997,27.672223889223424],[-114.17487254799994,27.680197463223283],[-114.19119802899998,27.68396296022323],[-114.200131716,27.691283372223047],[-114.21350287399999,27.690866492223073],[-114.21649909099996,27.688681195223122],[-114.21423765199997,27.68952066922308],[-114.21526367499997,27.688054921223113],[-114.22611531799998,27.689731642223112],[-114.22770099099996,27.688717040223136],[-114.24024931599996,27.69566887322297],[-114.24405645499996,27.69860227322293],[-114.246186547,27.70336690622281],[-114.24622461899997,27.70168986122284],[-114.24757805599995,27.702950024222854],[-114.24748287799997,27.70108071922288],[-114.25295373399996,27.706962747222743],[-114.25530083499997,27.705965277222795],[-114.255474059,27.707208307222796],[-114.258219006,27.70942786922275],[-114.25766887399999,27.708080142222776],[-114.26089161599998,27.71524898222261],[-114.26332247399995,27.71588477422262],[-114.26357184099999,27.7179082682226],[-114.26958331099996,27.724330909222434],[-114.26817276699995,27.72545020722242],[-114.27120895899998,27.726820777222386],[-114.26970894699997,27.726240188222437],[-114.27030666799999,27.728000989222387],[-114.283193828,27.73385636722226],[-114.29874598599997,27.747898994222023],[-114.30870664699995,27.76513319222169],[-114.31236720999999,27.76834260922163],[-114.31315171799999,27.771615558221566],[-114.31225513699997,27.773511512221557],[-114.31177424799995,27.770427017221614],[-114.31173427299997,27.77392196922152],[-114.31482757299996,27.779659326221413],[-114.31390053499996,27.776851562221456],[-114.31562897499998,27.77492705422149],[-114.31539483599995,27.77195939022156],[-114.32105033899995,27.775991149221465],[-114.31853001399998,27.776301430221455],[-114.31953700199995,27.77882365922144],[-114.32075718999995,27.77790042822146],[-114.32049259399997,27.779712626221404],[-114.31960172299995,27.779158687221422],[-114.31833013899997,27.77746641522145],[-114.31598303899995,27.77914916922142],[-114.31774383999999,27.782461379221342],[-114.315419583,27.785922067221296],[-114.31248350399994,27.783718359221318],[-114.31307931999999,27.781611109221362],[-114.31186864999997,27.78452928022134],[-114.31614025899997,27.790198108221247],[-114.31453364699998,27.790713975221223],[-114.31466439799999,27.794447349221137],[-114.310239433,27.790317794221252],[-114.31308406999996,27.795384685221116],[-114.30825852399995,27.79482313222111],[-114.30891335099996,27.793859927221174],[-114.30860878,27.793519188221158],[-114.30728389599996,27.796189895221104],[-114.30838606299996,27.795017296221154],[-114.31200474699995,27.800362518221014],[-114.31100537299996,27.79995134722102],[-114.31231693199999,27.803238810220954],[-114.311433676,27.80592855322093],[-114.30734695199999,27.802904972220993],[-114.31145294999999,27.807043330220893],[-114.30701573099998,27.806597895220897],[-114.30634757799999,27.79988971922105],[-114.30579363999999,27.801798998220974],[-114.30687105999999,27.8080902932209],[-114.314009442,27.810863793220843],[-114.32017510199995,27.817729966220707],[-114.31767000599996,27.81345835722078],[-114.31904438199996,27.81409414922081],[-114.32250697399996,27.82128583222064],[-114.31838003699995,27.82714121022051],[-114.31407987499996,27.8276665952205],[-114.31168328199999,27.82601239322054],[-114.30735456599997,27.81987148022068],[-114.30539388999995,27.818392408220713],[-114.31177465299999,27.827101235220532],[-114.30419844899995,27.8181658832207],[-114.30478665199996,27.811874588220835],[-114.30236911999998,27.822959069220584],[-114.30319146099998,27.8250015982206],[-114.30114512499996,27.824234460220605],[-114.30207977699996,27.8233911792206],[-114.30101948899994,27.824129764220594],[-114.30186086699997,27.82216528122064],[-114.29982024099996,27.824725581220573],[-114.29935576999998,27.828466094220538],[-114.30737169799994,27.837340531220338],[-114.30803033299998,27.83873013722034],[-114.30865851099998,27.840924951220252],[-114.308926914,27.84120668022031],[-114.30902018899998,27.841709222220278],[-114.30496939499994,27.841549322220256],[-114.300574054,27.836891289220336],[-114.29776628999997,27.836950300220362],[-114.30387674599996,27.84615786222016],[-114.29634242099996,27.838425566220334],[-114.296658413,27.831825893220465],[-114.29871426699998,27.82740580622052],[-114.29653468099997,27.830672330220487],[-114.29564000399996,27.834911578220385],[-114.29602262099996,27.84564580222018],[-114.29679546999996,27.84478729322022],[-114.303010622,27.85670363321997],[-114.29895221399994,27.85736036521995],[-114.29486905899995,27.852489132220075],[-114.29513365499999,27.846285401220165],[-114.29324150699995,27.85968842921994],[-114.29631005999994,27.86617769521984],[-114.30716611300001,27.87228244021968],[-114.32066431899995,27.87270312921969],[-114.34180916199995,27.863526024219865],[-114.36452254499994,27.84838884522012],[-114.38026315499997,27.835743437220387],[-114.39115537599999,27.822504116220625],[-114.38983049199999,27.817132245220694],[-114.38312421899997,27.82063290822065],[-114.38304236599998,27.822854373220597],[-114.38004189799994,27.823456585220626],[-114.37827157899994,27.826712877220512],[-114.37941253099996,27.82768726622052],[-114.38160996299996,27.825720047220553],[-114.382052543,27.826101950220558],[-114.38238447799995,27.828675337220492],[-114.38128754599995,27.82752070422053],[-114.37977420899996,27.828377310220517],[-114.380555862,27.830376057220487],[-114.379011591,27.830389739220475],[-114.380264378,27.833116601220446],[-114.37655717799998,27.830564630220493],[-114.37702236199999,27.83222727822044],[-114.37372799899998,27.831845374220453],[-114.37710802299995,27.834518699220393],[-114.37487132999998,27.83322665222043],[-114.37654171099996,27.835510934220387],[-114.37529606299996,27.83592139122037],[-114.37695216799995,27.835982067220396],[-114.37503908199994,27.838384133220302],[-114.37350789799997,27.837852324220318],[-114.37405041599999,27.839012311220337],[-114.370888112,27.838130721220352],[-114.37206594499997,27.8404542642203],[-114.36979236999997,27.839451322220306],[-114.37007076699996,27.840986074220282],[-114.36824691,27.840654139220263],[-114.36914991599997,27.842231722220262],[-114.36636594599999,27.83905514122033],[-114.36782931499994,27.842142492220248],[-114.36634096199998,27.84122164122029],[-114.36649443699999,27.842292398220234],[-114.36486688699995,27.838848128220302],[-114.36586625899999,27.838905235220345],[-114.36258365899994,27.836589565220354],[-114.36618854299996,27.84301054022026],[-114.365253415,27.84250014622026],[-114.36166637699995,27.83686082322035],[-114.35694076799997,27.834130392220423],[-114.35484565199994,27.83688937722032],[-114.35512642899994,27.840916615220305],[-114.353627368,27.841173596220305],[-114.35509787499996,27.84486652022019],[-114.352666066,27.844742788220223],[-114.35267558399994,27.846850990220172],[-114.35080056799995,27.845842099220175],[-114.35223300399997,27.84820728322016],[-114.34857815199997,27.845375725220187],[-114.34974408799998,27.849244728220153],[-114.34714571599996,27.84868793422013],[-114.34758353699999,27.849587370220107],[-114.34510889799998,27.847074660220194],[-114.34649850299996,27.849639719220086],[-114.34373356900001,27.847022312220147],[-114.34647470799996,27.85409882922004],[-114.34189186599997,27.850424941220133],[-114.34484715699995,27.854884051220015],[-114.34192041999997,27.852095322220105],[-114.342377276,27.854503337220002],[-114.338498755,27.85076282422011],[-114.34117802799996,27.857796511219963],[-114.33528648299996,27.85634504022],[-114.33706156099998,27.858862510219936],[-114.33567195499997,27.857725127219943],[-114.33656187399998,27.859257500219943],[-114.334639269,27.85847703721995],[-114.33555774099995,27.859814294219913],[-114.33447270799998,27.860185490219912],[-114.33181841799997,27.857844695219946],[-114.33242756,27.859134363219948],[-114.32836915200001,27.855344833220013],[-114.328578544,27.852327677220064],[-114.32722225099998,27.85130450922007],[-114.33248085999998,27.851742329220063],[-114.333646796,27.85038603722012],[-114.32767625799994,27.849231855220147],[-114.32268414899994,27.843835237220237],[-114.32329329099998,27.83969021622031],[-114.32423079899998,27.84403987122022],[-114.324211763,27.841455776220304],[-114.32614388499996,27.844196915220216],[-114.32621526899999,27.842345695220256],[-114.32816166799995,27.843216577220254],[-114.32847575699998,27.84602434122021],[-114.328423409,27.842455150220225],[-114.33012599299997,27.845958668220156],[-114.33070658099997,27.84441201922022],[-114.33239123899996,27.846263239220175],[-114.33223087599998,27.842631327220236],[-114.32484026999998,27.836977728220383],[-114.32900908599999,27.838029450220347],[-114.32576825999998,27.835386463220395],[-114.32797164099998,27.835657722220386],[-114.326263188,27.832036182220463],[-114.330862686,27.83609970722038],[-114.32839280499996,27.83045027122049],[-114.33377038699997,27.834857033220388],[-114.33026425199995,27.827563390220536],[-114.33571797599996,27.83064003322048],[-114.33067351899997,27.82551229522058],[-114.33084602999999,27.824156002220587],[-114.33334446399999,27.826011982220564],[-114.330970951,27.82199069322066],[-114.33304108299996,27.81901041822069],[-114.33244026899997,27.813484120220778],[-114.33377276699997,27.814679799220794],[-114.33154797099996,27.80839802222088],[-114.33469480799994,27.812080238220837],[-114.32954327499999,27.80250885622102],[-114.33757395599997,27.812930895220827],[-114.336348532,27.812478797220784],[-114.33644371199995,27.815506661220773],[-114.33703262799997,27.8134484282208],[-114.341398939,27.817820687220696],[-114.34019136299997,27.814834464220763],[-114.34230908299998,27.816862954220714],[-114.342999127,27.814513236220748],[-114.33604515199994,27.80912970622088],[-114.33960244599996,27.81362093922082],[-114.33790708,27.812508541220815],[-114.33571202799999,27.80971862322084],[-114.33405830199996,27.80472175422096],[-114.32784790899997,27.79857084822106],[-114.32714001899997,27.794061769221145],[-114.33032254799997,27.797868907221087],[-114.32468917399996,27.787684814221247],[-114.32875210399999,27.78871987922123],[-114.33045936699995,27.791075546221194],[-114.33075085099996,27.788963774221266],[-114.33192273599997,27.791384875221198],[-114.33101259199998,27.790712678221183],[-114.33046531599997,27.79269952822119],[-114.33649724999998,27.801592763221034],[-114.33443306699996,27.800742106221037],[-114.33490895899996,27.802580239220994],[-114.33365379399999,27.80294905622096],[-114.33517069999999,27.80435293822098],[-114.33529562199999,27.802907415220965],[-114.33723488299995,27.806131585220925],[-114.33597376799999,27.801842607221033],[-114.33975711099998,27.806744296220874],[-114.33767508299998,27.806750245220904],[-114.33783569599997,27.808053000220916],[-114.34261841299997,27.808856068220884],[-114.34069104999998,27.806256507220926],[-114.34339768699999,27.809028579220893],[-114.34371296499997,27.807761516220925],[-114.34698472399998,27.80758900522089],[-114.35019104799996,27.81224680022083],[-114.36001127799996,27.815124281220758],[-114.36090654999998,27.813506247220797],[-114.36637336199999,27.813553836220766],[-114.36721509599995,27.810600330220836],[-114.37264026699995,27.810942378220815],[-114.37347010399999,27.808304150220913],[-114.37521305899998,27.80826548422088],[-114.37417501899996,27.806793193220948],[-114.37438024799997,27.806302429220946],[-114.37563838799998,27.808610506220848],[-114.38043002699999,27.808806812220872],[-114.381054636,27.805416080220922],[-114.38410331999995,27.80649873422092],[-114.38495100299998,27.808836555220896],[-114.38639355199997,27.80311097722099],[-114.38802942999996,27.8063083782209],[-114.38762789699996,27.804764702220943],[-114.38940356999996,27.80585330622095],[-114.38878788399997,27.807051959220882],[-114.389522544,27.806293506220943],[-114.39064981199999,27.8070906252209],[-114.39110211399998,27.810172870220875],[-114.39393962199995,27.810739182220864],[-114.39340721699995,27.807720241220917],[-114.39455233299998,27.808817767220862],[-114.39424895099995,27.807045069220933],[-114.39244948399994,27.806598920220914],[-114.39105572499994,27.805134417220913],[-114.39082075299997,27.804203453220975],[-114.394326284,27.80523667822096],[-114.39434115599995,27.8061854882209],[-114.39503714799997,27.807104377220927],[-114.39479087399997,27.80749341922093],[-114.395237023,27.808078766220884],[-114.39515790599997,27.805189089220956],[-114.39777233799998,27.80683686622093],[-114.39806382199998,27.80515637122095],[-114.39975621399998,27.80664353522089],[-114.39816792399996,27.80664948322091],[-114.398578381,27.807642908220885],[-114.40146050299995,27.807723215220904],[-114.40015477399999,27.80838054122089],[-114.40416713999997,27.811673120220846],[-114.40240931299996,27.81282715922079],[-114.40654184199997,27.814470474220784],[-114.40278705199995,27.816435909220743],[-114.39675749799994,27.81265446922079],[-114.39843263899998,27.815252841220765],[-114.39668135499996,27.81520525222075],[-114.39631491799999,27.812909548220784],[-114.39473495599998,27.814822634220754],[-114.39766645199997,27.818006353220703],[-114.40041234999995,27.81853459422072],[-114.40903009299997,27.815874647220724],[-114.45666214299996,27.789282980221234],[-114.48559404599996,27.776224674221474],[-114.500894986,27.77214051022154],[-114.51175484599999,27.777488825221432],[-114.52484961199997,27.781494728221364],[-114.52691304999996,27.78471455922133],[-114.53313407999997,27.786199800221322],[-114.56043200699997,27.781926036221382],[-114.56966620199996,27.784393166221356],[-114.58420003699996,27.778667043221407],[-114.58957761899995,27.778802672221413],[-114.605412932,27.773948572221514],[-114.61109508399994,27.776273305221498],[-114.63869881799997,27.776925875221483],[-114.64230694199995,27.781646856221382],[-114.65236882099998,27.78006676322138],[-114.65988196900001,27.781330257221363],[-114.66999068399997,27.78936282522125],[-114.67152543599997,27.787629983221255],[-114.68009149599999,27.788145731221242],[-114.68389090199996,27.78664310122127],[-114.702563017,27.788224508221244],[-114.71722346999995,27.794534839221132],[-114.719795074,27.799021313221076],[-114.71879213099999,27.802686872220967],[-114.72164034599996,27.804946171220923],[-114.72425477899999,27.804373315220978],[-114.73686919399994,27.808514470220857],[-114.73877514199997,27.806322986220927],[-114.74429460799999,27.805125912220937],[-114.75787369599999,27.80723464522089],[-114.76196666499999,27.80584533722092],[-114.768664254,27.80814032822087],[-114.77104311999994,27.811987916220836],[-114.77653610599998,27.81220742122079],[-114.78728479699998,27.815712703220775],[-114.80137868299992,27.81208532322082],[-114.83496764099999,27.80933959722087],[-114.84169130999999,27.811862810220788],[-114.84705471099993,27.81802180022069],[-114.85122787899999,27.82009368922069],[-114.85190171499993,27.82325505222059],[-114.85075717499997,27.824539177220604],[-114.85292729099997,27.82649986322053],[-114.85919426199999,27.827016781220525],[-114.86596411299996,27.830482525220436],[-114.88109919099996,27.82812304822051],[-114.89772307899995,27.83280635522042],[-114.90877686199998,27.83231930622042],[-114.914497123,27.834638898220383],[-114.92417013899998,27.83425894722042],[-114.94538697999998,27.82876237922051],[-114.97614627200002,27.82523125922059],[-115.00911370499995,27.828752861220494],[-115.016658976,27.832150731220445],[-115.01730380899996,27.834841902220386],[-115.02067788499996,27.83743789422035],[-115.01981889999999,27.83908210122034],[-115.02262904299994,27.840074337220315],[-115.02713336299996,27.846763001220165],[-115.03580173899998,27.849851542220126],[-115.03798370499997,27.853323175220055],[-115.04125784299998,27.854082224220058],[-115.04158382999998,27.85670914821998],[-115.04357067999996,27.85758717021995],[-115.04477230699997,27.855952480219983],[-115.04791081599996,27.85615949322001],[-115.05042828599993,27.859328935219946],[-115.05139672699993,27.85847232921994],[-115.05451382099994,27.860002322219945],[-115.05476128499997,27.861751226219912],[-115.05703141999999,27.859906516219947],[-115.063421727,27.85931770921991],[-115.06439302499996,27.85776689621996],[-115.07204180299998,27.855796702220022],[-115.073198221,27.85297882522003],[-115.07795398999997,27.85186505922004],[-115.07892124099999,27.848524296220134],[-115.08244642099999,27.84794726522016],[-115.08135454299997,27.8451028222202],[-115.06723168699995,27.835333779220374],[-115.06714497499998,27.8332776422204],[-115.062062101,27.82764535222051],[-115.052092159,27.81999776422066],[-115.04962227899999,27.808833333220864],[-115.05054313000001,27.806808412220924],[-115.04578658799996,27.79972237722107],[-115.04666579899998,27.794093762221138],[-115.04495258699997,27.794871846221113],[-115.04421971299999,27.792625635221157],[-115.04135246199996,27.7916762302212],[-115.041264422,27.789622755221213],[-115.03548709100001,27.782717559221354],[-115.03178940799994,27.76979470622162],[-115.03342885699999,27.767750749221648],[-115.03183581399996,27.763706986221703],[-115.034327341,27.760113631221802],[-115.03082287099996,27.75907428322182],[-115.02938813399999,27.756236778221858],[-115.03008434299997,27.754062945221882],[-115.02808508199999,27.754437027221876],[-115.025379221,27.75094143822193],[-115.02354621899997,27.74414353522206],[-115.02593406599999,27.74065332722217],[-115.02397910099994,27.73946169322217],[-115.01991117399996,27.741056884222118],[-115.01698348499995,27.739305601222174],[-115.00967961099997,27.728542704222367],[-115.008233841,27.718968825222543],[-115.00589720899995,27.717591117222565],[-115.006815682,27.71643231922257],[-115.00554504999997,27.71573751722258],[-115.00466243899996,27.719020178222536],[-114.99861646799997,27.71771501822254],[-114.99974195299994,27.720672688222486],[-114.99765040699998,27.722516770222498],[-114.997357381,27.725317837222406],[-114.99021186000002,27.72877995322238],[-114.98237629499997,27.727452213222374],[-114.977944549,27.72298239622248],[-114.97670960799998,27.724662295222466],[-114.97409933999994,27.724209008222445],[-114.95388027899999,27.716334014222582],[-114.94494115099995,27.710461140222705],[-114.93668837199999,27.698317650222897],[-114.93554030099996,27.688208517223135],[-114.938018028,27.686564532223127],[-114.93325434699996,27.6852248952232],[-114.93475340799993,27.683142867223236],[-114.93357319499994,27.682402854223255],[-114.933863489,27.67802940522333],[-114.93148906899995,27.677773282223338],[-114.92824834699996,27.673408097223394],[-114.92605558999996,27.674059274223385],[-114.92027825799994,27.670485323223428],[-114.91327907399995,27.670753013223468],[-114.90778881399996,27.664715093223545],[-114.90708284299996,27.666765684223506],[-114.90526255599995,27.66638735022351],[-114.90485971299996,27.66453874622356],[-114.90259208699997,27.66613536522353],[-114.900605053,27.663505968223568],[-114.89938420599998,27.6683804102235],[-114.90271531399998,27.674564155223354],[-114.89782076299996,27.67986083522328],[-114.89305470199996,27.681012494223264],[-114.89427879899996,27.689091247223114],[-114.89225993999999,27.68866528022312],[-114.89350785199997,27.69004683922308],[-114.88807340099997,27.69232279422306],[-114.88654967199996,27.69516303322301],[-114.879489526,27.69562747222299],[-114.87997969499997,27.69752866122292],[-114.87823554999993,27.699177628222937],[-114.86594049699994,27.695309958222975],[-114.85338683899992,27.686404681223152],[-114.84643167399999,27.675697107223378],[-114.84571069799996,27.665244134223517],[-114.84743818599998,27.65917175022365],[-114.84964870599997,27.657501368223688],[-114.84725020899997,27.65696361022369],[-114.847259727,27.647938315223907],[-114.85107638199997,27.640538191224017],[-114.856615767,27.637839882224043],[-114.86151031899999,27.641792167223997],[-114.86120812699995,27.643790914223963],[-114.871456466,27.649882334223815],[-114.87386923899999,27.648345202223894],[-114.87401727699996,27.64336449922398],[-114.87170919999994,27.64131340322402],[-114.86912986399994,27.64182260822397],[-114.86768077199997,27.63913381722406],[-114.86309079199998,27.63802260922408],[-114.86357858199996,27.636004826224138],[-114.861563178,27.63371578422414],[-114.86469216899998,27.631545716224185],[-114.86243643999997,27.631367256224223],[-114.861427549,27.62752680622424],[-114.85785419299997,27.624794590224322],[-114.85348550299996,27.624266350224342],[-114.85232551499998,27.621089769224366],[-114.84701784699999,27.616946378224476],[-114.84408190599999,27.617518076224442],[-114.84361077199999,27.620497161224385],[-114.84573325199996,27.62552734222428],[-114.84385823599997,27.62756892022424],[-114.83877570799997,27.630019764224205],[-114.83040476399997,27.631095281224194],[-114.82042054500002,27.629800854224204],[-114.81165461099992,27.626645689224254],[-114.79359450199996,27.614995848224456],[-114.78019337799998,27.602023026224725],[-114.77422568899999,27.59236003522493],[-114.77281347899996,27.58669334922504],[-114.76840552799997,27.581678635225114],[-114.76231410799996,27.565397173225424],[-114.76285126899995,27.556712333225587],[-114.75873599099997,27.55054120122569],[-114.75894657299995,27.548321163225765],[-114.74954175299996,27.543320726225826],[-114.74859591799999,27.539962117225915],[-114.74765721999994,27.540715216225912],[-114.74623668199996,27.539141203225892],[-114.74770718900001,27.53557201122598],[-114.74543718299999,27.536075267225964],[-114.74520161699996,27.532299063226027],[-114.74307080899995,27.534237134226036],[-114.73937927699995,27.532223687226043],[-114.737752218,27.529128480226102],[-114.737948562,27.524231899226226],[-114.734927268,27.52233257122623],[-114.73356455299997,27.524334756226228],[-114.73328615599998,27.52261440622623],[-114.73025948199995,27.523249722226222],[-114.72882466699997,27.521086792226253],[-114.72319962099998,27.52263582122621],[-114.71318803899999,27.52145084922626],[-114.70881934799998,27.517710337226298],[-114.70000780199996,27.51601791122635],[-114.68910534099997,27.508812174226506],[-114.668539957,27.50625568322654],[-114.65906217099995,27.50126321222665],[-114.652999551,27.49997903522668],[-114.649320995,27.49577469022675],[-114.64427415799997,27.495916268226765],[-114.64071091499993,27.494036494226766],[-114.63923564899996,27.49253743322679],[-114.63995662599994,27.489986651226822],[-114.63430302699999,27.49014726522685],[-114.632519621,27.48614739122694],[-114.63112525599999,27.487779701226895],[-114.626152183,27.48564294522692],[-114.62200716199999,27.48597131122693],[-114.61791924799996,27.48225459322699],[-114.611323382,27.481245701226975],[-114.60974342,27.478956660227034],[-114.60725450399998,27.47839034822706],[-114.60529382799996,27.480051212227],[-114.60189595699998,27.478747267227067],[-114.60099652099996,27.476377324227094],[-114.59685149999997,27.476167931227124],[-114.59187485700001,27.471211514227207],[-114.58671027999998,27.462684863227352],[-114.57750890399996,27.454632767227533],[-114.576816481,27.451798829227542],[-114.571748229,27.450171277227575],[-114.56401784899998,27.450519213227587],[-114.55929164399998,27.44565619022769],[-114.55572542699998,27.445715676227707],[-114.54945257299994,27.442402277227732],[-114.54583281799995,27.436569623227875],[-114.542043526,27.437372691227846],[-114.52678047399998,27.428912518227996],[-114.51807402599998,27.420694454228155],[-114.51730070099995,27.418228738228184],[-114.51408247999996,27.416866496228238],[-114.50669544299997,27.407437882228415],[-114.49963320299997,27.39176556222869],[-114.49337998,27.37203983022908],[-114.48824034399996,27.345794375229595],[-114.48556107099995,27.28392482023072],[-114.48863874499995,27.278689368230857],[-114.487030388,27.27695299923089],[-114.48474114299995,27.262412501231204],[-114.48746800499998,27.254857712231292],[-114.48606650299998,27.249354019231422],[-114.48856017799994,27.247395723231456],[-114.48650875799997,27.24598769923148],[-114.48813761799994,27.242766266231527],[-114.485063949,27.2333777452317],[-114.487794685,27.228294534231804],[-114.48447443799995,27.224981222231882],[-114.48075533999997,27.223864065231883],[-114.47931766999994,27.216780172232056],[-114.469761754,27.218364893232],[-114.46738467299998,27.220270841231965],[-114.46346034699998,27.218549896232005],[-114.46022981899996,27.220567234231947],[-114.45577487099997,27.22051189223195],[-114.44856670499996,27.21801154323199],[-114.44700339999997,27.21411374823208],[-114.44296402599997,27.214932283232063],[-114.44122226099995,27.212385308232143],[-114.434430804,27.20924441923219],[-114.4280015,27.197580301232417],[-114.42745184499996,27.194434654232477],[-114.42880099899998,27.193566150232456],[-114.42718534499994,27.189233152232543],[-114.43106148699998,27.183696146232656],[-114.433038938,27.18338832623267],[-114.43520424599996,27.1771166612328],[-114.43008650299998,27.173949361232847],[-114.42715262699994,27.17484641823285],[-114.42573922699997,27.17171742623288],[-114.42083277899998,27.17338304923286],[-114.419211771,27.16979006323292],[-114.41784328999996,27.170505309232944],[-114.41501499699997,27.168660414232942],[-114.40413253199995,27.175170619232848],[-114.39799352199998,27.17564532223279],[-114.39763660299998,27.18083492623271],[-114.396205357,27.182037744232712],[-114.39137392399999,27.182430095232725],[-114.38221537799996,27.17949146123274],[-114.37396995099999,27.174551105232812],[-114.362194355,27.162876351233095],[-114.34189041499997,27.15993914423314],[-114.33179555099997,27.15602552623321],[-114.329968125,27.15188883323325],[-114.327574186,27.150355383233332],[-114.32806515099998,27.146977149233372],[-114.32391537099996,27.148100255233384],[-114.31273713899998,27.141761847233468],[-114.30882352099997,27.13848711323353],[-114.30853501099996,27.135557402233616],[-114.30402117399997,27.133797196233612],[-114.30133357199998,27.128750359233702],[-114.29837471299999,27.128764636233754],[-114.29855902199995,27.125212230233778],[-114.29634384299999,27.12273984023384],[-114.29504465699995,27.12386056723383],[-114.29549318499996,27.126629069233754],[-114.29294121299996,27.127851518233726],[-114.29576146999995,27.135802486233576],[-114.29003291699996,27.14350480223342],[-114.27384187499996,27.149944813233304],[-114.26057518999994,27.151554518233297],[-114.23883167499999,27.1504099982333],[-114.22191370799999,27.147543937233383],[-114.20673138999997,27.14286587123347],[-114.20591761399999,27.144162678233396],[-114.19604291099995,27.142658616233458],[-114.15747892599995,27.12873187323372],[-114.12761907,27.11316781923403],[-114.09061369199999,27.08647978423454],[-114.08006078299996,27.070956180234848],[-114.060327913,27.050176347235226],[-114.05252803999997,27.033208411235588],[-114.052821184,27.020229883235835],[-114.04947804099999,27.01890452323584],[-114.04689258899998,27.014980285235897],[-114.04507468099996,27.015594186235887],[-114.04255265399996,27.013034349235966],[-114.03954263599996,27.01280354223599],[-114.03739874200001,27.008696592236014],[-114.02750018399996,26.998993150236213],[-114.02463293299996,26.99309208723631],[-114.02068064899998,26.989927404236408],[-114.01861527699998,26.984495094236507],[-114.00427634699997,26.973454098236704],[-114.003279353,26.97208352823673],[-114.00481283799996,26.970777643236783],[-114.00313055899996,26.96950225223677],[-114.00053456699999,26.970465933236785],[-114.00153282899998,26.971820836236756],[-113.99873458199994,26.971219308236755],[-114.00049919099997,26.972601299236757],[-113.99740541599999,26.972413797236747],[-113.99809069999998,26.971887936236772],[-113.99772426299997,26.971438218236756],[-113.99485939199997,26.97274930123675],[-113.98300500299997,26.972207814236743],[-113.98179145099999,26.977179284236637],[-113.97910741899996,26.979197066236594],[-113.97851969199996,26.986397315236445],[-113.97586659299998,26.99315974423636],[-113.96670328899995,26.997571264236242],[-113.95224806299996,26.9989846642362],[-113.93126359699994,26.996821734236246],[-113.90716203599999,26.991406081236352],[-113.87912008799998,26.98216901323658],[-113.855287859,26.970797777236793],[-113.82153758399996,26.94961105623716],[-113.80396764399995,26.93567693323747],[-113.787216238,26.918030850237773],[-113.76718004999998,26.88501644423846],[-113.75915763499997,26.86368396023885],[-113.75200657699997,26.85107170123912],[-113.74196698499998,26.827030713239562],[-113.738028021,26.813029995239877],[-113.73773296799999,26.805606076239975],[-113.73397817799997,26.799751809240078],[-113.73213534799999,26.7988000252401],[-113.73075400899997,26.800846361240097],[-113.72597129199994,26.800548928240087],[-113.71940471799996,26.79584150624015],[-113.71577603999998,26.790499616240243],[-113.708423505,26.788917274240337],[-113.70548487099995,26.7903687452403],[-113.70334335599996,26.794104499240216],[-113.69210635199994,26.793555240240195],[-113.692304085,26.795416931240144],[-113.69169446699999,26.795860938240207],[-113.68637220799997,26.7942168492402],[-113.68742868799995,26.7940883592402],[-113.68391588999998,26.7903700942403],[-113.684790342,26.79158361924025],[-113.68192606599997,26.79182453924025],[-113.68186062999996,26.789459950240282],[-113.681081357,26.78941236124031],[-113.67723257899998,26.78676818524037],[-113.67568295499996,26.78789842924033],[-113.67723555299995,26.786557008240344],[-113.68193498899997,26.788442730240302],[-113.68040321099994,26.785480301240373],[-113.67697678699994,26.783615399240386],[-113.67764898399999,26.784424416240366],[-113.67362472099995,26.782943201240435],[-113.67429394399994,26.78625660124035],[-113.67601013099994,26.786161422240383],[-113.67463896599999,26.78740171624031],[-113.67557587899995,26.7879251982403],[-113.674320713,26.787398742240327],[-113.673128009,26.78539999524035],[-113.67094187899994,26.7855606082404],[-113.66444892499999,26.77961195624048],[-113.66206391099996,26.773496582240618],[-113.66060768099999,26.772982619240622],[-113.65973679899997,26.77421518024059],[-113.65918952299995,26.77365838624063],[-113.661749823,26.77225926324066],[-113.65860893399997,26.771469282240645],[-113.65645472899996,26.766341543240756],[-113.65912448399997,26.769596646240704],[-113.65795854799995,26.76525650924076],[-113.65695917399995,26.765622946240764],[-113.65640547399994,26.76531885124079],[-113.65605807299994,26.764909583240797],[-113.65582012599998,26.76485723524079],[-113.65526809199997,26.765237949240753],[-113.65392607599995,26.76421002224078],[-113.65600096599998,26.763229684240816],[-113.65652920599997,26.76537119924078],[-113.65742792799995,26.764782520240754],[-113.65620559899997,26.761754418240837],[-113.654187816,26.7629191642408],[-113.65350966999995,26.761051287240836],[-113.64769188799994,26.76198522624082],[-113.64172014399998,26.7585026472409],[-113.63701317399995,26.739678632241265],[-113.63158205399999,26.738560285241288],[-113.63267634899996,26.740752215241237],[-113.63161501999998,26.739306444241294],[-113.63086786899999,26.740929237241232],[-113.62662766899996,26.74018684524124],[-113.62150101199995,26.73347106424141],[-113.61934521999996,26.734979642241342],[-113.61775573999996,26.734498991241384],[-113.62139155599999,26.73298089524142],[-113.61865517599995,26.730891728241453],[-113.60641666699996,26.73239150324143],[-113.60279393699994,26.725383990241564],[-113.599504332,26.723914673241598],[-113.59852280499997,26.720648862241656],[-113.59716651199994,26.71899513724165],[-113.59788034999997,26.72141623924163],[-113.59548899199996,26.72069050324165],[-113.59426356899996,26.72213007724165],[-113.59285968599994,26.721725569241624],[-113.59218748999996,26.720297892241664],[-113.59423382599999,26.721303214241615],[-113.59309763399996,26.717995763241664],[-113.58951059599997,26.714093447241748],[-113.61107446099999,26.722296639241584],[-113.61004534499996,26.722540534241627],[-113.61949869499996,26.723546332241593],[-113.62506663399996,26.727912643241524],[-113.62726060600001,26.732824792241434],[-113.63692989299996,26.734907812241374],[-113.64340797599999,26.738369928241287],[-113.64597184499998,26.742861161241198],[-113.64539482499998,26.74957718924105],[-113.64324141299996,26.75346165924098],[-113.64422888999997,26.754877439240957],[-113.64732218899996,26.755162974240992],[-113.64810741099996,26.75557938024098],[-113.64867848199998,26.75670367524091],[-113.64728054799998,26.755198666240982],[-113.64449320799999,26.756478915240933],[-113.64714913299997,26.75747757524091],[-113.65058269499997,26.75648534024091],[-113.65881324999998,26.759733304240882],[-113.66497081999997,26.76713342824075],[-113.66585815999997,26.775224230240553],[-113.68649998499995,26.783683214240426],[-113.69840880999999,26.79194901524023],[-113.69986503999996,26.790935365240255],[-113.70025051299996,26.787537494240322],[-113.68260442999997,26.77774363324053],[-113.67278094199997,26.76765159124073],[-113.65964631799994,26.75747939624093],[-113.64087344299998,26.730873010241424],[-113.61527520199998,26.716567690241696],[-113.60643788299996,26.712727240241783],[-113.57681359399999,26.704746528241948],[-113.57333130099995,26.708765738241876],[-113.57300169699994,26.7120847862418],[-113.56973231799998,26.714925862241788],[-113.54697515299996,26.718851973241694],[-113.54527883999998,26.7272473802415],[-113.54584871599997,26.72943962324148],[-113.54881828299995,26.731209942241456],[-113.54904671199995,26.737510754241335],[-113.54413550399994,26.742117391241244],[-113.52536631599997,26.749693595241066],[-113.52148303499997,26.75298676924103],[-113.51813896699998,26.76034524624085],[-113.52001874099994,26.764247562240765],[-113.51766996299995,26.772153869240658],[-113.51053006299998,26.7895276082403],[-113.50226831599998,26.793978829240235],[-113.46645707299997,26.80400835524002],[-113.463566874,26.80841221223994],[-113.46383966699995,26.812550620239872],[-113.46622210199996,26.811753501239853],[-113.46705491299997,26.809469218239904],[-113.46939868199996,26.810159262239907],[-113.47155209499999,26.807208730239953],[-113.47450262599996,26.806839914239976],[-113.47800142499995,26.8092739042399],[-113.47866767399995,26.808161506239905],[-113.47959566399999,26.808042533239913],[-113.48073185699997,26.8086611932399],[-113.478846134,26.80842919623994],[-113.47860223899995,26.810189997239902],[-113.47352208999996,26.811772338239884],[-113.485643731,26.814731293239824],[-113.48631473899998,26.813532045239807],[-113.486657381,26.813339308239854],[-113.48687867099996,26.813317893239866],[-113.48742118799998,26.813467799239852],[-113.48527253499998,26.819328412239702],[-113.48104661199996,26.823383013239646],[-113.47318725199996,26.825346069239583],[-113.47449595599994,26.821438994239674],[-113.47016533699997,26.81560931423981],[-113.47072082199999,26.8202087012397],[-113.47175588699997,26.819477017239706],[-113.47088738399998,26.823278206239635],[-113.46677686499999,26.82424188823963],[-113.46541462500001,26.829559983239538],[-113.45398131399998,26.831398117239463],[-113.43729398799996,26.83200739423948],[-113.43502755099998,26.830978277239485],[-113.43322510899998,26.826528685239595],[-113.429757044,26.829931314239527],[-113.42707420199999,26.829116348239523],[-113.42378459699995,26.831567193239486],[-113.41699718499997,26.832554670239432],[-113.40866312299995,26.825541208239596],[-113.405462748,26.825440081239606],[-113.40295241599996,26.827313907239567],[-113.396176901,26.825838641239592],[-113.39107295699995,26.81462543123983],[-113.40008551299998,26.811734386239873],[-113.41019822199998,26.82181735223965],[-113.42101287199996,26.825701822239573],[-113.423166284,26.82348297523962],[-113.42241080599996,26.82153776523969],[-113.42360202299994,26.823730438239615],[-113.42508680699996,26.823402073239635],[-113.42979338099997,26.82062762123972],[-113.42915568499996,26.819304641239746],[-113.43283071299999,26.816449585239756],[-113.43067135199999,26.81723480723974],[-113.42710810899996,26.814896987239795],[-113.42508556799999,26.817984338239764],[-113.42341399599998,26.817294294239776],[-113.421183252,26.818293668239754],[-113.42023741599996,26.817877262239772],[-113.42017792899999,26.819043198239754],[-113.42009464799999,26.81777613523978],[-113.42363409599994,26.816449585239752],[-113.421284379,26.81506354923979],[-113.41673960799996,26.816217588239798],[-113.41368794899995,26.8151706252398],[-113.41465163099998,26.818043824239766],[-113.41352138699995,26.81672917223978],[-113.412748062,26.818281770239732],[-113.41016634699997,26.81835315423975],[-113.40934543299994,26.817318088239727],[-113.41060059899996,26.818216335239722],[-113.41300980299997,26.81666968523978],[-113.41107054199995,26.815212266239797],[-113.41205801899999,26.81351690023985],[-113.42155325799996,26.812959511239864],[-113.42847748899999,26.810632398239875],[-113.43851405599997,26.812045798239843],[-113.44855062199998,26.810318309239904],[-113.44463878799998,26.80859082023993],[-113.44308262099999,26.809775792239886],[-113.42517955599999,26.80985669423992],[-113.42349489799996,26.808262455239902],[-113.41727974599996,26.810227890239908],[-113.41682787599996,26.807953904239938],[-113.41608525699996,26.809732962239895],[-113.41404367899999,26.80904767723993],[-113.41355826899998,26.807034653239963],[-113.41477655299997,26.8087621422399],[-113.41591393499999,26.80726308123998],[-113.42578869799996,26.807962643239925],[-113.424294397,26.80840522223991],[-113.42519383299998,26.809418873239938],[-113.44599508099998,26.808133964239897],[-113.45516076499996,26.81150328123986],[-113.46119155699996,26.810100989239874],[-113.45783043499996,26.805306465239976],[-113.44323006199996,26.807190998239957],[-113.42217659099998,26.806677035239957],[-113.39255705999996,26.802622433240053],[-113.36867817599996,26.797483430240135],[-113.32717186199996,26.780083024240497],[-113.28524997399997,26.752262385241018],[-113.27772270199995,26.750669816241093],[-113.26673355299995,26.753224857241023],[-113.26548433599999,26.75616944024095],[-113.26622791699998,26.76491396024077],[-113.26714995799995,26.76616317724077],[-113.27137350199996,26.76589548724078],[-113.26881558099996,26.766311893240765],[-113.27048120399996,26.767263677240738],[-113.26914275699994,26.768602124240683],[-113.26917249999998,26.775621534240546],[-113.26358076699997,26.78380093124044],[-113.26902378399996,26.787875758240315],[-113.27033248699996,26.785466554240354],[-113.27362920799999,26.787436966240353],[-113.271462731,26.78725115024037],[-113.27060017699996,26.790463422240297],[-113.27235502899998,26.791474693240254],[-113.26973762199998,26.79215878824023],[-113.26828020199997,26.79757206224016],[-113.26869660799997,26.814347262239824],[-113.26634688999997,26.81556673623979],[-113.27176016399994,26.819522590239732],[-113.26899404099998,26.818838495239746],[-113.26477049699997,26.82160461823965],[-113.26024952099999,26.83195527423945],[-113.26054695399995,26.83733880423937],[-113.25293267899998,26.84530999823921],[-113.24945271699995,26.844923336239223],[-113.24145177899999,26.835583952239375],[-113.23345084199997,26.836684452239368],[-113.23124983999998,26.835227032239395],[-113.22342736199995,26.837457777239358],[-113.20775266299997,26.849771488239107],[-113.20376706599995,26.85051506923909],[-113.20397526899997,26.87294148923869],[-113.19769943999997,26.88837824323834],[-113.19647996599997,26.895457139238264],[-113.19683688599997,26.901703224238123],[-113.20171478199995,26.9177348432378],[-113.19998967099998,26.92528963123765],[-113.20103068599997,26.92799626823761],[-113.19689637199997,26.93537259723748],[-113.18800313699997,26.968149673236844],[-113.18193551099996,26.97531779923666],[-113.17723607599999,26.975763948236672],[-113.17417252099995,26.974038839236705],[-113.16926488099995,26.97960082923658],[-113.16941359699997,26.98626332023645],[-113.17554070999995,26.98772074023643],[-113.17586788499996,26.991617107236394],[-113.17143613899998,26.993937081236332],[-113.16563620299996,26.99277709423636],[-113.16272136299996,26.98664998223647],[-113.15008047699996,26.97043990423677],[-113.13857903199994,26.937482805237416],[-113.13950702199999,26.91728118123783],[-113.13158341699996,26.892510992238275],[-113.13229725599996,26.88672890123842],[-113.13593783099999,26.879304983238544],[-113.135652296,26.86945401423872],[-113.13850764899996,26.864457146238838],[-113.13829349699995,26.857961218238973],[-113.14823639499997,26.84530999823921],[-113.16831309699997,26.83067631323952],[-113.16816437999996,26.827523527239542],[-113.172001261,26.823359471239645],[-113.18134064599997,26.821366672239684],[-113.18211397099998,26.81574519523976],[-113.18702160899994,26.80961808323993],[-113.20034659099997,26.805929919239965],[-113.20195272699999,26.802509444240037],[-113.20929931299999,26.796293102240163],[-113.20840701499998,26.79546029024016],[-113.20516499899998,26.798464360240146],[-113.20052504999995,26.799148455240122],[-113.20010864499994,26.79650130524015],[-113.19469537099997,26.796114642240187],[-113.19520100599999,26.792575194240218],[-113.21405823499998,26.789362922240304],[-113.21724076399994,26.792902370240213],[-113.21718127699997,26.797363859240168],[-113.22188071299996,26.794300303240192],[-113.22672886399995,26.79614438524016],[-113.23038728599994,26.79498439824018],[-113.23211239499994,26.78977932724031],[-113.23496774799997,26.790165990240272],[-113.23583030299996,26.787132177240338],[-113.24284971299994,26.790076760240254],[-113.24502097099997,26.787935245240362],[-113.24305791599994,26.784544513240405],[-113.23571132999996,26.78159993024048],[-113.23452159899996,26.7799343072405],[-113.23532466699999,26.777971252240498],[-113.23223136799999,26.77606768324056],[-113.23321289599994,26.774461547240573],[-113.22318280599997,26.774376119240596],[-113.21839533099995,26.767923021240726],[-113.21020046699999,26.762683448240832],[-113.20314536499997,26.76298088124085],[-113.20459683599995,26.764158714240804],[-113.204442171,26.768084824240734],[-113.20409952899998,26.765039114240775],[-113.20071831499996,26.76274293524082],[-113.19350428799999,26.76191383424082],[-113.19233071499998,26.763064162240788],[-113.19218794699998,26.76173166424086],[-113.18952295099996,26.761660280240832],[-113.18778594399998,26.762433605240833],[-113.18842839899997,26.76450373624078],[-113.186441549,26.76097023624084],[-113.18613221899996,26.756020957240988],[-113.18602514299994,26.7587930292409],[-113.18437141799996,26.75788883424094],[-113.18156365399996,26.759816197240884],[-113.18533509999997,26.761315258240874],[-113.18606083499999,26.7644918382408],[-113.18496628299994,26.763218827240806],[-113.18245595199996,26.764241995240813],[-113.18225369799997,26.765967104240776],[-113.17970537499998,26.760679799240858],[-113.17811113499995,26.762464395240816],[-113.179752964,26.764748678240768],[-113.179669683,26.76686639824073],[-113.17557700999998,26.764011045240807],[-113.17286442399995,26.766009792240737],[-113.176742946,26.77156583424064],[-113.17476799299999,26.772648488240634],[-113.17569598299998,26.775789377240592],[-113.17335221499997,26.77661029124054],[-113.17387569499999,26.777918994240526],[-113.17060393599998,26.774587749240574],[-113.17011614699999,26.78445061524041],[-113.17410174399998,26.786746795240347],[-113.174268306,26.790434959240255],[-113.16974732999996,26.79558649224015],[-113.16590450099994,26.797299704240153],[-113.16256135799995,26.79645499624018],[-113.15244864899995,26.79011373224029],[-113.15216311299997,26.794836962240158],[-113.14641671499999,26.802534519240044],[-113.14216937699997,26.80096407424004],[-113.13858640899997,26.79712315924016],[-113.13551690399999,26.79732541324015],[-113.13718252700001,26.796076196240172],[-113.13450563299995,26.79450575224022],[-113.13235222099996,26.79480318424018],[-113.130698496,26.79725402924013],[-113.12552078899995,26.796042884240197],[-113.12487357599998,26.792978138240255],[-113.12896624799998,26.791740818240246],[-113.13587620299995,26.791721782240277],[-113.14215747999998,26.796228947240188],[-113.14955760399994,26.793016675240214],[-113.14057950499995,26.780826290240455],[-113.14393017799996,26.77640803724056],[-113.14985503599998,26.77706238824053],[-113.150842513,26.772232083240645],[-113.14759454799997,26.76969795724069],[-113.14561959599996,26.76351135824082],[-113.14227368099996,26.761600245240846],[-113.140903112,26.758307071240896],[-113.15043800399998,26.755171347240953],[-113.15204413999999,26.750662269241083],[-113.15192516699994,26.748830084241103],[-113.14935534899996,26.753220189241],[-113.14672604499998,26.751376107241033],[-113.13019077799999,26.726170071241544],[-113.12175320899998,26.717518350241683],[-113.11395809499999,26.715276898241747],[-113.10306492299998,26.702113720242014],[-113.10420706399998,26.701242837242024],[-113.10313630699996,26.698772957242085],[-113.10260806599996,26.701428435242036],[-113.10043799799996,26.699372581242034],[-113.10196561199997,26.698030565242096],[-113.09696874399998,26.697430941242093],[-113.09739704699996,26.695988987242146],[-113.09496999599997,26.693347785242196],[-113.09481295199998,26.687622802242302],[-113.092414455,26.684396253242344],[-113.08978752999998,26.683425433242387],[-113.08624689199996,26.67700088824251],[-113.081893418,26.674350049242538],[-113.07244125999995,26.659526127242835],[-113.06143387299994,26.651945164242974],[-113.05670826299998,26.643593256243182],[-113.05288208999997,26.640195386243246],[-113.05500932799998,26.6401525552432],[-113.05393857099996,26.638139531243244],[-113.05643700499996,26.63648342624328],[-113.06247607699999,26.640281046243203],[-113.06999993299996,26.63961003824323],[-113.07382899899996,26.636307249243316],[-113.07365767799996,26.632795165243365],[-113.076256049,26.628455028243465],[-113.07978240999995,26.63545064324332],[-113.081367131,26.635450643243335],[-113.08179543399997,26.63379453824336],[-113.07734108199998,26.628226599243476],[-113.08148134499999,26.627270056243457],[-113.08208096999999,26.622844259243596],[-113.086806579,26.627270056243457],[-113.08833419299998,26.63118189024339],[-113.08636399899997,26.641432608243207],[-113.09024727999999,26.642160723243187],[-113.09907032099996,26.65005577524303],[-113.09867057199995,26.65272553024297],[-113.10076925599998,26.656266168242905],[-113.11199079399995,26.65933567324284],[-113.11825829499999,26.654881322242925],[-113.11578841399997,26.655266794242927],[-113.11667357399996,26.651326407242994],[-113.11894357999996,26.65428169824292],[-113.12456862499994,26.651968861242985],[-113.12454007199995,26.638791406243243],[-113.13108477899999,26.64001920824323],[-113.13486812199994,26.63823461224328],[-113.13484432799999,26.63609309824331],[-113.10652874199998,26.62993029424344],[-113.084851852,26.61860405924366],[-113.073715974,26.61058527624379],[-113.06733901899997,26.604541445243914],[-113.064102952,26.599068684244056],[-113.06179487499998,26.60018703124403],[-113.062461124,26.59756962424408],[-113.05962956499997,26.593024853244177],[-113.04537659399995,26.582388663244373],[-113.03407415399995,26.571276580244604],[-113.01441980599998,26.556952225244892],[-112.99638349199996,26.5461494722451],[-112.98163422199997,26.53053975724536],[-112.97645889499996,26.529825918245425],[-112.97314898599997,26.532155982245367],[-112.96289614199999,26.528617727245408],[-112.95836239999994,26.521208403245573],[-112.93459158399999,26.510310472245802],[-112.90011319399997,26.49094165924615],[-112.87907875899998,26.476426947246445],[-112.826968563,26.43293040024734],[-112.79188729699996,26.40709021624786],[-112.76396760499995,26.391385774248164],[-112.76108517399997,26.39313467724809],[-112.76531418299999,26.39612248824805],[-112.76172762899996,26.396239874248057],[-112.76044271999996,26.392706374248114],[-112.76144209299997,26.39099316224819],[-112.75937196199999,26.388887340248193],[-112.72545833999999,26.368263719248638],[-112.71095453999999,26.35655957924886],[-112.68477942899996,26.325841141249462],[-112.68549326699997,26.323663934249513],[-112.68442250999999,26.324520540249452],[-112.68234523999998,26.322241016249535],[-112.68242138299996,26.317881844249598],[-112.680041922,26.314664812249674],[-112.67282739599996,26.31951891324961],[-112.66123466199998,26.319480841249604],[-112.652992209,26.325210584249454],[-112.63494637699996,26.320642018249554],[-112.62022227199998,26.310353229249746],[-112.616781572,26.311423986249768],[-112.61728125899998,26.31776287124962],[-112.61469716399995,26.314750473249678],[-112.61553949299997,26.319304761249597],[-112.61089954399995,26.312808833249726],[-112.61289829199997,26.305027995249866],[-112.61858044399997,26.30996775624976],[-112.61923717599996,26.308996936249812],[-112.61401187899999,26.302086981249932],[-112.594709692,26.294120546250067],[-112.58146085299995,26.28456939025027],[-112.57966197999997,26.28601134325023],[-112.57089247699997,26.28645511225023],[-112.57028571399997,26.284277906250285],[-112.575179076,26.281442778250312],[-112.577320591,26.28155699225033],[-112.57919084699996,26.2839126582503],[-112.57914801699997,26.281699760250312],[-112.57638903199995,26.278781351250405],[-112.56714482599996,26.27592599725045],[-112.54191064199995,26.26211322625072],[-112.51824690199999,26.242554057251127],[-112.49783423599996,26.231575025251317],[-112.48465202199998,26.234608838251265],[-112.47817988799994,26.238475462251188],[-112.47536022699997,26.24372217425112],[-112.47727569299997,26.246256300251073],[-112.47609786,26.25024189725098],[-112.47753743399994,26.254251289250913],[-112.47368270699998,26.258653292250813],[-112.46680606399997,26.261282596250744],[-112.45480168399997,26.26209161325072],[-112.44780606699999,26.260533066250744],[-112.42967457499998,26.252002698250934],[-112.41036524899994,26.245280721251085],[-112.39458942299996,26.233050291251278],[-112.37733833099998,26.214585674251648],[-112.37501835599996,26.214181166251684],[-112.37535148099994,26.217369643251597],[-112.36615486399997,26.221616981251547],[-112.37014046099996,26.21834522225158],[-112.36390627299996,26.21741723225161],[-112.37456625899996,26.21528761525169],[-112.37492317799996,26.210385925251792],[-112.34749931500001,26.18078684825239],[-112.32796869999999,26.145304326253093],[-112.31232136399996,26.101293815253978],[-112.30897108299997,26.087169334254245],[-112.30862844099995,26.071731391254563],[-112.30131873599998,26.066325256254686],[-112.29549381599999,26.057797268254827],[-112.28970696699999,26.0551893782549],[-112.28483382999997,26.059015552254817],[-112.27887565999998,26.060462264254802],[-112.27857108899997,26.062480047254745],[-112.28195944199997,26.061433084254737],[-112.28148354899997,26.06529732925471],[-112.28542393699998,26.06107140625476],[-112.28293026199998,26.06636332725463],[-112.28056983599998,26.065944542254677],[-112.27752412599995,26.06809557525465],[-112.27584898599999,26.07201692725454],[-112.27095681399999,26.070760571254567],[-112.27746701899997,26.06150922725475],[-112.27638198499996,26.058691945254836],[-112.25873590199996,26.052124633254955],[-112.24506827799996,26.041198148255152],[-112.23427504299997,26.03527804925528],[-112.20770122199997,26.002974486255972],[-112.19867830599998,25.99490335425613],[-112.19100692399998,25.983462906256335],[-112.17521010399999,25.944819543257108],[-112.17073671699997,25.922833323257585],[-112.163003469,25.89949081125806],[-112.13894711799999,25.85147328825904],[-112.12933409599998,25.814972356259766],[-112.11655638999997,25.799743805260068],[-112.10720510799996,25.779470798260455],[-112.10075467899999,25.74814857726113],[-112.09901976199995,25.697807696262153],[-112.09718757699994,25.692549087262304],[-112.09576753199998,25.692535979262292],[-112.09527260399994,25.69594336726219],[-112.09689976399996,25.69977187126212],[-112.09532971099998,25.70001224526209],[-112.09670486699997,25.702337578262096],[-112.09553672399996,25.704716440262047],[-112.09729990499996,25.707143490261995],[-112.09466584199998,25.710105919261913],[-112.095429649,25.71265432226185],[-112.09444455199997,25.71515275626182],[-112.094524155,25.713939322261812],[-112.09296690599996,25.71398206126187],[-112.09432806899997,25.71239748526186],[-112.09163634599999,25.71088507326188],[-112.09354372599995,25.711656004261908],[-112.09344517799997,25.707728838261936],[-112.09068262399995,25.711347998261893],[-112.09191042599997,25.71710867326176],[-112.09660034299998,25.72228400126166],[-112.095915059,25.72321912926167],[-112.09778467999996,25.728895892261555],[-112.09754147999996,25.73385073126145],[-112.09629678599998,25.733789253261413],[-112.09676801499995,25.731063685261468],[-112.09494159699994,25.73362531126146],[-112.09846768799997,25.735308635261422],[-112.09882517199999,25.735979030261394],[-112.09854893499994,25.738385397261332],[-112.09840919099997,25.735393532261384],[-112.09527308199996,25.735229592261394],[-112.09617004199998,25.736789940261357],[-112.09518533599999,25.735812164261368],[-112.09470435799994,25.73385073126145],[-112.09487659999996,25.732706060261446],[-112.09732845799999,25.728751376261528],[-112.09431437599994,25.7206028972617],[-112.09399483399996,25.72224830926167],[-112.09345316399998,25.722283477261687],[-112.09284869199998,25.721715479261697],[-112.09270105099995,25.721079845261702],[-112.09373915199996,25.722213209261678],[-112.09403052500001,25.720485128261704],[-112.09129526199996,25.71814346826174],[-112.08954284799995,25.7124914702619],[-112.09073362299995,25.707984697261985],[-112.08857667999997,25.707544611261966],[-112.09117927299997,25.707348660261957],[-112.09320961099998,25.69878444426217],[-112.08532674599996,25.699191232262162],[-112.08616813199997,25.699175170262126],[-112.08713484699996,25.69958394326212],[-112.08270989199998,25.700794278262087],[-112.08200041799995,25.706261818262032],[-112.08590074299997,25.70713557426198],[-112.082003984,25.70707132726196],[-112.08028199399998,25.710283609261896],[-112.08335150399995,25.71620209826179],[-112.07959671499998,25.71850779626172],[-112.08153121699998,25.72058506526172],[-112.08060875399997,25.72931074326151],[-112.07692234099994,25.72977965426154],[-112.07533939399997,25.727865458261544],[-112.07622712799997,25.719896805261733],[-112.07425557399995,25.717208348261757],[-112.07400244599995,25.712480115261872],[-112.07748207699996,25.711130992261882],[-112.07923783999996,25.707421906261935],[-112.07601490299999,25.703210485262044],[-112.07831445399995,25.701205912262076],[-112.07654611699998,25.69774280526217],[-112.07427865199998,25.70010402526215],[-112.07551220999994,25.698484907262177],[-112.071783015,25.68923559726234],[-112.07412178399996,25.68671351726238],[-112.077305294,25.687120326262406],[-112.07942539399994,25.691960149262304],[-112.07651759499998,25.69524981926224],[-112.081367034,25.695764908262205],[-112.08109174199997,25.692156002262266],[-112.08436102499998,25.68929985326237],[-112.08370128499996,25.687177433262374],[-112.08471493599995,25.689161903262345],[-112.08705632499999,25.687477245262404],[-112.08579996999998,25.68370817926246],[-112.08304903399996,25.68488216426242],[-112.08175486799996,25.68392792226246],[-112.08290999199995,25.684686176262442],[-112.08549119399999,25.682909413262465],[-112.08602839799994,25.675877373262608],[-112.08253772899998,25.674064223262675],[-112.08357993299995,25.676555519262628],[-112.08243065299996,25.678497159262573],[-112.08400213,25.67873782426255],[-112.08068174899995,25.68136678926248],[-112.078690141,25.68099559326249],[-112.07789064099997,25.67826159226258],[-112.07370041099996,25.67529916326261],[-112.070720587,25.679003439262534],[-112.07114127999996,25.679668546262555],[-112.07246040199999,25.67950789226255],[-112.07312709399999,25.679999491262517],[-112.072973791,25.68041397426255],[-112.07144526999998,25.681904472262477],[-112.07278483500001,25.679867755262563],[-112.07188997099996,25.68022119126251],[-112.070545892,25.67942113926254],[-112.071694434,25.676249996262623],[-112.07354358199997,25.674913316262664],[-112.07193686699998,25.67556023726264],[-112.07477000999997,25.673636600262665],[-112.07599643699996,25.66233407426289],[-112.07510845699994,25.660187207262915],[-112.07137119,25.662462615262875],[-112.06859508999997,25.66075300526293],[-112.06981676399994,25.653897183263098],[-112.06429308699997,25.651986052263098],[-112.064958591,25.650289148263152],[-112.06942696899995,25.650370566263128],[-112.07324707699996,25.64693651326322],[-112.07304267199999,25.643769663263264],[-112.06970564899996,25.64411677726329],[-112.06503085299994,25.636899799263407],[-112.06670411899997,25.63299553326348],[-112.07107267199996,25.633454109263493],[-112.07081597799998,25.626193834263624],[-112.06522420899995,25.626019943263653],[-112.073958104,25.623467903263702],[-112.06994740599998,25.615229670263876],[-112.06771663399996,25.61636561726382],[-112.06857228099994,25.61994467326379],[-112.06308187999998,25.61787011926384],[-112.06107110899997,25.607646844264],[-112.06511166399997,25.595682144264288],[-112.06329579099997,25.593993014264285],[-112.06629055599996,25.59162647726433],[-112.06344315299998,25.590863345264374],[-112.06172710499999,25.587429190264462],[-112.06606713699996,25.579471517264604],[-112.07432413099997,25.576868866264643],[-112.07352077299998,25.573914552264725],[-112.06977018599997,25.57329280826474],[-112.06573913899996,25.568910491264816],[-112.06615270199995,25.56396625526494],[-112.06780219899998,25.56322867626492],[-112.07239892499996,25.565407094264916],[-112.07574070199996,25.558211303265047],[-112.08011246299998,25.557858486265033],[-112.08280454299995,25.560153952265004],[-112.08465369199997,25.557945419265064],[-112.08373149399995,25.555089276265097],[-112.07859761199995,25.55546237926509],[-112.07571693399996,25.55368262126514],[-112.07032160399996,25.55705341826507],[-112.06617646999997,25.557816765265038],[-112.06446992899998,25.55635010426506],[-112.06516395399996,25.552267373265167],[-112.06902387299999,25.551118008265192],[-112.06651872799996,25.545924283265276],[-112.06366657199999,25.544268763265308],[-112.06349544199999,25.541365114265417],[-112.06692753799996,25.535184440265542],[-112.06954765599994,25.53390207326552],[-112.06487873799995,25.531873080265605],[-112.06711346799995,25.53186049526558],[-112.06767860499998,25.527553591265683],[-112.06376639699994,25.526524097265693],[-112.06316269099996,25.5215566652658],[-112.06627629499997,25.518253508265854],[-112.07113922199994,25.518824060265832],[-112.07376320599998,25.515769647265927],[-112.07919874999999,25.516491557265894],[-112.08003319799998,25.513719028265978],[-112.07752330099999,25.509643426266077],[-112.07218976699995,25.51024405026601],[-112.07264135799994,25.51165979426603],[-112.07097284599996,25.51282669726595],[-112.07187602899995,25.510582972266022],[-112.06977969399998,25.50828772126606],[-112.06832984799996,25.510973374266015],[-112.07044995099996,25.514148030265954],[-112.06783444399998,25.512337018265974],[-112.06690376999995,25.50930450126608],[-112.069475464,25.507369609266107],[-112.069451696,25.505095749266168],[-112.06468641699996,25.503720989266156],[-112.067350607,25.50214824826622],[-112.07045648699996,25.49462524826633],[-112.065150412,25.49577596926635],[-112.06380145499998,25.4929432762664],[-112.065189504,25.490282965266452],[-112.067219289,25.491239825266405],[-112.07093897699997,25.489574969266446],[-112.07354394699996,25.492046500266422],[-112.07532654499995,25.490313001266447],[-112.07522980899996,25.49379863726637],[-112.07792141299996,25.495722058266345],[-112.07655713199995,25.497399701266296],[-112.078577409,25.498390829266295],[-112.07563968799998,25.499145969266245],[-112.07621011899995,25.50063049226625],[-112.07494090999997,25.4987126222663],[-112.07166687099999,25.499280049266247],[-112.07429323199996,25.502546186266212],[-112.07049706099998,25.50492023826615],[-112.07300976199997,25.50901920326604],[-112.07873190099998,25.50688480926609],[-112.07872595899994,25.505361750266157],[-112.07919537699996,25.507807215266094],[-112.07744270799999,25.508717857266088],[-112.080340891,25.508546536266056],[-112.08190419699997,25.506198008266125],[-112.08123318899999,25.498310095266298],[-112.08571161699996,25.485270304266532],[-112.08125719899999,25.485933709266536],[-112.078868518,25.484453295266547],[-112.07846208599994,25.483449179266568],[-112.07788443899996,25.48360113026659],[-112.07854052,25.483391249266607],[-112.08111897499998,25.485746541266558],[-112.08472969999997,25.48481374626655],[-112.08560187999996,25.480606905266644],[-112.08657983799998,25.48538248326657],[-112.09052022599997,25.47885086326667],[-112.08917107099995,25.4777158602667],[-112.08758898699995,25.479599986266642],[-112.08981366999996,25.47444393626677],[-112.08907506299995,25.472258552266837],[-112.08685751099995,25.474331335266765],[-112.08739361399995,25.471641096266815],[-112.08596593699997,25.470620307266845],[-112.08501786999996,25.472573978266826],[-112.08535917499995,25.470827320266864],[-112.08328904399998,25.469649487266896],[-112.065393117,25.475538653266753],[-112.058411779,25.475759943266755],[-112.05843785099997,25.473312352266785],[-112.08040253999997,25.466224529266935],[-112.07079077199997,25.465838273266982],[-112.06617833899998,25.46309645226701],[-112.07022580299997,25.464352807266984],[-112.07867698499996,25.46211727426701],[-112.07880702699998,25.46031945326708],[-112.07954689299999,25.46293487326701],[-112.08578598599998,25.464235296267006],[-112.08761136599999,25.46269667626703],[-112.08763631799998,25.459034712267087],[-112.08545911199997,25.459298832267088],[-112.08253270899996,25.457628659267144],[-112.08678685099994,25.458677792267096],[-112.08859762599997,25.44300784726741],[-112.08570895499997,25.43956834126748],[-112.081604385,25.44275206026746],[-112.07490144399999,25.43984673826752],[-112.07525666299995,25.44232532826742],[-112.06839767699995,25.447215128267317],[-112.06861826799997,25.433484430267644],[-112.06712801599997,25.431043894267702],[-112.07048712599999,25.42323476826783],[-112.07072507199997,25.415858439268025],[-112.07530657499996,25.414834641268037],[-112.07849385999998,25.417603957267936],[-112.07666134999994,25.42287192126787],[-112.08028358899999,25.426169111267743],[-112.079342377,25.42804950026773],[-112.08235853299999,25.42898324326772],[-112.08580964199996,25.43297572126762],[-112.08714302599998,25.42799798326775],[-112.08609485799998,25.42152597126787],[-112.09059413499996,25.416058300268016],[-112.09055135299997,25.413984513268034],[-112.08712163499996,25.408774127268146],[-112.08600216299999,25.410300555268105],[-112.08739971999995,25.41291540426803],[-112.083748959,25.414525504267996],[-112.07808029799997,25.406449024268174],[-112.08085401999995,25.4065327542682],[-112.08006254699995,25.405270353268197],[-112.08263189499996,25.407311415268147],[-112.088718842,25.401309164268287],[-112.09378141999998,25.399615152268357],[-112.09231968999995,25.39647182726842],[-112.087356937,25.392606971268492],[-112.09111465499996,25.39454585626841],[-112.09199169199997,25.384516140268666],[-112.094801067,25.37710765726881],[-112.093453422,25.371560661268898],[-112.08920370899995,25.372533498268886],[-112.08875186899998,25.375816869268824],[-112.08720719899998,25.372726776268873],[-112.08011959,25.375799852268816],[-112.07661856699997,25.37439539526886],[-112.074985708,25.376663134268817],[-112.07482883899996,25.372391761268915],[-112.07926394299994,25.373493442268856],[-112.07940534599999,25.370677233268907],[-112.08325696199995,25.373023135268856],[-112.08595937999996,25.37097437926894],[-112.084511911,25.369763148268955],[-112.07877194599997,25.370201254268938],[-112.07296780699996,25.36748883726899],[-112.07736012799995,25.361309968269122],[-112.08540320999998,25.366187370269],[-112.08804858499998,25.35792079826921],[-112.08695050499995,25.354918146269245],[-112.08420530399998,25.351915419269346],[-112.07996985199998,25.35420291126928],[-112.07740290999999,25.35030448426935],[-112.07572726799998,25.351090623269336],[-112.07869351099998,25.355813794269267],[-112.07485022999998,25.35683830526922],[-112.07014417199997,25.352501794269287],[-112.07147755499994,25.34721787126942],[-112.07764534399998,25.341772612269533],[-112.07426553799996,25.33866644826962],[-112.07400884399999,25.334645073269673],[-112.07045790899997,25.333059686269728],[-112.07251146199997,25.329933965269795],[-112.07673265399997,25.330140200269792],[-112.07191250899996,25.32201296026994],[-112.07711769499998,25.30975984127022],[-112.072946416,25.300277487270417],[-112.07837977399998,25.297769793270437],[-112.08106793199995,25.299703752270435],[-112.08298405499994,25.30029277727039],[-112.08418391299995,25.299600608270403],[-112.08168827599998,25.297834259270456],[-112.08230148999996,25.294372397270543],[-112.07760969199997,25.29248348127053],[-112.080069677,25.28822847727067],[-112.07580570299996,25.283128722270764],[-112.07512118499994,25.279492357270815],[-112.07740867499996,25.274244056270927],[-112.07704502499998,25.268885789271074],[-112.07957631399997,25.263752980271164],[-112.08409698199995,25.26308879427117],[-112.08654270699998,25.256491876271294],[-112.08508749999999,25.25579685627134],[-112.083498019,25.257767050271273],[-112.08133746799997,25.257976442271314],[-112.08310778699996,25.2568533372713],[-112.081832396,25.25610142727135],[-112.07976883399999,25.258284622271294],[-112.077111545,25.257928853271288],[-112.07871054299996,25.25665346227134],[-112.07793948799997,25.254608618271376],[-112.07961133299995,25.252945238271383],[-112.07848211499999,25.252598861271427],[-112.08110903999994,25.2530652352714],[-112.08200371699996,25.251647076271396],[-112.07760647299995,25.247773314271516],[-112.07865343599997,25.245184460271574],[-112.07718856799995,25.242289030271614],[-112.08204436499996,25.238561145271692],[-112.07923402499995,25.237275132271687],[-112.08121723999994,25.232872353271812],[-112.084340351,25.236116674271752],[-112.085886997,25.235809384271732],[-112.08602976499998,25.239140629271684],[-112.08409078799998,25.239605996271695],[-112.08471113199995,25.24439155827158],[-112.08905353999995,25.24066373827167],[-112.09334603599996,25.240405753271656],[-112.09347438299996,25.237864572271683],[-112.10265003499995,25.23969570327166],[-112.10506723799996,25.237825285271697],[-112.11455065899999,25.240559955271625],[-112.11641072299994,25.229499053271866],[-112.11402174399996,25.233001620271786],[-112.108520431,25.2328969232718],[-112.10411176499997,25.22784063827195],[-112.09381547999999,25.22139017127204],[-112.09511930599997,25.21963856727209],[-112.09926908599999,25.22239874127203],[-112.10467522199997,25.223398115272015],[-112.11405153199998,25.22250612727206],[-112.11573495599998,25.226510450271913],[-112.11046210999997,25.231570841271836],[-112.11428824399997,25.231697675271853],[-112.11629650899994,25.225682398271964],[-112.11445004699999,25.21059661527226],[-112.12010364699997,25.200698057272493],[-112.12325270899998,25.198208660272506],[-112.12480891599996,25.191201744272693],[-112.12442930899999,25.189897684272722],[-112.11864245899994,25.190411647272715],[-112.11487627999998,25.188139044272774],[-112.107906331,25.18723268727277],[-112.11357786299999,25.187215024272774],[-112.11236569599998,25.18385325227284],[-112.11731418799997,25.18656977827276],[-112.12022338799994,25.187040808272773],[-112.11887088799995,25.185843082272815],[-112.12072686699997,25.185424297272785],[-112.12554265999997,25.18645363327277],[-112.13033037199996,25.182949657272843],[-112.133557221,25.171121554273114],[-112.13199599499995,25.169320105273126],[-112.13602204299998,25.165541521273234],[-112.14023126699999,25.153780302273496],[-112.14640618699997,25.146796638273628],[-112.14299072899998,25.145228163273657],[-112.14316042599995,25.14304133727369],[-112.14621565399996,25.14404071127368],[-112.14492122699995,25.143165069273714],[-112.14650118899999,25.14290808827372],[-112.14543645299995,25.141103559273716],[-112.14712635599994,25.141329480273754],[-112.14966477599995,25.135319842273855],[-112.14821440099998,25.130430194273945],[-112.15122098399998,25.1193713062742],[-112.14646017899997,25.12109579227417],[-112.146545744,25.119339762274162],[-112.15036505199998,25.1193611472742],[-112.14405510299999,25.116686427274242],[-112.14408552099998,25.115664068274263],[-112.14727993699996,25.116787448274273],[-112.142001388,25.106289598274444],[-112.14052539699998,25.10738078027446],[-112.1420513,25.10467540527453],[-112.14521719399994,25.10468831927449],[-112.14342033599996,25.103429234274557],[-112.14407633199995,25.101666297274566],[-112.14729213799995,25.10340321127452],[-112.14656483799997,25.111900170274367],[-112.15347181099997,25.102565966274522],[-112.15697283399999,25.094442884274688],[-112.15630257699996,25.091963235274743],[-112.15519023599995,25.093493650274766],[-112.15524014899995,25.090277820274782],[-112.15379267899999,25.08908316327482],[-112.15233945899996,25.09021906627483],[-112.15133982399999,25.088682789274852],[-112.15275877199998,25.08827595627486],[-112.15154660599995,25.086377384274883],[-112.15414919899997,25.087630186274872],[-112.15618083599999,25.084696954274904],[-112.15431319799995,25.08283846927498],[-112.15548737099999,25.06851383027529],[-112.15438540199996,25.064977792275318],[-112.15101467099998,25.066054272275345],[-112.14415028099995,25.073313612275147],[-112.14489981999998,25.075200708275137],[-112.14366820699998,25.07332841927516],[-112.14380505299994,25.075089807275106],[-112.139905323,25.074684182275124],[-112.13840150399996,25.077016053275106],[-112.13912348199996,25.073987311275143],[-112.13726887999997,25.074903092275125],[-112.13683105899997,25.072142917275194],[-112.13457532999996,25.073037595275167],[-112.129987729,25.07164798927518],[-112.12321475,25.073715568275166],[-112.12018434999999,25.07242845327517],[-112.12304362099998,25.065668078275305],[-112.12079754699994,25.063704565275387],[-112.12320761999996,25.05596000927551],[-112.12796359099998,25.049694247275642],[-112.12606690699994,25.048273102275683],[-112.13074444399996,25.04697467827574],[-112.12591716699997,25.042549596275826],[-112.12335022699995,25.042413934275846],[-112.12225943199996,25.03808173127589],[-112.13083729399995,25.025444684276152],[-112.13061625199998,25.018001397276308],[-112.13313327999998,25.01455743127642],[-112.13145050799994,25.009756396276497],[-112.13657725899999,24.998648031276762],[-112.14626746199997,24.985554510277005],[-112.14943335599997,24.98420371727706],[-112.148770229,24.981786471277108],[-112.15242811999998,24.97762404427716],[-112.14914629599997,24.97723460927718],[-112.14533337999995,24.974094919277242],[-112.145675639,24.971696866277313],[-112.14392869299996,24.969990406277365],[-112.14484138299997,24.965691833277432],[-112.15003230899998,24.96476099427747],[-112.14943896999996,24.9667197712774],[-112.15025274499999,24.967276565277423],[-112.15419645699997,24.964049932277497],[-112.17079600999995,24.967915474277387],[-112.18357367199997,24.95969943627756],[-112.18380184399996,24.956286160277628],[-112.18169837899995,24.95412049127771],[-112.18328132599999,24.94655651227788],[-112.17923126299996,24.948754639277805],[-112.17767683799998,24.94727414027781],[-112.17774101099997,24.945373386277897],[-112.17930969699997,24.94648539627785],[-112.18272515499997,24.94420318027788],[-112.18030082199999,24.93847482527803],[-112.17793353199995,24.936347637278036],[-112.17359825399997,24.935791588278104],[-112.17334868999995,24.938132150278022],[-112.17555198099996,24.94084119827795],[-112.17376225299996,24.94106102327799],[-112.17039670799994,24.937446796278046],[-112.16658194799999,24.937925251278045],[-112.168735326,24.935940299278045],[-112.16624681999997,24.930961613278196],[-112.16463535099996,24.933780738278113],[-112.163893789,24.931582343278162],[-112.16335188099998,24.931446559278157],[-112.16094893799999,24.93407816527812],[-112.15880269099996,24.93233238827816],[-112.15969399,24.929345114278206],[-112.15699157099999,24.922018872278386],[-112.16110580699996,24.915144870278514],[-112.158196607,24.91046929627864],[-112.161448066,24.902611604278786],[-112.16084198299997,24.900270367278836],[-112.16329483699998,24.899862910278845],[-112.16517012999998,24.89492804327893],[-112.16286701399999,24.892968270278956],[-112.16279570999995,24.889443189279078],[-112.16791533099997,24.88451437327915],[-112.16740194399996,24.88212104627922],[-112.16531986999996,24.883026635279208],[-112.163023883,24.88165531227924],[-112.16473517699995,24.881836431279226],[-112.16531986899997,24.879313678279285],[-112.16787967899995,24.87884793327931],[-112.16998314499995,24.87141518827946],[-112.17315616899998,24.867093770279524],[-112.17168730899999,24.86652447027955],[-112.17012600399994,24.86993043627947],[-112.16700977199999,24.86909276827951],[-112.16440717899997,24.870283095279447],[-112.16534125899996,24.873524089279385],[-112.16170475999996,24.870076082279486],[-112.16052824499997,24.87131168327943],[-112.16188301999995,24.873711689279403],[-112.160849113,24.87495372227934],[-112.15898094999994,24.869959638279482],[-112.15581505599995,24.870457761279464],[-112.15675626799998,24.868277647279523],[-112.16071363599997,24.865618760279567],[-112.16042128999999,24.868329401279478],[-112.16355866199997,24.86897632327951],[-112.16508456599996,24.86090249327969],[-112.16925584499995,24.861957037279662],[-112.17303495299996,24.860824857279674],[-112.17573737099997,24.85651600827978],[-112.17857526699999,24.855636105279803],[-112.17863230999995,24.851501768279853],[-112.18145594499998,24.85440681727978],[-112.18122399799995,24.859948167279704],[-112.18499597499999,24.860633951279674],[-112.18754865599999,24.85805900727972],[-112.18619388099995,24.85416414127982],[-112.18749889299994,24.85498832227978],[-112.18886777799999,24.851770226279843],[-112.18812621699999,24.84191586528009],[-112.18477493299997,24.839554067280112],[-112.18481771499995,24.843630567280016],[-112.18254311999999,24.84283469028006],[-112.184332849,24.84177351128005],[-112.182642946,24.84141762628007],[-112.18221512199995,24.83836344428013],[-112.18376241699997,24.834196175280223],[-112.181352345,24.832850195280255],[-112.182329209,24.831957181280277],[-112.18033269899996,24.823460283280486],[-112.17597602999996,24.817053249280608],[-112.16931222799998,24.811766891280694],[-112.16666388799997,24.812173779280673],[-112.16796859999995,24.81563589128063],[-112.17328074099999,24.817933427280586],[-112.17201866199997,24.819357231280566],[-112.17635393999997,24.820010881280563],[-112.17302818799999,24.821450944280492],[-112.16906667999997,24.819551385280562],[-112.16994371799997,24.821544679280503],[-112.16872442099998,24.82152526428051],[-112.16664947699996,24.818354098280558],[-112.16541591899994,24.82082632028048],[-112.17156231699995,24.82561530228044],[-112.17068527899995,24.828909237280346],[-112.17286004799996,24.82983462928032],[-112.17064249599997,24.8319054122803],[-112.16796146899999,24.840369377280087],[-112.16486687899999,24.83945053528014],[-112.16042897299997,24.843435906280057],[-112.15845742099998,24.842998065280053],[-112.16170828599998,24.845970714280007],[-112.15814308899996,24.845886598279968],[-112.15812882899996,24.847018915279932],[-112.15691666199997,24.844702507280026],[-112.15660292499996,24.84621658927996],[-112.15487736999995,24.84585424627996],[-112.15322311899997,24.848371212279943],[-112.15434259099999,24.851431617279868],[-112.15319103299998,24.85346968927983],[-112.15537293199998,24.854058459279795],[-112.15528736799997,24.855663004279783],[-112.15453867699995,24.85436901727981],[-112.15257068799997,24.860314775279676],[-112.14954027199997,24.860424759279674],[-112.14941905499995,24.862093918279665],[-112.14559716499998,24.85565006527979],[-112.14643855099996,24.8544337172798],[-112.15065261299998,24.858199179279715],[-112.15144408699997,24.851651601279876],[-112.14402134899997,24.8496717312799],[-112.14700898299999,24.848325920279912],[-112.14804288999994,24.84926410727992],[-112.15284877399995,24.84547249128],[-112.15126820399998,24.840308978280095],[-112.15527548399997,24.837144763280186],[-112.15328610399997,24.835682338280222],[-112.15523270099999,24.834737577280215],[-112.15788520699999,24.83665944728017],[-112.16003858499994,24.83294509828024],[-112.15498313799998,24.82932770728034],[-112.15350714699997,24.823037466280482],[-112.15104716099995,24.82040349428053],[-112.15090455399998,24.813187290280695],[-112.14843959599996,24.80721974128078],[-112.14335706699995,24.80386470128088],[-112.14421624599998,24.809407514280746],[-112.14077226699999,24.81151099928072],[-112.14356024999995,24.8159443832806],[-112.14362442299995,24.817096389280618],[-112.14257625599998,24.81843606928059],[-112.143025471,24.815640199280654],[-112.14070096299999,24.818584921280582],[-112.14069445099994,24.822945599280445],[-112.14528818199994,24.835246627280203],[-112.14137359600001,24.83723319928018],[-112.14057499299997,24.836307862280194],[-112.14298506499995,24.834560703280243],[-112.14156533299996,24.832925058280253],[-112.13678875499994,24.84141977728008],[-112.13725222999996,24.857194205279722],[-112.13540545899997,24.861975309279646],[-112.13739483799999,24.865578808279565],[-112.13956247699997,24.86514535827958],[-112.14057499299997,24.86161301327965],[-112.14167307299999,24.86096605227964],[-112.14275689199998,24.86150303027964],[-112.141323684,24.86312041827961],[-112.14346993199996,24.864970684279587],[-112.145395137,24.863437424279592],[-112.15157005699997,24.866743291279512],[-112.14570174399995,24.865999317279538],[-112.14522400799996,24.867726624279516],[-112.14167240899998,24.866882346279553],[-112.14091107799999,24.868383594279518],[-112.14161424699995,24.869970901279455],[-112.14422397099999,24.8699644312795],[-112.141428857,24.87140704427945],[-112.14395301599995,24.87332834527939],[-112.14229876499998,24.87442806627939],[-112.14320788999999,24.880787927279258],[-112.13780305299997,24.881318350279248],[-112.13682618899998,24.882670271279192],[-112.139713998,24.891454164278986],[-112.14514022499999,24.89381497127895],[-112.14230945999998,24.895115013278936],[-112.14107590299994,24.897831474278856],[-112.14332316399998,24.901689392278772],[-112.13985779399998,24.900596382278813],[-112.14405759499999,24.90488429127875],[-112.14048526799996,24.905834984278727],[-112.139729447,24.90853180827867],[-112.13814649999995,24.908318392278666],[-112.13256340299996,24.91474656527855],[-112.13182184199998,24.91751432727846],[-112.13369713499999,24.918956384278438],[-112.13123001999998,24.918173925278467],[-112.13113732499995,24.920676484278395],[-112.12720134899996,24.922480623278368],[-112.130089157,24.924168342278342],[-112.13048845899999,24.92715574227827],[-112.13619277299996,24.92583017327829],[-112.13429608799999,24.92909557427824],[-112.13513747499998,24.93045990427821],[-112.13182184199998,24.930466370278165],[-112.13040289399999,24.932600125278157],[-112.137647373,24.934636857278083],[-112.135009128,24.93991280727797],[-112.13927310199996,24.948589184277807],[-112.13452169599998,24.95242894027772],[-112.12789756199999,24.967077372277412],[-112.11812060599999,24.972594323277292],[-112.11946824999995,24.974410629277227],[-112.11891920999994,24.9771253432772],[-112.11743608899997,24.97962024127715],[-112.115140103,24.979109631277183],[-112.11748600099999,24.981113277277124],[-112.11955381499996,24.980680234277088],[-112.12008146399995,24.981985823277093],[-112.11901903599995,24.98085474427712],[-112.11777834799996,24.982224964277094],[-112.11993885599998,24.986005915277023],[-112.11740043699997,24.987052928277013],[-112.11753533999998,24.985884677277017],[-112.11464810599996,24.98582494927702],[-112.11533262299997,24.98767337527696],[-112.11393506599997,24.98579263427703],[-112.11603853199995,24.98314920727706],[-112.11230220699997,24.979529753277152],[-112.11266585699998,24.977332176277198],[-112.10949996299998,24.97874767927714],[-112.108635393,24.990441355276943],[-112.10581811199997,24.991593014276877],[-112.10440886299995,24.994174959276855],[-112.102184181,24.994149108276815],[-112.10395251799997,24.996928011276808],[-112.10723962799995,24.99583584527679],[-112.109621179,24.996940936276758],[-112.11039780899996,25.000454831276716],[-112.10816901899994,25.003890068276664],[-112.10567534399998,25.003861515276615],[-112.10745518099999,25.005336781276583],[-112.10597039699998,25.007173725276587],[-112.10344816799996,25.00832538427652],[-112.10163977799999,25.007249867276546],[-112.10077365399997,25.00947704327651],[-112.10214987999996,25.003804519276652],[-112.09819431799998,25.004470657276627],[-112.09669049899998,25.000615930276677],[-112.09905568999996,24.9958684272768],[-112.09983622799997,24.988321191276967],[-112.10401813099998,24.982955506277072],[-112.10077611499997,24.978660579277175],[-112.10148675399995,24.975419084277238],[-112.10013551099996,24.97498281627726],[-112.09855554899998,24.967825397277405],[-112.09656631999998,24.967530344277407],[-112.094494517,24.961533262277506],[-112.09827288299999,24.964710434277436],[-112.103610867,24.962239996277507],[-112.10784154899994,24.957934362277594],[-112.10750281199996,24.951419062277758],[-112.11043664899995,24.941676397277927],[-112.10837726399996,24.94174655327797],[-112.10768744899997,24.94603792227787],[-112.10377832199998,24.9434705102779],[-112.10124205299996,24.944636805277906],[-112.10468632299995,24.946968677277866],[-112.10254100199997,24.947646465277813],[-112.10460036999996,24.95073541327777],[-112.10087061999997,24.947545932277844],[-112.09623840499997,24.94746086727785],[-112.09089472999995,24.943996371277915],[-112.08879152399999,24.945410130277885],[-112.08937449199999,24.947391031277824],[-112.08796466099994,24.948741375277795],[-112.08351982799996,24.947780073277805],[-112.082425276,24.950625908277758],[-112.07818126999996,24.95030670227774],[-112.07614742599998,24.944375301277866],[-112.07690528399996,24.94091853927796],[-112.07939860099998,24.938700050278033],[-112.08436691599998,24.94143167127798],[-112.08371018499999,24.94504845227786],[-112.08642276999996,24.94347800727791],[-112.08757716699996,24.94037721127797],[-112.08516439299996,24.93989001727797],[-112.08752683999995,24.93803142127802],[-112.09240235599998,24.939400801277976],[-112.09365752099995,24.94355890927789],[-112.09602508499997,24.944730794277888],[-112.09798219199996,24.943350706277908],[-112.09845011399995,24.94040041127796],[-112.09664826699998,24.93728391227803],[-112.09291988799998,24.937289029278034],[-112.09053900099997,24.93437621127813],[-112.08598411799996,24.934012748278104],[-112.08367960999999,24.930741584278206],[-112.08421225099994,24.932318335278126],[-112.08060141899995,24.935179637278058],[-112.07727017299999,24.934894102278076],[-112.07633028599997,24.933383144278125],[-112.07988758099998,24.933436682278096],[-112.08452253399999,24.928570474278242],[-112.08299135099999,24.927207489278263],[-112.08335481299997,24.9252200452783],[-112.07945927799994,24.924501806278336],[-112.08129146299996,24.923252589278356],[-112.08441426799999,24.924562718278306],[-112.08359454400001,24.92664296227828],[-112.084808664,24.928328810278213],[-112.08991700899998,24.92940349627823],[-112.08965526799994,24.930890659278166],[-112.09218618299998,24.933069292278162],[-112.09819491699996,24.929558397278193],[-112.09400096299998,24.925770407278293],[-112.09678110599998,24.926165567278264],[-112.10350765799996,24.936092992278066],[-112.10535971099995,24.93607788427805],[-112.104149518,24.93693591627802],[-112.10220073899997,24.93562899727805],[-112.10436172399994,24.938463095278042],[-112.10839507099996,24.938490299278037],[-112.11144197099999,24.935768195278044],[-112.11213022999999,24.93150717527814],[-112.11026651699996,24.929720795278175],[-112.10605962999996,24.9159014802785],[-112.10336072599996,24.91494255827852],[-112.10339061399998,24.916457593278494],[-112.09897597499999,24.916079345278497],[-112.09824958399997,24.91806522527846],[-112.09951995999997,24.9192627332784],[-112.09727162499996,24.917722583278454],[-112.09469466899998,24.9198997892784],[-112.09744479199998,24.90924315427866],[-112.10500790799995,24.899824057278824],[-112.09927870099996,24.902657025278767],[-112.09452935699994,24.901324307278784],[-112.09253887699998,24.90379321827878],[-112.08831182599995,24.90434027427873],[-112.08777049899999,24.90601065627868],[-112.08303774999997,24.90360561627875],[-112.082878759,24.905201417278715],[-112.08556652199997,24.907139710278706],[-112.08120735399996,24.909604262278652],[-112.07927239099996,24.907462149278693],[-112.08224076799996,24.90408926327875],[-112.08128898399997,24.900246433278834],[-112.08429900199997,24.896962777278876],[-112.08424665399997,24.892980749278983],[-112.08711985299999,24.895639797278918],[-112.08560889499996,24.895021137278942],[-112.08634057999997,24.89660942727889],[-112.08247990399997,24.899845494278807],[-112.08275949099999,24.90125532427877],[-112.08827627799998,24.900619900278798],[-112.09166462399997,24.902683001278785],[-112.09582273199999,24.89954211327883],[-112.09865428999996,24.9018918302788],[-112.10012360799999,24.896770041278927],[-112.10160601199999,24.89834524427885],[-112.100416281,24.899439796278866],[-112.103554058,24.898787802278864],[-112.10912199599994,24.894704647278967],[-112.11685524499995,24.884875688279177],[-112.11448833799996,24.88001229527929],[-112.11667737999994,24.878364293279294],[-112.11598138799998,24.874358471279372],[-112.11907468699998,24.872456092279414],[-112.119162428,24.870253996279494],[-112.11908910099999,24.874812374279347],[-112.11764357899995,24.876305486279314],[-112.11803024099999,24.878536231279273],[-112.115009516,24.88035354427925],[-112.11734852599996,24.88140050727925],[-112.12254691499999,24.876245383279354],[-112.12369916899998,24.871667300279444],[-112.11904375399996,24.86452951227957],[-112.11981707899999,24.859340503279693],[-112.11784028099999,24.85677031027975],[-112.11618893499997,24.848831018279913],[-112.10704175299999,24.84247428828006],[-112.10326792699999,24.844569998279997],[-112.103244728,24.85158405527985],[-112.10044457699996,24.848530474279944],[-112.099665304,24.850689835279898],[-112.09786286199996,24.84875057427994],[-112.10171354499994,24.842443355280054],[-112.09616880599998,24.832057603280287],[-112.09392733199998,24.83132553328028],[-112.09595463299996,24.832453398280258],[-112.09545494599996,24.834901863280237],[-112.09769639899999,24.838528162280127],[-112.09167160299995,24.835244506280194],[-112.09108032799998,24.833155724280246],[-112.09309214199999,24.825000926280445],[-112.10184657499997,24.812174838280733],[-112.09894363299999,24.81397846928067],[-112.095166238,24.811926184280722],[-112.095256282,24.80553256128085],[-112.094076445,24.804512974280836],[-112.09631573699994,24.805292830280823],[-112.09379838399998,24.80121538728094],[-112.09531922199996,24.800715750280936],[-112.09839397699994,24.804480851280857],[-112.098533176,24.8013542392809],[-112.10091600499999,24.802188474280896],[-112.10169547899996,24.803577845280888],[-112.099718367,24.8036379152809],[-112.099564672,24.804791371280878],[-112.11713818099997,24.80483539128083],[-112.11782346599996,24.803721803280915],[-112.11542107899999,24.80022380828095],[-112.11634129999999,24.79179237528114],[-112.120358406,24.787653291281245],[-112.12209317799996,24.788280787281227],[-112.12001040999996,24.78714289728126],[-112.12063821599997,24.78505296928127],[-112.12013852999996,24.7839488992813],[-112.11991961899997,24.783591980281287],[-112.119377102,24.782997115281326],[-112.12056207399998,24.78498634428128],[-112.11958508099997,24.787104230281244],[-112.11404034199997,24.78988820028118],[-112.10438924799998,24.779834977281396],[-112.10103301899994,24.78038403828139],[-112.09444429099995,24.77833472728144],[-112.090577667,24.77836566028144],[-112.09278937599998,24.778930187281432],[-112.09240271399996,24.785658113281272],[-112.098776317,24.79164038728117],[-112.106170492,24.793121601281097],[-112.10934039299997,24.800065781280953],[-112.10028727499999,24.797904318281013],[-112.09822904099997,24.795631933281033],[-112.09460036299998,24.796464744281025],[-112.09025189799996,24.788933750281217],[-112.08790812899997,24.787952222281216],[-112.086296044,24.784638823281302],[-112.08821745899996,24.781408705281343],[-112.08330982099994,24.77617983928147],[-112.07686661799995,24.76421381628172],[-112.07419172599998,24.764150474281738],[-112.07404467499998,24.765455132281684],[-112.07212326099994,24.764039353281706],[-112.07135380099999,24.76783123628165],[-112.07085788399998,24.76504900628173],[-112.06495741599997,24.762048506281758],[-112.06202125899996,24.756814913281914],[-112.066283667,24.75655440228189],[-112.06530541199999,24.754160593281934],[-112.06650406499996,24.75413739328195],[-112.06964227899999,24.74529181528215],[-112.07613515699997,24.738184726282267],[-112.07832426099998,24.72995179028248],[-112.073946053,24.739517224282245],[-112.06616045699998,24.745913215282137],[-112.05395858099997,24.751024297282015],[-112.04059552799998,24.752775580281956],[-112.04348895199998,24.754907578281955],[-112.04256572099997,24.757239449281865],[-112.04525927099996,24.759714089281815],[-112.04707189799996,24.772610211281574],[-112.05145516399995,24.784219729281318],[-112.04958044499996,24.792686914281113],[-112.05132934899997,24.79405510428107],[-112.05068689499997,24.79734470928103],[-112.04790887399997,24.797493425281036],[-112.047248573,24.799188791280987],[-112.04523792899995,24.797707576281002],[-112.044155274,24.798849718280973],[-112.046522521,24.800984610280928],[-112.04990476499995,24.800742272280925],[-112.05280905699999,24.806692937280797],[-112.05527179899997,24.80836450828079],[-112.05640204299999,24.812344157280677],[-112.05863278699996,24.81118416928072],[-112.06035610599997,24.81208557928068],[-112.05637666199999,24.81275152028069],[-112.05446714399996,24.808742128280773],[-112.05052913599998,24.811026411280718],[-112.05315249199998,24.81150230328071],[-112.05057077699998,24.811829479280686],[-112.05211843699999,24.8129938532807],[-112.05033283099999,24.812358909280704],[-112.04905815399997,24.809162302280768],[-112.05178144699994,24.80951208228078],[-112.050591716,24.80407501428085],[-112.04527243099994,24.80253074428093],[-112.04169122299999,24.79916229928097],[-112.04041226299996,24.800435311280946],[-112.04080487399995,24.808073381280764],[-112.04850242999998,24.815122534280636],[-112.05094137799995,24.824247767280475],[-112.05667364,24.826115782280393],[-112.05696141399996,24.829464735280315],[-112.05134350699996,24.834027352280252],[-112.05209898599999,24.83753705728018],[-112.04927932399994,24.83775120828014],[-112.04943398899998,24.839999799280104],[-112.04606705199997,24.83759654328018],[-112.048464359,24.83793561728018],[-112.05155170999997,24.835776256280237],[-112.04726867999995,24.835163544280217],[-112.04783380199996,24.834152274280246],[-112.04047531899994,24.837102805280196],[-112.03001758799996,24.835651334280172],[-112.03383067399994,24.838102179280177],[-112.03399723599995,24.84020205328009],[-112.03627557,24.840160413280078],[-112.036525413,24.842700487280055],[-112.03851226299997,24.84440775028003],[-112.038494417,24.846067425279983],[-112.03776273299997,24.844146010280042],[-112.03722140599996,24.845187024279976],[-112.03267663499999,24.841463168280093],[-112.03316603199995,24.838723663280128],[-112.02825678599999,24.836781578280167],[-112.02948720599994,24.840563017280115],[-112.02563247899997,24.837374540280145],[-112.02770260999996,24.83174116628031],[-112.02470448899999,24.827583058280382],[-112.03028152999998,24.822885970280478],[-112.02730999899997,24.824573039280473],[-112.02474018099997,24.82387109828043],[-112.023895472,24.815001658280668],[-112.02607862699995,24.815739290280625],[-112.025513506,24.818606541280573],[-112.03004637899996,24.81747034828061],[-112.03017130099995,24.82110497528054],[-112.03310993499997,24.8217593272805],[-112.03275301599997,24.826119689280393],[-112.02794055599998,24.827856696280392],[-112.02804168299997,24.82957585628035],[-112.03056391199999,24.830408668280327],[-112.03538826899995,24.828778737280334],[-112.03765470599996,24.83433477828025],[-112.04130717799995,24.834554878280226],[-112.05401944899995,24.829040477280312],[-112.04654199199997,24.82530472428039],[-112.044637977,24.822837946280462],[-112.04435883699995,24.81752388628059],[-112.04046246999998,24.8167565102806],[-112.03769634599996,24.810462836280745],[-112.03888012799996,24.8175119892806],[-112.03757737299998,24.818802847280587],[-112.03578682899996,24.811146931280714],[-112.037024923,24.80484430228084],[-112.031081445,24.80425244228087],[-112.028172554,24.80118293828095],[-112.028398602,24.799790953280983],[-112.02976679199998,24.801468473280924],[-112.03101006099996,24.800153821280933],[-112.02749365699998,24.79461756728106],[-112.02990242199998,24.796018318281035],[-112.03894437399998,24.7944895142811],[-112.04528563699996,24.7872262092812],[-112.04348739899996,24.785059353281287],[-112.04205972199998,24.78725797528122],[-112.03821451299996,24.784059979281306],[-112.03574939199996,24.77696918628148],[-112.03355076999998,24.773628422281515],[-112.03242766399995,24.77433274328151],[-112.03223322699995,24.773869342281525],[-112.03548289199995,24.771743889281552],[-112.03859522699997,24.76631395928168],[-112.03676899099997,24.767283590281632],[-112.02937481599999,24.764898180281683],[-112.028655029,24.76210826228179],[-112.03167694399998,24.76276856228177],[-112.03014315899999,24.760568909281826],[-112.03242568099995,24.758124251281874],[-112.02613200699994,24.754132705281958],[-112.02194415599996,24.74570346528214],[-112.01881040599996,24.74498248828213],[-112.02462818799995,24.74133001528223],[-112.02825091699998,24.743209789282158],[-112.02545504999995,24.74445900628214],[-112.02325200799999,24.74257618728218],[-112.024453264,24.74470444928212],[-112.02958338199994,24.744085789282153],[-112.03170444799997,24.739459688282267],[-112.03005927399994,24.735548283282352],[-112.02543360199996,24.734901069282344],[-112.00478939799997,24.738080029282283],[-111.98392628399996,24.737080656282295],[-111.98921798199997,24.738786895282296],[-111.98983664199996,24.740372211282256],[-111.99060223299995,24.738980226282294],[-111.99696457399995,24.739775038282243],[-111.995340592,24.741672658282233],[-111.99287373399994,24.74078142728222],[-111.99129049299995,24.742316272282167],[-111.991816353,24.740294879282256],[-111.99066970999996,24.742650616282173],[-111.98804873399996,24.74344416628218],[-111.98739499299997,24.744831404282166],[-111.98962011099997,24.74620308028209],[-111.995484794,24.74616742128211],[-111.98968771399996,24.747318394282065],[-111.98867644299997,24.74897211928207],[-111.98462540999999,24.745640874282124],[-111.98640307999996,24.74570815228214],[-111.98475433699997,24.738736761282254],[-111.96506127799995,24.73743411728232],[-111.96489810599996,24.74466951828217],[-111.96268276899997,24.747468780282095],[-111.94691170199998,24.75232288028199],[-111.94561727499996,24.754454877281933],[-111.94704495099995,24.755587501281884],[-111.95094726699995,24.75283684428196],[-111.95930393399999,24.751723256281974],[-111.96506222999996,24.74692626328208],[-111.97429453899997,24.756177607281874],[-111.968631422,24.757034213281877],[-111.96555715799997,24.755939661281918],[-111.96424369500001,24.759499335281806],[-111.96810793999998,24.76416307828174],[-111.97134400699997,24.772500710281573],[-111.97105847199998,24.776031830281486],[-111.97450531899996,24.77845749228144],[-111.97671821799997,24.784560810281306],[-111.97536303799997,24.794223419281074],[-111.97244819799994,24.79334301928112],[-111.97266234899996,24.79177257428112],[-111.97171056499997,24.79336681328107],[-111.96821275699995,24.793676143281118],[-111.96630918799998,24.789761930281173],[-111.970555414,24.784667885281255],[-111.96343467899999,24.778706344281407],[-111.95902791699996,24.769550178281634],[-111.94855828899996,24.764648488281697],[-111.93124532999998,24.74975306328204],[-111.92678146099996,24.748867903282076],[-111.91988590399997,24.737949166282313],[-111.91798233499998,24.737889680282304],[-111.91641189099995,24.733118861282357],[-111.91504370099995,24.734189618282386],[-111.91459160399997,24.729621053282482],[-111.91336618099996,24.731619800282452],[-111.91137933099999,24.724112601282588],[-111.91509128999998,24.727979225282503],[-111.91731608699996,24.727991122282493],[-111.91728205399995,24.729530605282438],[-111.92036179599997,24.72928792828248],[-111.921872754,24.730727502282416],[-111.92277694899997,24.735783857282332],[-111.92573937799996,24.736414414282347],[-111.92704808199994,24.740899698282238],[-111.93083142499997,24.741446974282187],[-111.93273499399999,24.74455217128215],[-111.935911574,24.744468890282143],[-111.93757719699995,24.747169578282097],[-111.93992418499994,24.747294408282094],[-111.94157409599995,24.744905521282156],[-111.93702456699998,24.73620621128234],[-111.92194830199998,24.72548911928258],[-111.90207504399996,24.708090500282946],[-111.86010135199996,24.663299526283875],[-111.840718806,24.636617079284473],[-111.81704316899999,24.576267999285733],[-111.815674979,24.562437382286028],[-111.82238088699995,24.519272771287017],[-111.82171745799997,24.515063213287092],[-111.81656727699999,24.50654979228724],[-111.80969075299998,24.50873740828721],[-111.81310397199998,24.512281913287104],[-111.80740754199998,24.516250854287073],[-111.80251061099995,24.51480890128707],[-111.80199664799994,24.517136014287036],[-111.79787194499995,24.51820715928698],[-111.78776237899997,24.51676099428701],[-111.78136493999996,24.51339209228711],[-111.773885695,24.516093810287078],[-111.76900274699996,24.513926962287126],[-111.75821932399998,24.515635050287074],[-111.77862239299999,24.52226111828693],[-111.78414593099997,24.52863642528678],[-111.78704887399999,24.526466356286832],[-111.797651752,24.536955020286598],[-111.79992651699997,24.536926467286595],[-111.79829896499996,24.538344625286545],[-111.80380027799998,24.53869678628657],[-111.80113528299995,24.53906798228655],[-111.80393352899996,24.541028657286546],[-111.80183960299996,24.54179960328651],[-111.80631299,24.543884011286433],[-111.80637009699997,24.546967792286424],[-111.81446978199995,24.55861763328611],[-111.81389871199997,24.56406184028604],[-111.81056746599997,24.568183066285943],[-111.80861630799996,24.56540385628596],[-111.81043421699997,24.562329592286073],[-111.80864486199994,24.55783717028618],[-111.80410485,24.55470579928625],[-111.80150647899995,24.550632162286302],[-111.79829896499997,24.54991832428635],[-111.793530526,24.54554011528641],[-111.779263277,24.545302169286444],[-111.77834004599998,24.54382690428646],[-111.76446302999994,24.54151406728649],[-111.75290836699997,24.541999478286474],[-111.74563673399996,24.54826221928633],[-111.73658526499997,24.549708931286325],[-111.73709922799999,24.554344121286217],[-111.73492916,24.553868229286234],[-111.73537649899998,24.555943119286198],[-111.73250211,24.560073863286117],[-111.72930411399996,24.554068104286237],[-111.72690561699994,24.55543867328622],[-111.72559215499996,24.553563658286265],[-111.72799065199997,24.552697534286263],[-111.72652490399997,24.551222268286296],[-111.72964675599997,24.55203128528627],[-111.72874256099999,24.54996591328631],[-111.73124575399999,24.55039421628634],[-111.73433905399997,24.54799571928639],[-111.73412966099994,24.54343667228645],[-111.73242384099996,24.541246556286485],[-111.72635358199994,24.538791964286546],[-111.71963398499999,24.540343373286508],[-111.70264463299998,24.53786873328657],[-111.69975120799995,24.53835414328657],[-111.69864713799997,24.54100010428649],[-111.69941808399994,24.542056585286502],[-111.69996060099999,24.540866854286513],[-111.69969410099999,24.542475370286454],[-111.69643899899997,24.550070609286312],[-111.69147068399998,24.554534478286214],[-111.69175621899997,24.556247690286206],[-111.68822509899996,24.55817029528616],[-111.691299002,24.55796268628615],[-111.69315534199995,24.5598454352861],[-111.69342861999996,24.564101695285995],[-111.69143582099998,24.565737574286008],[-111.69471352899996,24.56400651728601],[-111.69558798099996,24.563947030286027],[-111.695825927,24.56413738728603],[-111.69304790599995,24.565654293286006],[-111.69343456799999,24.568164625285934],[-111.69194740499995,24.569848093285906],[-111.69516360799999,24.568487637285955],[-111.69754306899996,24.571657079285824],[-111.69514457199996,24.57668250128574],[-111.69556228199997,24.58017812728568],[-111.69196929599998,24.58518689228558],[-111.68260957099994,24.5830975282856],[-111.67589949099994,24.574712307285818],[-111.66721921799996,24.5738842552858],[-111.65807256899996,24.57023892128588],[-111.65015661399997,24.559469281286137],[-111.64784853699997,24.55929677028612],[-111.64206287799999,24.551869283286308],[-111.63940739899999,24.55224047928625],[-111.63862217699996,24.550812802286295],[-111.64012837599995,24.549991888286346],[-111.63688041199998,24.54845713628637],[-111.63646162599997,24.546285282286387],[-111.63837114399998,24.5459581072864],[-111.63748479499998,24.543947462286457],[-111.63866857699998,24.543322854286462],[-111.64611034099994,24.544899246286427],[-111.64910846199996,24.548956227286357],[-111.65123213099997,24.549271506286363],[-111.64957840499996,24.5496284252863],[-111.65132135999995,24.55262059728625],[-111.65265396599996,24.55245357128627],[-111.65127387899999,24.54719972128641],[-111.63101990699995,24.520092901286954],[-111.62932573099995,24.515781318287054],[-111.62103568799995,24.490330603287614],[-111.61931225599994,24.474293500287935],[-111.61498233999998,24.459559413288293],[-111.61586895599999,24.456397884288354],[-111.61189855799996,24.451059979288424],[-111.61272661099999,24.448604375288507],[-111.60937632999999,24.444816273288602],[-111.61137011399995,24.443451204288607],[-111.61070552599995,24.440633954288696],[-111.60603556599996,24.434356162288843],[-111.59404308299999,24.42798872528894],[-111.59180638899994,24.429977954288894],[-111.58970294599999,24.429625794288928],[-111.59015980199996,24.43215754028886],[-111.58548654099997,24.431434184288886],[-111.58435503099999,24.43380726928883],[-111.58222541299995,24.433176711288834],[-111.58025045999995,24.42706149728899],[-111.58406837999998,24.42271650828908],[-111.58333186199997,24.414914348289265],[-111.576133993,24.416282538289227],[-111.57342140699997,24.410310091289322],[-111.57024482699995,24.411238081289337],[-111.571624914,24.409441588289337],[-111.57086348699994,24.40581291028945],[-111.56433788899994,24.413574618289253],[-111.56085785299996,24.41178535728928],[-111.56019160399997,24.40634828928942],[-111.55862010499999,24.416032611289204],[-111.55647924999994,24.416150756289195],[-111.55824867999998,24.406274789289437],[-111.55688762799997,24.404761452289463],[-111.55287109799997,24.405313487289444],[-111.55501261299997,24.40612250428942],[-111.55328036599998,24.411357318289316],[-111.54634185699996,24.41029131928935],[-111.54217908399994,24.41453363428925],[-111.53751524699999,24.41244861828928],[-111.53623628599998,24.413763270289266],[-111.53260165999995,24.41312676428931],[-111.52708140399994,24.410452859289357],[-111.52207254499996,24.407273290289375],[-111.52194762299996,24.402633341289516],[-111.51674264599995,24.395533638289677],[-111.51195112299997,24.393944132289697],[-111.50810520299996,24.389727753289772],[-111.49873012599996,24.38783013328984],[-111.49332524799998,24.375439292290103],[-111.48640312099997,24.36947737229022],[-111.48070193199999,24.367659463290256],[-111.47552598999995,24.36203488929041],[-111.48057819999998,24.355048320290525],[-111.48024021499998,24.351337289290633],[-111.47807290299994,24.349098659290654],[-111.46248743299999,24.343245185290794],[-111.455015926,24.33534537429094],[-111.45133965799994,24.335583320290976],[-111.44769908299997,24.332585200291],[-111.43737222199996,24.330526966291046],[-111.43086439599996,24.324328470291213],[-111.42430898199997,24.324459340291227],[-111.38887478799995,24.305791552291623],[-111.379990825,24.304576200291617],[-111.37691799599997,24.299890489291734],[-111.37245650699998,24.29959305729173],[-111.36306733799995,24.294769674291864],[-111.35911962799997,24.2912649432919],[-111.35901255199997,24.289325682291995],[-111.356234359,24.289901416291972],[-111.35863183899995,24.288814098291972],[-111.36249472099996,24.2919929622919],[-111.36449346799998,24.291271986291946],[-111.36399752299997,24.29246657129188],[-111.36575832399996,24.29362060929188],[-111.365478565,24.292085761291915],[-111.36657073799996,24.29228563629194],[-111.36963465099996,24.29638770829181],[-111.37659414399997,24.297429489291815],[-111.38331887099997,24.302503042291686],[-111.39286965699995,24.30518891229162],[-111.41493247699998,24.31676337029136],[-111.43509840899998,24.323889856291206],[-111.43654988099996,24.32573393829116],[-111.43654988099996,24.323330683291225],[-111.43378970599997,24.321046400291277],[-111.37736117099998,24.296163658291825],[-111.27892048999996,24.243852001292947],[-111.27438730199998,24.242874234292966],[-111.19330808899998,24.195410474294043],[-111.17270195699996,24.181466833294312],[-111.11452258099997,24.152177698294967],[-111.03276749799996,24.100472266296094],[-111.01069799699997,24.082061187296524],[-111.00755306299999,24.07730178929658],[-111.00808929,24.070657364296743],[-110.99369099399998,24.062856857296904],[-110.95448003399999,24.03391848629756],[-110.91430328999996,23.9998012792983],[-110.90580351999995,23.988512949298546],[-110.88939587999995,23.97654444929883],[-110.88073504999994,23.96706644929904],[-110.87479494999998,23.955786259299256],[-110.86555194999995,23.95274348929934],[-110.85295501999998,23.94372045929957],[-110.82342165999995,23.91709393930011],[-110.77405990999996,23.866406319301266],[-110.68325774,23.768745579303403],[-110.61253052199999,23.70744479730478],[-110.600109735,23.698093515304965],[-110.55720805299997,23.672252569305588],[-110.51446214899994,23.652667665306033],[-110.47139791899997,23.63828814030631],[-110.43856490999998,23.624755579306637],[-110.38612691999998,23.6000179693072],[-110.36962145999998,23.58998052330741],[-110.32931933899995,23.560177774308084],[-110.30692266299997,23.53685905630861],[-110.28794646099999,23.50970345830919],[-110.27670350799998,23.488407282309705],[-110.27024921999998,23.483797076309816],[-110.26430056799997,23.476747923309947],[-110.23417064299997,23.42627360631107],[-110.23107734299998,23.416874735311307],[-110.23186494499998,23.41383616331135],[-110.23423964699998,23.413231780311367],[-110.23023990999998,23.409412140311495],[-110.23014473199999,23.403404001311607],[-110.22417228399996,23.404046455311594],[-110.22345844599994,23.402725855311637],[-110.22617103199997,23.400643826311672],[-110.21524484399998,23.39392036231182],[-110.21321546099995,23.389041872311928],[-110.21610650599996,23.384865918312013],[-110.21539266899998,23.382998041312057],[-110.20901571299999,23.37994043331212],[-110.21049097899999,23.377834610312146],[-110.20774270099997,23.3728258453123],[-110.19825341099994,23.363118834312477],[-110.18775403899997,23.3452431333129],[-110.18332625899997,23.333654414313187],[-110.179304969,23.32895497931327],[-110.17748468199996,23.330061428313275],[-110.17442707400001,23.327408329313297],[-110.16635314999996,23.31284891931367],[-110.16024548699994,23.28956597631417],[-110.15783628199996,23.26633648831467],[-110.158884733,23.263349521314765],[-110.156392247,23.261790974314795],[-110.15503595399998,23.257942196314872],[-110.15333810999999,23.229464390315567],[-110.14706635,23.21157564931592],[-110.14392167999995,23.193698879316347],[-110.13330388099997,23.160315603317116],[-110.12925879699998,23.142154366317506],[-110.13017488999998,23.139596446317558],[-110.12676517999996,23.135563049317643],[-110.12289175599994,23.11725132431808],[-110.12002637999996,23.113523279318155],[-110.11812093699996,23.10430705631836],[-110.11425431299995,23.09888188531852],[-110.11314389799998,23.08821000331877],[-110.10914640299995,23.07505158331904],[-110.10983644699996,23.06867462831918],[-110.10750457499995,23.063273251319295],[-110.10705247699997,23.05342228331956],[-110.10109962999998,23.031794709320014],[-110.10149813999999,23.028004542320126],[-110.09984210999994,23.026307273320143],[-110.09856731899998,23.01932936532029],[-110.09372749599999,23.014717970320415],[-110.08943792199995,23.006506450320618],[-110.08563078499998,22.991277900320952],[-110.06468877999998,22.960636119321673],[-110.06081185,22.952180949321868],[-110.06135797399999,22.94907400232195],[-110.05138327299994,22.940888656322123],[-110.01618628599999,22.903445458322988],[-109.98987896699998,22.884600127323388],[-109.96396839999994,22.872100855323666],[-109.95715345800001,22.87361943032366],[-109.92533289599999,22.871666029323674],[-109.895626151,22.8752824713236],[-109.89399265099998,22.876780936323563],[-109.90556995899999,22.880765085323485],[-109.90743268699998,22.879107704323502],[-109.90781934999995,22.88069302032351],[-109.908649187,22.88069599532347],[-109.90997573599999,22.878643709323548],[-109.91143315599999,22.88044020232347],[-109.91040485099997,22.879915449323516],[-109.91050750999995,22.881774539323455],[-109.910143029,22.880331909323495],[-109.90909073899998,22.88185556932343],[-109.91032951999995,22.882072429323454],[-109.91120476099996,22.88080931632349],[-109.91017375799998,22.882475507323427],[-109.90947861999996,22.881924020323446],[-109.90926822899996,22.88222862932345],[-109.91145338099994,22.885630997323393],[-109.90945463399999,22.88632579932337],[-109.90854770099997,22.881570153323455],[-109.90544519499998,22.88167465532345],[-109.90578450599997,22.88488502432341],[-109.90399515099995,22.88758333332333],[-109.89188377399995,22.895404423323146],[-109.87210972099996,22.898514886323056],[-109.86687555199995,22.896029102323133],[-109.864270494,22.89880451432308],[-109.85682400999997,22.898140061323076],[-109.85461408599997,22.898603967323066],[-109.85338081099998,22.90090733532302],[-109.84941072799995,22.900108074323036],[-109.84290130199997,22.902625434322996],[-109.84235189599997,22.908312769322873],[-109.84014796799995,22.910441488322803],[-109.836137625,22.911828714322798],[-109.83305937599994,22.915084024322702],[-109.82929847099997,22.915475434322712],[-109.828583134,22.918529127322614],[-109.82571550199998,22.921080802322574],[-109.81562484299997,22.926797128322463],[-109.81564268899996,22.929729813322353],[-109.81304566399996,22.929170890322393],[-109.81338692099996,22.930989012322325],[-109.81110091399997,22.933218704322293],[-109.80852478999998,22.9332239393223],[-109.80678925099994,22.93719503732217],[-109.807866909,22.940537990322106],[-109.80632501799995,22.940408071322103],[-109.807997189,22.944343174322004],[-109.80674298599996,22.949981174321913],[-109.80360390199996,22.95271612732187],[-109.80151744999996,22.952397259321852],[-109.79874211199997,22.960264334321646],[-109.79476865,22.964038755321557],[-109.77754470599997,22.973567521321364],[-109.76346067599997,22.978054233321274],[-109.75969595899996,22.98386451932113],[-109.73303118399997,22.98930578132098],[-109.73006670299998,22.993533849320908],[-109.72417575899999,22.996794261320815],[-109.72138891199995,23.00184889132071],[-109.712884568,23.005581332320645],[-109.71273713799997,23.007481263320567],[-109.71787202999997,23.012899995320446],[-109.71434430499994,23.029171138320063],[-109.70033754099995,23.040212933319857],[-109.67980945499995,23.048805643319618],[-109.67395122199997,23.055922611319495],[-109.67152893099995,23.055475272319505],[-109.67302799199996,23.057257488319443],[-109.67141471699995,23.057783349319408],[-109.67423682099997,23.05972606831942],[-109.67411499299999,23.06141834131932],[-109.67570447299995,23.061197527319344],[-109.67433743599999,23.06176754731933],[-109.67577126499998,23.061725976319327],[-109.67601647199997,23.06230150231935],[-109.67470556499995,23.062266601319298],[-109.67485431399996,23.06260947831933],[-109.67737773899995,23.062119977319334],[-109.67712133999999,23.063675601319297],[-109.675656824,23.062774703319324],[-109.67432533699997,23.064463099319294],[-109.67348300799995,23.064463099319294],[-109.67269778599996,23.06407286731928],[-109.67382769199997,23.062184402319346],[-109.67076214999999,23.059987267319368],[-109.67178552099996,23.05961047031939],[-109.67168315799995,23.059288491319414],[-109.67075340699995,23.05997564531939],[-109.67055732899996,23.05971497531941],[-109.67035639599999,23.055937490319494],[-109.66860630299999,23.060723181319368],[-109.62716560999998,23.071724381319136],[-109.61748155999999,23.077801329318984],[-109.60883966999995,23.080700487318914],[-109.58642598999995,23.08149730931888],[-109.57638021499997,23.084075392318823],[-109.56532180499995,23.096441037318524],[-109.545773732,23.10338295731839],[-109.53244766399997,23.111677495318187],[-109.52699187699994,23.12132287831798],[-109.52093138999999,23.1237023393179],[-109.51719325699999,23.127483303317863],[-109.50880366999996,23.141946066317526],[-109.49486835699997,23.150310823317305],[-109.49260644099998,23.157789945317138],[-109.48914575299996,23.159752524317117],[-109.48469671599999,23.168635112316913],[-109.47685677299995,23.174519995316796],[-109.47767483099994,23.177149775316753],[-109.47476931199999,23.181436890316593],[-109.45845558499998,23.196096826316307],[-109.45330341199998,23.20585533331605],[-109.45409694299997,23.210632907315944],[-109.45028677599998,23.220492488315713],[-109.44147801099997,23.229977020315488],[-109.43792547599998,23.236263556315347],[-109.43595099899994,23.246253128315125],[-109.43788883199994,23.250517122315063],[-109.43637311599997,23.257471335314886],[-109.43898576399995,23.263731697314782],[-109.439000794,23.273419474314515],[-109.42489404099996,23.306084239313822],[-109.42760424699998,23.317455683313526],[-109.42415164899995,23.33857815831307],[-109.42767563099996,23.346066322312897],[-109.425966702,23.36129082731255],[-109.43169168499998,23.376831087312222],[-109.42310480499998,23.382815432312093],[-109.41586550099998,23.38192047731207],[-109.41310960899996,23.38722025031194],[-109.417347786,23.394624657311798],[-109.41737449199996,23.39909505531172],[-109.41532634699996,23.403573485311572],[-109.42102757499998,23.4032100813116],[-109.42743846699994,23.40551720731155],[-109.43191111099998,23.413795828311354],[-109.43177310199997,23.421362514311205],[-109.426202011,23.434740438310893],[-109.42656725799999,23.442536742310725],[-109.42552029499996,23.444878132310652],[-109.42311703899998,23.44543254631066],[-109.42532517899997,23.447521713310614],[-109.42517765299999,23.450329477310557],[-109.42910128999995,23.458308494310348],[-109.43907413999995,23.462443287310247],[-109.44439403499996,23.46819729331014],[-109.44629741600001,23.477260425309925],[-109.46062340599998,23.487190439309718],[-109.463769852,23.495366243309515],[-109.46833880799994,23.49997575930942],[-109.47949847999996,23.519744321308995],[-109.48034786899997,23.52614916930885],[-109.47872441599998,23.535383916308625],[-109.46809992699997,23.552452937308253],[-109.46832121599999,23.55502513430819],[-109.47104807899996,23.55780910430813],[-109.47936048799994,23.561010906308027],[-109.50945876599997,23.56771587030792],[-109.51585662999997,23.571680319307813],[-109.51822851699995,23.57800539430767],[-109.51780882799996,23.582235441307603],[-109.52011483499996,23.58460760530756],[-109.52737016899994,23.58755920730748],[-109.55725005999994,23.593938304307322],[-109.57531016899999,23.600850638307154],[-109.58314097499999,23.606118765307066],[-109.58285365499997,23.611152515306937],[-109.58487246899996,23.607248414307044],[-109.58046956999999,23.60252616630714],[-109.58504087199998,23.605321794307084],[-109.58314539299995,23.602904738307128],[-109.58340047099996,23.59832665530721],[-109.58446266299995,23.60378989730711],[-109.58465492299996,23.59948783230722],[-109.58498519199998,23.601881094307153],[-109.58610686999998,23.59979183230718],[-109.58724520399994,23.600815952307165],[-109.58523884299996,23.60267526330709],[-109.58703783399996,23.608022209307006],[-109.58321879899995,23.61234093130691],[-109.58472975399997,23.611185054306965],[-109.58835129699999,23.611894782306894],[-109.60652561999996,23.619971862306727],[-109.63711930199997,23.627020658306563],[-109.64086076599996,23.632618578306456],[-109.66922465500001,23.642189326306227],[-109.68296675599998,23.648823511306077],[-109.68777435199996,23.652512753306],[-109.688299848,23.655744580305967],[-109.69735893199999,23.66315136730577],[-109.698517806,23.66846569930567],[-109.695012057,23.683313857305347],[-109.69568593099997,23.692158452305122],[-109.69998421799994,23.700114788304955],[-109.70077312899997,23.711014266304705],[-109.71187616899999,23.728576592304332],[-109.713231986,23.737675294304086],[-109.71069024999998,23.747572880303895],[-109.71109683699996,23.763127607303538],[-109.70930795799995,23.776605350303253],[-109.69925691999998,23.798952983302744],[-109.71278981299997,23.809218526302523],[-109.72213811999997,23.81942046630229],[-109.72209053099999,23.82278145430221],[-109.73387838099997,23.83317137130197],[-109.73526798599995,23.839667299301823],[-109.74857488399999,23.847040138301693],[-109.753999353,23.857062101301462],[-109.75793598099996,23.858753612301413],[-109.76029719999998,23.863050029301352],[-109.77283854499997,23.875086233301047],[-109.79845211799994,23.88997932630073],[-109.80268755799996,23.893986338300632],[-109.80451772099997,23.899557965300513],[-109.82584376199998,23.91204864530027],[-109.83170252299999,23.919610274300055],[-109.83750256999997,23.932752689299768],[-109.83994676999998,23.951977399299345],[-109.83740984999999,23.956040059299298],[-109.837470425,23.962407852299137],[-109.835802899,23.96321306229913],[-109.83534747,23.96621237229908],[-109.83864326199995,23.971206619298922],[-109.83598976599997,23.97318566429891],[-109.83421896499999,23.979320117298744],[-109.83652156999996,23.980669034298746],[-109.83480597799998,23.983334918298695],[-109.83546080599996,23.98484444829863],[-109.82989477099996,23.992171285298458],[-109.82669106399999,23.993385761298462],[-109.82482937399999,23.9905710972985],[-109.82207395799998,23.9914062882985],[-109.81719747099999,23.995102295298388],[-109.81633798499998,23.998658177298314],[-109.81391149099994,23.998682622298315],[-109.81473525999996,24.00234889629824],[-109.81174705399998,24.00295462729825],[-109.81398184399997,24.00727192129812],[-109.81243424199994,24.008364570298145],[-109.81273119899998,24.010795427298067],[-109.80628811799996,24.01439252229796],[-109.803987061,24.02186543229784],[-109.80897861499994,24.03134069829762],[-109.81781164999995,24.032944931297607],[-109.82528077899998,24.040002412297408],[-109.82763739699999,24.051180168297208],[-109.82662802899996,24.060813654296975],[-109.832464847,24.06111584629696],[-109.85302291399995,24.050477752297187],[-109.88233103399995,24.038570824297473],[-109.89464518099999,24.037688143297498],[-109.92978446599994,24.029048320297687],[-109.93996855899996,24.032397412297613],[-109.94479589099997,24.03233495129759],[-109.94980762999997,24.03708495029748],[-109.96982068199998,24.038341900297436],[-109.98377027199997,24.043430972297354],[-109.98879688299996,24.051083914297177],[-109.98843996399997,24.068174392296804],[-109.99186162899998,24.078407264296604],[-109.99171886199997,24.092964807296248],[-109.993691792,24.108178724295946],[-109.99945603599998,24.116759655295738],[-109.99788261699996,24.12940946429545],[-110.00329886499999,24.137755424295257],[-110.00818531,24.15944408929478],[-110.01594004999998,24.16642085929467],[-110.01772177499998,24.170032743294545],[-110.02953540799996,24.171820369294522],[-110.03141683999998,24.176155375294446],[-110.041326192,24.179251406294362],[-110.04663143799996,24.184839015294262],[-110.05757919999996,24.190460689294138],[-110.05919539999996,24.194464459294053],[-110.06388709099997,24.19838441429398],[-110.07290458199998,24.200673408293902],[-110.078472521,24.20905030029371],[-110.088818916,24.213101420293615],[-110.08925953299996,24.216234754293595],[-110.09018515199995,24.215217248293577],[-110.09488077999998,24.21723241329352],[-110.10124749299997,24.216872249293548],[-110.11270028099995,24.223583818293402],[-110.11655881499998,24.227474237293336],[-110.12373217599999,24.226058220293368],[-110.12658934999997,24.229770999293255],[-110.13735829499997,24.23552980329315],[-110.13681863299996,24.23870067329305],[-110.14172875999998,24.244030086292963],[-110.14817960799996,24.244947832292908],[-110.15144457499999,24.24917805029285],[-110.17427455199999,24.252304185292783],[-110.17773676999997,24.257100819292685],[-110.17828203999994,24.261486526292572],[-110.18138723699997,24.263403181292528],[-110.18474893899997,24.26906106429243],[-110.184397017,24.28070281529213],[-110.19332189899997,24.29393100029185],[-110.19504843599998,24.29319122529187],[-110.19701172999999,24.29532798129184],[-110.19872398999996,24.294907293291843],[-110.20129837399999,24.297786830291784],[-110.20608342499997,24.29665619629182],[-110.20706281099996,24.298103861291796],[-110.21193578799995,24.298128012291784],[-110.213157879,24.30100692229171],[-110.216696244,24.303068088291695],[-110.21692749399995,24.308710774291566],[-110.22956868499996,24.313095341291454],[-110.23571245299996,24.318025585291323],[-110.23526137599998,24.331394262291056],[-110.230196456,24.334945369290992],[-110.23336355799995,24.343851057290767],[-110.24141190599994,24.34590254929075],[-110.24568690599995,24.350258075290633],[-110.24798301799996,24.34616822829074],[-110.25034847999997,24.345650037290724],[-110.26556497499996,24.34778496929072],[-110.269693815,24.348995639290678],[-110.27307324499998,24.35219004929059],[-110.27714926199997,24.35067433229062],[-110.28351308299995,24.35341605129057],[-110.28682529199996,24.35085694129065],[-110.29717032099997,24.352394499290607],[-110.29979109399996,24.34797898229072],[-110.29933423799999,24.345353961290744],[-110.30553773099997,24.339321552290876],[-110.31412223099996,24.336857025290964],[-110.32481350599994,24.33617245429095],[-110.33434158199998,24.328555799291124],[-110.33165041099994,24.328405893291134],[-110.33079332999995,24.323948687291193],[-110.32394694599998,24.321608685291267],[-110.32255734099999,24.31911322529134],[-110.316330291,24.322051860291246],[-110.31457900799997,24.315501204291387],[-110.31550366699997,24.312920916291443],[-110.31722568299996,24.311996139291495],[-110.32013814299995,24.316197077291402],[-110.31958848699999,24.31878831029133],[-110.32403569999998,24.31488361529139],[-110.32625573699994,24.31662538029138],[-110.33043347599995,24.31511025829141],[-110.33062276199998,24.317057530291365],[-110.33304981299995,24.317485833291332],[-110.336394145,24.316133109291403],[-110.33746490199997,24.317824906291342],[-110.33990622899996,24.31594929629137],[-110.33529304899999,24.31255559029145],[-110.33744562799995,24.302794327291686],[-110.33450461499996,24.303308290291675],[-110.33270922199996,24.305871089291596],[-110.33203107599998,24.303570150291645],[-110.33358426899999,24.300246638291707],[-110.32697234199999,24.301180576291692],[-110.33016034299999,24.296782262291817],[-110.33434010499997,24.297157027291824],[-110.33745243999999,24.29536172329183],[-110.33086192799999,24.289697416291986],[-110.33477495099999,24.284274625292095],[-110.329795334,24.285392377292045],[-110.32746346199998,24.281980229292127],[-110.32838431399995,24.278452679292208],[-110.33351419399999,24.279062931292184],[-110.33709909,24.275341692292255],[-110.33647028299998,24.258464045292623],[-110.33398993299994,24.25604889229271],[-110.33060791999998,24.25718521529267],[-110.33056033099996,24.259618214292612],[-110.33310932799999,24.261132146292603],[-110.33149426899996,24.263654374292514],[-110.33329611599999,24.267799395292432],[-110.329737632,24.269862388292367],[-110.33177706799995,24.277129024292268],[-110.32875610499998,24.277121410292242],[-110.32636046299996,24.271951793292367],[-110.32301494099995,24.271414035292384],[-110.32476313099994,24.269539971292428],[-110.32083701999996,24.265795294292467],[-110.32314509799996,24.263638908292542],[-110.32421288099994,24.257892509292635],[-110.32051579299997,24.258576605292667],[-110.31910596199998,24.260825195292583],[-110.31110205099999,24.261253498292604],[-110.31133107399997,24.259418934292608],[-110.31684666399998,24.2565255092927],[-110.31527622,24.2545600742927],[-110.31686569999994,24.254319749292716],[-110.31863470999997,24.250730213292805],[-110.32139964399994,24.250378053292835],[-110.32303671299996,24.246813620292905],[-110.32749582299999,24.244343740292926],[-110.31895326599994,24.243369407292956],[-110.31639325799995,24.248764778292852],[-110.31347580099998,24.2504325422928],[-110.31469809999999,24.24206377329298],[-110.31121096699997,24.241082302293012],[-110.30645880599997,24.233166146293225],[-110.31235510999996,24.227994388293308],[-110.31247289399994,24.220242104293487],[-110.30777777999998,24.218462619293483],[-110.30077015899997,24.219002593293524],[-110.29835952699996,24.21512740329358],[-110.30118275699999,24.218735856293527],[-110.30316722799995,24.21676923129355],[-110.30336607699998,24.21797487829353],[-110.30342611399999,24.216849017293562],[-110.30583698299995,24.21736171729355],[-110.30076280599997,24.215986853293565],[-110.29975508099994,24.211771173293638],[-110.300858556,24.20837151829371],[-110.29980564399995,24.201301545293866],[-110.30227373999999,24.19333986829406],[-110.30200961999998,24.18676303829418],[-110.30403795999997,24.184873238294262],[-110.30265906199998,24.18418200529428],[-110.30389668599997,24.18386658329427],[-110.30274594099996,24.183666069294297],[-110.30400115499998,24.183228528294308],[-110.30284776099995,24.1830649492943],[-110.30407528299997,24.18273694429429],[-110.30294063099996,24.182516658294297],[-110.30323489199998,24.18131475529434],[-110.30461569299996,24.1818425192943],[-110.30438610799996,24.184272662294266],[-110.304441754,24.186362305294207],[-110.30479272499997,24.182501630294283],[-110.30454585599996,24.181252413294303],[-110.30263931299999,24.18057129229436],[-110.30470225599998,24.175076720294452],[-110.31210440199999,24.166648312294644],[-110.31953724299996,24.161905451294743],[-110.31898758799997,24.160318351294787],[-110.32166448099997,24.156213781294877],[-110.32437968399996,24.155901655294855],[-110.32252727399998,24.157416182294867],[-110.32440466899999,24.158651122294795],[-110.32611788099996,24.15716158029483],[-110.32439990999995,24.158594015294835],[-110.32267004199998,24.157454253294862],[-110.32398588399998,24.156324009294867],[-110.32533503799999,24.15721392829483],[-110.32401681699997,24.156300215294863],[-110.32602746099998,24.1560099202949],[-110.32556425899998,24.154873728294884],[-110.32639469099996,24.156275230294888],[-110.32663025799997,24.156446551294852],[-110.32758918099995,24.156206226294866],[-110.32559995099996,24.154876107294903],[-110.32748924299996,24.155468593294906],[-110.32598780299999,24.154573916294904],[-110.32752017599995,24.15521875029491],[-110.327555868,24.153150998294944],[-110.32873845999995,24.153857698294956],[-110.32915724599997,24.15392432329493],[-110.32843150999999,24.15225156229496],[-110.33560082599998,24.151271224295005],[-110.33857301099994,24.14715761229507],[-110.34363650399997,24.144404575295145],[-110.35198603199997,24.1425063602952],[-110.35173190599996,24.139811264295233],[-110.34671421799999,24.136218278295306],[-110.34855948999996,24.1320911022954],[-110.34813118699998,24.125983026295557],[-110.34551758699996,24.124978894295538],[-110.34558421199995,24.12369208129559],[-110.34894876899996,24.123863402295566],[-110.35006235699997,24.126542675295518],[-110.35030506199996,24.122902100295573],[-110.34720819399996,24.120906565295623],[-110.35052040299998,24.11863560729568],[-110.349368756,24.115154682295792],[-110.35120355899996,24.114006354295814],[-110.36210026799995,24.110890688295846],[-110.36339088799998,24.113134044295812],[-110.36709856399995,24.11418291029581],[-110.39211502799998,24.103898166296048],[-110.396028765,24.105692517295996],[-110.40470427999998,24.105706794295987],[-110.41364450999998,24.107904226295936],[-110.41778473299998,24.109921972295883],[-110.42360255399996,24.11818587729574],[-110.42329441399994,24.123814492295597],[-110.41882578599997,24.127826264295518],[-110.41516082099997,24.12853474829546],[-110.42948529499995,24.14206602929516],[-110.43123062999996,24.14795519529506],[-110.42613250799998,24.163401371294736],[-110.42860238899999,24.164839755294683],[-110.43022637099996,24.16335854129469],[-110.43221440999997,24.165767745294644],[-110.43240357699995,24.17042197129455],[-110.43333513599998,24.170768182294566],[-110.43341008999995,24.171610511294514],[-110.42444190099997,24.174802558294477],[-110.40375486699999,24.170728921294533],[-110.38557292999997,24.162202480294756],[-110.38005781499999,24.156451084294886],[-110.37774307499997,24.149326026295004],[-110.371043941,24.14900051629503],[-110.35362747599999,24.15317599429492],[-110.34713154699996,24.15638112829488],[-110.34647814799996,24.158372737294794],[-110.34631824699996,24.156790871294852],[-110.34080384699996,24.15876630029484],[-110.33268345999996,24.16544497129467],[-110.32739748699998,24.16684766329464],[-110.32443505799996,24.17621976529442],[-110.33601411099994,24.17768016029443],[-110.35614625399995,24.173852202294466],[-110.37587864799997,24.172906961294533],[-110.42236736799998,24.17718225729444],[-110.47833656399997,24.188266124294167],[-110.53341692199997,24.202560260293836],[-110.55697358599997,24.210192381293695],[-110.56414947699994,24.21495427729359],[-110.56515936299996,24.217545667293557],[-110.56401622699998,24.22016529729346],[-110.57609972499995,24.226500017293304],[-110.57703438899995,24.228179329293294],[-110.57591531699995,24.23004541429327],[-110.58201625499998,24.24030148629305],[-110.59220749699996,24.24635548029288],[-110.60652054999997,24.25160695029279],[-110.61145271599999,24.25560516929268],[-110.61676174999998,24.2657766402925],[-110.616281099,24.2701643662924],[-110.62216312699996,24.2731624872923],[-110.63113369499996,24.288430299292013],[-110.63499317999998,24.2916854022919],[-110.64149862699999,24.308094165291553],[-110.64019349199998,24.315029104291423],[-110.65115804899995,24.320644632291263],[-110.65491759699997,24.324247136291202],[-110.65507464099994,24.32838739829113],[-110.663326612,24.334888085290967],[-110.66579649299996,24.339666043290887],[-110.67579022899997,24.349583636290635],[-110.68102980199995,24.357126528290475],[-110.68234802399998,24.360809933290398],[-110.67978772299995,24.364983508290333],[-110.67926900099997,24.37236935529015],[-110.68508440399997,24.381539798289964],[-110.68153424799999,24.389020823289805],[-110.68341903299995,24.39480862428968],[-110.67853043099996,24.39662296328966],[-110.68325603999995,24.395181010289644],[-110.69315935699996,24.406092028289425],[-110.69294520499994,24.41234525228932],[-110.689509264,24.416614005289183],[-110.69246931299995,24.420759026289097],[-110.69227191699999,24.433764481288847],[-110.68827174599994,24.43884292928875],[-110.687914827,24.442055202288653],[-110.68447888499999,24.44508663528859],[-110.68930919099995,24.45091155628845],[-110.68680542699998,24.461852032288245],[-110.69188973999997,24.471266518288008],[-110.70417668199997,24.483440673287763],[-110.71252124299997,24.495883619287465],[-110.724768924,24.50828536928724],[-110.729261346,24.5149954492871],[-110.72952963199998,24.520744303286975],[-110.73384299899999,24.528148515286787],[-110.73540609299995,24.542953244286455],[-110.73801874099998,24.55133370628627],[-110.73776651799996,24.555255058286207],[-110.73319795299994,24.562878851286033],[-110.73584748299999,24.56843846128594],[-110.73580941099999,24.57289757128582],[-110.74023538299997,24.5872419102855],[-110.73903833999998,24.602022174285207],[-110.74053858999997,24.614909335284917],[-110.73926081999997,24.62509937628468],[-110.73345731399998,24.636285223284474],[-110.72939735899998,24.666254534283834],[-110.72661874299997,24.67476527128364],[-110.71983846899998,24.686146828283402],[-110.70990201399997,24.695499415283226],[-110.70581154599996,24.698428416283146],[-110.69453290099995,24.70119810928308],[-110.690117811,24.70718007428295],[-110.68996688899996,24.72313209528258],[-110.683104524,24.743126706282162],[-110.66554868699997,24.76509793928168],[-110.66349045299995,24.771659303281545],[-110.66078074299999,24.789279549281197],[-110.662145846,24.792427555281133],[-110.66031157899994,24.794424042281072],[-110.66076004799999,24.797017059281007],[-110.65706712399998,24.806228429280814],[-110.65918245399996,24.80895536728078],[-110.66460263999996,24.810215176280725],[-110.66456480599999,24.81608245128062],[-110.66787297099997,24.822882713280478],[-110.67337428499997,24.82906455228031],[-110.67337190499995,24.83877406228016],[-110.67532306299996,24.844822890279996],[-110.68473383099997,24.85751136627971],[-110.684010475,24.867409923279546],[-110.68878509099994,24.875882546279364],[-110.68520972399995,24.883804410279154],[-110.69043295299998,24.88590601227916],[-110.69207240199995,24.89238468927897],[-110.70368440899995,24.901010949278824],[-110.70397137199997,24.907601104278648],[-110.70596654999999,24.90654819327868],[-110.70803430199999,24.90783310227865],[-110.70608492899999,24.912611654278546],[-110.704549581,24.91209650127859],[-110.70205828599997,24.9147710152785],[-110.69932166799998,24.91242129727855],[-110.69916010199996,24.91540371427848],[-110.70246874299994,24.917154045278483],[-110.70522145999996,24.92157571727836],[-110.71374397499994,24.920188491278374],[-110.72032199499996,24.925428064278307],[-110.72173301599997,24.935236202278084],[-110.72469663399995,24.935872708278048],[-110.73220490499995,24.94433074027789],[-110.73142253799995,24.94628011427783],[-110.73395832999996,24.947751334277843],[-110.733799144,24.951758823277718],[-110.738186989,24.953032072277686],[-110.74282479599998,24.957035991277618],[-110.74539366199998,24.96240619727751],[-110.74967907299998,24.965929435277452],[-110.749018773,24.969273767277357],[-110.75150292999997,24.97339499427726],[-110.74889277999995,24.97533342227724],[-110.75122560399996,24.978134523277156],[-110.75152827099998,24.98177652627707],[-110.74876482999997,24.987785669276974],[-110.75071003999994,24.98933112927693],[-110.75034598199996,24.992097253276874],[-110.75187994199996,24.994168474276822],[-110.75827474299997,24.996039127276816],[-110.75985868499998,24.998851948276712],[-110.75716214699997,25.00092515227667],[-110.76191036099999,25.00575397127658],[-110.75986164499996,25.012773381276425],[-110.75712764499998,25.014015460276404],[-110.76134880899997,25.014926793276427],[-110.77468794799995,25.022852183276218],[-110.78418735099997,25.033036871275982],[-110.79000334899996,25.035935054275935],[-110.79346189499995,25.035594197275984],[-110.794141826,25.03120052227606],[-110.79840333899996,25.029533161276103],[-110.80406670399998,25.03192570927604],[-110.80942874499999,25.03137724327605],[-110.81616123099997,25.034842433275976],[-110.82653806099995,25.047013376275707],[-110.82476536299998,25.057656705275495],[-110.82904720299996,25.063185382275403],[-110.84622453199995,25.06921969627525],[-110.84853022999995,25.071230340275203],[-110.84760235299996,25.07304884727516],[-110.85477392899998,25.075452222275143],[-110.86297624799995,25.080711227275003],[-110.86262399499999,25.083770720274963],[-110.86525588999996,25.089720884274847],[-110.86398114199994,25.091626053274812],[-110.86962526699996,25.09862562027463],[-110.86909210599998,25.105707655274482],[-110.87340243099999,25.109081099274388],[-110.87594450799998,25.113667118274332],[-110.87515706499994,25.118949997274225],[-110.88092232099997,25.123689646274098],[-110.87935068699994,25.126260415274032],[-110.89312837899998,25.13081366227393],[-110.90753575999997,25.145944150273625],[-110.911521613,25.16077107627333],[-110.91029856999997,25.164825677273235],[-110.91241263199998,25.174501518273026],[-110.90642210099998,25.183031171272837],[-110.90897764199997,25.186503995272776],[-110.91612673299994,25.191104683272677],[-110.91572222399999,25.19453408127264],[-110.92101645999998,25.203674489272398],[-110.92047204499995,25.20532386627241],[-110.92289766999994,25.20758826827233],[-110.92166772399997,25.210377841272308],[-110.92545820499998,25.20970385927229],[-110.934037947,25.215506769272174],[-110.93413312499996,25.21897602327208],[-110.93750720099996,25.223668320272],[-110.93830128399998,25.23196804327182],[-110.94129530299995,25.237464435271704],[-110.94055529099997,25.240931310271648],[-110.93845234999998,25.242150479271654],[-110.93873219999995,25.244262689271547],[-110.94344871499999,25.24982930427145],[-110.94617325199994,25.257714513271285],[-110.944468606,25.27152871227102],[-110.94113133999997,25.274080739270946],[-110.93864458299998,25.27195472227102],[-110.93656212699996,25.27266765727097],[-110.93379053099994,25.277615032270898],[-110.93853826899999,25.283119439270777],[-110.93904319099995,25.28621133427072],[-110.93832066699999,25.288275755270682],[-110.93311692199997,25.29157561627057],[-110.93752783099995,25.291916925270574],[-110.94743648599996,25.29716613527045],[-110.94748638299997,25.304105103270306],[-110.94388701999999,25.30541282927026],[-110.94668464999995,25.313252229270127],[-110.95759324699998,25.322917952269943],[-110.95545395299997,25.32941122326982],[-110.959036009,25.328394962269815],[-110.96613203799997,25.330309715269774],[-110.97966974299999,25.341469625269543],[-110.98124046499998,25.356394580269257],[-110.98492742999997,25.362069699269135],[-110.98523416999997,25.366152509269046],[-110.98836561899998,25.368044869269003],[-110.98733233999998,25.370847649268907],[-110.99420576799997,25.37422004626885],[-110.99380856,25.378959153268745],[-110.99881094599999,25.382720423268708],[-110.99768517799998,25.386646716268622],[-111.00064760699998,25.38793114926856],[-110.99988736899998,25.39498292026844],[-111.00415770399997,25.40737290726819],[-111.00374420599998,25.416235474267996],[-111.01326541399999,25.42146312026787],[-111.02035552399998,25.44082223226749],[-111.02485774499996,25.44403621826741],[-111.02528594999997,25.449801679267306],[-111.0267864,25.45106164926726],[-111.026196714,25.457960609267115],[-111.01920777999999,25.462089659267047],[-111.02101505499996,25.471528563266823],[-111.02002721999999,25.475365029266737],[-111.01344632200001,25.477186658266696],[-111.01536502999994,25.483108449266577],[-111.02031562999997,25.48975881926649],[-111.01986381999996,25.493894829266363],[-111.02263071999994,25.49711471926633],[-111.02158871999997,25.502139758266207],[-111.01862077099997,25.50514555326611],[-111.014323274,25.504785683266174],[-111.01650888999997,25.508517549266095],[-111.01653665899995,25.514600910265944],[-111.01875185999995,25.515916459265902],[-111.02133296699999,25.514527852265967],[-111.02515914199995,25.515810858265926],[-111.02680192099996,25.514925698265944],[-111.03152128199997,25.51808315826589],[-111.033512714,25.51637312426588],[-111.035911925,25.517962128265893],[-111.03577018899995,25.520353461265838],[-111.03824745499999,25.521531260265817],[-111.03876463099999,25.51642660326591],[-111.04049211999995,25.515564286265953],[-111.04686631499999,25.51729401126587],[-111.04941352699996,25.515742841265936],[-111.05318167999998,25.521170689265837],[-111.05986153799996,25.519477778265852],[-111.06047524599995,25.513176656265955],[-111.06212778099997,25.51270433326597],[-111.064708307,25.514938646265954],[-111.06824819599997,25.51404005326598],[-111.07297257699999,25.51677249126588],[-111.07501216699995,25.523204150265787],[-111.07362021999995,25.524573459265742],[-111.07192053999995,25.52364381926578],[-111.07243842299995,25.525391720265745],[-111.069526915,25.526635702265708],[-111.068538963,25.529126760265633],[-111.06958211899997,25.53108553226562],[-111.07304542499999,25.52822256526568],[-111.07381824999999,25.52519553926569],[-111.07591814699998,25.52642916526572],[-111.08425342999999,25.52461873926573],[-111.09830324999997,25.5259841992657],[-111.09985076599997,25.528762226265677],[-111.10266614399997,25.52413084326577],[-111.11098093299995,25.52433642926575],[-111.12185114399996,25.52860161326562],[-111.12618771099994,25.53686726526549],[-111.13555970899995,25.54198721126536],[-111.13824264299996,25.545110020265287],[-111.13812986899995,25.547552592265248],[-111.142466997,25.5499952822652],[-111.14172044099996,25.552597818265138],[-111.14387087899996,25.553652514265142],[-111.14608853699997,25.560160340264968],[-111.14421114199996,25.563120389264938],[-111.145103916,25.56557456526491],[-111.14982476599994,25.5690485782648],[-111.15317048299994,25.567847182264828],[-111.16468612199998,25.57326140826473],[-111.17057386099998,25.58342075526454],[-111.16910478199999,25.58556798026449],[-111.17386555899998,25.589278694264426],[-111.174412836,25.592994223264316],[-111.17187157099995,25.595013195264258],[-111.18086474399998,25.59735934426421],[-111.18293260899998,25.602655725264093],[-111.18922879199994,25.60671876526402],[-111.19340181699995,25.613466454263886],[-111.19268114999996,25.620532192263738],[-111.19499458099995,25.62153295326372],[-111.19407848799995,25.62466670426366],[-111.19532711000001,25.63100380326354],[-111.19810751099999,25.63103949526352],[-111.20123055299996,25.638284954263415],[-111.19991439599995,25.65487680026305],[-111.20459550899996,25.659103674262955],[-111.20655142599998,25.666538300262808],[-111.20417731999999,25.671189549262724],[-111.20496718099997,25.67342517426264],[-111.20784252199998,25.67267564426266],[-111.210214964,25.675053201262656],[-111.21097341699999,25.68265855326249],[-111.21600835599997,25.69113895226231],[-111.215994079,25.695978776262212],[-111.21356203199998,25.697745288262183],[-111.21182947799998,25.702476160262066],[-111.21345879399998,25.705594758262023],[-111.21700062099995,25.706205090262014],[-111.21608976399995,25.708446542261925],[-111.22068735799996,25.715427435261784],[-111.21951237999997,25.718132406261738],[-111.223871553,25.72310785926162],[-111.22390438899998,25.725334558261586],[-111.23140917699999,25.725034566261584],[-111.23375274099999,25.726339167261564],[-111.23452844499997,25.724925767261613],[-111.232242021,25.722179274261652],[-111.23395523299996,25.720504134261706],[-111.23901753599995,25.71996280626173],[-111.24308998299995,25.721415467261657],[-111.24627904999996,25.72439197926164],[-111.24433920099996,25.72681636826158],[-111.24596579999996,25.73064492026152],[-111.25428963099995,25.740181562261323],[-111.25886842699998,25.74241064126124],[-111.26023899699999,25.744891229261217],[-111.27007449899997,25.746580647261194],[-111.27823604999998,25.750183151261087],[-111.27989215499997,25.75394745826104],[-111.284522586,25.756426856260973],[-111.28976215899996,25.763912641260788],[-111.30302107499995,25.770248960260673],[-111.30620661399998,25.77347093626063],[-111.30724167999995,25.780014453260463],[-111.31027549299995,25.786173688260366],[-111.30925232399994,25.789119461260285],[-111.31118920599994,25.791070619260232],[-111.31140335699997,25.795448827260188],[-111.31087142899997,25.80163090526006],[-111.30705083,25.811663799259865],[-111.31103825799994,25.81262108125984],[-111.30957250999997,25.81442709225979],[-111.31240977299996,25.814702536259794],[-111.31056725899998,25.815554404259757],[-111.31275030999997,25.815862147259768],[-111.31245806,25.81471509125975],[-111.31370801299994,25.814083259259807],[-111.31384840099997,25.814241494259765],[-111.31325710499999,25.814835169259755],[-111.31314051199998,25.815534731259763],[-111.31512498199999,25.81599039725975],[-111.31376155099997,25.812416447259853],[-111.31541289699999,25.81288163225984],[-111.31599705499997,25.815719139259755],[-111.31610888899998,25.813030348259783],[-111.31968345399999,25.81580844725974],[-111.31594708499995,25.816606678259763],[-111.31719416199996,25.81798224425971],[-111.31553639099997,25.82014470525968],[-111.31658844099996,25.82451065225959],[-111.31393486599997,25.825009387259584],[-111.31529401399996,25.82786093325952],[-111.31732321799996,25.828007508259482],[-111.31734415699998,25.829991026259478],[-111.31103763299997,25.83173659925943],[-111.30570942599996,25.825960219259553],[-111.30552799199995,25.823274403259617],[-111.30699730899994,25.822099544259643],[-111.30520973899996,25.819529726259656],[-111.30881164799997,25.81848871225973],[-111.30899311099995,25.814797931259765],[-111.30654402199997,25.812934455259803],[-111.29994339699999,25.813215231259818],[-111.30204089199998,25.808035145259915],[-111.29755084899996,25.80782456225992],[-111.29200801399999,25.8127848362598],[-111.29972698499995,25.817815017259697],[-111.30262151799998,25.82487941125955],[-111.31599993599998,25.837144217259315],[-111.31781603199994,25.831652183259436],[-111.32050562699999,25.83269533325941],[-111.32509581399997,25.830928549259472],[-111.32952794999994,25.83225025525943],[-111.332950833,25.83581095125933],[-111.33335293299997,25.837788451259296],[-111.33122878799998,25.839459903259243],[-111.33236358299996,25.842630594259216],[-111.33119776599995,25.845293806259164],[-111.33176105699994,25.852261292258984],[-111.33424074,25.856911762258886],[-111.33384777199996,25.862975224258815],[-111.34103136499999,25.873311008258604],[-111.34205103699998,25.8776905922585],[-111.34159053799999,25.880385145258415],[-111.33599047599996,25.886502739258287],[-111.33555503499997,25.892798793258173],[-111.33864595499995,25.89776353925806],[-111.33687920499995,25.900504678258038],[-111.33675606099996,25.907524770257883],[-111.34049566899996,25.911659829257832],[-111.34346482999996,25.920103859257623],[-111.34562599499998,25.920581023257622],[-111.34374241299997,25.922357053257564],[-111.34794198699997,25.92193964425761],[-111.35523493999995,25.928782969257437],[-111.35617830899997,25.933518462257346],[-111.35301660099998,25.938625380257278],[-111.35383156599994,25.943036306257167],[-111.35271024499997,25.945531766257105],[-111.35463463399998,25.94740261725709],[-111.35864818999994,25.95996676625679],[-111.35512420799996,25.969995004256607],[-111.34148408299995,25.9822410122564],[-111.33820427499995,25.988107601256257],[-111.33807756999994,25.999295319256003],[-111.33527960499998,26.00307647025594],[-111.33946095999995,26.004411528255904],[-111.33635576299997,26.005164033255923],[-111.33908444299999,26.007577040255857],[-111.33891177699996,26.014629594255695],[-111.34008247199996,26.014896094255697],[-111.33844064399995,26.014853263255713],[-111.34370568699997,26.019949861255586],[-111.345661604,26.02791153725546],[-111.34143301199998,26.036532127255242],[-111.32860562699994,26.048436768255005],[-111.32842478799996,26.058977780254832],[-111.32545046199999,26.062385168254732],[-111.322461859,26.063289363254746],[-111.31895900299997,26.069214024254624],[-111.31886887299999,26.07675711325443],[-111.324336874,26.08285329225431],[-111.325655096,26.08825585825424],[-111.32382826499997,26.100279274253985],[-111.335813015,26.104651534253914],[-111.34474705799995,26.11167332325374],[-111.35031975599998,26.12589165025349],[-111.35488377999997,26.12910132725339],[-111.35519310999997,26.135292685253294],[-111.35889816899999,26.143462088253088],[-111.35846605899997,26.1536309532529],[-111.36057711599994,26.1550376902529],[-111.36195434899997,26.16039917125275],[-111.36135543799998,26.16756134925261],[-111.36514449199996,26.174933870252485],[-111.36990805399996,26.175797377252433],[-111.37356699099996,26.178755721252415],[-111.37904629499998,26.18834756625221],[-111.37722725599998,26.205707678251862],[-111.37896037599995,26.21450256225168],[-111.37750771499998,26.21585528625167],[-111.37881046999996,26.219328109251578],[-111.38360746299998,26.223643262251485],[-111.38333691899999,26.227497156251438],[-111.38734787799996,26.235604342251246],[-111.38843356999996,26.243464259251102],[-111.39567480299996,26.251211226250952],[-111.39787580299999,26.256324688250846],[-111.39728331799995,26.262004462250708],[-111.39415250999997,26.266063819250657],[-111.396062654,26.269436708250574],[-111.39487292399997,26.27685586825041],[-111.38972160799995,26.281087694250356],[-111.38418793299996,26.279631463250354],[-111.38304293599998,26.280643686250375],[-111.38394167999996,26.287682415250213],[-111.38233316499998,26.299398881249985],[-111.38484676699994,26.302345249249903],[-111.38468079999997,26.305636044249844],[-111.38880678499999,26.31523538424966],[-111.38630319599999,26.321005180249536],[-111.38706700299998,26.323525030249492],[-111.395161929,26.335917262249264],[-111.39612561099995,26.34089271524914],[-111.40392072499999,26.34224186924914],[-111.40557682999997,26.345982383249023],[-111.40422053799996,26.347559965249033],[-111.40547689299996,26.348309495249026],[-111.40706393899995,26.34665736224906],[-111.411345263,26.34807160124902],[-111.41236394999999,26.34636373624904],[-111.42293416999996,26.349400323248982],[-111.42670046099995,26.353029397248903],[-111.42884911399996,26.359513429248782],[-111.43101442299997,26.360067843248782],[-111.43061229499995,26.362183184248725],[-111.43236992299995,26.361092636248767],[-111.43402444299996,26.36246158124871],[-111.43444711299998,26.369719689248598],[-111.43067654,26.371657008248537],[-111.42896828499995,26.36976489924858],[-111.42512117299998,26.371331536248555],[-111.42409895599998,26.369871498248568],[-111.42139398499997,26.37279918724851],[-111.42263130499998,26.374895016248455],[-111.42747065199995,26.37687984424846],[-111.42718051699997,26.379096096248396],[-111.42441052699998,26.378939051248427],[-111.42478648199996,26.380990146248333],[-111.42703782799998,26.38124377524837],[-111.429178967,26.383866915248298],[-111.42940382599994,26.38026560024839],[-111.43213782699996,26.37969809924837],[-111.43395097599995,26.38394008324832],[-111.43742677399996,26.383803264248293],[-111.43791932199998,26.38768416524822],[-111.44042239599997,26.389990458248167],[-111.44689690899997,26.390585322248153],[-111.45109290899995,26.393033288248134],[-111.45411172099995,26.39706241124801],[-111.46247922499998,26.401848001247952],[-111.46893993699996,26.41231287124772],[-111.46962998099997,26.42230184824756],[-111.46721779299997,26.427433851247418],[-111.46863594999998,26.432002416247332],[-111.46793491399997,26.440870671247186],[-111.47003359699994,26.45513137524688],[-111.47244637199998,26.45665898924685],[-111.47195739299997,26.459496497246818],[-111.46997292199997,26.465216721246666],[-111.46736265299997,26.46739868624666],[-111.46811238799995,26.47267388424654],[-111.46463817099999,26.474934440246503],[-111.46644775099999,26.478517908246424],[-111.46020761399996,26.47942448224641],[-111.455090881,26.488046162246214],[-111.45566019799998,26.50369631524592],[-111.45688710799999,26.50588066124587],[-111.45322642599996,26.508984829245797],[-111.45265202399997,26.51501866624569],[-111.45047338999996,26.516469186245654],[-111.44393605899997,26.51521711324569],[-111.44214004099996,26.51827091424566],[-111.45618124099997,26.522535384245515],[-111.45717918699997,26.525503523245487],[-111.46213155899994,26.52864412624544],[-111.46341682499998,26.532724902245317],[-111.460393244,26.53771677324524],[-111.46343300499996,26.53797970424524],[-111.46716756899997,26.53540988624531],[-111.47235669799996,26.535534570245275],[-111.47376700399998,26.531578716245374],[-111.47591922699996,26.530786355245404],[-111.50299451899998,26.530569110245366],[-111.50721330299996,26.53209196524536],[-111.50885275199995,26.534521395245314],[-111.515680214,26.536970030245282],[-111.52361095699996,26.537294826245237],[-111.55539460799997,26.550604341244988],[-111.565516835,26.558742098244807],[-111.56739422999999,26.56270390024478],[-111.567576972,26.56792301024466],[-111.569850547,26.572366654244565],[-111.56912958799995,26.5845613792443],[-111.57041447999995,26.58552626324432],[-111.56778398499995,26.589113300244225],[-111.56854422299995,26.60172682324395],[-111.56427615099994,26.616633544243705],[-111.567361631,26.618314640243646],[-111.56303696099998,26.620819023243627],[-111.56650205099999,26.62940887724344],[-111.56585364799999,26.63091686124341],[-111.56795828099996,26.632005464243402],[-111.56533707299997,26.635366218243327],[-111.56722122599996,26.636410716243294],[-111.56582354899996,26.64044810224321],[-111.56805107999998,26.64573019524311],[-111.56782229599997,26.65084634724304],[-111.56646600399995,26.651747568243003],[-111.56812480499998,26.655595315242948],[-111.56591428599995,26.65995924624286],[-111.56785116699996,26.662583792242796],[-111.56679825599997,26.667701417242675],[-111.56784045999996,26.67013917524266],[-111.56625216899995,26.67058532424262],[-111.56705166799998,26.672733978242587],[-111.56382868799996,26.676738610242538],[-111.56247953399998,26.682866912242392],[-111.56432658999996,26.686111307242353],[-111.56101913999998,26.690418132242225],[-111.56119581499998,26.697033033242136],[-111.56632473399999,26.69688967024213],[-111.56695113599994,26.69866296424206],[-111.56928895599998,26.69869865624204],[-111.568613784,26.70063494224205],[-111.57062740299995,26.700141204242012],[-111.57337351999998,26.70434433924195],[-111.57110924399997,26.706714465241927],[-111.57197477299997,26.707927990241913],[-111.57929108599996,26.7066392692419],[-111.582483068,26.70976017524184],[-111.58229568499996,26.712451941241785],[-111.58693153499996,26.710605831241846],[-111.58980568599998,26.71306048324179],[-111.59400414999999,26.71191044224185],[-111.59709652699998,26.717057387241717],[-111.60771707899995,26.71909122724165],[-111.60989428699997,26.721125666241605],[-111.61062113499997,26.727618429241527],[-111.61424381699999,26.729009034241464],[-111.61645231799997,26.727795487241497],[-111.62068669099995,26.730980793241446],[-111.62203441799994,26.730308833241434],[-111.62683914099995,26.732759995241388],[-111.62762150799995,26.73559821624138],[-111.62529856299996,26.738829683241292],[-111.62645854999994,26.741074705241267],[-111.62796117999994,26.739486414241266],[-111.63158747799997,26.73933650824129],[-111.63552429599999,26.7432376352412],[-111.64699210899995,26.74504721524116],[-111.64865535199999,26.747070946241134],[-111.64870532099998,26.75324564824102],[-111.65607362799994,26.756581070240923],[-111.65873474899998,26.765291669240792],[-111.66378158599997,26.7681612992407],[-111.66694388899998,26.772876201240656],[-111.66599091499995,26.781253093240483],[-111.67617739699995,26.779061526240515],[-111.68210618499995,26.780167595240506],[-111.68783402399998,26.785583248240386],[-111.69698232399998,26.7897646812403],[-111.69796979999995,26.79233211924022],[-111.701191495,26.79340849224024],[-111.70477496299998,26.797934227240116],[-111.72158978099999,26.807001282239938],[-111.726751607,26.82020755823969],[-111.73077741699996,26.82279950523961],[-111.73059467499996,26.82515374323959],[-111.74088796099994,26.835569358239383],[-111.74120538099999,26.838499236239354],[-111.74811619299999,26.846004627239207],[-111.76000100599998,26.852676636239067],[-111.76673012099997,26.861311343238903],[-111.77165679499996,26.862009715238873],[-111.77725865999997,26.86805054923879],[-111.779395546,26.86724476723877],[-111.78073910899998,26.869442675238755],[-111.78281399899998,26.86933607523871],[-111.783388877,26.871839268238723],[-111.79156232499999,26.874467145238608],[-111.79600537399995,26.87903749423853],[-111.79577254299994,26.88416975423847],[-111.80161905799997,26.88623221123841],[-111.80168282699998,26.889152286238364],[-111.80446413099997,26.886282656238382],[-111.80817037999999,26.887078348238372],[-111.81014152499995,26.891302747238313],[-111.81395532599998,26.89317205223828],[-111.81654117499995,26.896653027238226],[-111.81874265199998,26.895423797238205],[-111.82195064199999,26.896276120238188],[-111.82742366399998,26.888765958238384],[-111.83225021999999,26.88593216923842],[-111.83269869099996,26.88373030523849],[-111.84606113999997,26.88201251923849],[-111.85108255399996,26.879427079238525],[-111.85204385799996,26.87440165723867],[-111.84494417099995,26.870342708238724],[-111.84368067699997,26.86810839423875],[-111.84593212299995,26.86199793823889],[-111.845482405,26.85643428323899],[-111.83816175499999,26.847991812239183],[-111.836478286,26.8339964172394],[-111.82692118099999,26.82773010723952],[-111.82399741899997,26.82021695923968],[-111.82764989099996,26.809200054239938],[-111.82299209599995,26.794042888240178],[-111.82357506399995,26.784123510240423],[-111.81849788899996,26.77696371124055],[-111.81811539099999,26.77105253524068],[-111.81568239199999,26.766674327240768],[-111.81767733199996,26.74932960324106],[-111.81337814599999,26.732764361241426],[-111.81647085099998,26.72169201624164],[-111.81444830899996,26.71577667624176],[-111.80831405799995,26.715719568241745],[-111.79880573199996,26.70075989724205],[-111.79672608299995,26.691318196242218],[-111.79446559499998,26.688339111242275],[-111.76547424199998,26.67647511824249],[-111.76436541299996,26.66693347924271],[-111.75932095599995,26.66087061324279],[-111.74222733499994,26.65375194024296],[-111.73257624099995,26.644514872243136],[-111.72885214599995,26.63871541224326],[-111.71557475399999,26.631101137243437],[-111.70854582599998,26.61923714424364],[-111.69462122,26.610418861243833],[-111.69212754499995,26.601257937243993],[-111.68054964299996,26.596785581244085],[-111.67896968099997,26.589937492244207],[-111.67710418399999,26.588433673244243],[-111.67974538499999,26.58152371824441],[-111.69241656499999,26.56682683724467],[-111.71119693499998,26.552405015244926],[-111.76410694599997,26.553923080244928],[-111.76354689299997,26.55640178324488],[-111.76923261499996,26.56194235824478],[-111.77913236199998,26.564640667244696],[-111.78260161599997,26.56787673424463],[-111.78464795299999,26.57193133524455],[-111.78704644899996,26.586641163244302],[-111.78821238599994,26.588849303244242],[-111.79259059399999,26.590605345244224],[-111.79435972299996,26.60277390924397],[-111.79699497599995,26.60346990124393],[-111.80227143099997,26.610947358243827],[-111.80397869399997,26.615045979243714],[-111.80387161799997,26.621678727243598],[-111.80606072299999,26.622053492243598],[-111.80641169299997,26.62620565124352],[-111.81126455399999,26.624909836243553],[-111.81415649199995,26.626487023243477],[-111.81782145599999,26.63332440424336],[-111.82050072999999,26.634932919243315],[-111.83128563699995,26.63639985724331],[-111.83125886799998,26.639347414243222],[-111.83621944899996,26.63787250624327],[-111.83770661199999,26.63959666324325],[-111.83551750899996,26.640184866243246],[-111.83607151999996,26.64133971224318],[-111.846139216,26.643980190243123],[-111.84660610599997,26.647180446243084],[-111.85108960599997,26.649811178243027],[-111.84986894199996,26.650171666243033],[-111.84948703899994,26.655461208242937],[-111.85084095199996,26.656609298242877],[-111.84944682599998,26.6562925922429],[-111.84926717599996,26.6612218832428],[-111.85049259899995,26.662563899242805],[-111.849400426,26.663734594242754],[-111.85149673099994,26.663846428242763],[-111.85225102099997,26.66564768024273],[-111.85209480999998,26.673577839242586],[-111.86034737499996,26.685670964242316],[-111.86300463899995,26.693348781242186],[-111.87236341499995,26.698939790242065],[-111.876747154,26.704892825241952],[-111.87799524299999,26.70305103324199],[-111.87629505799998,26.698614855242095],[-111.88273197599996,26.69963005224209],[-111.88246787499997,26.701897044242028],[-111.88522757399994,26.704402140241974],[-111.88634354099997,26.70842342924187],[-111.88433051699997,26.710676779241826],[-111.89086387799996,26.710273990241856],[-111.89265738799998,26.711614501241804],[-111.89119129199999,26.71333112224178],[-111.895796025,26.713534804241792],[-111.89809553599999,26.71589332624175],[-111.90243662499995,26.713242130241827],[-111.90653310500001,26.715920927241743],[-111.90912969199996,26.71996006224165],[-111.90739863399995,26.725887895241566],[-111.90272973999998,26.72558690824157],[-111.90344681899997,26.727979519241526],[-111.90571953299997,26.72762729624149],[-111.90726023399998,26.73116674424144],[-111.90649404799996,26.733132179241384],[-111.90317945799995,26.7332737572414],[-111.902961738,26.735649649241342],[-111.89988476599996,26.73831827724131],[-111.90123900799995,26.74202660424121],[-111.89857487299997,26.74423242724116],[-111.89700356699996,26.743425727241178],[-111.89102603299995,26.748858099241108],[-111.89122623599997,26.751563484241068],[-111.89649912199997,26.750878199241036],[-111.897539807,26.753009069241042],[-111.89463448599999,26.7586412532409],[-111.889691155,26.760689969240858],[-111.89133179399995,26.763285961240822],[-111.88339023299994,26.76559183524077],[-111.87945967699996,26.757098483240927],[-111.87650581399998,26.755827851240937],[-111.87814811799996,26.762102323240853],[-111.87637696699994,26.768597418240713],[-111.87367627799995,26.772138056240657],[-111.87462568299999,26.776273560240533],[-111.86369705699997,26.781555963240468],[-111.86167165999997,26.784156238240378],[-111.86282230799998,26.78842875924031],[-111.861037712,26.792748432240227],[-111.86459032599998,26.80145995624009],[-111.863008461,26.805473631239966],[-111.86587737699995,26.81163048623988],[-111.87246562799999,26.818519502239738],[-111.87133954899997,26.82779571223956],[-111.87248573499996,26.831740977239452],[-111.88134684799996,26.837554476239326],[-111.88791089299997,26.83919622723932],[-111.88948371599999,26.842452519239263],[-111.89443180499995,26.84301446923928],[-111.897786845,26.849341455239127],[-111.90210080799994,26.853167629239035],[-111.91189511599998,26.85784116423894],[-111.91239506999995,26.87356427323865],[-111.91481541999998,26.874618169238673],[-111.91582720499997,26.877417096238567],[-111.91905946499999,26.87662140523858],[-111.92627993899998,26.878517597238538],[-111.93739202199998,26.883295555238483],[-111.94011734099996,26.886306342238413],[-111.94899427399999,26.890743268238314],[-111.95349449199996,26.89917788323815],[-111.97303303899999,26.897085543238198],[-111.97959083399998,26.890532508238316],[-111.98252232999994,26.888659872238364],[-111.97369690899995,26.897506708238165],[-111.95656399699999,26.90378214023809],[-111.95516249499998,26.9027494532381],[-111.95617138399996,26.902092723238116],[-111.95248944099995,26.901240467238097],[-111.956984886,26.90533780323804],[-111.955901994,26.907750814237993],[-111.95729064699998,26.912297488237886],[-111.95586729299998,26.914166000237884],[-111.95860605299998,26.912975793237877],[-111.96372665299998,26.915012612237845],[-111.97009171099997,26.923000463237685],[-111.97000129199995,26.926707663237632],[-111.97444184199999,26.930491958237543],[-111.97596612399997,26.936610623237417],[-111.98614976599998,26.940659494237334],[-111.99390154999998,26.94870923023722],[-112.00122553099999,26.95171211023715],[-112.00755727599994,26.95753227223701],[-112.014877448,26.97469567723669],[-112.01578202299999,26.98811825323642],[-112.01453042699995,27.004036848236115],[-112.01046154899996,27.023505598235726],[-112.00645453599998,27.03304723623558],[-112.00275828199995,27.035512596235513],[-111.99896125699998,27.042954360235388],[-111.98853247599999,27.056052301235134],[-111.97359945399995,27.06813175423486],[-111.96803794,27.06978268423488],[-111.96089836699997,27.068019027234882],[-111.95832355299997,27.06482928523498],[-111.94837930899996,27.070465753234853],[-111.94595368699999,27.069861370234875],[-111.94506543399996,27.071997174234806],[-111.94697423699995,27.071233367234818],[-111.94833211699995,27.073909943234764],[-111.94743505999998,27.07758383123473],[-111.94424348899999,27.07927967323471],[-111.94781416699999,27.079036075234654],[-111.94836382299998,27.081065756234622],[-111.95029844399994,27.080413070234663],[-111.953031136,27.08311316323461],[-111.95424466099998,27.08795227323449],[-111.95222354699996,27.094938608234376],[-111.95353129799997,27.096463367234342],[-111.96492415799997,27.094722553234373],[-111.97270150499999,27.09775680223431],[-111.98376599899997,27.095921048234334],[-111.99276987899998,27.09647308323432],[-112.003905961,27.11074014423405],[-112.00808905399998,27.11381321723404],[-112.00920026099999,27.116811338233937],[-112.01718812699995,27.11806278123392],[-112.01922661099998,27.120237132233882],[-112.03376104999997,27.12079350923388],[-112.04386754799998,27.123709479233835],[-112.055125349,27.123088361233812],[-112.06721861999995,27.128331549233717],[-112.07065466399997,27.134016749233627],[-112.08673172999994,27.130819468233703],[-112.09752020599997,27.133119217233638],[-112.10227555899996,27.13654207123358],[-112.10586616499995,27.13686091923358],[-112.10725458099995,27.139794794233527],[-112.112222896,27.14045152623349],[-112.11396651699994,27.143073168233453],[-112.11287719999996,27.144231014233434],[-112.11383231499998,27.146653781233372],[-112.11881133799994,27.147770224233355],[-112.11920091399999,27.15114427423328],[-112.128272371,27.154596396233217],[-112.131945783,27.15820699123313],[-112.13403304599996,27.157711587233166],[-112.13593471099996,27.159534730233148],[-112.14345333199998,27.161356524233085],[-112.15771875599995,27.161877369233114],[-112.15925838299995,27.16417635123302],[-112.16510365099998,27.16511129423301],[-112.16770559199996,27.167744763233003],[-112.16683470899994,27.171944511232873],[-112.16994073799998,27.173747667232842],[-112.174982221,27.180538054232752],[-112.18601102299999,27.188213005232615],[-112.19099123499996,27.194701795232472],[-112.20280525899994,27.20201150023234],[-112.21292244899996,27.204343114232255],[-112.21447385899997,27.208124077232185],[-112.21330078399996,27.208105041232216],[-112.21566596799994,27.210589199232185],[-112.21228055299997,27.220793834231962],[-112.21637917499999,27.224035255231886],[-112.21313358999998,27.224282719231915],[-112.21099114999998,27.22104082923196],[-112.20685006499997,27.229716496231763],[-112.20505881599996,27.22844099523184],[-112.20327492499997,27.22990090423181],[-112.20212088599999,27.236378987231678],[-112.19805200799999,27.241460326231554],[-112.19969740499995,27.242331208231544],[-112.19951180699998,27.24585043123148],[-112.20718374799998,27.2493092952314],[-112.20169972199996,27.247592197231455],[-112.19895501299999,27.251015051231413],[-112.19611750599995,27.2506438562314],[-112.19369759399996,27.24358756423151],[-112.19520676699995,27.2297771722318],[-112.199552258,27.224753535231876],[-112.20255811199996,27.21409949923207],[-112.204521168,27.212026988232118],[-112.20305066099998,27.211572511232117],[-112.20445216299998,27.2070562942322],[-112.202393929,27.211427840232133],[-112.19930229599998,27.22447466223186],[-112.19569384299996,27.22818305223183],[-112.193595158,27.234439845231698],[-112.19344168299995,27.24425155223149],[-112.19499071199999,27.249965828231424],[-112.19554750599997,27.25068680523136],[-112.20378163099997,27.254577224231312],[-112.21266891799996,27.26543113523114],[-112.21721892299996,27.280866603230805],[-112.22573858299997,27.288447566230666],[-112.23127082999997,27.29621055823049],[-112.23454853799996,27.314934536230172],[-112.24131712599996,27.325797368229946],[-112.24278346899996,27.32650823222992],[-112.24148071399998,27.32527388622995],[-112.24172370699995,27.31906200523005],[-112.24385629899996,27.317425531230136],[-112.24199317999995,27.319377878230085],[-112.24347827099996,27.325636159229955],[-112.25319836899996,27.327832402229923],[-112.26229061799995,27.333268875229802],[-112.263444328,27.3357536272298],[-112.26195478599999,27.33764291922975],[-112.26360851,27.33670303222974],[-112.26603793999999,27.340981304229683],[-112.26297795299998,27.341492887229677],[-112.26048665799999,27.338125950229724],[-112.26295415899995,27.341892638229634],[-112.26847450799994,27.345104910229626],[-112.270325126,27.351336572229446],[-112.27015202799998,27.357570905229334],[-112.28692484899996,27.364366646229225],[-112.29166235699996,27.36956100922912],[-112.28969000399997,27.371832499229072],[-112.28605488899996,27.372680085229067],[-112.28699775199999,27.373625921229028],[-112.29108700299997,27.371831967229067],[-112.29496552399996,27.378501596228926],[-112.302218058,27.38391299822888],[-112.30404723199996,27.39487690122868],[-112.298807421,27.40040938622851],[-112.29791988199999,27.404152278228498],[-112.30161952599997,27.4078129702284],[-112.30596721899998,27.419309444228197],[-112.310757074,27.4234306712281],[-112.31509721099998,27.424265862228115],[-112.31797873799997,27.42894150322803],[-112.317460016,27.43524707422789],[-112.31562561599998,27.435553689227888],[-112.312070701,27.432938662227947],[-112.32168203699997,27.443267595227724],[-112.32195329499996,27.453346991227527],[-112.32090157399995,27.455664586227503],[-112.31922690899997,27.455263409227488],[-112.318209213,27.458364799227404],[-112.31966472999994,27.459297072227443],[-112.31813711599995,27.460843721227395],[-112.31988839899998,27.461338649227407],[-112.32428962399996,27.47074111722719],[-112.32319316899998,27.47298471122714],[-112.32518620499998,27.476966263227087],[-112.32538607999999,27.48205117122702],[-112.32368333799997,27.493243204226783],[-112.32438004399995,27.498616979226703],[-112.32746858399997,27.501273409226656],[-112.32973168999996,27.50892944422647],[-112.33127346099997,27.514977439226378],[-112.33010871499994,27.517611502226337],[-112.33758307799998,27.518900218226293],[-112.35554252399999,27.534485372226015],[-112.35733901699996,27.548726446225725],[-112.360277651,27.552593070225658],[-112.36417996699998,27.5562098512256],[-112.369746954,27.557944430225575],[-112.37202695399999,27.563028387225494],[-112.39170567699996,27.570292915225306],[-112.40224430999996,27.58177500422512],[-112.41238676299999,27.58348524222507],[-112.41876484399997,27.59054529522497],[-112.42356540699996,27.59209194522492],[-112.43646393399996,27.590415422224932],[-112.44192889699998,27.591925383224897],[-112.44668924199999,27.597570074224837],[-112.45015158499996,27.598683850224795],[-112.46148088899999,27.59698668422484],[-112.46779191299999,27.59923041722478],[-112.47016542600001,27.603671681224682],[-112.47480358999998,27.606580497224627],[-112.47431639599995,27.612564604224534],[-112.48009182299997,27.61434444122451],[-112.48051546399996,27.617673581224455],[-112.48747348399996,27.62108929822439],[-112.50019609499999,27.623613014224325],[-112.50552775299997,27.628213702224222],[-112.51821250999996,27.629822423224233],[-112.53001701799997,27.638038357224083],[-112.54088901299998,27.63821384222409],[-112.54578614199994,27.641627338223962],[-112.55289977899997,27.641212360223985],[-112.56081022399997,27.64507783622391],[-112.57318431399996,27.642456662224003],[-112.57889501999996,27.645828358223934],[-112.58390902099997,27.646107707223898],[-112.59537992599996,27.650484011223824],[-112.60017596799997,27.65650975822372],[-112.60025346199997,27.661500848223614],[-112.59807823499995,27.66473888622356],[-112.60163076999999,27.66893625622348],[-112.60518843899996,27.667633640223528],[-112.60263966199994,27.66916468422348],[-112.61582060699999,27.67366702122341],[-112.62324452499996,27.678187997223308],[-112.62519211399997,27.68254693122321],[-112.623346842,27.687561645223145],[-112.62899235099997,27.68940531122313],[-112.633706658,27.694818585223004],[-112.63688026399996,27.70045493322288],[-112.63715985099999,27.70484801322281],[-112.64169293999998,27.7016379222229],[-112.64319913899999,27.695322833222964],[-112.642335394,27.702839550222865],[-112.63806702000001,27.706115076222783],[-112.64199907999996,27.70725007922277],[-112.64409181599997,27.710368363222685],[-112.65309093699996,27.70806988322276],[-112.66111804899998,27.709440452222747],[-112.66387322699995,27.7153910082226],[-112.66935169799997,27.71587832222258],[-112.67598442999999,27.72162927922251],[-112.680579406,27.730733644222315],[-112.68387479799998,27.734396870222273],[-112.68743748299995,27.735738771222227],[-112.69333553699995,27.74443705522206],[-112.70115840299997,27.75140812322197],[-112.70368264499996,27.755271635221856],[-112.70457054999997,27.76111989322175],[-112.70784706799999,27.764628408221707],[-112.70616815599999,27.776086472221518],[-112.708051701,27.778632726221446],[-112.70716585099996,27.779399132221396],[-112.70908989699996,27.781383547221406],[-112.71109741099997,27.780964598221413],[-112.71600385999994,27.785923394221292],[-112.71536140499995,27.79272865322115],[-112.717087704,27.79818356722109],[-112.71370343199999,27.80585783822093],[-112.72096987999998,27.819038139220673],[-112.71969310599997,27.825477550220572],[-112.72389261599994,27.826540767220525],[-112.72469687399996,27.82339274022064],[-112.72831365499998,27.82307627222058],[-112.73547583199996,27.826696622220524],[-112.73987664499998,27.831139076220452],[-112.742778398,27.837995493220326],[-112.760014024,27.847775077220142],[-112.76417570099994,27.85507764322003],[-112.76899411000001,27.85812930221996],[-112.77159961999996,27.863154724219882],[-112.771909544,27.8725809582197],[-112.76827253799996,27.879376104219574],[-112.76778950799996,27.889514987219354],[-112.76530059099997,27.892601148219295],[-112.76199314099995,27.892472657219308],[-112.76132927099998,27.89673189321923],[-112.76201217499995,27.901505091219146],[-112.76582883199995,27.903998767219115],[-112.76500077899999,27.906873155219085],[-112.76221442999997,27.90765361921907],[-112.76130865399995,27.912295779218987],[-112.76261179999995,27.91461592221891],[-112.76182446199999,27.920621275218842],[-112.76383484299998,27.92246100421877],[-112.76363496899995,27.92871422821864],[-112.76481294599995,27.934205380218522],[-112.76707804899996,27.936204771218524],[-112.76688531199994,27.939357557218447],[-112.76098186999997,27.95766988921811],[-112.75696058099999,27.962459744218023],[-112.75631574699997,27.967544652217953],[-112.761769471,27.98508841821764],[-112.76150059199995,27.994423044217474],[-112.76477819599995,28.000000000217327]]],[[[-109.894681817,22.875314422323633],[-109.89424614299998,22.8749402313236],[-109.89419212999996,22.87546355832358],[-109.894681817,22.875314422323633]]],[[[-109.89295078299995,22.8759023643236],[-109.89334558999998,22.87633799232359],[-109.89330692399994,22.875727425323586],[-109.89295078299995,22.8759023643236]]],[[[-110.14855274499998,24.251913541292808],[-110.14913028399998,24.252548154292782],[-110.14960533099998,24.251951899292777],[-110.14855274499998,24.251913541292808]]],[[[-110.33726903499996,24.288373085291965],[-110.33961027099997,24.289079669291965],[-110.34151174799996,24.285902769292058],[-110.33726903499996,24.288373085291965]]],[[[-109.80249738399999,24.136711319295326],[-109.79915584799994,24.15461377729491],[-109.79985336299997,24.157962861294813],[-109.808271662,24.170356966294552],[-109.80978007,24.18210922729432],[-109.81973783799998,24.204805712293798],[-109.83202284099998,24.21927095229348],[-109.84248724099996,24.22723871829334],[-109.84649860199994,24.234421593293145],[-109.84723354199997,24.239672962293035],[-109.85143870599997,24.242376074292977],[-109.85502138699998,24.24785857129285],[-109.85754684199998,24.258315742292627],[-109.86355148099996,24.262720568292558],[-109.869773577,24.270422655292375],[-109.87323471599996,24.280104841292182],[-109.88218764399996,24.292096586291922],[-109.88270989999995,24.298583218291746],[-109.88980971899998,24.31283152329145],[-109.901005592,24.32513163429118],[-109.908152504,24.340740988290833],[-109.91832676499996,24.350998347290652],[-109.922377107,24.365521565290305],[-109.93077116699999,24.3758490162901],[-109.93425028599995,24.37592997529011],[-109.93320484299996,24.37347978829013],[-109.93518299299996,24.368021058290264],[-109.93391953099996,24.3627585172904],[-109.93741096999997,24.35106783929062],[-109.939471095,24.324976416291214],[-109.91829276199996,24.290932007291914],[-109.91823212199995,24.283317122292114],[-109.92331941999998,24.271488964292363],[-109.92195505299999,24.260361495292585],[-109.91803222099999,24.247856492292843],[-109.91430038299995,24.242507400293],[-109.90395049499996,24.21148616829368],[-109.89899373199995,24.204083527293843],[-109.89950949699995,24.200026348293907],[-109.89637232899999,24.195900032294002],[-109.89317794199998,24.18683254529421],[-109.88752690399998,24.18130994729431],[-109.88635739399996,24.17774943829438],[-109.87764043,24.1699176752946],[-109.87772555799997,24.167137732294645],[-109.87186649599994,24.15954919229478],[-109.87363013299995,24.15298130429493],[-109.86761654899999,24.151739226294985],[-109.86366235099996,24.14745182429509],[-109.84967739899997,24.14785331729506],[-109.83133065999999,24.144223443295115],[-109.82570280299996,24.14169850229519],[-109.81803977699997,24.142823458295165],[-109.80249738399999,24.136711319295326]]],[[[-111.60389443399998,24.375520942290073],[-111.61881841299999,24.378144298290024],[-111.64205384999997,24.368808482290262],[-111.64468553399998,24.365685440290296],[-111.64744213899996,24.370832214290214],[-111.64885791899998,24.370632339290193],[-111.650459432,24.37520768829008],[-111.654944716,24.375409942290062],[-111.67010293599998,24.359406042290427],[-111.666593978,24.354419719290583],[-111.663281768,24.35339179229059],[-111.60621668599998,24.366983455290303],[-111.59069070299995,24.368518208290247],[-111.57859039799997,24.367602422290265],[-111.55610523699995,24.363985335290337],[-111.52376836199994,24.356168805290498],[-111.44381913399998,24.32412066429123],[-111.43972170199999,24.323806575291208],[-111.437937106,24.325491233291164],[-111.44113510199998,24.327989667291117],[-111.45033234899996,24.329716318291105],[-111.47305795099999,24.3393396962909],[-111.476640859,24.339293648290894],[-111.48312307099997,24.343779771290787],[-111.48990453500001,24.345307384290773],[-111.495612302,24.350461648290654],[-111.49804411099996,24.35009521129064],[-111.49975137399998,24.3522605212906],[-111.50402740199996,24.353197673290598],[-111.50618900599994,24.355816625290505],[-111.51379508899998,24.356671686290532],[-111.51685269599996,24.359431861290464],[-111.51501680599996,24.359264464290423],[-111.51864255899996,24.360701440290427],[-111.51750704799997,24.36101420329043],[-111.52746509199996,24.361787527290378],[-111.53193847899996,24.366415579290262],[-111.54398198499996,24.367042922290263],[-111.54835675999999,24.365558973290323],[-111.55326783199996,24.367909046290276],[-111.55629926499995,24.367367719290282],[-111.56437753499996,24.37537103629009],[-111.569057935,24.376320441290098],[-111.57974185099994,24.37257838329017],[-111.58005104499995,24.374113491290125],[-111.58674684799998,24.377503033290026],[-111.60389443399998,24.375520942290073]]],[[[-110.38467767699996,24.456814460288356],[-110.38294904699997,24.457610625288343],[-110.384882496,24.457120128288306],[-110.38467767699996,24.456814460288356]]],[[[-110.38208643399999,24.4663762462881],[-110.38663887599995,24.46646395628811],[-110.38851203899999,24.465469008288157],[-110.38208643399999,24.4663762462881]]],[[[-110.39815167799999,24.485873544287717],[-110.40263015499994,24.486116905287712],[-110.40508583499997,24.483392689287786],[-110.40921219999997,24.482078680287813],[-110.40847186799999,24.47988708828783],[-110.40179149199997,24.481671506287796],[-110.39815167799999,24.485873544287717]]],[[[-110.34652206999999,24.530110069286728],[-110.36183066099994,24.5334778262867],[-110.36660340299996,24.529366133286768],[-110.37050845799996,24.53088065928672],[-110.37092342499994,24.5278382562868],[-110.37664576899999,24.52620109628685],[-110.382519206,24.522248229286927],[-110.39206996399997,24.52231078828694],[-110.39944472799999,24.51853859828702],[-110.38762448699998,24.516125054287034],[-110.39729110799999,24.50983677028717],[-110.38509498099995,24.509404286287193],[-110.38040194599996,24.50713908928726],[-110.38718833899999,24.50037574328739],[-110.39325469399995,24.49733075028746],[-110.38928380899996,24.497709011287423],[-110.39136343999996,24.49371150128754],[-110.38494750899997,24.494243091287505],[-110.39085940399997,24.490494285287607],[-110.38505612599995,24.49157834328759],[-110.38287551199994,24.488693819287626],[-110.389289681,24.48170419428783],[-110.38592105499998,24.479061494287844],[-110.38515777999999,24.476175332287937],[-110.386494601,24.474690111287973],[-110.38156606099994,24.475645739287934],[-110.37319291899998,24.480429173287824],[-110.36347857299995,24.481510846287797],[-110.36320311099996,24.479394317287852],[-110.37030377999999,24.476253625287935],[-110.37597300899995,24.470796659288062],[-110.37651697899999,24.467505807288113],[-110.37434996699996,24.466720702288143],[-110.36950449599999,24.46997823028803],[-110.35639688199996,24.469022325288083],[-110.36329809099999,24.463836662288195],[-110.36824016999999,24.463029813288195],[-110.36816192599997,24.46031418628826],[-110.37118563599995,24.457422008288297],[-110.35589329799996,24.459058482288267],[-110.35450815599995,24.456508296288327],[-110.37211398699998,24.449228430288496],[-110.37859694299999,24.448973346288504],[-110.37763991099996,24.447347885288536],[-110.37151339499998,24.446114448288554],[-110.37615565299997,24.441088236288657],[-110.37125929599996,24.440744943288706],[-110.37120415599999,24.442532313288655],[-110.36654447499996,24.44321744128862],[-110.36788312299996,24.440386535288695],[-110.37166836499996,24.43794713328876],[-110.37205337099999,24.4402084272887],[-110.372720229,24.43564854728881],[-110.370483725,24.42894084128892],[-110.36651162299997,24.431817401288864],[-110.36804297099997,24.43312740228886],[-110.36715420499996,24.434820590288826],[-110.36269558799997,24.43704944728876],[-110.35704579199995,24.43652188028876],[-110.34963003299998,24.43335598928884],[-110.34694396999998,24.43077226928888],[-110.35437194499997,24.419358775289115],[-110.354646367,24.415047480289235],[-110.353048033,24.414565908289244],[-110.34936269999997,24.418131913289194],[-110.34488903499995,24.41473512428924],[-110.34885123199997,24.412582905289305],[-110.34850082299994,24.40936786928935],[-110.351961099,24.407754870289413],[-110.351583432,24.40539988128944],[-110.34857955899999,24.40403364128948],[-110.34812134799995,24.40128703028952],[-110.338985875,24.40498658028946],[-110.32763796699999,24.402443825289485],[-110.32569525999997,24.403748328289492],[-110.32487671699994,24.41124608228931],[-110.31834925699997,24.420623357289127],[-110.31530043499998,24.423169629289088],[-110.30804681299998,24.42525789028903],[-110.31338418399999,24.44021635328868],[-110.31215775099999,24.449071862288484],[-110.30955359499995,24.454633625288373],[-110.30787965099995,24.456209481288372],[-110.29378245399995,24.458708163288275],[-110.29442389999997,24.46117956728823],[-110.29212178399996,24.463163339288194],[-110.289112306,24.472853310287988],[-110.29232981099996,24.47738457228789],[-110.29565946999999,24.476715868287876],[-110.29940279699997,24.47815654628785],[-110.30647450799995,24.48719015928768],[-110.30709224699997,24.48975836928763],[-110.30345761799998,24.4920517822876],[-110.30223638299998,24.494809975287513],[-110.30388730799997,24.497721630287444],[-110.303354846,24.501085489287377],[-110.305500071,24.503551514287302],[-110.30907057099995,24.503526636287322],[-110.31150844099994,24.500609623287374],[-110.31793395499996,24.500629375287403],[-110.32136406499997,24.502330528287366],[-110.32643443399996,24.50711451028725],[-110.33574960399996,24.52352951628689],[-110.34267338699999,24.526544585286832],[-110.34652206999999,24.530110069286728]]],[[[-110.38660325999996,24.58890465728548],[-110.39499131399998,24.592055636285416],[-110.39816805499999,24.591444976285413],[-110.39857671699997,24.588267951285466],[-110.40187826299996,24.58558415728558],[-110.400413346,24.58254487428562],[-110.39599154099994,24.58079001328568],[-110.40128725099999,24.58020406128568],[-110.40348668699994,24.57721316028572],[-110.41037823099998,24.573900896285803],[-110.41448944399997,24.56832801728592],[-110.41553926599995,24.56487803528599],[-110.41417545099996,24.564626992286],[-110.40575896599996,24.568857081285884],[-110.40571947699999,24.566267974285985],[-110.400998943,24.565578024285973],[-110.402622792,24.56146931728605],[-110.39236145699999,24.56329616828605],[-110.39691732799999,24.55709142128616],[-110.40546418899999,24.553988360286237],[-110.41148142299994,24.553850761286213],[-110.40948897099997,24.55191627528628],[-110.40598060999997,24.553395240286232],[-110.40664857399999,24.552068601286315],[-110.40405778699996,24.552304821286278],[-110.409866847,24.547590630286383],[-110.40716924399999,24.546455779286376],[-110.40835524699999,24.544593673286446],[-110.406594908,24.54481460228646],[-110.389939627,24.552169846286297],[-110.38312292399996,24.557012327286166],[-110.37491930099999,24.551586919286265],[-110.37733985699998,24.54979622228631],[-110.38277107799998,24.549553525286345],[-110.39906495499997,24.536348447286628],[-110.39675327099997,24.535910789286632],[-110.38904351999997,24.538988337286536],[-110.39333869699999,24.532832058286687],[-110.38452112899996,24.531406255286704],[-110.38168610199995,24.539058413286575],[-110.37804699699996,24.54009451128653],[-110.37525294199999,24.534640274286673],[-110.369453498,24.53461574828667],[-110.36793632399997,24.53074122628677],[-110.36615944899997,24.537211796286595],[-110.36077898399999,24.542995214286503],[-110.361305191,24.554016258286218],[-110.36396772399996,24.556334495286166],[-110.36726019699996,24.55615320128622],[-110.36769362999998,24.562546808286026],[-110.36993651799997,24.562196857286057],[-110.37265137699997,24.56621536528597],[-110.37979226199998,24.57010824028591],[-110.38126363499998,24.572905698285833],[-110.37974194899999,24.57805541928572],[-110.38123166999998,24.583771621285578],[-110.38660325999996,24.58890465728548]]],[[[-110.40123379099998,24.599112233285293],[-110.40439806799998,24.597799022285283],[-110.39952983199998,24.5988090262853],[-110.40123379099998,24.599112233285293]]],[[[-111.99152009999996,24.525538862286865],[-111.99507620499999,24.523440177286894],[-111.99885716799997,24.517901981287036],[-112.00270475699996,24.518043559286983],[-112.00631915799994,24.515553453287055],[-112.00484508199997,24.511231163287142],[-112.00063105599999,24.51073980428719],[-111.99631709399995,24.506267607287253],[-111.98711931099996,24.504913962287283],[-111.98125049799995,24.500760258287386],[-111.972517876,24.498583051287458],[-111.96804449099994,24.495228011287487],[-111.95050414099997,24.489961161287614],[-111.93786102699994,24.480951245287837],[-111.93499377599994,24.475442793287936],[-111.92657048399997,24.46979157328806],[-111.92712712599997,24.468907690288056],[-111.92303698499995,24.469839162288075],[-111.918480317,24.46768575028808],[-111.91548818299998,24.46428658728817],[-111.91581532099998,24.46248662828823],[-111.90912903499998,24.457156635288307],[-111.90360020599996,24.45648214428835],[-111.89667121499997,24.45217651028845],[-111.89520918799998,24.448888008288485],[-111.89328182499997,24.44945907928849],[-111.88490770799996,24.445428272288588],[-111.86714741199995,24.434083002288844],[-111.81334863399998,24.393214220289714],[-111.74579981999996,24.348255059290675],[-111.73945154999996,24.341827519290806],[-111.74019448499998,24.34018079329087],[-111.73679999999997,24.3395999992909],[-111.73209999999995,24.332199999291042],[-111.72529999999995,24.327899999291144],[-111.72482892099998,24.324972904291187],[-111.71729197799999,24.317027883291352],[-111.71585121499999,24.31158129729151],[-111.71192034499995,24.308658129291523],[-111.71233675099995,24.305410165291622],[-111.71032967499997,24.30481886929166],[-111.71009710799997,24.3194367802913],[-111.70297971499997,24.324761886291167],[-111.70286768599999,24.3304528022911],[-111.697087975,24.339280603290902],[-111.69476443099995,24.346076343290726],[-111.69492266499998,24.351431320290626],[-111.700086291,24.35544741529055],[-111.70006725499998,24.358988053290478],[-111.694889548,24.369419610290244],[-111.68443895499996,24.379717918289973],[-111.68738948699996,24.381507272289983],[-111.69209130199994,24.379794060289996],[-111.69374740599996,24.378423491290008],[-111.69188190899996,24.379337204290028],[-111.69070169599996,24.377357492290027],[-111.68952148399997,24.379717918289987],[-111.68810193999997,24.378972392289995],[-111.69184959100001,24.373750665290117],[-111.69660494399996,24.37059431029021],[-111.701076146,24.357160627290483],[-111.70299875099995,24.356418235290484],[-111.70589911899998,24.360475652290415],[-111.70340068499998,24.36435655329032],[-111.70383374699998,24.365397567290305],[-111.70430368999996,24.36785911929025],[-111.70417876899995,24.368916790290246],[-111.70238822399996,24.364169765290328],[-111.70086802299994,24.367978450290256],[-111.70525845899999,24.370072138290222],[-111.703662426,24.370690678290217],[-111.70350419099998,24.374679844290128],[-111.70790646799999,24.37610193029009],[-111.70903433299998,24.38174125328999],[-111.70562218599999,24.37568790429011],[-111.70350922499995,24.3766730012901],[-111.70485124099999,24.3763018052901],[-111.70595055199999,24.381084521289964],[-111.71064760799999,24.386366925289867],[-111.72313977799998,24.39411920928968],[-111.72594012899998,24.401138261289567],[-111.733035682,24.405502192289468],[-111.73520364499997,24.414263726289256],[-111.74182806499999,24.4174046142892],[-111.74258473299994,24.42006009328915],[-111.74012912899997,24.42552809428902],[-111.74951701899994,24.434275824288815],[-111.74998009799998,24.442003482288666],[-111.76952114699998,24.456553528288364],[-111.77276911199999,24.45708652728832],[-111.78074744399999,24.46254977028821],[-111.79216794199999,24.463275863288175],[-111.79736430799994,24.46148944128826],[-111.80350817899995,24.465356344288136],[-111.81908175099996,24.46719685728809],[-111.82208819999994,24.47276003728799],[-111.82140529499999,24.47544169028796],[-111.81893184499995,24.474317394287976],[-111.82129702900001,24.478839560287835],[-111.82875929299996,24.479622760287825],[-111.83017269299995,24.482820756287786],[-111.83382251199998,24.485302176287725],[-111.83669571099996,24.49609541128748],[-111.84355002299999,24.50412169128733],[-111.84976252099995,24.50801294228722],[-111.84451580999996,24.509237174287215],[-111.84543190199999,24.508087895287247],[-111.84357473299997,24.507813067287255],[-111.83935237899999,24.50979515828722],[-111.84193674799998,24.5134586962871],[-111.84307504599998,24.510453079287174],[-111.84990409899996,24.508520956287192],[-111.854759389,24.510103298287166],[-111.86285431599998,24.519130973286998],[-111.86855605199997,24.52124979728693],[-111.88167164199996,24.518518175286996],[-111.88815329299997,24.51918442528698],[-111.89806612799998,24.51596025528704],[-111.92745485100001,24.51952230828696],[-111.93432197499999,24.517880480287033],[-111.94794914799996,24.519893504286937],[-111.96625196199996,24.518051801287026],[-111.97632422099998,24.519508031286957],[-111.98361196199996,24.524119513286895],[-111.99152009999996,24.525538862286865]]],[[[-110.56860370199996,24.828979832280357],[-110.56613237799996,24.842344103280077],[-110.570270877,24.84361196728005],[-110.57642415299996,24.838708377280124],[-110.581069675,24.838346843280146],[-110.58693146199995,24.82820446828038],[-110.58522287699998,24.826136017280415],[-110.58263613499997,24.8261748042804],[-110.58209873799997,24.82220335028048],[-110.57629972399998,24.822064101280507],[-110.57694264199995,24.820301789280517],[-110.57156995799994,24.823567209280487],[-110.56763815899996,24.82273191328046],[-110.56498494999994,24.818417448280552],[-110.56605308499998,24.81629008628059],[-110.56774777499999,24.817001412280618],[-110.56832427099994,24.815838616280626],[-110.56523047099996,24.814216182280656],[-110.563043829,24.81560009828064],[-110.560290754,24.8224800012805],[-110.56176692999998,24.825605537280403],[-110.56728590599994,24.826660967280397],[-110.56860370199996,24.828979832280357]]],[[[-110.60541628699997,24.843323904280023],[-110.60526307299996,24.84327868628005],[-110.60522000799995,24.843495197280017],[-110.60541628699997,24.843323904280023]]],[[[-110.58000249199995,24.85298689127983],[-110.58120966499996,24.8531221192798],[-110.58064440299995,24.852188793279822],[-110.58000249199995,24.85298689127983]]],[[[-110.60384393299995,24.874391496279358],[-110.60321893999999,24.87510672527938],[-110.60361786799997,24.87717917727933],[-110.60384393299995,24.874391496279358]]],[[[-110.50963169799998,25.112309963274367],[-110.50943242299996,25.114739923274286],[-110.510960148,25.114985338274284],[-110.51143258199996,25.111512948274342],[-110.50963169799998,25.112309963274367]]],[[[-110.70682121899996,25.105016394274507],[-110.710915082,25.10087970127457],[-110.70957306599996,25.094854905274676],[-110.71242484999999,25.085796297274893],[-110.71268288,25.06523125027534],[-110.71750366699997,25.054361872275578],[-110.71565631299995,25.047171439275715],[-110.716102462,25.039170501275887],[-110.71366708299996,25.03159786627606],[-110.71236789799998,25.0300845292761],[-110.70457278299995,25.030512832276063],[-110.69682763799995,25.02152560827625],[-110.68199407799995,25.020390605276265],[-110.67823215,25.01714977927637],[-110.67379742999998,25.006631372276583],[-110.67306931499996,24.99036418727693],[-110.66519567799999,24.982126493277086],[-110.66296136399995,24.974988110277266],[-110.65949924799999,24.97204709627729],[-110.66020594799996,24.96440188827747],[-110.65524477199995,24.953201765277715],[-110.65558027599997,24.948311972277807],[-110.65392803799995,24.946204067277836],[-110.64805671799996,24.944925107277893],[-110.64280405799997,24.94107394927794],[-110.63520881799997,24.928834002278247],[-110.63630336999996,24.925283846278298],[-110.64149297499995,24.919659990278415],[-110.64164169099996,24.91433594627852],[-110.62401940299998,24.915998000278485],[-110.61755678699996,24.91515091127853],[-110.613045329,24.912978464278535],[-110.61031846599997,24.90992323627862],[-110.61074676899996,24.90791735027865],[-110.59942053499998,24.903762811278735],[-110.586922416,24.894233070278936],[-110.57449687099995,24.888340335279093],[-110.57284166299998,24.886634792279104],[-110.573452386,24.8785516292793],[-110.58369596600001,24.866512746279554],[-110.590555952,24.866362840279557],[-110.58982486299999,24.864991675279565],[-110.58336343599996,24.866187354279518],[-110.57877331299994,24.864628474279606],[-110.57347725199999,24.870180147279452],[-110.56787522699994,24.873096417279406],[-110.55176032799996,24.872326185279434],[-110.53069258,24.877332571279325],[-110.52559339499999,24.882973797279163],[-110.53230159199997,24.887700513279118],[-110.53323003699995,24.892815248278954],[-110.53703241599999,24.89470454027896],[-110.54711846599997,24.908292087278657],[-110.55053312699995,24.915769697278527],[-110.552401354,24.9252889422783],[-110.55692827899998,24.92887835927822],[-110.55797524199994,24.93569789427806],[-110.56064145999996,24.937555478278018],[-110.561468291,24.94129367327798],[-110.57034011099996,24.95413800327771],[-110.57027348599996,24.96423643627749],[-110.56632358099995,24.979731486277128],[-110.56613631699997,24.988250432276985],[-110.56872041199995,24.997387562276792],[-110.57323504199996,25.000583179276685],[-110.57549196099995,25.005026227276634],[-110.57627718299995,25.007700890276567],[-110.57371866799997,25.00953604927653],[-110.57595476599994,25.010062108276493],[-110.57461037099996,25.011144763276477],[-110.57582023199996,25.012394456276425],[-110.574430626,25.014264712276404],[-110.57522774599995,25.016098087276358],[-110.57779994299996,25.015537724276395],[-110.57881359399995,25.017400842276377],[-110.58134058099995,25.01757930227633],[-110.58076951099997,25.01867861327633],[-110.58261121299996,25.0182265152763],[-110.583667694,25.019758888276296],[-110.58262192099994,25.02238918727622],[-110.58859317799994,25.02318412227624],[-110.59023500599994,25.024849745276164],[-110.58924427499996,25.031183603276034],[-110.60071647699999,25.036611829275916],[-110.60323400199997,25.039598834275875],[-110.61279110699996,25.03984272927585],[-110.63519825299994,25.047084618275697],[-110.66913579199996,25.052494928275586],[-110.68132158499999,25.06139627927542],[-110.68900904999998,25.071996990275196],[-110.69257578099996,25.080162015274993],[-110.69425872899997,25.09312480927476],[-110.69826901499995,25.099226950274616],[-110.70682121899996,25.105016394274507]]],[[[-110.86029010699998,25.12872629027403],[-110.86194248099997,25.129402910273985],[-110.86121505199999,25.128029595273993],[-110.86029010699998,25.12872629027403]]],[[[-110.69498349599996,25.203575279272417],[-110.69746587099996,25.20555990527241],[-110.70468082299999,25.19408098627263],[-110.70162571499998,25.19466480927262],[-110.69549070999996,25.199343719272527],[-110.69498349599996,25.203575279272417]]],[[[-110.91657336199997,25.209162453272274],[-110.91601192199994,25.209881937272264],[-110.91712674099995,25.209941194272297],[-110.91657336199997,25.209162453272274]]],[[[-110.92082970399998,25.24662595127152],[-110.92253779099997,25.247618691271516],[-110.92290164299999,25.246753276271512],[-110.92082970399998,25.24662595127152]]],[[[-110.691741817,25.30559032527031],[-110.68925361899996,25.31155734927016],[-110.69894720699996,25.30500104127033],[-110.70919858999997,25.305799834270307],[-110.71615548099999,25.304479733270295],[-110.73154664899994,25.291958574270552],[-110.73565200299998,25.28237205327078],[-110.73515913199998,25.276596088270914],[-110.73016097499999,25.265136480271142],[-110.73018425799997,25.26180890827118],[-110.72667060399999,25.25990640227125],[-110.71964542999997,25.260729677271257],[-110.710841115,25.267414348271064],[-110.70336545699998,25.29039280727059],[-110.691741817,25.30559032527031]]],[[[-115.76560832999996,24.95853488227757],[-115.76610370899999,24.95848293527759],[-115.76591084700001,24.95827265327759],[-115.76560832999996,24.95853488227757]]],[[[-115.76431550599995,24.958995281277577],[-115.764633686,24.95891438627758],[-115.76439209799997,24.958836594277578],[-115.76431550599995,24.958995281277577]]],[[[-115.76476576099998,24.96095906727751],[-115.76500256599996,24.961015467277516],[-115.76493849099994,24.960934863277515],[-115.76476576099998,24.96095906727751]]],[[[-110.95345415199995,25.329412079269797],[-110.95459561199999,25.32853092826983],[-110.95289430099996,25.328586301269834],[-110.95345415199995,25.329412079269797]]],[[[-112.16288212999996,25.100169468274583],[-112.16344543099996,25.106103354274495],[-112.15440409399997,25.143675794273666],[-112.14410780799996,25.162367327273312],[-112.13360474099994,25.194225397272646],[-112.122780806,25.214973510272184],[-112.12464896899996,25.236085728271725],[-112.12336684999997,25.255159754271315],[-112.12744167699998,25.264737085271122],[-112.13556158699998,25.26122738027119],[-112.13922000899998,25.254832579271323],[-112.14463328299996,25.224286248271984],[-112.15891004899999,25.170867348273095],[-112.17901649399994,25.103052710274525],[-112.21679557099999,24.988223237276962],[-112.24320758799996,24.918505029278453],[-112.27925642299999,24.833082379280267],[-112.28968797999994,24.81183557728071],[-112.30145203499997,24.808423430280786],[-112.299960114,24.804533011280853],[-112.30319023099999,24.800656869280967],[-112.30496054999998,24.79399675828109],[-112.29705836000001,24.78993501828117],[-112.29718328199999,24.788514479281208],[-112.28987714699997,24.787129633281236],[-112.286411462,24.780598013281402],[-112.28236756799998,24.780212540281358],[-112.27488654299998,24.774662447281518],[-112.27014665599995,24.758564204281825],[-112.26425986999999,24.75503784328194],[-112.266044465,24.753629202281964],[-112.26142355199994,24.753153309281988],[-112.26003394699995,24.74996483228202],[-112.25878710899997,24.753534023281937],[-112.259719858,24.755161575281907],[-112.25804947599995,24.75595155628192],[-112.25971033999997,24.75878311428182],[-112.25945811699995,24.76797259328166],[-112.26185185499999,24.770975472281606],[-112.26103332099996,24.78162118128134],[-112.26245475099996,24.78654032028128],[-112.25856433199999,24.788931678281173],[-112.26020615999994,24.783727797281284],[-112.25666790199995,24.78599185428128],[-112.25564473399999,24.78481402128127],[-112.24292651499997,24.788133369281194],[-112.22618700599998,24.788680645281204],[-112.21376621999997,24.785706319281243],[-112.18872239299999,24.773630554281542],[-112.17797912599997,24.766872885281664],[-112.15333980799994,24.74481528128213],[-112.14703423599997,24.73778397428231],[-112.13959841999997,24.722412656282636],[-112.13654081299997,24.70573263428298],[-112.13687393799995,24.68730370928336],[-112.14043123099998,24.676025064283596],[-112.14727218199995,24.667804026283783],[-112.15105552499995,24.66673326928383],[-112.15277926099998,24.66981987128376],[-112.16088329399997,24.672995415283673],[-112.16682242899999,24.670796793283735],[-112.16659399999998,24.66468633728383],[-112.16858852799999,24.66109264128391],[-112.16998608499995,24.661377762283948],[-112.16823167399997,24.660638626283912],[-112.17457471299998,24.65261533228409],[-112.17042731199996,24.647511388284215],[-112.15790658799996,24.644399053284314],[-112.15709995099996,24.641615083284332],[-112.15931285,24.639666305284383],[-112.15573651999995,24.638174383284394],[-112.15001153699997,24.62695998328467],[-112.14744171899999,24.625596552284684],[-112.14630737199998,24.620569076284777],[-112.13632725599996,24.619728801284815],[-112.13198711999996,24.617430242284883],[-112.11486041599996,24.599928267285247],[-112.100962833,24.57399701028583],[-112.09913269899994,24.56270905128605],[-112.10194207399996,24.558515257286146],[-112.09702210299999,24.55590379228617],[-112.09626628199999,24.553166885286245],[-112.09468808799994,24.553815446286222],[-112.08942110599999,24.55091418828628],[-112.08856545899995,24.548717661286354],[-112.08720593,24.549063573286357],[-112.08792372299996,24.547757750286383],[-112.08577509799994,24.548955476286334],[-112.08034649399997,24.54521092228644],[-112.07766071299994,24.54560008428642],[-112.07594518599997,24.544211257286477],[-112.07649132799997,24.542525670286516],[-112.07468020899996,24.543775336286462],[-112.07196590599995,24.54182948528648],[-112.06974597799997,24.543476974286442],[-112.06898540299996,24.54090843828654],[-112.06340943599997,24.54199380228646],[-112.06297685899996,24.54054088228654],[-112.05990128299999,24.54131491028649],[-112.05733909599998,24.539580908286542],[-112.05645492699996,24.540519261286512],[-112.06040041099999,24.54514173728641],[-112.05764689099999,24.548525247286335],[-112.05761123899998,24.55548763928618],[-112.06573275499994,24.567822480285955],[-112.07332008699996,24.575009137285782],[-112.07212529699997,24.585499216285562],[-112.07926445699997,24.58547036628553],[-112.08628551599998,24.59553739428536],[-112.09873044499994,24.608152330285066],[-112.10361712099997,24.616287006284878],[-112.11766399299995,24.623858180284746],[-112.134757919,24.630193068284576],[-112.139078527,24.634707823284476],[-112.14086312299997,24.644037690284307],[-112.14375416799999,24.64775678728421],[-112.14377905299995,24.65019490328416],[-112.13818503999994,24.661795607283903],[-112.13650989899998,24.661129358283905],[-112.13266468999996,24.66883881228375],[-112.12454754499998,24.676582718283615],[-112.11598148499998,24.689074888283326],[-112.124297701,24.70542178528298],[-112.13065701999994,24.708531196282948],[-112.13112440599997,24.711134000282872],[-112.12929009699997,24.713928347282767],[-112.13057356799999,24.71245151528283],[-112.129529156,24.71497715628281],[-112.13472589799994,24.735849788282327],[-112.13804524599999,24.73717038828228],[-112.17153766899997,24.765845983281704],[-112.17417916599999,24.772712666281556],[-112.17102428099997,24.77302609728154],[-112.17084609799998,24.775217639281486],[-112.16714534699997,24.773964855281545],[-112.16536987999996,24.77625021528147],[-112.17918144899994,24.791547448281147],[-112.17711363599996,24.792693208281115],[-112.17347713499998,24.791832271281166],[-112.17220079499998,24.79373538728112],[-112.17827003499998,24.795162612281075],[-112.18068863299999,24.79415960728107],[-112.18030211799999,24.795114520281103],[-112.18751093499998,24.79670544228105],[-112.18443060599999,24.799445641280958],[-112.18467779299999,24.800891233280954],[-112.18298551299995,24.79928166228097],[-112.17865023499998,24.797430414281035],[-112.178360265,24.797663440281017],[-112.18840936399995,24.806125430280833],[-112.193605043,24.802966815280893],[-112.19178441599998,24.801145828280948],[-112.19425153199995,24.801542823280908],[-112.19823979799999,24.806470629280813],[-112.19511668599995,24.80842530028079],[-112.18960251699998,24.8072775272808],[-112.18897483099995,24.80834980928077],[-112.19752200499994,24.811368035280694],[-112.20735894599996,24.818576508280543],[-112.20964961299997,24.81755963328061],[-112.21138499399996,24.81935459228057],[-112.21014874099997,24.822947366280463],[-112.21185409299994,24.82225705928047],[-112.21215713399994,24.819738485280556],[-112.21429625199994,24.822968938280493],[-112.21660768699996,24.81988410028056],[-112.21868738499997,24.820741606280528],[-112.21978665399998,24.826307165280394],[-112.22286460599997,24.82875010828035],[-112.21815931899994,24.827599424280393],[-112.21718136099997,24.825343695280434],[-112.21474003399999,24.826385899280396],[-112.21281980899994,24.82408020228045],[-112.20875806899994,24.825379387280417],[-112.20922178999996,24.835976191280174],[-112.21234727799998,24.84068909528011],[-112.21527779199995,24.84165014228006],[-112.214906495,24.84417189128004],[-112.22101486399998,24.843853758280048],[-112.21765763699995,24.845234127280026],[-112.224603233,24.846975204279943],[-112.23210202899999,24.842985088280013],[-112.23077696399999,24.848107511279967],[-112.22289193899998,24.847897226279926],[-112.22497163699995,24.852048937279847],[-112.22321874899995,24.851493586279865],[-112.22299889399996,24.854016907279824],[-112.22131731099995,24.853235114279848],[-112.22085977699999,24.85471782027981],[-112.22277428799998,24.854974461279774],[-112.22291689599997,24.855206300279804],[-112.220231115,24.855368048279782],[-112.22130661499995,24.857670238279752],[-112.218929818,24.85559988727975],[-112.22086096599998,24.852634479279853],[-112.21885257199996,24.85192277027984],[-112.21702243799997,24.854165716279816],[-112.21405797799997,24.853633559279817],[-112.20972032299994,24.856210752279747],[-112.20724845399998,24.86153210727966],[-112.202964276,24.862330021279618],[-112.20326731799999,24.865694142279544],[-112.20528165399998,24.867580049279535],[-112.20408731299995,24.8685460252795],[-112.20556092899996,24.868578372279504],[-112.20656783599999,24.86920132027948],[-112.19549935099997,24.868248980279535],[-112.19377617299996,24.861682525279637],[-112.19198763299994,24.866302801279552],[-112.18581262899994,24.866821448279524],[-112.18341413199994,24.869319883279488],[-112.17822452799999,24.870183627279474],[-112.178866982,24.872553570279386],[-112.17744163299996,24.874195148279384],[-112.18252183399996,24.879506355279258],[-112.18091769899996,24.880701643279256],[-112.18126699199996,24.883133374279197],[-112.18648643899998,24.884763416279153],[-112.19141625900001,24.888536410279094],[-112.19653405499997,24.917005692278497],[-112.19410882699998,24.919196255278443],[-112.19066484799998,24.916680732278508],[-112.18734921599997,24.923147268278303],[-112.184803666,24.921698793278374],[-112.18287845999998,24.923502917278334],[-112.17759484,24.921394870278405],[-112.17874996299997,24.918187466278447],[-112.17783014299995,24.91637679727847],[-112.18055395299996,24.91461137027851],[-112.17701014799997,24.913149861278573],[-112.17628997799994,24.91142965627859],[-112.18226524699998,24.913266265278544],[-112.18521009799997,24.90972882927864],[-112.18026160599999,24.907070835278688],[-112.18000491199996,24.90638530927872],[-112.18024734599999,24.905783853278702],[-112.18061812599996,24.907167843278692],[-112.18270733099996,24.907736955278676],[-112.18134542599995,24.906857417278708],[-112.18352437,24.90590147827873],[-112.18816208099999,24.908836370278657],[-112.18769529899998,24.9119920952786],[-112.19006021199999,24.910434628278633],[-112.19240729999997,24.9110382162786],[-112.19381555199999,24.90892564427866],[-112.19171802799997,24.907815452278676],[-112.19298367299996,24.906635188278685],[-112.19240135799998,24.903579383278775],[-112.19035731199995,24.90447942527871],[-112.18992948799996,24.90430157327874],[-112.191937882,24.90269011427876],[-112.19159324599997,24.898664068278876],[-112.18817659999996,24.898249059278886],[-112.18926992699994,24.897354362278868],[-112.18628704699995,24.894610941278938],[-112.18812312199998,24.89506908027892],[-112.18842616399998,24.893188003278954],[-112.17660159799999,24.887194237279118],[-112.176565946,24.890024064279036],[-112.173975237,24.89288077627901],[-112.17817028399999,24.897990352278896],[-112.17279277999995,24.89776937327889],[-112.17117061599998,24.900356424278808],[-112.17169351099996,24.90302965427879],[-112.16983960899996,24.903568604278746],[-112.16651803499997,24.911717249278563],[-112.17231122,24.917540801278477],[-112.17440042399994,24.917702468278474],[-112.17395833999996,24.919306187278433],[-112.18519966199995,24.931186667278187],[-112.18584139699999,24.936321597278077],[-112.18475995399997,24.937286056278055],[-112.18750400099998,24.938042507277995],[-112.18480569199994,24.93869210027804],[-112.18970488099997,24.95865309127762],[-112.18822413599997,24.958464543277575],[-112.18603349399996,24.9625771302775],[-112.17980551999995,24.96598361927742],[-112.17896532299994,24.968721142277364],[-112.16637067399995,24.970712030277348],[-112.15835915899999,24.967763628277407],[-112.15370947499999,24.97123237027731],[-112.15635782099997,24.973901369277293],[-112.157156425,24.978496975277146],[-112.16286073799996,24.980384291277133],[-112.16369499399998,24.98244608627706],[-112.162012222,24.98528988427702],[-112.16501411699994,24.98863126327696],[-112.16440090299994,24.990066025276906],[-112.15602982299998,24.989193536276954],[-112.15811189699997,24.99265760127687],[-112.15746303199997,24.99460932627682],[-112.16256126199994,24.998596693276767],[-112.16208882299999,25.003683660276604],[-112.16420077999999,25.004142878276607],[-112.16179117999997,25.005750366276622],[-112.16460768399998,25.010402937276474],[-112.16214769899995,25.01009277127651],[-112.16214769899995,25.020030615276287],[-112.16581985099998,25.02171053627625],[-112.16557741799994,25.02461803527619],[-112.17156694699999,25.030490975276077],[-112.17240833299996,25.03644115927593],[-112.17568831299997,25.03589848327594],[-112.17925087099997,25.040096534275847],[-112.17803421199994,25.04314042327581],[-112.176772133,25.040963363275843],[-112.17654395999995,25.04242335427581],[-112.17560274899996,25.041079646275865],[-112.17171668499998,25.041092567275868],[-112.16316734499999,25.05766823427549],[-112.16283221699997,25.06133705827541],[-112.16539915799996,25.061537290275403],[-112.16576993899999,25.063778573275346],[-112.16688940999995,25.062441559275364],[-112.16810157599997,25.06384316327536],[-112.17040469299997,25.063055166275394],[-112.16912835299996,25.064844299275364],[-112.17182364099995,25.06339103427538],[-112.17162398999994,25.066355676275304],[-112.169613219,25.065109114275323],[-112.16451498899995,25.066833629275322],[-112.16244717599994,25.06514140927532],[-112.16417272999996,25.06883584327523],[-112.16363082099998,25.07534604527512],[-112.16726019,25.08203026627498],[-112.165855503,25.082010892275],[-112.16733149399994,25.086802641274897],[-112.16579132899994,25.090638489274813],[-112.16599811099996,25.097534963274637],[-112.16491429099996,25.09979495927461],[-112.16288212999996,25.100169468274583]]],[[[-112.10064537699998,25.48921385026647],[-112.104699978,25.487771897266505],[-112.10704136799995,25.484402580266554],[-112.10352928199995,25.462687619267022],[-112.10422884499998,25.442928574267427],[-112.11639264999997,25.364991709269038],[-112.12429008099997,25.334885578269684],[-112.13904273899999,25.301073437270396],[-112.13954242599999,25.2968855862705],[-112.13780541899997,25.291103496270594],[-112.13373654099998,25.2864159582707],[-112.12036396999999,25.285511762270698],[-112.11838901699997,25.289985149270628],[-112.11933931899996,25.300585742270393],[-112.11785382099998,25.307859248270233],[-112.11215545,25.317194910270057],[-112.10608867499997,25.323049474269936],[-112.10339100999995,25.332088581269723],[-112.10309985199997,25.339762967269593],[-112.10820402399997,25.357344014269177],[-112.103379126,25.36026499226914],[-112.10692649599999,25.367534911268997],[-112.10441303299997,25.365306733269055],[-112.10360492099994,25.368909382268992],[-112.10570244499996,25.37213610426889],[-112.11004009999999,25.37044490426895],[-112.10746127499999,25.372608562268862],[-112.10960039300001,25.374240676268858],[-112.10856054399996,25.382948486268695],[-112.10698426099998,25.382038167268707],[-112.10799011199998,25.38729142026858],[-112.10496563799995,25.39280441226851],[-112.10460317599997,25.404457630268254],[-112.09899987699998,25.41119891426809],[-112.09688452699999,25.423494345267816],[-112.09883350099994,25.42355337726784],[-112.09649829799997,25.42654251626775],[-112.10059827299995,25.44624107326737],[-112.097704363,25.453964515267188],[-112.098399735,25.46092033326704],[-112.09707618499999,25.45990364926708],[-112.10048833199994,25.475294003266736],[-112.09888933399998,25.48571604226651],[-112.09717612199996,25.487500638266532],[-112.10064537699998,25.48921385026647]]],[[[-112.11954652399999,25.49495156626634],[-112.12011842699997,25.495226215266346],[-112.11989950199995,25.494651092266388],[-112.11954652399999,25.49495156626634]]],[[[-112.12040126799998,25.495639854266326],[-112.12032653799997,25.496434501266318],[-112.12073470699994,25.496183234266333],[-112.12040126799998,25.495639854266326]]],[[[-111.12934269599998,25.58663155426445],[-111.13255142299994,25.587835421264458],[-111.13008504899994,25.584313744264477],[-111.12934269599998,25.58663155426445]]],[[[-111.14432416299996,25.585481695264484],[-111.151904662,25.588437936264405],[-111.15301735999998,25.582870551264516],[-111.14854763299996,25.583176691264526],[-111.14432416299996,25.585481695264484]]],[[[-110.77067928699995,25.708123708261965],[-110.77440784199996,25.71400030626184],[-110.77659485,25.712114997261892],[-110.78064107899996,25.712229962261848],[-110.78217562499998,25.706985805261965],[-110.78399010299997,25.70687933126196],[-110.78305736699997,25.704360758262037],[-110.784897152,25.70123949326209],[-110.787920999,25.698869051262182],[-110.78880376099994,25.695854295262215],[-110.79325871099996,25.695662229262187],[-110.79226721599998,25.69292546126229],[-110.79890832099994,25.684744694262452],[-110.79652024999996,25.681950491262494],[-110.800200987,25.680348512262544],[-110.80130636399997,25.66914295826276],[-110.79993455999994,25.6671372822628],[-110.80256663899996,25.660206108262944],[-110.80406042799996,25.660795345262922],[-110.80546917099998,25.65924362226298],[-110.80242250099998,25.65120428326315],[-110.80295702799998,25.648441553263176],[-110.80495041599995,25.647252536263203],[-110.802906072,25.641442726263296],[-110.79858830799998,25.638638988263402],[-110.79828446199997,25.634321306263473],[-110.79238416599999,25.626719986263637],[-110.79319525099999,25.62308083226373],[-110.78919248199999,25.617069670263795],[-110.78926210699997,25.61080462226395],[-110.78628388199998,25.606059705264062],[-110.78006724499996,25.60130959726416],[-110.779972909,25.60399107326413],[-110.77720633499997,25.603056601264104],[-110.77499163799996,25.604634751264072],[-110.75872973699995,25.59365554726434],[-110.760217534,25.597495370264213],[-110.75716086799997,25.601246391264166],[-110.75514139999996,25.601189078264163],[-110.757824143,25.61357283726389],[-110.75678982099998,25.617723953263805],[-110.75866798799996,25.624636271263647],[-110.75738311799995,25.62971790226355],[-110.75989529699997,25.63378483826348],[-110.76009826599994,25.64230973626333],[-110.76174562099999,25.644958143263246],[-110.76110217099995,25.65308350126311],[-110.76445924499997,25.65809168626296],[-110.76946362999998,25.677648473262554],[-110.76306031099995,25.69056031726231],[-110.76964908399998,25.695309632262248],[-110.77067928699995,25.708123708261965]]],[[[-111.03359989299999,25.71352589626187],[-111.04186506099995,25.71284366426185],[-111.04170578699996,25.709797398261905],[-111.044059545,25.70711055626201],[-111.05458344099998,25.707476539262],[-111.05882675399994,25.709058489261956],[-111.059635518,25.70726928026196],[-111.05708480199996,25.696055456262208],[-111.04865964099997,25.68364573026248],[-111.048991028,25.681145506262506],[-111.04547464999996,25.675591554262624],[-111.04678973099999,25.675591137262657],[-111.04790788499997,25.671658725262688],[-111.04691463699999,25.66436878226285],[-111.04297459899999,25.658776024262988],[-111.03977599599996,25.659674194262937],[-111.03733632499997,25.655005139263068],[-111.031764696,25.65305609126307],[-111.03153377699999,25.650702221263156],[-111.02979645699997,25.649778013263163],[-111.02870851399997,25.651794872263086],[-111.02659414,25.651183898263128],[-111.02504052899998,25.658139289262998],[-111.01355203599996,25.669458571262755],[-111.01330987799997,25.67875368926257],[-111.01667493599997,25.686536022262384],[-111.01727868299997,25.69361622126227],[-111.02321883499998,25.6967969722622],[-111.02549891599995,25.69611287226221],[-111.026435377,25.701161653262076],[-111.03183373099996,25.702505266262065],[-111.03437758799998,25.71205395026186],[-111.03359989299999,25.71352589626187]]],[[[-112.08337373999997,25.671824889262698],[-112.09125639899999,25.670669779262703],[-112.09272154999996,25.667936719262787],[-112.08910687999999,25.659529419262963],[-112.08922782999997,25.652275649263093],[-112.08647968999998,25.650586319263144],[-112.08902190999999,25.651319599263157],[-112.08909265999995,25.643541819263284],[-112.08351085999999,25.64878573926318],[-112.08797811999996,25.662263679262875],[-112.08702222999996,25.66519068926281],[-112.08385164999999,25.66519927926281],[-112.08088507999999,25.669891709262746],[-112.08337373999997,25.671824889262698]]],[[[-111.22375711999996,25.7299942402615],[-111.22395956499997,25.731497328261465],[-111.22495370899999,25.732261705261436],[-111.22567747099998,25.730343890261537],[-111.22375711999996,25.7299942402615]]],[[[-111.04324180299994,25.738267737261324],[-111.04264481499996,25.74028293626132],[-111.04385147499995,25.743180979261222],[-111.04446876799994,25.739424374261322],[-111.04324180299994,25.738267737261324]]],[[[-111.04862642399996,25.740953805261285],[-111.04860837099996,25.74247723226125],[-111.04994845899996,25.742975005261243],[-111.04987415899997,25.741782717261245],[-111.04862642399996,25.740953805261285]]],[[[-112.09465528199996,25.68362574426244],[-112.09186236599999,25.686543661262426],[-112.09746304599997,25.68352104726246],[-112.09812929499998,25.68046581926252],[-112.09761057199997,25.592235405264336],[-112.10287024999997,25.51632759926593],[-112.09938564999999,25.49745195626632],[-112.09598302099994,25.49357343426636],[-112.09387719899998,25.49550079826637],[-112.09303248899994,25.500450076266226],[-112.09315146199998,25.503186457266207],[-112.09363925199996,25.50365045126617],[-112.09328233299999,25.501616012266208],[-112.09706567599996,25.501199607266205],[-112.09712516199994,25.50231795326618],[-112.09379391699997,25.502508310266187],[-112.09428170599995,25.503674246266172],[-112.09329422999998,25.50445946826614],[-112.09374632799997,25.507945379266047],[-112.09581645899999,25.504566544266147],[-112.097770031,25.507308506266117],[-112.09546929099999,25.514385087265936],[-112.09667194999997,25.530964832265592],[-112.09260287299999,25.550870369265194],[-112.09342266699998,25.557399731265086],[-112.090958522,25.587661264264458],[-112.09218019599997,25.59112542326435],[-112.08890496899994,25.608470437263996],[-112.08955145799996,25.61189970226394],[-112.09117243399999,25.61262840826389],[-112.08999354199996,25.6144844452639],[-112.09128652,25.62056244426379],[-112.09468058699997,25.62389278126368],[-112.09332581099994,25.62460855626367],[-112.09549820499997,25.63477038126348],[-112.09430029899995,25.650673550263164],[-112.09535559699998,25.658296549262978],[-112.09465681899998,25.658759312262994],[-112.09417195199997,25.658819300262966],[-112.09419096599999,25.65390877826307],[-112.09181021999996,25.653644060263044],[-112.09094901499998,25.658947845262958],[-112.09624927299996,25.666283250262797],[-112.095754899,25.670083600262725],[-112.09255394699996,25.67433100226268],[-112.09321808699997,25.681941085262483],[-112.09465528199996,25.68362574426244]]],[[[-111.22673906699998,25.744902653261207],[-111.22817671299998,25.74439796526122],[-111.227103646,25.743216211261245],[-111.22613108999997,25.743447287261205],[-111.22673906699998,25.744902653261207]]],[[[-111.273959355,25.757105532260972],[-111.27538385300001,25.75788779826095],[-111.27584648299995,25.75534360726096],[-111.273959355,25.757105532260972]]],[[[-111.28142197199999,25.767185588260766],[-111.28122349099999,25.768416126260696],[-111.281645869,25.7681258402607],[-111.28142197199999,25.767185588260766]]],[[[-111.26010119999995,25.81168886125982],[-111.261163781,25.809618047259892],[-111.26088325499997,25.808579899259893],[-111.26016519399997,25.81057066325987],[-111.25692464199994,25.809315114259892],[-111.25608012499998,25.806569984259973],[-111.257579508,25.80521816525994],[-111.25555171199994,25.802314622260006],[-111.25714678199995,25.800985467260084],[-111.256213534,25.7942818442602],[-111.25895346499999,25.794567045260187],[-111.25770014399997,25.7891894162603],[-111.25926105899998,25.7830948132604],[-111.25742522199995,25.778890436260472],[-111.24914574799999,25.77124198626066],[-111.24525235399996,25.764686578260804],[-111.24247500399997,25.770947681260665],[-111.24363346899999,25.773904025260578],[-111.24672261599994,25.774796279260578],[-111.24871826799995,25.777394558260557],[-111.24724374399996,25.784027766260404],[-111.24333063699999,25.789124660260317],[-111.24444918299997,25.789974597260297],[-111.24515704399994,25.788494681260335],[-111.24512301899996,25.789906626260287],[-111.24595493299995,25.789099285260317],[-111.2474916,25.790893743260284],[-111.24775001599994,25.788809581260313],[-111.24836814799995,25.788594045260332],[-111.24791183499997,25.79123972926023],[-111.25010469099999,25.793712980260203],[-111.24726898399996,25.79880195626008],[-111.25045533999997,25.797933686260134],[-111.25385646299998,25.804295083259984],[-111.25509525700001,25.81198008025985],[-111.25781621899995,25.810565705259844],[-111.26010119999995,25.81168886125982]]],[[[-111.31671957499998,25.840230009259233],[-111.31636865699996,25.84236209825923],[-111.31745627699998,25.839974315259262],[-111.31671957499998,25.840230009259233]]],[[[-111.17857060499996,26.045748278255093],[-111.18072028799997,26.044842284255115],[-111.17785489899997,26.043903462255102],[-111.17857060499996,26.045748278255093]]],[[[-111.05981025099999,26.069769503254623],[-111.05963179099997,26.07302460625451],[-111.06247286799999,26.069876579254565],[-111.06661312999995,26.068527425254626],[-111.06817334399994,26.06526016125471],[-111.07024101499997,26.067714839254645],[-111.07245718499996,26.06759973225466],[-111.07355411599997,26.063460898254736],[-111.07744096699997,26.059777492254817],[-111.079825186,26.060041612254803],[-111.08603558,26.055944181254905],[-111.08640201699995,26.059763215254836],[-111.09268022499998,26.05840692325483],[-111.09803361499996,26.05327371925492],[-111.10155164799994,26.054175534254917],[-111.10209059599998,26.05175324325496],[-111.10381570499999,26.05154504025496],[-111.10596911799998,26.056654933254862],[-111.11156085099998,26.056422935254865],[-111.12047193299999,26.060468019254763],[-111.12160217599995,26.059629259254812],[-111.12847881899997,26.067511224254623],[-111.13073501099996,26.063789565254694],[-111.13319604999998,26.06326801925474],[-111.13415978199998,26.060861820254786],[-111.13211939399999,26.053991126254928],[-111.13500449099996,26.051903149254944],[-111.14250217199998,26.048298861255],[-111.15227223899996,26.047118648255033],[-111.15978657699998,26.0434875902551],[-111.17543857999999,26.041727339255136],[-111.17459634199997,26.035219558255275],[-111.16789813799994,26.024262593255514],[-111.16870003799994,26.020685810255614],[-111.16709827999995,26.019831349255615],[-111.16424948999999,26.022265219255566],[-111.16261254999995,26.01927279925564],[-111.16432420899999,26.015674666255684],[-111.16889277399997,26.016367089255695],[-111.17053259999996,26.008999279255846],[-111.16953522899996,26.00771536925583],[-111.17260473299996,26.004153315255916],[-111.16800047599999,25.99302457625612],[-111.16790228999999,25.989345419256242],[-111.17062258899996,25.981416474256395],[-111.17406328899995,25.97836124725645],[-111.18042834799996,25.97609124125649],[-111.187428722,25.968760121256633],[-111.188078315,25.963342089256727],[-111.19074093199998,25.960593811256825],[-111.19324650399996,25.96063426225679],[-111.19777408199997,25.95575755325691],[-111.19992749399997,25.94118930325719],[-111.20328848299995,25.937292935257286],[-111.20359781299999,25.93457440125735],[-111.20929662199995,25.92972624925743],[-111.20987958999996,25.92659130925749],[-111.20786299699996,25.925074403257515],[-111.20708372299998,25.91424785525772],[-111.21260407299997,25.909649547257857],[-111.21365698399995,25.90525349325796],[-111.21257432999994,25.89624723325811],[-111.21584608799998,25.894635148258157],[-111.21746412199997,25.886705594258277],[-111.21979004499997,25.884308287258357],[-111.21744627599998,25.88128637225839],[-111.21455408999998,25.86979834925866],[-111.21787457899995,25.865349932258745],[-111.22435266199996,25.864963269258734],[-111.22768985599998,25.857824886258893],[-111.22742811499995,25.855165839258937],[-111.23328634799998,25.848148808259097],[-111.228933124,25.822500598259584],[-111.221187978,25.81786064925971],[-111.21110501199996,25.81564180225976],[-111.20452736899996,25.80619680325992],[-111.20225260399997,25.807272319259912],[-111.20109737599995,25.810151467259885],[-111.20402411299995,25.825314582259583],[-111.20378616699999,25.84791053925909],[-111.19518310599994,25.857996717258878],[-111.18848730299999,25.85757793225892],[-111.18159668099997,25.866500316258698],[-111.18493915999994,25.882411861258372],[-111.18147751999999,25.888756575258263],[-111.18335729399998,25.891302598258186],[-111.178283094,25.895978239258106],[-111.18119793299998,25.899725890258058],[-111.17966912999998,25.90523434225796],[-111.17163725899998,25.916666462257723],[-111.16150432399996,25.92627353625749],[-111.15786969799997,25.927159885257463],[-111.15393168999998,25.937028700257272],[-111.15097520899998,25.938718117257256],[-111.14394390199999,25.95122813425701],[-111.13234402999996,25.961412227256776],[-111.12207308599994,25.978812035256457],[-111.11996082299999,25.993894182256152],[-111.10864648599996,25.998541269256016],[-111.10114733999995,25.99765997925605],[-111.09403941999994,25.98527442925632],[-111.08722624999996,25.98326802925633],[-111.08181708099994,25.977495732256475],[-111.07914375699994,25.9719789522566],[-111.07289767199997,25.97279986625656],[-111.07084419699999,25.968395484256625],[-111.06811113099998,25.965612736256723],[-111.06678959499999,25.965935121256734],[-111.06655164899996,25.968772628256644],[-111.06446664599999,25.970792196256593],[-111.06744394699997,25.97737438025648],[-111.06485925799996,25.981270747256378],[-111.06960330799997,25.980693728256394],[-111.07230584199999,25.984039754256298],[-111.06991091399999,25.99391332825615],[-111.07113395699997,25.99558846825608],[-111.06908048199995,25.997101805256058],[-111.07066520299998,25.997920340256062],[-111.07327071299996,25.994743759256128],[-111.08006050499995,25.99799767225604],[-111.08295154999998,26.004731547255904],[-111.08173802399995,26.009466674255815],[-111.08417102399996,26.016242190255685],[-111.08113959099995,26.026779633255444],[-111.08199619699997,26.029753959255398],[-111.07703502099999,26.043096787255145],[-111.07336851999999,26.05038167925497],[-111.07145518499999,26.05128570225499],[-111.07233811299994,26.052066313254954],[-111.06890455099995,26.06021120925477],[-111.05981025099999,26.069769503254623]]],[[[-111.30367379499995,26.104803454253855],[-111.30562269199999,26.106298877253884],[-111.30637902899998,26.10484480325387],[-111.30367379499995,26.104803454253855]]],[[[-111.265547799,26.137300855253212],[-111.26688716199999,26.136036612253257],[-111.27394122499999,26.136669071253273],[-111.27676045899995,26.134562664253263],[-111.27912801399998,26.13535218425327],[-111.27928552999998,26.132958888253334],[-111.28589606499997,26.12561372525345],[-111.28837454099994,26.12034159325355],[-111.28786392299997,26.118591905253616],[-111.279783072,26.113856991253673],[-111.27971656399995,26.111270092253736],[-111.28990381999995,26.101629878253938],[-111.29368943199995,26.100539138253957],[-111.29536571199999,26.103395726253947],[-111.29711904999999,26.09857557125403],[-111.29041146999998,26.10088843025396],[-111.27954871699995,26.10648779125386],[-111.26325610799996,26.106142438253855],[-111.26291466799996,26.110713867253786],[-111.26499561499999,26.11629939625363],[-111.260940894,26.118092998253623],[-111.26222011699997,26.12326360525349],[-111.25998631199997,26.126111686253452],[-111.26308908,26.128876388253374],[-111.26282407299999,26.13435311625328],[-111.26388734599999,26.135981227253257],[-111.2655759,26.135633079253275],[-111.265547799,26.137300855253212]]],[[[-111.43600108,26.641628698243174],[-111.43530526599996,26.637943371243278],[-111.43691898099996,26.636845480243252],[-111.43223487499996,26.632112304243403],[-111.43297471799997,26.629656603243422],[-111.43067990699996,26.62782308024345],[-111.43043933899999,26.62413820924356],[-111.42673718599998,26.625477760243534],[-111.42509422999997,26.624511008243545],[-111.424833816,26.62979430124343],[-111.42809031999997,26.634004106243363],[-111.42823847299996,26.63692389924329],[-111.43391335299998,26.63906698724322],[-111.43600108,26.641628698243174]]],[[[-113.22702798299999,26.732356935241405],[-113.23186066799998,26.734284298241338],[-113.23774897399994,26.733010974241424],[-113.25773644699996,26.7162357742417],[-113.26291177399997,26.714927071241725],[-113.261484098,26.70885944524191],[-113.25642774299997,26.706658444241945],[-113.25202573999997,26.701602089242016],[-113.24012843499997,26.69714060024212],[-113.19039769999995,26.68530278124235],[-113.16095186999996,26.669598339242647],[-113.14423615699997,26.657582061242913],[-113.13555112399996,26.65817692624287],[-113.13549163799996,26.663054821242774],[-113.14169970499997,26.666956747242725],[-113.14302506499997,26.671819393242625],[-113.14775067499994,26.67537430724255],[-113.14986363599996,26.68035689924243],[-113.14912124499996,26.682905301242382],[-113.15505324099998,26.685082508242328],[-113.15257622200001,26.687409621242324],[-113.15454641599997,26.693448693242168],[-113.15780151799999,26.69528325724217],[-113.15755881299998,26.69681087124213],[-113.16240577499997,26.69493347724215],[-113.16229156099998,26.697324835242117],[-113.16045892999996,26.698092856242095],[-113.16482524099996,26.702780394241994],[-113.165146468,26.705124163241944],[-113.16973882799999,26.706658915241903],[-113.16729988099996,26.706373380241924],[-113.16696675499998,26.707765365241897],[-113.16922724399996,26.707955722241906],[-113.16964364999995,26.71217926524184],[-113.17577076199997,26.718829858241673],[-113.19063049599998,26.721601930241643],[-113.19436624899998,26.72131639524166],[-113.19592479599999,26.71890124224169],[-113.19697175899995,26.723469807241585],[-113.20323575199996,26.722227569241593],[-113.20893218199996,26.724304839241576],[-113.21208020899996,26.727702709241516],[-113.21551377099996,26.726524876241513],[-113.22170274899997,26.730658000241448],[-113.22902672999999,26.731378976241455],[-113.22702798299999,26.732356935241405]]],[[[-113.23637842,26.772035889240634],[-113.23898299999996,26.771522749240635],[-113.23524517999999,26.76709121924074],[-113.23097427999996,26.766509369240744],[-113.22375696999995,26.757236119240947],[-113.22701606,26.764580549240797],[-113.22558856999996,26.76143794924086],[-113.22557779999994,26.76326551924082],[-113.223302,26.760715139240865],[-113.22525459999999,26.763738969240826],[-113.21906394999998,26.759655599240865],[-113.21847336999997,26.75521867924097],[-113.22354455,26.75816007924089],[-113.22081033999996,26.75185424924105],[-113.21466270999997,26.74758741924113],[-113.21506559999996,26.73862628924131],[-113.20983214999995,26.73714227924133],[-113.21051428999999,26.74225804924119],[-113.20741897,26.743519459241217],[-113.21042804999996,26.741794419241252],[-113.20915304999995,26.74084865924124],[-113.20916149,26.73683145924136],[-113.20503624999998,26.736625859241343],[-113.19821811999998,26.73937096924126],[-113.19709731999995,26.740450479241257],[-113.19875096999999,26.7423446792412],[-113.19722193999996,26.742793519241246],[-113.19472971999994,26.74092019924126],[-113.19341881999998,26.742044599241222],[-113.19397441999996,26.73840439924129],[-113.19250485999999,26.73880396924129],[-113.19044114999998,26.744517719241156],[-113.19554721999998,26.749729259241054],[-113.21578054999998,26.761549599240812],[-113.21606859999997,26.76027484924084],[-113.21918005999999,26.760871169240833],[-113.22128785999996,26.76366090924081],[-113.23102113999994,26.768126579240718],[-113.23224039999997,26.77112505924064],[-113.23358381999998,26.769875679240673],[-113.23637842,26.772035889240634]]],[[[-111.91367903099997,26.87959550623853],[-111.91528742099996,26.87818034323856],[-111.91539608999996,26.87758497923858],[-111.91366087299997,26.878301736238587],[-111.91367903099997,26.87959550623853]]],[[[-113.15244679999995,26.90937936923798],[-113.15604414999996,26.909216819237955],[-113.15465385,26.915496309237827],[-113.15711748999996,26.91664864923784],[-113.16190142999996,26.911789169237945],[-113.16250468,26.90345674923806],[-113.15712921999994,26.9027171492381],[-113.15186471999999,26.8987158292382],[-113.15547636999999,26.892246139238303],[-113.15469307999997,26.89103545923835],[-113.14974488999997,26.894801029238238],[-113.15100673999997,26.90044476923812],[-113.14925885999997,26.904477079238067],[-113.15300457999996,26.908149909238013],[-113.15244679999995,26.90937936923798]]],[[[-113.16204742999997,26.93189524923751],[-113.16509913999995,26.931129219237558],[-113.16783161999997,26.92785236923759],[-113.16212011,26.925162249237633],[-113.16228362999999,26.92210647923769],[-113.16000099999998,26.91974796923778],[-113.15936228999999,26.921812479237705],[-113.16202556999997,26.925330429237633],[-113.16061268,26.929727519237552],[-113.16204742999997,26.93189524923751]]],[[[-111.91093383299994,27.036325729235493],[-111.90861254099997,27.040969947235418],[-111.90884196199994,27.042852499235366],[-111.91616451899995,27.037264369235494],[-111.91588828899995,27.03394843323552],[-111.91093383299994,27.036325729235493]]],[[[-111.90976002199996,27.05974442523507],[-111.90924614499995,27.058955150235096],[-111.90923780299994,27.059926102235067],[-111.90976002199996,27.05974442523507]]],[[[-112.06778786299998,27.164855299233032],[-112.06913505600001,27.16537834523304],[-112.06771066999994,27.16407830123306],[-112.06778786299998,27.164855299233032]]],[[[-112.08821301999997,27.258863923231207],[-112.09264833499998,27.258527080231257],[-112.09786946099996,27.249637450231422],[-112.102433267,27.248554796231435],[-112.10172537799998,27.243724490231497],[-112.10421370599994,27.241942237231545],[-112.10362418799998,27.240909587231602],[-112.10733852599998,27.240376588231587],[-112.10843248999998,27.238582438231596],[-112.09694504099998,27.23040783623175],[-112.08841705199997,27.215950231232068],[-112.088591943,27.20707246223221],[-112.08537729099999,27.205556746232265],[-112.08622973899998,27.19633510823246],[-112.08447205299996,27.192903352232523],[-112.08650694099998,27.19067217223254],[-112.08732793699996,27.191716149232512],[-112.08619813499996,27.189668780232537],[-112.08431894999997,27.19149304923254],[-112.08320328099997,27.190582271232522],[-112.08483112399996,27.185746623232635],[-112.08000765399998,27.18388251523266],[-112.07561582399997,27.177616121232816],[-112.06541267999995,27.183629281232655],[-112.06109717799995,27.18257037223267],[-112.05938146099999,27.17965254123274],[-112.05403027199998,27.19436376123244],[-112.05011299099999,27.19797381323242],[-112.04871451699996,27.2039573852323],[-112.04337406699995,27.20835267823218],[-112.04666619699998,27.209818796232145],[-112.04682645299994,27.21415968723209],[-112.05061148799997,27.217233170232007],[-112.050502033,27.219650703231988],[-112.04662351099996,27.22456191023187],[-112.04973061199998,27.227921709231804],[-112.05639545599998,27.229674962231773],[-112.058683036,27.234312644231697],[-112.06393569699998,27.23468146123167],[-112.06345742499997,27.23607106623168],[-112.06633089499998,27.237636639231656],[-112.06489430199997,27.239798491231586],[-112.07764226399996,27.248709573231398],[-112.07768985399998,27.250684526231378],[-112.07991464999999,27.251124726231374],[-112.08078315299997,27.253748082231336],[-112.08821301999997,27.258863923231207]]],[[[-114.29327757199997,27.11055684523409],[-114.29511114699994,27.109063902234105],[-114.294033744,27.103669093234217],[-114.29531501499997,27.10149861623426],[-114.29212156299997,27.0982006212343],[-114.28991080899999,27.098510008234314],[-114.28900845999999,27.10130834223423],[-114.29068903599996,27.10238919523423],[-114.29082572299995,27.10558980123417],[-114.29314789299997,27.106985071234142],[-114.29327757199997,27.11055684523409]]],[[[-114.29322428499997,27.112974653234005],[-114.29357971199994,27.112225802234043],[-114.293060213,27.112525495234046],[-114.29322428499997,27.112974653234005]]],[[[-114.37109120499997,27.14785327523335],[-114.37555619199998,27.150733825233328],[-114.37631035599998,27.147914111233337],[-114.38475314499999,27.14595434323342],[-114.38013367199996,27.144626444233403],[-114.37477071099995,27.147339262233366],[-114.372086863,27.145358075233386],[-114.37109120499997,27.14785327523335]]],[[[-111.87544813999996,27.456284565227513],[-111.89174582599998,27.454740853227538],[-111.90130163599997,27.449301421227638],[-111.90282541899995,27.442111828227752],[-111.90180721399997,27.438141054227852],[-111.89534950499997,27.430644992227954],[-111.88300344699998,27.42736737122803],[-111.86697756999996,27.431115872227974],[-111.85994537999994,27.430647734227954],[-111.85746087399997,27.433321335227927],[-111.85588057799998,27.4407411592278],[-111.86912119299996,27.454512914227525],[-111.87544813999996,27.456284565227513]]],[[[-114.71039943699998,27.51397248922642],[-114.71096394399996,27.5136296162264],[-114.71021856999994,27.513835339226414],[-114.71039943699998,27.51397248922642]]],[[[-114.70952940699999,27.51464339622637],[-114.70997254799993,27.514933418226367],[-114.70998151099997,27.514629830226372],[-114.70952940699999,27.51464339622637]]],[[[-114.71069794299999,27.515476219226347],[-114.71118839699994,27.515829763226346],[-114.71102149699999,27.515389032226395],[-114.71069794299999,27.515476219226347]]],[[[-112.73713398699999,27.842191954220233],[-112.74141014199996,27.842393937220255],[-112.73646668199997,27.841199542220302],[-112.73713398699999,27.842191954220233]]],[[[-114.17972744999999,27.768846429221618],[-114.18446182999998,27.767846689221642],[-114.18341031999996,27.75280010922193],[-114.18221942999998,27.752214169221933],[-114.18201128999999,27.755835169221886],[-114.17973719999999,27.757167379221837],[-114.17717856999997,27.748418289222016],[-114.17308539999999,27.743574629222103],[-114.16283141999999,27.733726349222252],[-114.15424707999996,27.728283539222396],[-114.15024914999998,27.722997879222454],[-114.14600211999999,27.72143628922249],[-114.14978901999997,27.724665569222477],[-114.15125216999996,27.729398249222335],[-114.16463823,27.742192829222137],[-114.16403227999997,27.744068999222055],[-114.16023108999998,27.740880169222113],[-114.15902317999998,27.74535919922205],[-114.16482914999995,27.754884549221863],[-114.16596747999995,27.76338231922173],[-114.17539416999996,27.7695053692216],[-114.17911116999996,27.76883384922164],[-114.17929262999996,27.766146619221647],[-114.17972744999999,27.768846429221618]]],[[[-114.21274856999999,27.751180339221968],[-114.22669636999996,27.767902979221603],[-114.22821097999997,27.764611279221697],[-114.22578082999998,27.76523324922169],[-114.22110861999994,27.76006397922178],[-114.22401997999998,27.76128513922174],[-114.22606867999997,27.764791859221706],[-114.22880228999998,27.76211896922177],[-114.22594971999996,27.759654289221814],[-114.22804025099998,27.760399519221803],[-114.23024430999999,27.764991599221656],[-114.23281967999998,27.759088769221815],[-114.23098267999997,27.756660829221833],[-114.22932545999998,27.7596282592218],[-114.22677488999996,27.758346059221825],[-114.22833533999994,27.75614594922188],[-114.22530210999997,27.75381257922189],[-114.22725583,27.75267347922191],[-114.22590441999996,27.751215519221972],[-114.22788818,27.750133109221952],[-114.23087761999996,27.752137629221924],[-114.22984385999996,27.74977736922198],[-114.23435568999999,27.7537872192219],[-114.23384176999997,27.75654184922188],[-114.23599593999995,27.753789649221883],[-114.23309930999996,27.74941721922199],[-114.23757973999994,27.75196791922191],[-114.23681413999998,27.753866779221912],[-114.23974709,27.7553267792219],[-114.24889557999995,27.75537242922184],[-114.24755515,27.751018199221928],[-114.24988031999999,27.748274119222028],[-114.24752844999996,27.743515879222112],[-114.23945127999998,27.741760709222124],[-114.23402956999998,27.738537569222203],[-114.23044165999995,27.73942154922215],[-114.22331573999998,27.736640599222213],[-114.22369862999996,27.739675939222156],[-114.22814933999996,27.743470909222086],[-114.22819983,27.745850719222076],[-114.21944368,27.74033059922214],[-114.21619448999998,27.741028339222158],[-114.21539251999998,27.739188909222175],[-114.21869168999997,27.737555749222228],[-114.21560308000001,27.735865219222234],[-114.21469769,27.733471249222262],[-114.21106948999994,27.734695109222283],[-114.20349085999999,27.7317153092223],[-114.18521395,27.721336779222504],[-114.18889887999995,27.72698831922238],[-114.19948901999999,27.73315864922229],[-114.20234634999997,27.73766945922221],[-114.20663245099998,27.74055501922214],[-114.20792488999997,27.744918149222066],[-114.22008836999998,27.75391805922188],[-114.21899742999994,27.756086279221847],[-114.21706157999995,27.755892599221855],[-114.21274856999999,27.751180339221968]]],[[[-112.76048296199997,27.90251983021915],[-112.76004357799998,27.90223165721916],[-112.75970422999995,27.90342795621915],[-112.76048296199997,27.90251983021915]]],[[[-115.22229528799994,27.893613190219302],[-115.22429992399996,27.893564587219316],[-115.22279665699998,27.892670692219344],[-115.22229528799994,27.893613190219302]]],[[[-115.21567834799997,27.896193628219244],[-115.22005072699994,27.892790642219342],[-115.21875076799994,27.888197261219428],[-115.21319721699996,27.884261429219453],[-115.19531921599996,27.880564741219555],[-115.19226329199998,27.87629425321964],[-115.18904538799995,27.876267429219617],[-115.18471210199999,27.869177965219762],[-115.18021195499995,27.866195672219806],[-115.179141713,27.861269335219927],[-115.18036416099996,27.859871402219927],[-115.18282369900002,27.860622214219905],[-115.17658029199998,27.856401398219997],[-115.17599392399995,27.85228560922005],[-115.17830009599999,27.849656831220123],[-115.17501515899994,27.848391085220136],[-115.17111078099998,27.85033225022011],[-115.17068580899995,27.852475668220073],[-115.16631235999995,27.852784998220063],[-115.16026642699994,27.86272382821987],[-115.16211394199999,27.870381821219755],[-115.168920218,27.87188435621971],[-115.17167807999999,27.874131680219666],[-115.18259984599997,27.87583323321961],[-115.19088664699999,27.885470132219464],[-115.198637004,27.88658923521946],[-115.20851625999995,27.894221820219276],[-115.21567834799997,27.896193628219244]]]]}}]}
