{"type":"FeatureCollection","features":[{"type":"Feature","properties":{"cve_ent":"14","cvegeo":"14","nombre_inegi":"Jalisco","nombre_catalogo":"Jalisco"},"geometry":{"type":"MultiPolygon","coordinates":[[[[-103.93083568999998,22.745267179326603],[-103.94038381999997,22.75024593932652],[-103.94669539999995,22.745740749326583],[-103.95097190999996,22.747318819326534],[-103.95863494999998,22.74532639932663],[-103.96147182999994,22.74705250932658],[-103.96941044999994,22.746691909326557],[-103.97201105999994,22.7416486593267],[-103.97509450999998,22.744942419326595],[-103.97406422999995,22.746956709326586],[-103.97711651999998,22.74715468932657],[-103.98910721999995,22.74184187932668],[-103.99037245999996,22.743120339326687],[-103.98891533999996,22.7464894593266],[-103.99192674999995,22.74800156932653],[-104.00299341999994,22.746894619326554],[-104.00776494999997,22.744251949326614],[-104.00951704999994,22.74741648932654],[-104.01192704999994,22.74792754932654],[-104.01652382999998,22.744937889326632],[-104.02569051999996,22.743278149326642],[-104.02777664999998,22.741742689326664],[-104.02766699999995,22.739044749326766],[-104.03597924999997,22.734036149326883],[-104.03698339999994,22.729616599326953],[-104.04080919999997,22.728063459326997],[-104.04663130999995,22.72859028932699],[-104.05591150999999,22.723978199327085],[-104.05546551999998,22.720135279327156],[-104.04774765999998,22.712151399327368],[-104.05107205999998,22.70782447932748],[-104.05611105999999,22.709025949327458],[-104.06415096999996,22.706963059327517],[-104.06077062999998,22.69911979932768],[-104.05796327999997,22.696663949327757],[-104.05916421999996,22.692063659327825],[-104.06256688999999,22.6927165093278],[-104.06903059999996,22.701245749327622],[-104.07214422,22.70135385932762],[-104.07362273999996,22.69695310932771],[-104.07296804999999,22.693245619327786],[-104.06919227999998,22.690062059327897],[-104.06636359999999,22.69076814932787],[-104.05947477999997,22.68747705932794],[-104.05265202999999,22.688700049327885],[-104.04896356999996,22.687142819327978],[-104.04660550999995,22.684248619328027],[-104.04688781999994,22.681807919328058],[-104.05481036999998,22.67842051932814],[-104.04693721999996,22.67713808932816],[-104.04326676999996,22.671893489328312],[-104.03365341999995,22.670704029328306],[-104.03281202999995,22.676341689328222],[-104.03083113999999,22.679059819328167],[-104.02614324999996,22.674319649328233],[-104.01550887999997,22.668910659328372],[-104.01950673999995,22.652648749328723],[-104.02516431899994,22.652013379328736],[-104.02475799999996,22.653022819328733],[-104.02746749,22.64841559932887],[-104.02769590999998,22.639524969329027],[-104.03329431999998,22.63410922932917],[-104.03068871999994,22.628048449329327],[-104.02594762999998,22.624225579329384],[-104.02663293999997,22.616504309329574],[-104.02489310999995,22.617215649329573],[-104.02700562999996,22.613178149329677],[-104.02411741999998,22.60934382932976],[-104.02340390999997,22.60353785932991],[-104.01806559999996,22.596988739330012],[-104.00620617,22.595469909330095],[-103.99643357999997,22.590799119330168],[-103.98888407999999,22.59247437933015],[-103.98622197999998,22.590901739330175],[-103.98328601999998,22.585471719330297],[-103.98998581999997,22.58248557933035],[-103.99017416999999,22.573041519330605],[-104.00083897999997,22.566775119330728],[-103.99935091999998,22.564278419330797],[-103.99389468,22.56452701933082],[-103.99363094999995,22.560984939330844],[-103.99066690999997,22.556951089330965],[-103.98692485999999,22.555897059331013],[-103.98531256999996,22.553449179331025],[-103.98387001999998,22.55405433933104],[-103.98217408999996,22.54950661933114],[-103.97233211999998,22.545113629331258],[-103.97302441999996,22.54312164933129],[-103.98009456999995,22.540617149331357],[-103.98569333999995,22.542661629331313],[-103.99888116999995,22.54360367933128],[-104.00314682,22.541273109331353],[-104.00557082999995,22.53660027933147],[-104.00277774999995,22.535253769331483],[-103.99976291999997,22.53075682933157],[-103.99377433999996,22.529905479331575],[-103.99038101999997,22.527713399331635],[-103.98722748999995,22.528841349331618],[-103.99125622999998,22.523266509331737],[-103.98815262999995,22.523545309331737],[-103.98483267999997,22.51913785933186],[-103.98028830999999,22.519037749331847],[-103.98064873999999,22.515102679331935],[-103.97785590999997,22.51675847933193],[-103.97515856999998,22.51346942933197],[-103.97432597999995,22.516237719331908],[-103.96619677999998,22.517225909331877],[-103.96314416999996,22.515019379331964],[-103.96341101999997,22.50804047933209],[-103.96181808999997,22.509097949332112],[-103.95828848999997,22.507693349332136],[-103.95636330999999,22.50455365933219],[-103.95354832,22.505497249332183],[-103.95241353999997,22.50854314933208],[-103.95004112,22.508887289332115],[-103.95113191999997,22.50530264933215],[-103.94994134999996,22.502870849332197],[-103.94558174999997,22.504098889332173],[-103.94172841999995,22.502187219332246],[-103.94065865,22.499381579332294],[-103.93441110999999,22.499922139332263],[-103.93807466,22.49541647933243],[-103.93308154999994,22.489092799332532],[-103.93504970999999,22.488050369332573],[-103.93924294,22.4900559793325],[-103.93980819999996,22.488939399332548],[-103.92944207999994,22.475123749332834],[-103.93147641999997,22.473600249332925],[-103.93466408999996,22.47662997933283],[-103.93779077999994,22.47520344933285],[-103.93816221999998,22.473285539332924],[-103.93462948999998,22.47319122933293],[-103.93344307999996,22.47120041933297],[-103.93848038,22.469731859332978],[-103.93681102999996,22.466396199333094],[-103.93797061999999,22.466255739333086],[-103.93795301999995,22.46275545933316],[-103.94932772,22.46179168933318],[-103.95340067999996,22.455098779333365],[-103.95865975,22.451085179333443],[-103.95795614999999,22.448144539333498],[-103.96028954999997,22.444647579333566],[-103.96057010999999,22.433179149333867],[-103.96738071999994,22.433112539333838],[-103.97556485999996,22.436191649333793],[-103.97652477999998,22.435423969333797],[-103.97465936999998,22.431256029333888],[-103.97650933999996,22.430398879333907],[-103.97646910999998,22.42725697933399],[-103.97897690999997,22.425367539334008],[-103.98152596999995,22.426106379334044],[-103.98275865999994,22.423680879334082],[-103.98500421999995,22.423080999334065],[-103.98639205999996,22.414832939334282],[-103.99282858,22.410489999334363],[-104.00325388999994,22.410275049334384],[-104.00590628999998,22.40868368933441],[-104.00631971999998,22.40279670933459],[-104.00325093999999,22.389929819334895],[-104.01268310999997,22.378549889335122],[-104.01206348999996,22.37080357933528],[-104.01501277999995,22.36843267933539],[-104.01513379999996,22.364812889335447],[-104.02317904999995,22.36449347933548],[-104.02933362999994,22.37108173933528],[-104.03323433999999,22.370806249335303],[-104.04194964999999,22.37583697933517],[-104.04875281999995,22.376444619335157],[-104.05307768999995,22.371785219335287],[-104.05678865999995,22.372090229335257],[-104.06458044999994,22.363306419335505],[-104.06671142999994,22.36413310933549],[-104.06747547999998,22.361406849335513],[-104.07157141999996,22.361800849335538],[-104.07530997999999,22.364390319335453],[-104.08343024999999,22.357921849335593],[-104.09416085999999,22.355047949335646],[-104.09734545999999,22.357824399335584],[-104.09558127999999,22.36584734933539],[-104.09719437999998,22.371452339335324],[-104.09216261999995,22.37836904933514],[-104.08856362999997,22.378891769335123],[-104.08802328999998,22.3746473493352],[-104.08441272,22.37445105933524],[-104.07877851999996,22.376906489335184],[-104.07693013999996,22.379645399335125],[-104.07551782999998,22.383694619334992],[-104.08101345999997,22.389778019334873],[-104.07619399999999,22.398784089334654],[-104.07681797,22.407188419334474],[-104.07346651999997,22.4132439493343],[-104.07284696999994,22.42026497933417],[-104.07127910999999,22.422242599334115],[-104.06648205,22.426887829334007],[-104.06321854999999,22.42500356933406],[-104.06163699999996,22.42580007933402],[-104.06356561999998,22.441262459333686],[-104.05860145999998,22.44348691933362],[-104.05767284999996,22.447572259333533],[-104.06224102999994,22.451277309333392],[-104.05745093999998,22.45576645933335],[-104.05157470999995,22.466747769333054],[-104.05190619999998,22.473171659332916],[-104.05567516999997,22.483479119332646],[-104.05450716999997,22.488359349332573],[-104.05659261999996,22.49279927933245],[-104.07171364999999,22.503002139332214],[-104.06938108999998,22.5090171193321],[-104.07417874999999,22.513317649331967],[-104.07415519999996,22.51566225933194],[-104.06879524999994,22.521999679331813],[-104.07716019999998,22.531781769331563],[-104.08187997999994,22.533556399331534],[-104.10270718,22.53144691933158],[-104.10478664999995,22.530017949331604],[-104.10658061999999,22.523252939331783],[-104.10998645999996,22.522820539331768],[-104.11498122999997,22.517875689331866],[-104.12038101999997,22.517484689331898],[-104.12076677999994,22.51562719933192],[-104.11256607999998,22.509234279332063],[-104.11326948999994,22.507067399332122],[-104.11154010999998,22.503504719332184],[-104.11297233999994,22.503857369332202],[-104.11521911999995,22.4995864593323],[-104.11350891999997,22.496609859332352],[-104.12134651999997,22.49667602933238],[-104.12455396999997,22.50247537933226],[-104.14309113999997,22.504651479332196],[-104.14982148999997,22.50974385933209],[-104.15040713999998,22.51627590933191],[-104.15199817999996,22.514650849331964],[-104.15661164999995,22.515213339331943],[-104.15694459999999,22.510101339332067],[-104.15835345999996,22.509325079332076],[-104.16316299999994,22.514443539331968],[-104.16685768999997,22.51228773933199],[-104.17056205999997,22.507232419332112],[-104.17483441999998,22.507538679332114],[-104.17805470999998,22.50529604933215],[-104.18241750999994,22.507667709332146],[-104.19022997999997,22.50761151933213],[-104.19265030999998,22.503790599332213],[-104.19505190999998,22.503676219332203],[-104.19366470999995,22.499833709332325],[-104.19896145999996,22.494949569332437],[-104.20232716999999,22.48871848933255],[-104.20169985999996,22.486958779332603],[-104.20752733999997,22.485458599332652],[-104.20879179999997,22.483375309332676],[-104.21482799999997,22.48416148933269],[-104.21129376999995,22.481414029332736],[-104.20118608999996,22.483017829332685],[-104.19887402999996,22.48045730933276],[-104.20491650999999,22.47190781933297],[-104.20042714999995,22.472966479332904],[-104.19729707999994,22.47712227933283],[-104.19521319999996,22.47294327933291],[-104.19324494999996,22.47543551933289],[-104.19077917999999,22.470384769333002],[-104.18833324999999,22.470098779332996],[-104.18995691999999,22.46825248933303],[-104.18572953999995,22.471412709332938],[-104.18764748999997,22.46822571933306],[-104.18498051999997,22.46462205933314],[-104.19574300000001,22.46220401933318],[-104.19789984999994,22.460620509333232],[-104.19821093999997,22.456300619333298],[-104.19987397999996,22.456306889333323],[-104.19510027999996,22.447631479333506],[-104.19011882999996,22.446090889333547],[-104.18488041999996,22.448383339333525],[-104.18151124999997,22.44801093933353],[-104.17956002999996,22.45005439933346],[-104.17506579999997,22.4467799693335],[-104.17506237999999,22.4424854193336],[-104.16748677999999,22.445150489333585],[-104.16997448999996,22.440905949333686],[-104.17225330999999,22.44042457933371],[-104.17174485999999,22.438089539333752],[-104.17356162999994,22.43765325933374],[-104.17474868999996,22.43366481933383],[-104.17403399999996,22.432135519333855],[-104.17605485999997,22.431731229333856],[-104.17381682999996,22.42954514933391],[-104.17638207999995,22.428857279333954],[-104.17592624999997,22.427372089334003],[-104.17885577999999,22.427432489333995],[-104.17737436999994,22.422998619334084],[-104.17442245999996,22.420836449334107],[-104.17192725999998,22.41011930933436],[-104.17371065999998,22.408261739334442],[-104.16825167999997,22.404885089334513],[-104.16468765999997,22.39164953933483],[-104.16738577999996,22.3873562293349],[-104.17770137999997,22.389634739334895],[-104.19016859999999,22.399068549334633],[-104.19304396999996,22.399123179334655],[-104.19520351999995,22.404117859334516],[-104.19918770999999,22.407302549334453],[-104.20160257999999,22.416277109334256],[-104.20703704999995,22.42169687933413],[-104.21495047999997,22.422765909334107],[-104.21652064999995,22.421083459334113],[-104.22074991999996,22.42109973933413],[-104.22572359999998,22.41933777933415],[-104.23000807999995,22.414548509334264],[-104.23357217999995,22.415088709334302],[-104.23865759999995,22.41206233933433],[-104.24097865,22.412772949334304],[-104.25303941999995,22.39497521933474],[-104.25173784999998,22.393989979334783],[-104.25444241999998,22.392476289334795],[-104.25302436999999,22.386600919334928],[-104.25725071999994,22.386135999334975],[-104.25833936999999,22.384658309335006],[-104.25934944999996,22.378054679335133],[-104.25508908999996,22.37328414933527],[-104.25666771,22.359331689335555],[-104.25518271999995,22.357744489335644],[-104.25474252,22.348789419335834],[-104.26265707999994,22.345634919335907],[-104.26529505999997,22.34658882933585],[-104.26606290999996,22.343387819335938],[-104.27376001999995,22.34276939933599],[-104.28560270999998,22.345659119335906],[-104.29273991999997,22.343973089335964],[-104.295258,22.34754642933583],[-104.29837861999994,22.347811419335816],[-104.29302302999999,22.33073250933627],[-104.29455285999995,22.3283249793363],[-104.29921184999995,22.327924949336325],[-104.29925596999999,22.325774849336387],[-104.29273736999994,22.32003345933649],[-104.29464169,22.31413350933662],[-104.29264562999998,22.30739030933681],[-104.28925419999996,22.306991829336816],[-104.28483581999997,22.302652049336913],[-104.28486590999997,22.29709351933702],[-104.28978188999997,22.2935605993371],[-104.29026061999997,22.28682213933725],[-104.28875847999996,22.285640029337277],[-104.29244765999995,22.285031999337317],[-104.29563950999994,22.276908459337527],[-104.30011576999999,22.275871319337558],[-104.30028903,22.27291724933758],[-104.30283876999994,22.271726829337613],[-104.30672603000001,22.264953799337796],[-104.31079777999999,22.263305689337813],[-104.31550059999995,22.25672547933799],[-104.31906101999999,22.25655241933798],[-104.32239328999998,22.25382776933804],[-104.32379516999998,22.250259689338147],[-104.32867941999996,22.245358709338266],[-104.32849677999997,22.238634819338433],[-104.32589756999994,22.231792199338546],[-104.33201376999995,22.228353279338677],[-104.33390742999997,22.21582185933895],[-104.33980310999999,22.213231149339023],[-104.34135932,22.209563199339083],[-104.34029367999995,22.20589424933915],[-104.33183626,22.19978985933934],[-104.33608210999995,22.19421277933945],[-104.33655061999998,22.186721939339616],[-104.34614925999996,22.180254419339768],[-104.34833288999994,22.176336259339845],[-104.35056884999995,22.175893199339907],[-104.34942277999994,22.16977553934002],[-104.35627165999996,22.165434679340112],[-104.35408037999998,22.15668713934031],[-104.35455887999996,22.151209829340438],[-104.36155822999996,22.136699089340794],[-104.36114488,22.127921719341035],[-104.36386067999997,22.122143169341165],[-104.36470718,22.112439519341397],[-104.36981799999995,22.108074849341456],[-104.37319150999998,22.10256382934163],[-104.36923534999994,22.096478519341755],[-104.36664827999999,22.087534089341993],[-104.36822804999997,22.082955019342062],[-104.36347728999999,22.07413736934231],[-104.36348751999998,22.060015939342595],[-104.36154013999999,22.052853449342773],[-104.36775881999996,22.045196229342967],[-104.36503011999999,22.036276819343193],[-104.36662634999999,22.0344193093432],[-104.36601044999998,22.029603569343344],[-104.36890622999994,22.028643579343356],[-104.36786188999999,22.02558482934344],[-104.36903730999997,22.02456416934348],[-104.36725328999997,22.02398588934347],[-104.36797688999998,22.021386459343514],[-104.36656839999996,22.01998793934359],[-104.36131277999999,22.019431629343554],[-104.36003861999995,22.015056829343678],[-104.36002945999998,22.01042411934379],[-104.36216496999998,22.009666169343827],[-104.36247679999998,22.00616861934388],[-104.36758956999996,21.997422549344112],[-104.36870791999998,21.9927953393442],[-104.36700533999999,21.986798969344346],[-104.37008597999996,21.98380007934441],[-104.37069262999997,21.97617316934459],[-104.36709094999998,21.9727638293447],[-104.36512585999999,21.97436765934463],[-104.35714867999997,21.972105519344723],[-104.34357702999995,21.97465701934464],[-104.34087079999995,21.977757579344562],[-104.33592433999996,21.979820619344522],[-104.32686313999994,21.9753693193446],[-104.32509208999994,21.977631179344577],[-104.32490533999999,21.98413405934439],[-104.31978648999996,21.984197749344442],[-104.31505633999996,21.990803599344257],[-104.30813848999999,21.988618969344305],[-104.30229524999999,21.998182489344064],[-104.29407685999996,22.002760949343962],[-104.29173547999994,22.00201694934397],[-104.28937714999996,21.998410799344068],[-104.28561519999995,22.00001065934403],[-104.28138222999996,21.999658819344038],[-104.27617984999995,21.9876573693443],[-104.27775596999999,21.983610539344408],[-104.27544693999994,21.980623489344477],[-104.26598217999998,21.97691016934459],[-104.26202137999996,21.976859169344603],[-104.25850351999998,21.972239939344707],[-104.24600514999999,21.96693797934483],[-104.24129728999998,21.96999830934475],[-104.23390164999995,21.969194139344776],[-104.21274271,21.982881319344436],[-104.20265651999996,21.982772399344434],[-104.19725424999996,21.98591431934438],[-104.19331945,21.985420119344397],[-104.17973445999996,21.977051649344602],[-104.17365548,21.97088288934472],[-104.17369921999995,21.963392849344903],[-104.17644270999995,21.957052939345036],[-104.17691585999995,21.948862849345264],[-104.17941376999995,21.94556493934533],[-104.17871808999998,21.939015339345463],[-104.18843224999996,21.928211599345744],[-104.18880205999996,21.91899765934597],[-104.20024410999999,21.909465829346193],[-104.20104071999998,21.891478379346587],[-104.19868693999997,21.88899841934669],[-104.19603901999994,21.879494569346928],[-104.19089239999995,21.877200539346948],[-104.18638511999995,21.868011749347172],[-104.17880301999999,21.867630179347174],[-104.17555633999997,21.871911879347053],[-104.17223325999998,21.87131890934711],[-104.17776565999999,21.865138519347248],[-104.17958504999996,21.860088849347378],[-104.19700017999999,21.850772249347557],[-104.19071262999995,21.851063689347566],[-104.18719404999996,21.837881279347876],[-104.18212307999994,21.837138229347904],[-104.18072108999996,21.834157059347987],[-104.17661314999998,21.832237319348025],[-104.17003939999996,21.820458629348323],[-104.16461983,21.815965459348398],[-104.16377662999999,21.812332709348524],[-104.16200061999997,21.81251565934847],[-104.16174844999995,21.80984133934855],[-104.15617901999997,21.810787449348556],[-104.15405507999999,21.807604279348627],[-104.14653108999994,21.80643013934861],[-104.14380387999996,21.802265349348712],[-104.13877819999999,21.8003011693488],[-104.13458394999998,21.793742399348933],[-104.13038159999998,21.790451319349014],[-104.12149596999996,21.790500319349],[-104.10945508999998,21.78732753934908],[-104.10659024999997,21.790874379349006],[-104.10167693999996,21.79027985934903],[-104.09843656999999,21.792816889348952],[-104.09325119999994,21.791244709349],[-104.09331879999998,21.784562819349176],[-104.08398017999998,21.785760849349106],[-104.07985618,21.7824051493492],[-104.07997847999997,21.78556288934913],[-104.07717590999994,21.7870940493491],[-104.07623785999999,21.789717399349012],[-104.06624787999999,21.789816749349047],[-104.06528701999997,21.794190449348914],[-104.05661073999994,21.792322579348994],[-104.05225379999996,21.794760949348937],[-104.03921268999996,21.789125179349046],[-104.03373602999996,21.79073551934902],[-104.02796428999994,21.78763114934907],[-104.02092276999998,21.787109139349084],[-104.01073922999996,21.781947449349246],[-104.00262588,21.782951429349172],[-103.99706884999995,21.779274689349254],[-103.98914914999995,21.779859489349263],[-103.98493541999994,21.775218349349377],[-103.98464534999994,21.77269590934942],[-103.98092611999999,21.774328829349407],[-103.97775748999999,21.771332429349457],[-103.97534474999998,21.772468199349444],[-103.97395997999996,21.770823059349496],[-103.96101444999994,21.772924219349427],[-103.95808106,21.772027599349475],[-103.95744157999997,21.7734881193494],[-103.95364494999997,21.773703489349415],[-103.95285787999995,21.776042719349384],[-103.95113124999995,21.773928799349438],[-103.94451145999994,21.776819459349355],[-103.94079833999997,21.77542770934936],[-103.93449617,21.775904819349368],[-103.93143334999996,21.773638679349414],[-103.92746387999996,21.77433937934942],[-103.92348190999996,21.77180231934948],[-103.91864437,21.76617419934957],[-103.91955936999994,21.759297709349763],[-103.91612930999999,21.755768709349837],[-103.92011854999998,21.750855349349962],[-103.93170234999997,21.75131999934998],[-103.93364759999999,21.74842624934999],[-103.93182785999994,21.743380509350146],[-103.92771647899997,21.736992890350294],[-103.92131859999995,21.734599629350353],[-103.91760044999995,21.729362399350496],[-103.91077273999998,21.725402829350582],[-103.90745431999996,21.71837857935072],[-103.90422877999998,21.7184821793507],[-103.90279061999998,21.716257999350784],[-103.90073053999998,21.71908285935075],[-103.89876124999996,21.72770404935052],[-103.89591345999999,21.727743779350487],[-103.89657056999994,21.71273961935086],[-103.89139614999999,21.70572256935103],[-103.89044016999998,21.69944042935117],[-103.88772496999997,21.69781822935124],[-103.89403177999999,21.693796629351336],[-103.89862068999997,21.687411539351462],[-103.90330211999999,21.685827949351495],[-103.90264964999996,21.682922079351563],[-103.90616151999996,21.682366579351612],[-103.90883963,21.673785709351826],[-103.91240082999997,21.66897059935189],[-103.91526752,21.670817369351905],[-103.92133757,21.668374249351942],[-103.93024944999998,21.64191442935256],[-103.91183478,21.629826229352854],[-103.90769894,21.618676309353148],[-103.90982053999996,21.614836849353246],[-103.91475110999994,21.616075369353165],[-103.91651090999996,21.618306149353113],[-103.91908428999996,21.61624970935317],[-103.91879830999994,21.613425939353274],[-103.91479482999995,21.611416509353273],[-103.91236545999999,21.608049089353397],[-103.91654091,21.602517219353505],[-103.91715293999995,21.59792757935361],[-103.92319074999996,21.590568909353806],[-103.91973291999996,21.585821689353907],[-103.91923454999994,21.581985879354008],[-103.91736941999994,21.579813629354057],[-103.90403984999996,21.57754725935414],[-103.90298131999998,21.574412709354185],[-103.89593802999997,21.57534407935415],[-103.89257817,21.574143029354214],[-103.89022531999997,21.571614339354262],[-103.89273599999997,21.566024139354365],[-103.89107213999995,21.563769849354422],[-103.89183756999995,21.562479709354474],[-103.88605547999998,21.556410219354603],[-103.88708961999998,21.555436309354647],[-103.88102787999998,21.553060449354685],[-103.88164607999994,21.552142279354726],[-103.87075134999998,21.54873674935479],[-103.86874442999999,21.550268689354766],[-103.85938304999998,21.550291219354797],[-103.85627171999995,21.55236541935473],[-103.85452395,21.546998919354873],[-103.85578662999997,21.545993089354848],[-103.85402682999995,21.543529649354912],[-103.85509521999997,21.542917689354926],[-103.8533776,21.54196913935497],[-103.85588561999998,21.53869042935502],[-103.85400864999997,21.533227509355203],[-103.85801262999996,21.5313057093552],[-103.85992490999996,21.524749509355388],[-103.84929451999994,21.51453085935562],[-103.83660757999998,21.512662719355657],[-103.83212693999997,21.513397059355654],[-103.83200891999996,21.509512109355757],[-103.82792114999995,21.505262509355816],[-103.82815919999996,21.498174049356027],[-103.82371281999998,21.493047369356155],[-103.81401324999997,21.494483969356097],[-103.80042096999995,21.48718839935628],[-103.80157627999996,21.48981681935622],[-103.79298873999994,21.488691379356236],[-103.79119219999997,21.4917709793562],[-103.79268391999994,21.492733739356165],[-103.79107508999999,21.49774793935605],[-103.78991619999994,21.496803059356047],[-103.78482301999998,21.498492509356026],[-103.78339854999996,21.497338289356065],[-103.78007134999996,21.49998176935596],[-103.77750762999996,21.498992309356005],[-103.77859668999997,21.498330739356],[-103.77412947999994,21.49838070935601],[-103.77387948999996,21.49619539935604],[-103.77770291999998,21.494918569356095],[-103.77819191999998,21.492082119356198],[-103.77028054999994,21.48839724935626],[-103.76912850999999,21.483024919356385],[-103.76134251999997,21.481742349356413],[-103.74936457999996,21.474488229356627],[-103.74822177999995,21.47087004935666],[-103.75293654999996,21.466087689356797],[-103.74835505,21.462341829356905],[-103.74453307999994,21.45413011935709],[-103.74533665999998,21.451661449357175],[-103.74203064999996,21.441557829357368],[-103.73945233999996,21.441713819357407],[-103.73374117999998,21.436930719357523],[-103.72837522999998,21.435676569357533],[-103.72089554999997,21.425431229357795],[-103.72340037999999,21.421215489357888],[-103.72763770999997,21.421034939357856],[-103.73127204999997,21.415899799357987],[-103.75130707999996,21.417510719357967],[-103.75478679999998,21.41567573935801],[-103.75644821999998,21.41005982935812],[-103.7644034,21.410304169358167],[-103.76440153999994,21.407949089358198],[-103.75690311999995,21.399864649358378],[-103.75957034,21.399441969358406],[-103.76612561999997,21.39335491935853],[-103.76733319999994,21.388432999358695],[-103.76541870999995,21.38602105935876],[-103.74976193999998,21.38208779935879],[-103.74133250999995,21.374055109359],[-103.74707719999998,21.359832199359342],[-103.74431974,21.352276739359525],[-103.74831701999994,21.34514793935973],[-103.75227194999997,21.343274079359784],[-103.75238888999996,21.34109922935982],[-103.74963764999997,21.341452859359812],[-103.74935181999997,21.336708479359913],[-103.75309708999998,21.335836599359943],[-103.75561073999995,21.337694509359906],[-103.75742999999996,21.335484709359967],[-103.75739911999995,21.329791319360062],[-103.76416184999994,21.328469319360135],[-103.76682862999996,21.326503749360157],[-103.76828581999997,21.322418549360286],[-103.77253434,21.320330229360284],[-103.77612294999994,21.321669859360277],[-103.77767701999994,21.31153491936052],[-103.78063627999995,21.30851302936059],[-103.78483085,21.307295289360653],[-103.78548321999995,21.30573857936065],[-103.79196168999995,21.305579369360654],[-103.79905137999998,21.303261019360708],[-103.80357293999998,21.300311949360786],[-103.80784710999995,21.288919599361073],[-103.81212523,21.28663745936115],[-103.81467151,21.287118199361153],[-103.82034562999996,21.281041379361252],[-103.82009079999995,21.276523289361382],[-103.82499597999998,21.271264949361502],[-103.82114253999998,21.266466689361643],[-103.82098419999996,21.261710649361746],[-103.81701227999999,21.256136029361873],[-103.81724899999995,21.251090349361967],[-103.81939110999997,21.248435029362064],[-103.84001942999998,21.239820459362253],[-103.84500408999997,21.24029673936229],[-103.85298976999997,21.24613601936212],[-103.86188953999999,21.248868369362032],[-103.86389665999998,21.246316579362098],[-103.87414251999998,21.242266569362194],[-103.87524868999999,21.238643059362328],[-103.88260913999994,21.241910319362216],[-103.88685730999998,21.23920631936229],[-103.89230551999998,21.238426659362318],[-103.89688697999998,21.226846819362578],[-103.89836275,21.22649001936257],[-103.90306294999999,21.233419149362412],[-103.91789870999997,21.23102776936246],[-103.91969573999995,21.234191379362372],[-103.91757044999997,21.24126551936225],[-103.91857836999998,21.24562693936209],[-103.93105688999998,21.262547119361688],[-103.93379842999997,21.260873909361752],[-103.93546184999998,21.25417617936193],[-103.92863505999998,21.249760219362024],[-103.92401997999998,21.234571739362377],[-103.93039991999996,21.23534347936237],[-103.93655822999995,21.238531649362283],[-103.94586722999999,21.23801784936233],[-103.95170542999995,21.244592599362125],[-103.95226516999999,21.2477775993621],[-103.95838770999995,21.252754509361957],[-103.96056664999998,21.251182889362003],[-103.96352114999996,21.25408859936192],[-103.96927430999995,21.255690179361874],[-103.96925447999996,21.25687453936187],[-103.97345402999997,21.25632827936187],[-103.97448234999996,21.25180110936196],[-103.98531048999997,21.24920801936203],[-103.98785725,21.244306139362163],[-104.00356759999995,21.236462679362347],[-104.00608791999997,21.228043549362564],[-104.01748884999995,21.227201849362558],[-104.01464111999998,21.22068085936276],[-104.01682433999999,21.218582419362804],[-104.01513922999999,21.2138255193629],[-104.01718656999998,21.211912379362964],[-104.01601599999998,21.207458419363032],[-104.01863883,21.205122369363092],[-104.02232001999994,21.205107079363124],[-104.02233245999997,21.210788379362985],[-104.02498130999999,21.21293770936294],[-104.02941036999994,21.208664199363014],[-104.03287131999997,21.202686659363167],[-104.02639850999999,21.200475599363227],[-104.02796881999996,21.194672489363388],[-104.03529682,21.195952999363314],[-104.03572819999995,21.201205219363242],[-104.03842370999996,21.204442219363106],[-104.04517856999996,21.199199309363244],[-104.05283851999997,21.205413109363107],[-104.05503913999996,21.204609199363123],[-104.05479257999997,21.196513819363325],[-104.05627539999995,21.194139939363392],[-104.05945971999995,21.193926179363398],[-104.06189417999997,21.200082459363212],[-104.06788754999998,21.198199799363287],[-104.06941568999997,21.19445811936336],[-104.06609501999998,21.189723289363517],[-104.06858639999997,21.186773279363575],[-104.07276774999997,21.19022787936349],[-104.08097787999998,21.18969113936348],[-104.08091017999999,21.20176414936317],[-104.08235753999998,21.204306249363142],[-104.08565925999994,21.20536110936313],[-104.08845591999994,21.20361416936314],[-104.08879968999997,21.19612914936333],[-104.09417959999998,21.195826909363337],[-104.10003708999994,21.200867449363198],[-104.10876281999998,21.195566599363353],[-104.10905193999997,21.19012322936347],[-104.11084484999998,21.188595709363533],[-104.12404577999996,21.196267369363316],[-104.12855585999995,21.190968259363434],[-104.13867417999995,21.18866628936354],[-104.14727222999994,21.191619509363463],[-104.15951350999997,21.1845602893636],[-104.16581424999998,21.188880599363515],[-104.17715262999997,21.188162379363522],[-104.19636725,21.19355299936341],[-104.20279365999994,21.192832429363428],[-104.20870227999995,21.18928167936348],[-104.21418730999996,21.179561679363747],[-104.21939797999994,21.176610579363803],[-104.21734096999995,21.174690179363825],[-104.21872021999998,21.17429268936389],[-104.21787797999998,21.17265205936393],[-104.22051361999996,21.173258059363864],[-104.22047013999997,21.169812549363996],[-104.22357781999995,21.16918810936398],[-104.22147461999998,21.165761769364096],[-104.22423361999995,21.160471679364207],[-104.22174174999998,21.158956629364226],[-104.22486650999998,21.157703829364284],[-104.22204947999995,21.153292889364366],[-104.22517054999999,21.151208749364404],[-104.22210606,21.14667697936454],[-104.22283828999997,21.145175659364583],[-104.22117834999996,21.14444367936459],[-104.22148730999999,21.140722659364677],[-104.21912334999998,21.140896689364656],[-104.21900341999998,21.137639279364738],[-104.21513816999999,21.139107629364737],[-104.21496221999998,21.134007649364854],[-104.21268803,21.133974649364824],[-104.21059871999996,21.130927689364956],[-104.21233392,21.124550289365086],[-104.21111074,21.12106896936517],[-104.21270930999998,21.12043350936518],[-104.21086031999994,21.11860141936524],[-104.21476236999996,21.116791019365266],[-104.21214433999995,21.114528679365304],[-104.21546716999997,21.114017059365313],[-104.21459199999998,21.10771391936548],[-104.22084307999995,21.101363379365655],[-104.22142250999997,21.09789337936575],[-104.21806197999996,21.092871309365872],[-104.21829908999996,21.087845249365973],[-104.21671856999995,21.08579119936605],[-104.21985196999998,21.08011802936616],[-104.21871705999996,21.078595079366224],[-104.22260454999997,21.07347956936634],[-104.22181044999996,21.07002461936638],[-104.22912759999997,21.066152979366475],[-104.23479339999996,21.067681479366446],[-104.23923553999998,21.05707157936674],[-104.23781359999998,21.056081279366754],[-104.23839482999995,21.052273139366857],[-104.23161925999995,21.050554739366888],[-104.23105344999999,21.049189739366895],[-104.23077613999999,21.051029459366873],[-104.22516399999995,21.050526919366867],[-104.22736528999997,21.045735949367],[-104.22655007999998,21.04429616936704],[-104.23579768999997,21.040120219367147],[-104.23464519999999,21.035032059367257],[-104.23595496999997,21.031549369367344],[-104.23969667999997,21.027858629367415],[-104.24184002999999,21.028598459367434],[-104.24271290999998,21.027331629367442],[-104.24073011999997,21.021720399367588],[-104.23707553999998,21.02145274936757],[-104.22959317999995,21.0162696493677],[-104.22427241999999,21.007558309367916],[-104.22526805999998,21.00569764936798],[-104.22319570999998,21.0012636593681],[-104.22497548999996,20.99611502936822],[-104.23387136999999,20.99833147936816],[-104.23552862999999,20.99420853936826],[-104.23847424999998,20.99215081936832],[-104.23666387999998,20.990295229368375],[-104.23810051,20.984177059368502],[-104.23596436999998,20.980685199368576],[-104.23653811999998,20.97730982936865],[-104.23312944999999,20.968743369368863],[-104.22788662999994,20.967168819368904],[-104.22714246,20.964984309368955],[-104.21855890999997,20.960279649369117],[-104.20130634999998,20.959242179369106],[-104.20105925999998,20.95732014936915],[-104.20452617999996,20.954932249369243],[-104.20461641999998,20.951965459369298],[-104.20797391999999,20.95105534936931],[-104.20658777999995,20.93637334936968],[-104.221072,20.94152565936953],[-104.22875341999999,20.93558174936968],[-104.23008542999999,20.9319773393698],[-104.23651956999998,20.926194049369926],[-104.24645165,20.921245059370047],[-104.24708588999995,20.909882799370322],[-104.24888582999995,20.905777879370447],[-104.25620776999995,20.89689259937066],[-104.26787954999999,20.887461079370862],[-104.29091611999996,20.887795739370876],[-104.28840771999997,20.885342259370958],[-104.28544390999998,20.874985479371208],[-104.27911079999996,20.864518659371427],[-104.29069296999995,20.862340629371516],[-104.29020882999998,20.849015219371843],[-104.29511862,20.847881829371858],[-104.29541588999996,20.84549605937193],[-104.29823088999997,20.847436369371835],[-104.30208891999996,20.845719319371902],[-104.30881539999996,20.846807309371854],[-104.31267291999995,20.842967219371968],[-104.31261739999997,20.84041597937203],[-104.31569691999994,20.840741259372056],[-104.31841736999996,20.83857264937209],[-104.32252122999996,20.84129184937203],[-104.33168739999996,20.842742829372],[-104.33425758,20.84666228937187],[-104.34194536999996,20.84416421937193],[-104.34524133999997,20.84639402937189],[-104.34734807999996,20.844773859371916],[-104.34999424999995,20.845698309371905],[-104.35356759999998,20.842786879371985],[-104.35631021999995,20.843707999371947],[-104.35999045999996,20.84192582937197],[-104.35928990999999,20.840083859372037],[-104.36176848999997,20.840931019372],[-104.36173887999998,20.838457019372118],[-104.35835647999994,20.83433699937218],[-104.35890931999995,20.82401427937241],[-104.35710474999996,20.81987385937252],[-104.36026936999998,20.819844689372506],[-104.36405937999996,20.81393297937269],[-104.35040233999997,20.811643969372724],[-104.37589214999997,20.784072969373433],[-104.37522036999997,20.775439449373657],[-104.36644917999996,20.78306813937346],[-104.36143994999998,20.785413379373367],[-104.35824937999996,20.79053259937328],[-104.34635404999995,20.793207689373187],[-104.34529345999994,20.790750549373243],[-104.33579477999996,20.789884199373304],[-104.32832232,20.79809767937309],[-104.2976174,20.77079519937375],[-104.29154731999995,20.770634799373745],[-104.29019873999995,20.773011319373666],[-104.29218807999996,20.777135049373562],[-104.28991053999995,20.78134094937351],[-104.28285624999995,20.783480579373443],[-104.28001997999998,20.768928399373795],[-104.27447496999999,20.769987049373785],[-104.25986113999994,20.735331169374636],[-104.24763265999997,20.72633671937486],[-104.24657562999994,20.718277549375028],[-104.24181568999997,20.713433519375133],[-104.24142891999998,20.70998477937527],[-104.24737834999996,20.70557408937533],[-104.24814937999997,20.6996282593755],[-104.24278014999999,20.694288719375624],[-104.24329761999996,20.69174568937571],[-104.24799011999995,20.689682379375718],[-104.24789633999995,20.686463579375847],[-104.25315979999999,20.68229637937591],[-104.24578899999995,20.673813859376132],[-104.24690237999994,20.670907539376188],[-104.23698187999997,20.665088879376356],[-104.23646073999998,20.662897199376395],[-104.23869577999994,20.660334579376475],[-104.25530707999997,20.653282999376643],[-104.25712874999999,20.64591377937684],[-104.26038953999995,20.64283554937688],[-104.26024188999999,20.641327879376963],[-104.24692381999996,20.631492399377212],[-104.24802254999997,20.629363719377274],[-104.25376714,20.630608349377216],[-104.25474773999997,20.618380029377494],[-104.25304708999995,20.618233349377498],[-104.25193021999996,20.6144882793776],[-104.25531394999996,20.612528399377634],[-104.25544113999996,20.610804319377706],[-104.25150494999998,20.608283149377755],[-104.25290901999996,20.60759571937779],[-104.25363982999994,20.603418709377863],[-104.25870970999995,20.604287449377885],[-104.26699788999997,20.614182279377598],[-104.27445796999996,20.616602949377583],[-104.27499368999999,20.622165369377434],[-104.27879428999996,20.623837109377398],[-104.28010419999998,20.62817302937726],[-104.28201094999997,20.628993349377232],[-104.28080604999997,20.63538333937707],[-104.28279916999999,20.63622787937706],[-104.28147828999995,20.641238219376945],[-104.28263873999998,20.6426756293769],[-104.28057744999995,20.64635687937681],[-104.28476930999996,20.652887169376662],[-104.28339106,20.657640889376527],[-104.28696342999996,20.658612889376503],[-104.28795613999995,20.660407599376473],[-104.28642613999995,20.66832910937628],[-104.28456022999995,20.670619139376214],[-104.28842868999999,20.675400059376123],[-104.28908407999997,20.682873059375932],[-104.28698393999997,20.686525849375844],[-104.28848659999996,20.68915661937577],[-104.29492797999997,20.692510689375695],[-104.29791768999996,20.69158153937572],[-104.30564550999998,20.69416956937563],[-104.30800501999995,20.696840619375564],[-104.30715699999998,20.699819769375484],[-104.30903902999997,20.703658029375394],[-104.31638931999998,20.70696074937534],[-104.31850983,20.713485089375176],[-104.32289941999994,20.714025779375145],[-104.32411511999999,20.71754351937506],[-104.33193968999996,20.716748649375077],[-104.33589351999996,20.72145511937494],[-104.35079807999996,20.72533968937487],[-104.35336125999999,20.735949769374614],[-104.35899582999997,20.73714471937459],[-104.36371959999997,20.7444109093744],[-104.36714169,20.744736739374414],[-104.37229888999997,20.741314419374465],[-104.37754870999999,20.74237341937444],[-104.37653134,20.747574339374292],[-104.37894310999997,20.755192369374118],[-104.38598173999998,20.76321222937391],[-104.38420893999997,20.76647861937385],[-104.38867737999999,20.76800371937379],[-104.39140331999994,20.772560679373676],[-104.39501313999995,20.774425289373674],[-104.39662237999994,20.780836779373516],[-104.40184410999996,20.78324453937345],[-104.40364824799998,20.786061061373374],[-104.41252421999997,20.78995171937326],[-104.41412461999994,20.79377024937315],[-104.41914968999998,20.796222319373094],[-104.42337048999997,20.791286739373223],[-104.42726030999995,20.791021619373232],[-104.42905691999994,20.792415829373198],[-104.42931482999995,20.796787819373133],[-104.43434030999998,20.80040184937303],[-104.43573585999997,20.805764829372883],[-104.43861279999999,20.805292399372888],[-104.44095447999996,20.807650619372843],[-104.44934976999997,20.80353527837296],[-104.45547870999997,20.80677853937285],[-104.45840885999996,20.806515579372864],[-104.45840376999996,20.808985419372817],[-104.46296337999996,20.81082682937276],[-104.46002453999996,20.8131026893727],[-104.46430630999998,20.813990649372673],[-104.47424721999994,20.819907019372568],[-104.47693148999998,20.819647939372533],[-104.47553367999996,20.82266510937248],[-104.48031948999996,20.823255889372447],[-104.48024411999997,20.825037549372414],[-104.48356037999997,20.82737290937238],[-104.48528810999996,20.833276399372206],[-104.49013814999995,20.83501913937216],[-104.49320988999996,20.838760379372076],[-104.49993813999998,20.838186459372064],[-104.50321744999997,20.841816379372023],[-104.50158219999999,20.84535894937191],[-104.50425893999994,20.846833659371896],[-104.50639434999994,20.860844939371532],[-104.51060614999994,20.859656799371553],[-104.51399982999999,20.86650196937141],[-104.51949161999994,20.869151199371316],[-104.52256442,20.879707849371062],[-104.52476301999997,20.88049928937104],[-104.52319515,20.882949319370958],[-104.52444202999999,20.8857618893709],[-104.52902836999999,20.885634399370947],[-104.53106456999996,20.88266139937102],[-104.53462454,20.884035619370987],[-104.53494968999996,20.887752969370894],[-104.53328850999998,20.88966221937082],[-104.53602551999995,20.893891949370737],[-104.53571917999994,20.895857629370642],[-104.54329606,20.897566279370626],[-104.54474064999995,20.901140169370567],[-104.54285227999998,20.911939569370297],[-104.55114042999998,20.917076969370143],[-104.55571139999995,20.91811534937013],[-104.55752364999996,20.920811619370056],[-104.55692168999997,20.924152379369996],[-104.56020821999999,20.926150489369935],[-104.56452637999996,20.92627084936991],[-104.56931104999997,20.9308934493698],[-104.57629211999995,20.93070745936983],[-104.57816631999998,20.933951169369745],[-104.59073625999997,20.934619279369713],[-104.59150964999999,20.931531369369818],[-104.60098528999998,20.931437709369813],[-104.60713814999997,20.926232369369913],[-104.61071604999995,20.925567679369916],[-104.61183808999999,20.923211689370024],[-104.61696417999998,20.923141979369973],[-104.62266104999998,20.926335139369918],[-104.62853271999997,20.923865689370004],[-104.63330799999994,20.92805740036988],[-104.63457659999995,20.931852150369778],[-104.63809374,20.934125140369712],[-104.64701522999998,20.93541061936968],[-104.65286367999995,20.93216860036979],[-104.65812613999998,20.933225720369744],[-104.66213968999995,20.938738799369634],[-104.66144133999995,20.943977319369484],[-104.66914052,20.94130826036958],[-104.68099996999996,20.943840620369492],[-104.68265834899995,20.949159309369342],[-104.67866679999999,20.9546975193692],[-104.68105791999994,20.96066668936907],[-104.69261968999997,20.96167359936905],[-104.69765008999998,20.965365890368947],[-104.70571098,20.966851600368905],[-104.70829801999997,20.969596779368878],[-104.70710251999998,20.972402280368765],[-104.70889034,20.974416519368727],[-104.71343153999999,20.973339519368746],[-104.71615773999997,20.974928429368717],[-104.71417482,20.977769749368658],[-104.71582894999996,20.980469199368624],[-104.72160633999994,20.98265727936856],[-104.72936276999998,20.98315414036853],[-104.72616956999997,20.991449659368335],[-104.72798151999997,20.995049999368227],[-104.72550604999999,20.99796594036819],[-104.72520525,21.00052742936809],[-104.72701305999999,21.002921940368054],[-104.72514856999999,21.004776739368012],[-104.72822791,21.007459459367947],[-104.72847336999996,21.011404860367865],[-104.72998914999994,21.012288250367792],[-104.73183133999999,21.012131650367824],[-104.73419048999996,21.007976650367908],[-104.73924107999994,21.006142369368003],[-104.74990202999999,21.009040109367902],[-104.75249910999997,21.0122797193678],[-104.76028824999997,21.011913059367814],[-104.76257521999997,21.00889231036791],[-104.76692974999999,21.01062413936786],[-104.77171234999997,21.008601080367903],[-104.77507916999997,21.01753125036768],[-104.77781394999995,21.017518540367707],[-104.77939073999994,21.0211819203676],[-104.78246214999997,21.023359060367554],[-104.78360753999999,21.020242369367633],[-104.79018830999998,21.015021319367776],[-104.79544859999999,21.014129369367755],[-104.80319422999997,21.01651328936769],[-104.81018159999996,21.01201283036782],[-104.81496922999999,21.01534302036773],[-104.82101904999996,21.014823720367726],[-104.82772499999999,21.01806848936771],[-104.83248667999999,21.014116739367807],[-104.83538897999996,21.01939317936765],[-104.83809890999999,21.02000858036765],[-104.83737457999996,21.01565868936775],[-104.84119047999997,21.006723450367925],[-104.85365599999994,21.004957689367973],[-104.85129657999994,21.000161109368083],[-104.85793747999999,20.99435653936828],[-104.86335222999998,20.99594883036824],[-104.86686894999997,20.995201369368253],[-104.87350479999998,20.98235832036855],[-104.88081245999996,20.980910420368563],[-104.88232888999995,20.978908029368654],[-104.88095377999997,20.976010909368725],[-104.88274948999998,20.973658350368755],[-104.88954150999997,20.97375874936877],[-104.89344808999999,20.967056879368897],[-104.90062747999998,20.962747200369044],[-104.90226097,20.956068179369186],[-104.89860510999995,20.952440219369265],[-104.90052601999999,20.94634065936941],[-104.90468728999997,20.945352199369474],[-104.90647293999996,20.94217941936954],[-104.91336939999997,20.944176580369458],[-104.92833979999995,20.93951556936958],[-104.93429931999998,20.934489450369718],[-104.94124236999996,20.93510734036971],[-104.94313756999999,20.932699420369772],[-104.95316389,20.930134340369822],[-104.95847779999998,20.92472587936995],[-104.96054965999997,20.919876949370085],[-104.96389433999997,20.91912620037008],[-104.96724404999999,20.909508090370366],[-104.96983042999996,20.909106580370363],[-104.98187544999998,20.914735520370233],[-104.98719994,20.920377689370095],[-104.99037368999996,20.921562849370034],[-104.99740128999997,20.919546449370092],[-105.00024967999997,20.911706260370302],[-105.00339408999997,20.91085753937031],[-105.00215785999995,20.915919249370187],[-105.00633224999996,20.922536370369997],[-105.01205487999994,20.918615050370136],[-105.02018213999997,20.918097149370123],[-105.02124685999996,20.911457079370283],[-105.02759722999998,20.91142421937031],[-105.02931574999998,20.909299510370325],[-105.03161333999999,20.909171230370372],[-105.03907273999994,20.913114819370232],[-105.03893165999995,20.918543449370144],[-105.03634305999998,20.924887260369953],[-105.03967006,20.930244620369823],[-105.04463124999997,20.93144107936981],[-105.04680484999996,20.93428385936973],[-105.05020624999999,20.931704000369812],[-105.05443973999998,20.932848819369774],[-105.05814341999996,20.93093125936978],[-105.06053831999999,20.933478379369756],[-105.06521865999999,20.931321419369826],[-105.06819814999996,20.931757649369814],[-105.07280197999997,20.927994999369897],[-105.08033692,20.93147088936983],[-105.08553264999996,20.92388100036998],[-105.09935577999995,20.918764909370108],[-105.09738896999994,20.915859309370163],[-105.10449268999997,20.91232193937025],[-105.10447579999999,20.9078460793704],[-105.11218151999998,20.90478288937043],[-105.11195707999997,20.900430319370567],[-105.11722119999997,20.900812579370537],[-105.11712664999999,20.89697239937063],[-105.12810950999994,20.889241779370863],[-105.14254610999997,20.88646582937093],[-105.14254831999995,20.88377161937097],[-105.13914629,20.881939489370996],[-105.14119404999997,20.87560581937115],[-105.14819062999999,20.868669449371318],[-105.15296565999995,20.86893991937134],[-105.15391382999998,20.867001149371397],[-105.15274984999996,20.861892769371508],[-105.16056331,20.85741522937164],[-105.15540536999998,20.853064709371743],[-105.15779031999996,20.850107679371813],[-105.16278779999999,20.848689999371825],[-105.16122591999999,20.839987739372024],[-105.16384962999996,20.83431454937218],[-105.16163601999995,20.831140139372273],[-105.16514267999997,20.828901549372336],[-105.16572307999998,20.82054996937253],[-105.17134104999997,20.82108431937252],[-105.17118633999996,20.816802139372616],[-105.17394294999997,20.813943449372697],[-105.17105453999994,20.811212339372748],[-105.17276148999997,20.80603830937291],[-105.16755650999994,20.803743709372934],[-105.17097434999994,20.79610861937311],[-105.16227567999994,20.79251927937318],[-105.17339654999996,20.767711379373807],[-105.19696113999998,20.77717102937357],[-105.20101637999996,20.772624539373687],[-105.20189424999995,20.767217779373855],[-105.20582548999995,20.764144849373896],[-105.20943762999997,20.766534779373814],[-105.21140612,20.76592350937387],[-105.22033597999997,20.761194779373966],[-105.22285421999999,20.75616487937408],[-105.23415859999994,20.747551419374307],[-105.23991577999999,20.747351279374314],[-105.23693801999997,20.727534489374804],[-105.23913979999999,20.725938349374843],[-105.24467713999998,20.72659294937484],[-105.24564546,20.724115979374872],[-105.24369650999995,20.71974111937499],[-105.24619902999997,20.71294081937516],[-105.24217853999995,20.707775909375318],[-105.24257265999995,20.704241539375396],[-105.25189316999997,20.70503405937537],[-105.25594701999995,20.702766199375418],[-105.25654667999999,20.69456348937565],[-105.26060721999994,20.692415749375698],[-105.26268387999994,20.689191769375746],[-105.26026541999994,20.685628419375863],[-105.26125228999996,20.679816179375983],[-105.26573116999998,20.678857739376042],[-105.27242322999997,20.683840179375906],[-105.27893214999995,20.68133471937596],[-105.27839441999998,20.675875599376074],[-105.27436094999997,20.675622339376133],[-105.27420996999997,20.674326689376127],[-105.27633493999997,20.671994739376192],[-105.28053414999995,20.673252749376186],[-105.28100002999997,20.671965769376172],[-105.26550816499997,20.66614208137636],[-105.24507165999995,20.65331451937664],[-105.24135482399998,20.642718997376942],[-105.23372957899994,20.635224858377107],[-105.23270045899994,20.617220542377524],[-105.23860177799999,20.60542677337781],[-105.23969824299998,20.59753341837804],[-105.244264925,20.592165117378137],[-105.24555627999997,20.587712279378298],[-105.24475300699999,20.582168391378385],[-105.25816166399994,20.55749053437904],[-105.26396330999997,20.555654893379057],[-105.27417650999996,20.54823830937924],[-105.27640536999996,20.54872864937923],[-105.28039865299998,20.546217549379303],[-105.28735051999996,20.544871579379354],[-105.28804607099994,20.53939386137948],[-105.29231250999999,20.53553065937958],[-105.29204193199998,20.532323879379632],[-105.29675154999997,20.533765059379633],[-105.29628013899999,20.531014134379713],[-105.30038543999997,20.53020881937969],[-105.30254868699997,20.527756307379757],[-105.31344370599999,20.52216156437989],[-105.31500299199998,20.522631680379906],[-105.31590271899995,20.520650691379952],[-105.31975192799996,20.51891261837998],[-105.31957487999996,20.51597585938003],[-105.31581014899996,20.513244000380105],[-105.316458556,20.51175669938015],[-105.32498142499998,20.51431622838008],[-105.32552911899995,20.51210672738014],[-105.335325335,20.512072076380132],[-105.34405294,20.507347739380272],[-105.34756151,20.506797479380275],[-105.35292053999996,20.50853434938023],[-105.36973054899994,20.504163679380323],[-105.37232482999997,20.50645267938029],[-105.37577082999998,20.50436667938033],[-105.37939534299996,20.50599409238028],[-105.38272237999998,20.504931089380342],[-105.38619958,20.507401019380247],[-105.39112019999999,20.50595457938029],[-105.40088158999998,20.50892373438023],[-105.40203147699998,20.506760242380253],[-105.41116710999997,20.504352369380342],[-105.41183045999999,20.502779769380403],[-105.41691191999996,20.503986579380356],[-105.42510154999998,20.50012197938047],[-105.44277118199994,20.50099331138042],[-105.445824127,20.498459630380495],[-105.44556402199999,20.495551339380587],[-105.442564072,20.49177086638068],[-105.445503918,20.488381660380746],[-105.44841185999996,20.48885422038073],[-105.45630079999995,20.494901829380584],[-105.46578236999996,20.49650984938054],[-105.47511321999997,20.496016399380522],[-105.48121997,20.493405679380597],[-105.48422341999998,20.49401285938061],[-105.48943948599998,20.490100660380687],[-105.49487774,20.489400339380694],[-105.50261094999996,20.49253193938063],[-105.50760179999997,20.49160721938065],[-105.51787497,20.4935141793806],[-105.54034134999995,20.489453649380692],[-105.54479773999999,20.486251829380816],[-105.55443727799997,20.48822292138072],[-105.56076532799995,20.486470370380797],[-105.56628766599994,20.48259947338087],[-105.57387643699997,20.483771869380863],[-105.592565117,20.473652559381108],[-105.59409381899997,20.474990222381102],[-105.59501216999996,20.473736109381115],[-105.60414927999994,20.475768519381045],[-105.60600371299996,20.473361827381133],[-105.60830402099998,20.473702822381107],[-105.60901205999994,20.471263219381132],[-105.61549869899996,20.470781932381186],[-105.62428261999999,20.45688588938151],[-105.63560137999997,20.44584188938181],[-105.64295890999995,20.442348569381867],[-105.64820545999999,20.445096824381825],[-105.64815308999994,20.44317824938189],[-105.65130411999998,20.441260019381932],[-105.64973391999996,20.438404549381964],[-105.65441842999998,20.42809025938222],[-105.65659894999999,20.42793504938222],[-105.65755797999998,20.425908739382308],[-105.65951577,20.427414489382254],[-105.66775930999995,20.428016169382218],[-105.67127484999999,20.425883449382308],[-105.67083199999996,20.422113549382406],[-105.67260909,20.417860289382528],[-105.67058652999998,20.414194110382557],[-105.67403665999996,20.413862279382595],[-105.67170254399997,20.408909131382742],[-105.67317914599994,20.406907256382766],[-105.67830870699999,20.408544006382723],[-105.68012014999994,20.411969949382666],[-105.68155068,20.410898479382684],[-105.68760807999996,20.412029089382624],[-105.68887114299999,20.4103536903827],[-105.69496010999997,20.409227779382697],[-105.69276539999998,20.388234459383213],[-105.68633617999997,20.373249819383627],[-105.68536707999999,20.369261459383743],[-105.68655205,20.36720810938374],[-105.67631025999998,20.352348739384105],[-105.67643484999996,20.34759459938424],[-105.66618001999996,20.332258349384656],[-105.65944950999994,20.325354079384823],[-105.65616178,20.317713059385017],[-105.61218051999998,20.282593089385852],[-105.59021241999996,20.263054509386382],[-105.58477648999998,20.255614429386533],[-105.58401473999999,20.25076850938668],[-105.58571445699994,20.248879444386723],[-105.58254499799996,20.247153486386768],[-105.58300134299999,20.24408507038682],[-105.57913425599997,20.239951318386936],[-105.58201992399995,20.23866093238698],[-105.58092659699999,20.236692897387034],[-105.57516048699995,20.23482184838709],[-105.57451177499996,20.238285874386964],[-105.57229659999996,20.239041862386987],[-105.56687948899999,20.236847078387004],[-105.55972009799996,20.232108897387125],[-105.55488089899995,20.224660157387337],[-105.54780730499999,20.206773991387756],[-105.54286919999998,20.18436861438833],[-105.54845138099996,20.169627765388736],[-105.54822943199999,20.13669026338952],[-105.54533095,20.11129976939019],[-105.54599657999995,20.102110449390402],[-105.54707128999996,20.099330379390437],[-105.54926571599998,20.09897314339049],[-105.54998592499999,20.094524322390573],[-105.54626025599998,20.09168420939066],[-105.50444050699997,20.010552293392685],[-105.49235449299995,19.991121305393175],[-105.41170381999996,19.883098891395953],[-105.38912437999994,19.85605330939662],[-105.35828139999995,19.822720779397457],[-105.34463568999998,19.8049105393979],[-105.33113950999996,19.78105624939852],[-105.32789019999996,19.77110562939875],[-105.33033831999997,19.766357999398856],[-105.31901229099998,19.758229930399114],[-105.30353525999999,19.742190079399506],[-105.29202615699997,19.725624696399933],[-105.29123854999995,19.720077059400072],[-105.27614867399996,19.709444432400325],[-105.26354791999995,19.69559993940066],[-105.25950580399996,19.68510815440094],[-105.26058744999995,19.681242569401057],[-105.26370428999996,19.681348489401067],[-105.26468246899998,19.679170168401086],[-105.26134544499996,19.678938537401123],[-105.24593373699999,19.667788724401383],[-105.20868036999998,19.635389599402227],[-105.20223537999999,19.631378629402302],[-105.19867952,19.62589342940249],[-105.20170185999997,19.622896459402543],[-105.19951937999997,19.62126033940258],[-105.18943861999998,19.622142169402586],[-105.18071750999998,19.620711029402596],[-105.17707545999998,19.617058349402672],[-105.16934816999999,19.615691739402724],[-105.16216142999998,19.611522969402845],[-105.15959901999999,19.606736579402973],[-105.16187017999995,19.603738749403032],[-105.16007665999996,19.603032429403036],[-105.15953082999994,19.604731979403006],[-105.15270399999999,19.603510799403022],[-105.15060785999998,19.600350889403146],[-105.15312134799997,19.595087962403237],[-105.15056114999999,19.592281079403353],[-105.15239282,19.59038493940335],[-105.15228876999998,19.58713588940347],[-105.14439641999996,19.583303539403524],[-105.14600982999997,19.58277147940359],[-105.14422942999994,19.581789999403604],[-105.14231473999996,19.575081199403773],[-105.14090988,19.574992539403755],[-105.14160810999999,19.57706841940371],[-105.13866735,19.575607829403722],[-105.13423542999999,19.576035709403737],[-105.13433885999997,19.580520649403603],[-105.13316619999995,19.580260509403654],[-105.13448675799998,19.58474909340354],[-105.12804319299994,19.587808918403443],[-105.11462184999999,19.58565914940347],[-105.10424554999999,19.57804691940371],[-105.09715347599996,19.565681121404005],[-105.08895383,19.56045321940415],[-105.08956418499999,19.55426565740431],[-105.08639950199995,19.550990329404375],[-105.08338402099997,19.542711840404568],[-105.08145855099997,19.531422831404857],[-105.08493341099995,19.529024036404948],[-105.08007008,19.520101139405188],[-105.08293013999997,19.519222659405166],[-105.08248313999997,19.515948679405287],[-105.08437248699994,19.51431957740529],[-105.08064773999996,19.51543259940529],[-105.07909162999995,19.51361607940536],[-105.08294597199995,19.512403502405345],[-105.08265686799997,19.509805130405443],[-105.07956694999996,19.508100629405487],[-105.08201798199998,19.50714965240551],[-105.08150057999997,19.505406889405567],[-105.07847734399996,19.502873760405606],[-105.07615661499995,19.504059432405597],[-105.07667847199997,19.502381212405613],[-105.07186205,19.49978742940566],[-105.07039284999996,19.501934079405643],[-105.06715943799998,19.501131995405633],[-105.06584230999995,19.496598779405776],[-105.06070380499996,19.4955126414058],[-105.06660997999995,19.48944591940593],[-105.06245531999998,19.485882259406033],[-105.06390914999997,19.48489722940608],[-105.06309611999995,19.483608851406082],[-105.05997341999995,19.48358017940609],[-105.06099881999995,19.482436199406123],[-105.05888329,19.4808703994062],[-105.06233962,19.479655974406228],[-105.05981620199998,19.479472756406206],[-105.06125696599997,19.47744902440626],[-105.05778414199995,19.47434263840633],[-105.06061570099996,19.47425935740633],[-105.05910421999994,19.471574649406396],[-105.061645786,19.471239122406402],[-105.06541548999996,19.47356881940634],[-105.06551342999995,19.472238199406398],[-105.07232061999999,19.47249979940637],[-105.07312477999994,19.47110397940644],[-105.06807812199997,19.469077008406465],[-105.06997026199997,19.46807222040651],[-105.06122419399998,19.46274672940663],[-105.06294966199994,19.461817807406643],[-105.05590169799996,19.459627870406727],[-105.05530207399994,19.45640489040678],[-105.05423607599994,19.45756249840678],[-105.05257045299999,19.454372831406847],[-105.04447552699997,19.454364502406822],[-105.04465469699996,19.451176628406913],[-105.04614947799998,19.450275399406973],[-105.04175172,19.44868976940699],[-105.04264334199996,19.446327873407085],[-105.03807061299995,19.443301198407156],[-105.03669647399994,19.443459433407114],[-105.03769584699997,19.444367197407125],[-105.036529912,19.44564972640707],[-105.033173682,19.444858556407084],[-105.03206701999996,19.440877689407177],[-105.02985336999996,19.439064319407244],[-105.03062289999997,19.437936704407246],[-105.02522628199996,19.436412659407292],[-105.02736315,19.430777139407443],[-105.02962827999995,19.43060514940748],[-105.02986186,19.42910776940748],[-105.02704602999995,19.428726399407534],[-105.02654516999996,19.426252089407576],[-105.02467994999995,19.42584553940759],[-105.02538725399995,19.424230103407627],[-105.02064855799995,19.42153179440772],[-105.01795857699996,19.412937181407923],[-105.01766709299996,19.405500176408072],[-105.02059858899999,19.39722203140833],[-105.02398813099995,19.39363261440841],[-105.02715068999998,19.393961659408408],[-105.03071508999994,19.39728067940831],[-105.02996601999996,19.394343179408423],[-105.03245473599998,19.389630394408503],[-105.03208829899995,19.387248553408575],[-105.03051666499994,19.387447833408572],[-105.02556448999997,19.381867879408738],[-105.02428723599998,19.382909011408653],[-105.01786626099994,19.379652719408732],[-104.99539700999999,19.362896555409215],[-104.99331377999995,19.35835697940932],[-104.98763309799995,19.35543496840938],[-104.98789337999995,19.352619662409452],[-104.98473456999994,19.35191214940946],[-104.98550961999997,19.35057241940951],[-104.98335499999997,19.350704489409512],[-104.98230726699995,19.347980050409568],[-104.97903908999996,19.347159089409594],[-104.97927345399995,19.34505946040967],[-104.976416912,19.345559146409663],[-104.96848411999997,19.339640539409803],[-104.96674797199995,19.334058022409955],[-104.96426976299996,19.33204856741],[-104.96531910499999,19.33144061541002],[-104.96033889399996,19.330699413410017],[-104.953568137,19.321630097410285],[-104.95231892,19.322188080410225],[-104.93872213999998,19.31389136941043],[-104.93740326899997,19.308638240410573],[-104.93441533499998,19.309506247410564],[-104.92995146599999,19.308098796410626],[-104.91381158199994,19.300078823410786],[-104.90991402499999,19.296131297410902],[-104.90728234099998,19.297147327410887],[-104.90281252399997,19.295954027410904],[-104.88103450699998,19.28651827541115],[-104.87746174599995,19.28376166941123],[-104.87733682399994,19.28097175141128],[-104.87417214099997,19.28014726841133],[-104.87597101399996,19.27762384941139],[-104.87311447099995,19.276166429411422],[-104.87159042599995,19.278864738411336],[-104.87303118999995,19.27962259741135],[-104.87348402999999,19.284222199411214],[-104.87101471999996,19.287484419411143],[-104.86680176999995,19.289514219411085],[-104.85526465999999,19.29106859941107],[-104.850482168,19.288343916411133],[-104.85046071,19.289953679411077],[-104.84742750999999,19.29055741941103],[-104.84656795499995,19.2879858074111],[-104.84625581999995,19.289647369411103],[-104.84489400399997,19.288843603411134],[-104.84540619999996,19.289949319411075],[-104.844385989,19.289118431411104],[-104.84279545999999,19.291410289411036],[-104.83970210999996,19.29224368941104],[-104.83915884999999,19.29021530941108],[-104.83709056199997,19.289609789411088],[-104.83644790199999,19.294402903410948],[-104.83997893999998,19.296229079410907],[-104.84094069999999,19.300008819410834],[-104.83773657999996,19.30424727941068],[-104.83275022,19.30687008941066],[-104.82707877399997,19.30772788541064],[-104.81006443799998,19.304354999410688],[-104.80145316899997,19.30076558241079],[-104.79410808999997,19.29528327941092],[-104.79047507999996,19.28949744941109],[-104.78866145899997,19.28177822941128],[-104.78935028999996,19.279772250411337],[-104.79265099999998,19.278919279411326],[-104.79526970999996,19.271825719411527],[-104.79957368,19.26839527941163],[-104.79948891,19.26312513941177],[-104.8010526,19.260289249411816],[-104.80578304999995,19.26174822941176],[-104.80944613999998,19.25860484941187],[-104.80652785999996,19.25368302941201],[-104.80773957999999,19.25005036941211],[-104.80949497799998,19.24984982041211],[-104.80837319999995,19.247828779412185],[-104.81052766399995,19.247567916412148],[-104.80917851,19.24742633941218],[-104.80799316999997,19.243738519412236],[-104.81059428899994,19.234584387412482],[-104.80848727599994,19.232568984412552],[-104.80764613699996,19.23532559041248],[-104.80274931999999,19.235653849412483],[-104.80250527999999,19.233991369412525],[-104.79826822999996,19.233887049412548],[-104.79829365999996,19.230250279412626],[-104.79564075699994,19.230635053412605],[-104.79569905299996,19.232633801412565],[-104.79280919799999,19.232908628412563],[-104.79008902,19.237921089412406],[-104.78452272499999,19.236831170412458],[-104.78098150999995,19.239307119412363],[-104.77848484299996,19.237647325412432],[-104.77633635999996,19.24025950241236],[-104.77124224999994,19.237732579412423],[-104.77194727399997,19.232267364412554],[-104.76748340499995,19.22978558641261],[-104.76112905399998,19.231626099412555],[-104.75821421399998,19.228495918412673],[-104.75187651999994,19.237323718412455],[-104.746017097,19.23502396941248],[-104.73924634099996,19.24000418141238],[-104.73655635999995,19.238205308412372],[-104.732933631,19.239229666412403],[-104.73045185299999,19.23673956141242],[-104.73185930399997,19.234607563412496],[-104.72955241699998,19.231342943412592],[-104.73156299899996,19.228358709412674],[-104.73588405,19.228660449412658],[-104.73401127999995,19.221697569412846],[-104.73080996199997,19.222525850412815],[-104.72668873599999,19.218775820412933],[-104.72347170399998,19.221526477412834],[-104.72194884899994,19.21876630241291],[-104.71704715999999,19.21905183741289],[-104.71604897599998,19.216748519412977],[-104.71244171299998,19.214997236412987],[-104.714288174,19.21802746441291],[-104.712889051,19.221764423412854],[-104.708872521,19.222897046412807],[-104.70252411899999,19.221945262412845],[-104.69395805999996,19.21637732341298],[-104.68508742899996,19.20564357441326],[-104.68448228999995,19.20094117941335],[-104.686394943,19.19887281841341],[-104.68541054999997,19.197723579413456],[-104.68880442999996,19.19858768941345],[-104.69117702999995,19.196936919413467],[-104.68997736999995,19.19516905941353],[-104.69138597999995,19.1886912894137],[-104.69506705999999,19.186975229413704],[-104.69733025000001,19.187815079413728],[-104.70346087999997,19.18037607941388],[-104.70281274999996,19.17813197941396],[-104.70075733999994,19.179923139413887],[-104.69838314799995,19.179100770413918],[-104.69894034999999,19.176118649414004],[-104.69559262999998,19.175664649414017],[-104.69534430999994,19.17716470941399],[-104.69386290999996,19.17355034941406],[-104.69172371999998,19.1732773994141],[-104.69038999999998,19.174429819414062],[-104.68890371999998,19.184168539413776],[-104.68519993999996,19.184815629413794],[-104.68443097999995,19.182379459413852],[-104.68093591999998,19.183773749413817],[-104.68032868999997,19.185506599413774],[-104.68271022999994,19.187561679413708],[-104.68157241999995,19.188572969413695],[-104.68361230999994,19.18995791941364],[-104.67997933999999,19.1931715194136],[-104.67514564999999,19.185495739413742],[-104.65367076999998,19.182615889413814],[-104.62934159999999,19.17290634941411],[-104.62628450999996,19.17585382941403],[-104.62602742999998,19.178203479413945],[-104.61882156999997,19.180851449413865],[-104.61608704999999,19.17795816941398],[-104.61530150999994,19.174104169414075],[-104.61590701999995,19.170566169414133],[-104.61895728999997,19.16766665941424],[-104.61678165999997,19.166243519414238],[-104.61574770999995,19.161680889414402],[-104.61147357999994,19.16100094941442],[-104.61283388999999,19.155482819414527],[-104.60817150999998,19.154930509414548],[-104.60331921999995,19.15205945941461],[-104.58984008,19.150095219414663],[-104.58703859999997,19.153520939414616],[-104.58578016999996,19.161814319414404],[-104.59614262999997,19.16405222941431],[-104.59607313999999,19.1716066794141],[-104.60028747999996,19.17905336941396],[-104.59549685999997,19.1842561994138],[-104.59002879999997,19.186531679413715],[-104.5866678,19.18538505941377],[-104.58398961999997,19.177989319413967],[-104.58097708999999,19.177615449414],[-104.57693761999997,19.180204599413884],[-104.57436013999995,19.185756939413743],[-104.57476910999999,19.193030379413557],[-104.56970019999994,19.197023509413476],[-104.56724856999996,19.201266119413386],[-104.56960128999998,19.205883419413272],[-104.57054414999999,19.21368105941304],[-104.56911273999998,19.218695229412894],[-104.56729531999997,19.219758029412866],[-104.56241861999996,19.218229119412918],[-104.56026131,19.219698549412872],[-104.55924604999997,19.221550949412833],[-104.56028650999997,19.22817859941265],[-104.55451594999995,19.23709777941244],[-104.54847134,19.243346829412292],[-104.53705164999998,19.25103485941209],[-104.53378370999998,19.25804073941192],[-104.53028785999999,19.259788829411853],[-104.52331937999999,19.26037237941183],[-104.51407514,19.248144939412136],[-104.50838473999994,19.24422504941228],[-104.50608994,19.245083079412208],[-104.50142517999997,19.252592139412037],[-104.49737974999995,19.254497049411988],[-104.49453543,19.25394704941198],[-104.48844802999997,19.24723268941215],[-104.49014190999998,19.23273397941253],[-104.48895488999995,19.22994336941263],[-104.48384950999998,19.230540459412598],[-104.47725768999999,19.2387033794124],[-104.47400914999999,19.23654813941243],[-104.47339013999999,19.23022977941263],[-104.47167290999994,19.228835849412654],[-104.46689632,19.231010219412575],[-104.46478459999997,19.230037779412598],[-104.46301625999996,19.232959659412558],[-104.46324162999998,19.237485139412428],[-104.46700817999994,19.24510688941223],[-104.46302342999996,19.24736827941216],[-104.46005636999998,19.245981539412217],[-104.45569873999995,19.248040259412136],[-104.45980496999994,19.254448419412007],[-104.45752701999999,19.25941945941187],[-104.44892917,19.25899701941186],[-104.43840784999998,19.262873089411748],[-104.43574988999995,19.27015561941155],[-104.43925911999999,19.277987859411382],[-104.43664107999996,19.279387429411337],[-104.42923307999996,19.27929134941135],[-104.42381519999999,19.282081119411266],[-104.42025259999997,19.27957305941137],[-104.41744762999998,19.28026908941132],[-104.41321673999994,19.282945349411243],[-104.41236517999995,19.285329249411213],[-104.40094559999994,19.289069799411102],[-104.39743167999997,19.285819199411172],[-104.40245262999997,19.27840065941136],[-104.40130176999999,19.276023739411407],[-104.40319062999998,19.271781419411514],[-104.40132250999994,19.266813029411658],[-104.39556059999995,19.271288249411555],[-104.38433093999998,19.272041579411553],[-104.37427346,19.281883979411262],[-104.36331611999998,19.27533621941144],[-104.36434521999998,19.269791489411585],[-104.36187369,19.269078419411592],[-104.35794296999995,19.270569289411547],[-104.34388028999997,19.289545979411105],[-104.33783556999998,19.289039399411077],[-104.33413071999998,19.28650136941116],[-104.33097784999997,19.287560219411134],[-104.32461834999998,19.283601749411247],[-104.32252568999996,19.280547579411333],[-104.31480390999997,19.27935588941133],[-104.31124462999998,19.28320037941123],[-104.31063373999996,19.289507479411085],[-104.30010076999997,19.296024379410927],[-104.29759099999995,19.30267076941077],[-104.29218097999996,19.30301211941076],[-104.28716148999996,19.299922689410835],[-104.28688633999997,19.296938349410897],[-104.28363524999999,19.297005279410904],[-104.28145401999996,19.302808849410766],[-104.27964082999996,19.30338307941074],[-104.27640693999996,19.300788379410772],[-104.26980059999994,19.301927089410757],[-104.26750133999997,19.30492116941069],[-104.26223331999995,19.307370779410615],[-104.26117904999995,19.31180619941049],[-104.25585761999997,19.309899179410564],[-104.24626817999996,19.31195541941052],[-104.24313271999996,19.309388479410583],[-104.23418710999995,19.307622339410585],[-104.22561377999996,19.302000569410794],[-104.21964068899996,19.301351569410787],[-104.21842417,19.299015620410817],[-104.21417319999995,19.30237333941073],[-104.20691817899996,19.300012719410805],[-104.20434628999999,19.30360222041074],[-104.19672648999995,19.29659451041088],[-104.19233237999998,19.295319079410955],[-104.19166736999995,19.292209769411013],[-104.18967993899999,19.293350889411],[-104.19001636999998,19.30203270941076],[-104.18471936899999,19.303578819410703],[-104.185621579,19.30621004941067],[-104.17963068999995,19.30880428941061],[-104.18147854899996,19.311093399410538],[-104.17980131899999,19.312562120410483],[-104.17353461899997,19.314303089410462],[-104.16979657899998,19.312963739410478],[-104.16880982999999,19.307676630410608],[-104.163755489,19.308228719410593],[-104.16164982999999,19.30271964941073],[-104.15809879899996,19.310831489410536],[-104.1540058,19.311962829410483],[-104.15293037899995,19.31515241941044],[-104.14478908999996,19.311240969410502],[-104.14015885999999,19.31616703041043],[-104.13772068999998,19.31241476941047],[-104.13603599899996,19.312934940410464],[-104.13604991899996,19.31631147941037],[-104.13220774899999,19.320886260410287],[-104.12985225999996,19.317809419410374],[-104.12576039899994,19.3204044504103],[-104.12298461999997,19.319041939410308],[-104.12549736999995,19.32425225041022],[-104.12476659899995,19.326276629410128],[-104.12158862899997,19.3274965494101],[-104.12472650899997,19.328689709410067],[-104.13334411999995,19.3537458304094],[-104.12026321999997,19.360090449409245],[-104.11879857999998,19.371663550408964],[-104.10959799999995,19.381197089408733],[-104.090226219,19.3930247994084],[-104.08420536899997,19.409072340408034],[-104.08383739899996,19.415598949407848],[-104.07088374899998,19.43523543040731],[-104.07994293899999,19.431781749407406],[-104.08048728899996,19.43521294040733],[-104.08663977899994,19.44203099940716],[-104.07673951899994,19.48021471940619],[-104.07451025999995,19.48264499940613],[-104.07202257899996,19.482075139406152],[-104.07208164999997,19.48339496940612],[-104.06898125899994,19.484296829406087],[-104.06172505999997,19.49770293940576],[-104.05176359899997,19.497600539405756],[-104.03913571,19.484661460406052],[-104.00564988899998,19.472275479406402],[-104.00004554999998,19.468828830406483],[-103.99767242999997,19.471626180406403],[-103.98816433999997,19.471160249406402],[-103.98709712,19.474295919406316],[-103.97400708999999,19.474552910406317],[-103.97129008999997,19.46263249040661],[-103.96479865999999,19.45416265040685],[-103.93085651899997,19.44548222040711],[-103.89952159999996,19.43454724940735],[-103.89762887999996,19.436282449407337],[-103.89796207999996,19.438599489407267],[-103.90876546,19.453628309406866],[-103.89731771,19.4614318794067],[-103.88933088999994,19.463597309406627],[-103.88326227999994,19.456044059406825],[-103.87941816999997,19.444488659407106],[-103.87556484999999,19.443216979407133],[-103.87266410999996,19.445562819407108],[-103.86929041999998,19.444921599407085],[-103.86375499999997,19.447384739407052],[-103.85821296999995,19.437132249407288],[-103.85916048999997,19.43343054940737],[-103.85645276999998,19.431330539407433],[-103.85273173999997,19.431260119407433],[-103.84664301999999,19.433703169407394],[-103.84099994999997,19.43823279940725],[-103.83524817999997,19.4397040194072],[-103.82413488999998,19.437788249407266],[-103.82796806,19.432665309407415],[-103.82352825999999,19.427210489407546],[-103.82205833999996,19.422496779407705],[-103.82339684999994,19.416910889407816],[-103.81925285999995,19.408739709408046],[-103.81765705999999,19.412442769407917],[-103.80920783,19.415387029407828],[-103.80133590999998,19.42197341940766],[-103.79813862999998,19.42182902940766],[-103.79273365999995,19.427513689407554],[-103.77888131999998,19.43100264940744],[-103.77437411999996,19.430549379407474],[-103.77143507999996,19.433829339407378],[-103.76780842999996,19.43462719940733],[-103.75065831999996,19.44566356940705],[-103.73530867999996,19.44342299940714],[-103.72543576999999,19.451228169406914],[-103.71825731999996,19.453497509406862],[-103.71615645999998,19.45695804940676],[-103.71578939999996,19.467009519406506],[-103.70827330999998,19.469856539406432],[-103.70424841999996,19.477098779406287],[-103.69885085999994,19.482105859406133],[-103.69882747999999,19.48476114940608],[-103.69338428999998,19.486589059406004],[-103.69004528999994,19.492447769405885],[-103.68480814999998,19.494231749405824],[-103.68283081999999,19.493120019405854],[-103.68044824999998,19.495942479405784],[-103.67572170999995,19.49675381940575],[-103.66487861999997,19.502630909405614],[-103.65154094999997,19.500996029405673],[-103.61827650999999,19.51251876940535],[-103.60619930999998,19.5005578594057],[-103.61072792,19.495496519405823],[-103.61482421999996,19.494046619405857],[-103.61244153999996,19.489482489405955],[-103.61241212,19.48563124940604],[-103.61535756999996,19.47499544940632],[-103.61187113999996,19.469974849406423],[-103.60868770999997,19.46963099940645],[-103.60767825999994,19.46561925940655],[-103.60147239999999,19.462681949406633],[-103.59818994999995,19.4554255494068],[-103.58666282999997,19.444029449407143],[-103.58632851999994,19.439524599407203],[-103.57891668999997,19.43548574940734],[-103.57869214999994,19.425929739407593],[-103.57548962999999,19.419986879407745],[-103.57709567999997,19.416152599407805],[-103.57448315,19.41495216940785],[-103.57426841999995,19.41156231940793],[-103.56878007999995,19.406241519408066],[-103.55891122999998,19.40900461940804],[-103.55907490999999,19.407584139408048],[-103.55621119999995,19.406971739408085],[-103.55169557999994,19.39917690940827],[-103.54297476999994,19.393980719408404],[-103.54249388999996,19.39078016940847],[-103.53829894999996,19.388511909408532],[-103.53632766,19.381045259408754],[-103.53325759999997,19.38023731940874],[-103.52672199999995,19.37276471940897],[-103.52220861999997,19.35782557940933],[-103.51998850999996,19.358052919409307],[-103.51943113999995,19.35591056940937],[-103.51714610999994,19.357079819409318],[-103.51860351999996,19.35462396940939],[-103.50474484999997,19.348497149409585],[-103.50166313999995,19.344890969409665],[-103.49904613999998,19.344553399409666],[-103.49753577999996,19.34711985940962],[-103.49255365799998,19.346505736409586],[-103.49270199999995,19.344274859409662],[-103.48642997999997,19.33789064940986],[-103.48681853999994,19.327413419410085],[-103.49566931,19.319755659410315],[-103.49001762999995,19.31452482941043],[-103.48987828999998,19.310686219410528],[-103.49219453999996,19.308365579410587],[-103.49505468999996,19.310306369410537],[-103.49922661999994,19.308506509410574],[-103.50096687999998,19.29975059941081],[-103.50509384999998,19.299336799410828],[-103.50597476999998,19.29617951941092],[-103.50918157999996,19.295149909410963],[-103.50621619999998,19.289713939411104],[-103.50798137,19.275338909411467],[-103.50707453999998,19.272701029411532],[-103.50887565999994,19.267111259411653],[-103.50673767999996,19.26638913941169],[-103.50792571999995,19.258251599411892],[-103.50532864999997,19.25326801941203],[-103.50990621999995,19.24330150941226],[-103.50569077999995,19.236156509412467],[-103.50768313999998,19.230448859412583],[-103.50659636999997,19.227494969412703],[-103.51068874999999,19.224603459412734],[-103.51099442999998,19.22167168941283],[-103.51414174999996,19.217984909412916],[-103.51396122999995,19.216672659412943],[-103.51082417999999,19.216435969413],[-103.50986657999994,19.213661829413024],[-103.51523851999997,19.211351799413098],[-103.51138284999996,19.20679741941321],[-103.51086505999996,19.19965793941342],[-103.50353262999994,19.194860679413498],[-103.49859282999995,19.18695173941372],[-103.49763087999997,19.174642149414066],[-103.50312679999996,19.170172119414193],[-103.50212054999997,19.162485909414357],[-103.50916564999996,19.155961309414554],[-103.50974865999996,19.14894667941471],[-103.51197864999995,19.14647301941476],[-103.51395454999994,19.138340539414994],[-103.51100904999998,19.132049109415117],[-103.51955693999997,19.124454539415343],[-103.52361679999996,19.115640659415575],[-103.52065387999994,19.11166036941565],[-103.52112708999994,19.101980279415958],[-103.51738777999998,19.098790599415988],[-103.52233310999999,19.09278127941616],[-103.52648062999998,19.078728049416526],[-103.52222599999999,19.076665229416594],[-103.52257413999996,19.066214849416863],[-103.51695387999997,19.060983289416967],[-103.50936405999995,19.057556449417074],[-103.50658839999994,19.04942113941728],[-103.50134068999995,19.04872294941733],[-103.49690171999998,19.041702399417513],[-103.49695104999995,19.035176779417643],[-103.4909052,19.03266982941771],[-103.49095745999995,19.029761539417784],[-103.48850553999995,19.027586749417868],[-103.49396034999997,19.021829229418],[-103.49446505999998,19.0147060794182],[-103.49874190999998,19.012039229418228],[-103.49394910999996,19.006892349418383],[-103.49083121999996,18.995820819418704],[-103.49219461999996,18.987066579418894],[-103.48985070999998,18.980771649419086],[-103.49555799999996,18.973271889419248],[-103.49502019999996,18.97066639941932],[-103.48954204999995,18.96869148941936],[-103.48859433999998,18.964889149419466],[-103.48655384999995,18.968162249419386],[-103.48748961999996,18.971622879419304],[-103.48204130999996,18.97020641941936],[-103.48139238,18.975419769419187],[-103.48372717999997,18.97978574941913],[-103.47911296999996,18.979348339419115],[-103.47779982999998,18.984102919418984],[-103.47214787999997,18.985084859418944],[-103.47153614999996,18.987911779418884],[-103.47404141999999,18.988973769418838],[-103.47266045999999,18.991136369418804],[-103.46839224999997,18.986932599418903],[-103.46312731999997,18.977020919419154],[-103.46029587999999,18.97711377941914],[-103.45782630999997,18.979296229419106],[-103.45450577999998,18.97850244941915],[-103.45035881999996,18.98164331941905],[-103.44186254999994,18.983531849419016],[-103.41945271999998,18.981250689419024],[-103.41811296999998,18.978158229419165],[-103.41503471999995,18.97843554941911],[-103.41663608999995,18.97481616941922],[-103.41382073999995,18.973053169419295],[-103.41143391999998,18.96765928941939],[-103.40717385999996,18.97152731941932],[-103.39970728999998,18.966359319419425],[-103.39442110999994,18.967414629419427],[-103.39158052,18.97073591941932],[-103.38610517999996,18.97256857941926],[-103.38419256999998,18.97778751941915],[-103.37724887999997,18.98017045941911],[-103.37308614999995,18.97685104941917],[-103.36317013999998,18.97662182941918],[-103.35829034999995,18.98001256941908],[-103.35531493999997,18.980225519419072],[-103.35227101999999,18.97775124941914],[-103.34449811999997,18.978150119419155],[-103.33248516999998,18.973251309419236],[-103.3048222,18.98579374941892],[-103.29939671999996,18.99290553941875],[-103.29557891999997,18.99421794941873],[-103.29182088999995,18.992962799418745],[-103.28961033999997,18.994469029418728],[-103.28782434999994,18.99183708941878],[-103.28453191999995,18.998376289418623],[-103.28218391999998,18.999702889418575],[-103.27765991999998,18.996933249418642],[-103.27337437999996,18.998679799418603],[-103.27183937999997,19.0017174794185],[-103.25975179999996,19.003696649418483],[-103.25791848999995,19.01174511941828],[-103.25252341999999,19.01071285941831],[-103.24844951999995,19.014542369418216],[-103.24642373999997,19.012097939418258],[-103.24051424999999,19.013980909418198],[-103.23935485999999,19.016003179418146],[-103.23596696999999,19.01702610941816],[-103.23466825999999,19.02005967941803],[-103.23109401999994,19.0182737494181],[-103.22949087999996,19.022714059417993],[-103.22387619999995,19.024100509417938],[-103.22474519999999,19.019274619418052],[-103.22166130999994,19.009452679418317],[-103.21790211999996,19.007015119418398],[-103.21739647999999,19.003532229418507],[-103.20951884999994,19.00298664941847],[-103.20892781999999,19.0000001694186],[-103.21055170999996,18.997074519418668],[-103.20934265999995,18.994694659418705],[-103.21139756999999,18.993002569418742],[-103.20835730999995,18.98986965941885],[-103.20690911999998,18.98166045941906],[-103.20321451999997,18.9784967394191],[-103.20447199999997,18.96761224941942],[-103.20044801999995,18.962660979419564],[-103.18859764999996,18.954903939419765],[-103.17336422999995,18.936263919420227],[-103.14963344999997,18.92593787942049],[-103.13445391999994,18.931063179420338],[-103.12501945999998,18.930144659420378],[-103.12362987999995,18.937613429420196],[-103.10823521999998,18.95168079941985],[-103.10774071999998,18.9566523994197],[-103.10518887999996,18.961291969419577],[-103.09802570999994,18.964747849419474],[-103.08810879999999,18.98410870941898],[-103.06622617999996,18.996263079418675],[-103.06221645999996,18.995373909418706],[-103.06163104999997,18.997016109418666],[-103.05249956999995,18.99812541941864],[-103.05512059999997,19.00073214941853],[-103.06207477999999,19.002157689418503],[-103.06377301999999,19.005673489418424],[-103.06669894999999,19.022268079418005],[-103.06323850999998,19.027854079417857],[-103.06007271999995,19.02813953941784],[-103.05485188999997,19.03394485941771],[-103.05056046,19.035599289417654],[-103.04792542999998,19.032237979417733],[-103.03324207999998,19.029117619417786],[-103.03307805999998,19.03424165941771],[-103.03043974999999,19.036056169417634],[-103.02521425999998,19.053103849417223],[-103.01887251999996,19.051982019417192],[-103.01564664999995,19.048888419417278],[-103.00533684999999,19.052039429417206],[-102.99083522999996,19.053378909417187],[-102.99241485999994,19.057777859417076],[-102.99877762999996,19.06150610941697],[-103.01600567999999,19.07918530941654],[-103.01945537999995,19.1038365094159],[-103.01838897999994,19.105839029415804],[-103.01271507999996,19.106829919415805],[-103.01202284999995,19.10919668941573],[-103.01435019999998,19.113000279415647],[-103.01627757999995,19.11311128941565],[-103.01613564999997,19.11707693941554],[-103.02054022,19.125048479415312],[-103.01972701999995,19.13237116941515],[-103.00828679999996,19.13775570941497],[-103.00445981999997,19.137571339414976],[-102.99966144999996,19.135301719415043],[-102.98337802999998,19.12139790941541],[-102.97762270999999,19.120060909415475],[-102.97669313999995,19.126368919415306],[-102.97935776999998,19.15241325941462],[-102.9743112,19.15374059941459],[-102.96602502999998,19.163954049414297],[-102.96268274999994,19.165769319414267],[-102.96116404999998,19.167493749414245],[-102.96288404999996,19.169571659414164],[-102.96234844999998,19.17201553941415],[-102.96009609,19.17405588941406],[-102.95782670999996,19.173550119414102],[-102.95548471999997,19.16961976941418],[-102.95229522999996,19.176561089414015],[-102.95101408999994,19.175046029414016],[-102.94749987999995,19.174877179414068],[-102.94201807999997,19.17713276941401],[-102.93615094999997,19.173624979414065],[-102.93513341999994,19.18203224941389],[-102.92743762999999,19.177268489414],[-102.91507262999994,19.179367109413917],[-102.88643279999998,19.204391379413295],[-102.86537705999996,19.21128542941308],[-102.86538370999995,19.205876179413266],[-102.86260196999997,19.20322962941333],[-102.85993404999999,19.20394964941327],[-102.84564030999998,19.199048029413387],[-102.84382419999999,19.20263219941332],[-102.83142105999997,19.214639829413027],[-102.82775970999995,19.211261089413103],[-102.83016785999997,19.209989119413134],[-102.82443339999998,19.205693229413264],[-102.81770624999996,19.20909539941313],[-102.81398294999998,19.218278599412947],[-102.80836145999996,19.223264119412804],[-102.79995282999994,19.223451569412802],[-102.79376413999995,19.225408079412716],[-102.79224543,19.228700769412654],[-102.79435542999994,19.23236673941254],[-102.78959947999999,19.239594719412388],[-102.79024319999996,19.24245799941231],[-102.78569386,19.24214936941231],[-102.78488804999995,19.24391791941227],[-102.77692668999998,19.243555679412268],[-102.76512027999996,19.248632149412128],[-102.75381591899998,19.25580506041196],[-102.74666207999996,19.252172540412044],[-102.745290889,19.24948074041214],[-102.74061921899994,19.248334460412167],[-102.73772085999998,19.2422024004123],[-102.72791045999998,19.242395230412292],[-102.71272214899996,19.235808060412484],[-102.70712977899996,19.238318310412414],[-102.708421919,19.24117697041236],[-102.70553374999999,19.241906599412317],[-102.70653353899996,19.243578090412292],[-102.70526219899995,19.24705310941215],[-102.70226127999997,19.246998149412153],[-102.69882601999996,19.24993136941212],[-102.69659327999995,19.248808860412126],[-102.69488993999994,19.247773860412146],[-102.69436834899996,19.237428370412452],[-102.69555344999998,19.238861980412423],[-102.69732310999996,19.23804936941242],[-102.69622519999996,19.235948949412435],[-102.69825996899999,19.232909600412572],[-102.696988859,19.231660820412575],[-102.69915677899998,19.23150728941255],[-102.70151759899994,19.226249309412736],[-102.70069156899996,19.22453662941275],[-102.69389893999994,19.22629734941271],[-102.67661522899999,19.218027460412955],[-102.66992268899997,19.212412059413094],[-102.66826439899995,19.220956020412864],[-102.66211027999998,19.2188113994129],[-102.66129768999997,19.22855617041264],[-102.66000275,19.22986891941263],[-102.65615879999996,19.228737449412638],[-102.65524102999996,19.22991969041265],[-102.65683607899996,19.232502309412542],[-102.651842119,19.23551851041249],[-102.65689705999995,19.24053683041233],[-102.65146773899995,19.24310747941228],[-102.64972041999994,19.24600877041221],[-102.65122733899995,19.249230289412143],[-102.64825928999994,19.249945089412098],[-102.648801549,19.253238949411998],[-102.64553226,19.25531171041196],[-102.64559407999998,19.259492780411865],[-102.63820988899995,19.262659540411782],[-102.64313153999997,19.266197920411706],[-102.64030694899998,19.266600980411695],[-102.64100450899997,19.26809117041162],[-102.63897270999996,19.269922910411587],[-102.63888291999996,19.273013140411486],[-102.64105724999996,19.274188230411465],[-102.63948314899996,19.276926029411385],[-102.64309565999997,19.278340400411363],[-102.64084042899998,19.28094882941132],[-102.63956424999998,19.290519369411026],[-102.63785754999998,19.291305450411013],[-102.63822382999997,19.295091279410958],[-102.63579562999996,19.297295089410863],[-102.63454913999999,19.301836690410774],[-102.63124273899996,19.304505280410698],[-102.63271591899996,19.306981950410645],[-102.62990814899996,19.30710514941062],[-102.62607404999994,19.31485173941044],[-102.62000153999999,19.315151249410423],[-102.61117762999999,19.32279624941024],[-102.608638569,19.32906182041006],[-102.61007339999999,19.33089425941],[-102.60505588999996,19.33845525940982],[-102.60549861899996,19.34932997040953],[-102.60146105899997,19.356873600409372],[-102.60105601999999,19.364486770409144],[-102.59473713899997,19.371185289408967],[-102.59457505899996,19.37560419940888],[-102.58795584999996,19.388678829408544],[-102.58255161999995,19.38966688040849],[-102.56880075,19.412625969407884],[-102.57201219999997,19.415279800407856],[-102.57305607899997,19.420082720407706],[-102.57666896899998,19.421972779407668],[-102.57678699999997,19.423908919407616],[-102.57072334999998,19.42672924940756],[-102.56508084999996,19.43515733940735],[-102.55563037899998,19.431536339407426],[-102.55104414899995,19.42537801940757],[-102.54912328899997,19.428317749407537],[-102.54445184999997,19.429129679407513],[-102.54359677899998,19.430960000407474],[-102.54659304999996,19.435098749407356],[-102.55249337999999,19.43347428940738],[-102.55924033999997,19.436880399407304],[-102.55798596999996,19.439580449407227],[-102.54769277999998,19.439487889407246],[-102.55870219999997,19.447003889407068],[-102.56478131999995,19.443033279407153],[-102.56817611999998,19.44335459940716],[-102.56329891999997,19.464926979406556],[-102.55576767999997,19.465147939406595],[-102.55475673999996,19.47093677940641],[-102.54831336999996,19.471427549406403],[-102.54676724999996,19.474169449406332],[-102.54324708999997,19.47540919940631],[-102.54270537999997,19.478033109406265],[-102.54908114999995,19.49242285940587],[-102.57594344999995,19.49806177940574],[-102.57378034,19.500126819405665],[-102.57527159999995,19.503675279405574],[-102.57186141999995,19.511191829405377],[-102.57634754999998,19.515888719405307],[-102.57518757999998,19.521886859405118],[-102.57687889,19.522647119405093],[-102.57619221999995,19.524894949405024],[-102.57825273999998,19.524490199405065],[-102.58186419999998,19.528255119404946],[-102.58399522999997,19.522693709405107],[-102.58652854999997,19.5229810494051],[-102.59113716999997,19.520097249405158],[-102.59290099999998,19.521839739405152],[-102.59845961999997,19.51864948940518],[-102.60951568999997,19.510078619405427],[-102.62052957999998,19.49877165940571],[-102.62300299999998,19.497524319405713],[-102.62891773999996,19.500451449405688],[-102.63459542,19.495967779405788],[-102.65752781999998,19.487237279406006],[-102.67093010999997,19.490625879405915],[-102.66884796999994,19.49142185940591],[-102.67197644999999,19.494591689405823],[-102.6703702,19.498832489405707],[-102.67264628999999,19.504457179405545],[-102.67302471999994,19.51199530940536],[-102.67742129,19.510255819405423],[-102.68948708999994,19.513415679405323],[-102.69261761999996,19.510226579405423],[-102.70437934999997,19.507172949405486],[-102.71224831999997,19.499716999405678],[-102.71399659999997,19.500905339405644],[-102.71366491999999,19.49913987940568],[-102.71927781999995,19.49735101940576],[-102.72372804999999,19.493176089405893],[-102.73199405999998,19.4960465394058],[-102.73600388999996,19.493167829405866],[-102.73806493999996,19.49335947940583],[-102.73888293999994,19.498667319405712],[-102.73015411999997,19.506845889405486],[-102.73096977999995,19.51054484940539],[-102.72724276999998,19.51216722940536],[-102.72548025999998,19.511400709405375],[-102.72575596999997,19.508799309405436],[-102.72457719999996,19.509122229405456],[-102.72231488999995,19.51814056940524],[-102.71751902999995,19.519467719405164],[-102.71841814999999,19.525863029405013],[-102.71456599999999,19.530782549404865],[-102.71670745999995,19.533525749404795],[-102.71065634999998,19.54106876940462],[-102.71158553999999,19.54556794940454],[-102.71581336999998,19.54634031940452],[-102.71844633999996,19.550319259404382],[-102.71634701999996,19.561210539404122],[-102.71351670999996,19.563261339404065],[-102.71964628999996,19.568290249403958],[-102.71680113999999,19.570637339403902],[-102.72064367999997,19.57429131940377],[-102.72035924999994,19.579621749403653],[-102.72497502999994,19.57786121940369],[-102.72603888999998,19.57902554940365],[-102.72465884999998,19.581871459403597],[-102.72235264999995,19.582377029403563],[-102.72658021999997,19.58614401940349],[-102.72453136999998,19.585415169403486],[-102.72110816999998,19.591574089403338],[-102.71846728999998,19.5928725694033],[-102.71814516999996,19.59961516940313],[-102.71608403,19.600187979403117],[-102.71593204999999,19.602935149403066],[-102.71817561999995,19.60408853940305],[-102.71747477999999,19.605730449402987],[-102.72028121999996,19.605855709403],[-102.72098859999994,19.607689829402897],[-102.71881888999998,19.609412169402876],[-102.72068890999998,19.61066965940285],[-102.72585616999999,19.60994051940288],[-102.72608754999999,19.61313682940277],[-102.72851270999996,19.611890619402825],[-102.73049124999996,19.613768569402772],[-102.73723528999996,19.61507604940272],[-102.74756634999994,19.61277702940282],[-102.75321433999994,19.617439679402704],[-102.75374154999997,19.62015693940263],[-102.75543125999998,19.619820019402646],[-102.75366430999998,19.62289856940257],[-102.75896454999997,19.624868459402514],[-102.76085876999998,19.62753390940243],[-102.77434167999996,19.62662048940244],[-102.77584945999996,19.627714999402386],[-102.77720711999996,19.628977279402406],[-102.77683477999996,19.63411347940225],[-102.77959813999996,19.644311909402006],[-102.78228273999997,19.64258979940203],[-102.78331448999995,19.643531479402],[-102.78205053999996,19.646620379401938],[-102.78748533999999,19.648229059401913],[-102.78418647999996,19.652087539401766],[-102.78721193999998,19.65172801940183],[-102.79260147999997,19.65455056940171],[-102.79310365999999,19.66143087940157],[-102.79115914999996,19.66805948940142],[-102.79273705999998,19.67074001940132],[-102.79120334999999,19.673186419401244],[-102.79238659999999,19.674624629401215],[-102.79967954999996,19.67312267940127],[-102.80038663,19.674921219401206],[-102.80566253999996,19.67483776940123],[-102.79763282,19.678123539401145],[-102.79549648999995,19.68471634940094],[-102.79062724999996,19.686857139400885],[-102.79223154999995,19.68842305940087],[-102.78528179999995,19.694799519400718],[-102.78223173999999,19.695211259400708],[-102.78309277999995,19.698191949400595],[-102.78048171999997,19.704324089400473],[-102.78221457999997,19.707185659400402],[-102.78546742999998,19.708201999400334],[-102.78562367999996,19.712547419400284],[-102.79217071999996,19.717671339400116],[-102.79580604999995,19.72837325939987],[-102.79831799999994,19.728783199399864],[-102.80487723,19.73467541939968],[-102.80494350999999,19.73825610939962],[-102.80685368999998,19.73995636939958],[-102.81080471999996,19.74101608939956],[-102.80938076999996,19.74339144939946],[-102.80258642999996,19.746630259399414],[-102.80392627999998,19.752157629399253],[-102.80524721999997,19.752946549399223],[-102.81627408999998,19.749905059399318],[-102.81660181999997,19.751873479399233],[-102.80860645999996,19.75956077939908],[-102.81319934999999,19.76636885939889],[-102.81184905999999,19.77398891939866],[-102.81280867999999,19.775953369398625],[-102.81952684999999,19.777941199398594],[-102.79231222999995,19.814115509397656],[-102.78724582999996,19.813605429397697],[-102.78498383,19.81544861939763],[-102.78175014999995,19.813049259397722],[-102.77466122,19.812717479397723],[-102.76977788999994,19.809483379397822],[-102.76272604999997,19.810057219397756],[-102.75908267999996,19.80798444939783],[-102.75520834999998,19.813959459397672],[-102.75056927999998,19.81427419939768],[-102.74998074999996,19.81274671939772],[-102.74522967999997,19.811973259397746],[-102.74464988999995,19.814228149397696],[-102.73939630999996,19.81582582939763],[-102.73917656999998,19.817684369397583],[-102.74497665999998,19.824833049397416],[-102.74520977999998,19.828002599397323],[-102.74849593999994,19.82904701939733],[-102.74957773999995,19.832136859397217],[-102.75333019999994,19.834123509397166],[-102.74933853999994,19.83447934939715],[-102.74314245999994,19.84460394939693],[-102.73505317999997,19.847313819396845],[-102.73434456999996,19.85039699939675],[-102.73035267999995,19.853208679396662],[-102.73487678,19.86039030939652],[-102.73557254999997,19.867436449396344],[-102.73368465999994,19.869823399396243],[-102.73537068999998,19.872190829396175],[-102.73476891999996,19.874518179396144],[-102.74249004999996,19.87875947939603],[-102.73979185999997,19.885765719395856],[-102.73251993999997,19.890383169395754],[-102.73121510999995,19.89950784939554],[-102.744795319,19.9078668293953],[-102.77063354899997,19.92986845039475],[-102.78403604899995,19.951235690394178],[-102.77534290899996,19.958557400394028],[-102.77687357899998,19.96015374039398],[-102.77991916999997,19.960039259393962],[-102.79030176899994,19.951104059394197],[-102.79400945999998,19.95029102039424],[-102.80303741999995,19.952600779394185],[-102.80570559999995,19.95718615039404],[-102.80770505999999,19.956185050394065],[-102.80934084999997,19.959106220394023],[-102.81849516999996,19.96251825939389],[-102.81909996999997,19.96119787939394],[-102.82196938,19.964577029393862],[-102.82468397899999,19.962951910393915],[-102.84671285899998,19.968330059393754],[-102.85646690999994,19.968044140393797],[-102.86139422899998,19.969787689393723],[-102.85977873899998,19.971373549393714],[-102.86380128999997,19.970639829393697],[-102.88204962999998,19.97576925939359],[-102.88209693999995,19.96958510939371],[-102.88558485999994,19.970233339393722],[-102.90262188999999,19.96686347939378],[-102.92626761999999,19.98418754939339],[-102.93362024999999,19.986106979393313],[-102.93643771999997,19.98286411939341],[-102.94362421999995,19.98413362939335],[-102.94576511999998,19.99109339939322],[-102.95121493999994,19.996556509393066],[-102.95488967999997,19.994677629393134],[-102.95494942999994,19.995711509393065],[-102.95846473999995,19.995380909393088],[-102.95844011999998,19.99198770939317],[-102.96263005999998,19.99267081939316],[-102.96331217999995,19.989836519393226],[-102.96849794999999,19.991124279393212],[-102.97792971999998,19.987193539393324],[-102.99380967999998,19.98389474939338],[-102.99990613999995,19.9751331693936],[-103.00448808999994,19.971705649393687],[-103.01221753999995,19.970157649393702],[-103.01076236999997,19.9670270193938],[-103.01548274999999,19.95975401939398],[-103.02356441999996,19.96237937939394],[-103.02521954999997,19.960492089393977],[-103.02608514999999,19.96416027939387],[-103.02937674999998,19.967435139393825],[-103.03478241999994,19.967913289393803],[-103.03622561999998,19.969443369393723],[-103.04060076999997,19.978943999393522],[-103.04545025,19.983593629393376],[-103.04935031999997,19.99067236939318],[-103.05150417999994,19.991611149393172],[-103.05016131999997,19.99674237939306],[-103.04440937999999,19.99997845939294],[-103.04381199999995,20.001978619392908],[-103.04599830999996,20.00264914939287],[-103.04405196999994,20.004552399392832],[-103.04742178,20.004881429392878],[-103.04818042999995,20.007278319392817],[-103.04496788999995,20.008102509392785],[-103.04560865999998,20.011287179392706],[-103.03742531999995,20.01696807939252],[-103.03694284999995,20.021824089392428],[-103.03260976999997,20.024680149392342],[-103.03279322999998,20.026154179392318],[-103.03437039999996,20.02516854939233],[-103.03648834999997,20.026987309392286],[-103.03569601999999,20.029414769392247],[-103.03376494999998,20.03056397939223],[-103.03309816999996,20.029307139392248],[-103.03018593999998,20.029507119392246],[-103.02438544999995,20.033308849392114],[-103.02845756999994,20.036660689392075],[-103.02636307999995,20.03934825939199],[-103.02817819999996,20.044551999391864],[-103.02578621999999,20.046465709391818],[-103.02651681999998,20.04934365939171],[-103.02511647999997,20.049923749391713],[-103.02072002999995,20.047306349391775],[-103.02162811999995,20.05330347939164],[-103.02444530999998,20.052366829391634],[-103.02438994999994,20.055085949391575],[-103.02606607999996,20.056011909391557],[-103.02465610999997,20.057758249391522],[-103.02880601999999,20.058312419391502],[-103.03080574999997,20.06218345939138],[-103.02908279999998,20.064749969391325],[-103.03240681999996,20.06872542939122],[-103.03050717999999,20.072714549391144],[-103.03377877999999,20.07567636939107],[-103.03072882999999,20.07854944939097],[-103.03544804999996,20.081398199390897],[-103.03569424999995,20.08392065939086],[-103.04171093999997,20.090640659390708],[-103.03910610999998,20.09677907939052],[-103.03609354999998,20.09942433939047],[-103.03281554999997,20.111360619390155],[-103.03537313999999,20.116716199390027],[-103.04258987999998,20.115195659390064],[-103.04205332,20.1210151793899],[-103.04415234,20.124119379389818],[-103.03133347999994,20.126751379389763],[-103.0352314,20.13348574938959],[-103.03246367999998,20.136446949389544],[-103.00481853999997,20.138195709389496],[-103.00171402999996,20.135106309389545],[-102.99839414999997,20.1259606193898],[-102.98553677999996,20.12740007938974],[-102.97058390999996,20.12540361938981],[-102.96446231999994,20.127135829389765],[-102.96378719999996,20.134786259389593],[-102.96159842999998,20.140197139389457],[-102.95958016999998,20.141240079389412],[-102.95117471999998,20.13818476938951],[-102.94729899999999,20.132398939389617],[-102.94202599999994,20.128828799389748],[-102.92644827999999,20.129575179389732],[-102.92450007999999,20.136258449389558],[-102.94323261999996,20.149777479389222],[-102.95400313999994,20.16656853938881],[-102.95414337999996,20.170877849388695],[-102.94017025999995,20.17168182938867],[-102.93577325999996,20.170708259388643],[-102.93026554999994,20.166994119388754],[-102.91031476999996,20.162489599388906],[-102.90690402999998,20.16220733938891],[-102.90184547999996,20.16443347938887],[-102.89463356999995,20.164168319388835],[-102.88688137999998,20.15880879938896],[-102.88148251999996,20.160074199388948],[-102.87549554999998,20.157576029388988],[-102.86595325999997,20.162363619388902],[-102.86245285999996,20.15439324938909],[-102.85230836999995,20.14924734938922],[-102.85290922999997,20.147849949389226],[-102.85573642999998,20.147791349389237],[-102.85700551999997,20.144303349389325],[-102.85499430999994,20.13671274938955],[-102.85011577999995,20.131850919389645],[-102.84605990999995,20.13077024938969],[-102.84542081999996,20.12328876938986],[-102.84067467999995,20.11610910939003],[-102.83748870999996,20.113482139390094],[-102.83516193999999,20.11656150939004],[-102.82430356999998,20.108037599390247],[-102.81628737999995,20.106047879390314],[-102.80726142999998,20.11266311939012],[-102.80187339999998,20.123034289389903],[-102.80742987999997,20.13317704938959],[-102.81928208999994,20.137247969389506],[-102.80814253999995,20.140973109389435],[-102.79880441999997,20.1417606593894],[-102.79202317999994,20.14155327938939],[-102.78937650999995,20.13838430938948],[-102.78470079999994,20.137619309389507],[-102.77614710999997,20.13844636938948],[-102.77439768999996,20.139660289389457],[-102.77617837999998,20.141940659389395],[-102.76705428999998,20.1486622493892],[-102.75724257999997,20.15342850938909],[-102.75249427999995,20.14861481938921],[-102.74877902999998,20.153003939389144],[-102.74325893999998,20.15485402938905],[-102.73022627999997,20.166618059388814],[-102.72531281999994,20.165346219388823],[-102.70887539999995,20.168321779388737],[-102.68967554999995,20.166032799388777],[-102.67972185999997,20.171501549388676],[-102.67891453999994,20.185146479388333],[-102.68206185999998,20.19092742938817],[-102.68294317,20.20666862938774],[-102.68537030999995,20.218005309387458],[-102.67902536999998,20.226913109387272],[-102.67346616999998,20.226341659387284],[-102.66972991999995,20.230776779387156],[-102.66087619999996,20.231545799387145],[-102.65692707999995,20.228565629387234],[-102.65125644999996,20.22865824938719],[-102.64774924999996,20.224826279387337],[-102.64120001999999,20.223453479387345],[-102.62733124899995,20.229385549387235],[-102.62005841999996,20.245163739386825],[-102.61692217999996,20.247870919386703],[-102.62100362999996,20.25248241938662],[-102.61724327999998,20.254950249386553],[-102.61325393999999,20.255086019386585],[-102.61239510999997,20.25921224938648],[-102.61480584999998,20.26330567938632],[-102.61014553999996,20.26908850938623],[-102.59894079999998,20.267107779386272],[-102.59751961999997,20.261747969386388],[-102.59345293999996,20.26248430938638],[-102.59048612,20.258465339386465],[-102.58010284999996,20.264380579386298],[-102.56667930999998,20.26562497938629],[-102.56541850999997,20.270185919386208],[-102.56874670999997,20.27450841938611],[-102.56458297999995,20.27815502938599],[-102.55581828999999,20.271401569386132],[-102.55783714999997,20.263598519386377],[-102.55497734999994,20.260685349386446],[-102.55208666,20.26192868938639],[-102.54709010999994,20.277883689386],[-102.54411807999999,20.28055939938594],[-102.53586416999998,20.278984679385974],[-102.53429768999996,20.276444169386032],[-102.53518361999994,20.27216988938613],[-102.53129987999996,20.270346259386187],[-102.52858424999994,20.270953369386145],[-102.52052268999996,20.277314279385994],[-102.52008239999999,20.28041517938591],[-102.52224473999998,20.28735004938575],[-102.53007505999994,20.2908135793857],[-102.53047689,20.295826369385544],[-102.52083945999999,20.300799109385444],[-102.51188444999997,20.300082229385424],[-102.50895541999996,20.301355489385394],[-102.50728436999998,20.303478169385368],[-102.50740804999998,20.311624579385153],[-102.50544248999995,20.31585774938507],[-102.49955761999998,20.31307397938513],[-102.49620704999995,20.307903779385246],[-102.49062868,20.30860133938524],[-102.48855231999995,20.310900479385165],[-102.48612182999995,20.320113079384942],[-102.48049556999997,20.32524290938479],[-102.46783415,20.330596679384662],[-102.45486047899999,20.32896880038469],[-102.45447153999999,20.334082249384586],[-102.44778771999995,20.33827821938449],[-102.44247334999994,20.338263969384503],[-102.43463197999995,20.34102445938439],[-102.42857161999997,20.339794739384455],[-102.42122890999998,20.332706029384628],[-102.40996594999996,20.33349699938457],[-102.39984930999998,20.327740829384734],[-102.39120450999997,20.333951489384596],[-102.38256677999999,20.33006527938468],[-102.37238117999999,20.329951149384694],[-102.36628956999999,20.327879289384743],[-102.36239970999998,20.330030769384702],[-102.35844417,20.337027089384506],[-102.34601982999999,20.33506514938457],[-102.34243759999998,20.339993079384445],[-102.33594899999997,20.34153593938438],[-102.32722421999996,20.34948328938417],[-102.31947245999999,20.34475807938435],[-102.31608994,20.344587139384316],[-102.30904464999998,20.357148999384002],[-102.30659801999998,20.358163579383987],[-102.30046845,20.35652296938404],[-102.29637784999994,20.353131800384133],[-102.29206211999998,20.35297620038411],[-102.29360924899999,20.34590681938428],[-102.28985959999994,20.340835979384426],[-102.28606318,20.3452351403843],[-102.28408599999995,20.345560169384296],[-102.27712136999999,20.34316450938437],[-102.27419791899997,20.338677169384464],[-102.26756805899998,20.335627059384542],[-102.26095654999996,20.335848679384515],[-102.25908268899997,20.339371970384438],[-102.25415981999998,20.335265599384588],[-102.24713454999994,20.33902031938444],[-102.24136181999995,20.339340459384488],[-102.23802734999998,20.34180824938437],[-102.23183639999998,20.34148610938441],[-102.22621764999997,20.344468319384294],[-102.22180524999999,20.34406876938432],[-102.21956691999998,20.350915969384186],[-102.21175828999999,20.35214676938412],[-102.20812153999998,20.35667982938404],[-102.19660681999996,20.35049711938418],[-102.18930093999995,20.353708089384092],[-102.17536613999994,20.355966059384066],[-102.17343390999999,20.35780851938399],[-102.17458674999995,20.361711219383913],[-102.17742428999998,20.363201319383837],[-102.17702246,20.36815444938376],[-102.17326159999999,20.369229059383727],[-102.16574144999998,20.36699148938374],[-102.15815804999994,20.366960229383785],[-102.16004762999995,20.374904259383555],[-102.16747722999997,20.376249249383545],[-102.16816767999995,20.378740429383463],[-102.15053282999997,20.3785099393835],[-102.14100670999996,20.37533441938357],[-102.13431116999999,20.37591274938354],[-102.13370908999997,20.37970096938344],[-102.13091589,20.38121836938342],[-102.12380136999998,20.37816730938348],[-102.11514533999997,20.38112968938338],[-102.10951179999995,20.37820393938347],[-102.10576822999998,20.378636109383468],[-102.09625445999995,20.38413125938334],[-102.09689916999997,20.38922025938321],[-102.09052290999995,20.389432739383224],[-102.08731628,20.393997599383074],[-102.08845514999996,20.395622319383026],[-102.08620436999996,20.396472339383042],[-102.08453322999999,20.405009249382804],[-102.08049962999998,20.40404781938286],[-102.08079325999995,20.407116399382776],[-102.07823812,20.406832549382756],[-102.07735791999995,20.409328949382694],[-102.07088261999998,20.409019169382677],[-102.07134477999995,20.4144659493826],[-102.07606208999995,20.415307119382543],[-102.07574145999996,20.41924385938246],[-102.07933199999997,20.42091744938241],[-102.07857299999995,20.42283511938238],[-102.07396665,20.42505637938232],[-102.07622576999995,20.425905539382267],[-102.07661582999998,20.428158749382206],[-102.07392770999996,20.428297739382245],[-102.07128111999998,20.433809229382113],[-102.06780439999996,20.435145819382075],[-102.06807162999996,20.436582999382008],[-102.06643721999997,20.436966629381995],[-102.06802277999998,20.438562709381966],[-102.06613733999995,20.439027849381976],[-102.06611994999997,20.440833489381916],[-102.06451331999996,20.439602369381948],[-102.06184062999995,20.444798109381793],[-102.05757607999999,20.445359799381826],[-102.05801023,20.44681139938179],[-102.05580087999999,20.44824579938175],[-102.05630134999996,20.452031149381625],[-102.05180801999995,20.452413309381633],[-102.05130350999997,20.454524879381587],[-102.04964816999995,20.45276421938163],[-102.04758990999994,20.45322162938159],[-102.04399456999994,20.456592199381525],[-102.04534888999996,20.46410219938136],[-102.04265919999995,20.468309029381242],[-102.04513193999999,20.471799169381153],[-102.04214944999997,20.47448167938109],[-102.04602728999998,20.4826142893809],[-102.03798245999997,20.492057909380616],[-102.02819468999998,20.496541919380512],[-102.02860479999998,20.501356599380433],[-102.02657371999999,20.501147179380403],[-102.02552353999994,20.50610833938027],[-102.02065016999997,20.508174629380235],[-102.02043517,20.51487253938009],[-102.01878977999996,20.517757089379987],[-102.01009241999999,20.526058849379773],[-102.00868687999998,20.533167199379612],[-102.01414162999998,20.542596089379416],[-102.01119545999995,20.544988459379354],[-102.00402485999996,20.545263719379307],[-102.0030832,20.54721545937931],[-101.99881354999997,20.545570379379342],[-101.99877782999994,20.54131107937945],[-101.99555642999997,20.540508379379453],[-101.99347181999998,20.541599479379435],[-101.99397236999995,20.544334019379367],[-101.99184094999998,20.541972459379426],[-101.98791288999996,20.545279799379337],[-101.98843139999998,20.539637319379477],[-101.98395471999999,20.535009119379577],[-101.97886213999999,20.54283788937937],[-101.97624591999994,20.54341568937939],[-101.97391841999996,20.541788429379416],[-101.97527062999995,20.548716459379225],[-101.96933374999998,20.559083629378968],[-101.96989759999997,20.56881087937875],[-101.96280164999996,20.570242619378703],[-101.96293051999999,20.574368819378627],[-101.96656101999999,20.5751284293786],[-101.96703096999994,20.57934408937849],[-101.95931227999995,20.58684251937831],[-101.95801235,20.59833919937802],[-101.95114367999999,20.607426849377767],[-101.95250656999997,20.609294139377724],[-101.95483710999999,20.607845379377807],[-101.95873956999998,20.60879136937776],[-101.95608762999997,20.619146539377482],[-101.95780210999999,20.620415679377484],[-101.95800247999996,20.626690629377308],[-101.95555457999995,20.628745519377254],[-101.95707757999999,20.632642739377168],[-101.95919257999999,20.63230317937719],[-101.96413041999996,20.638939139376994],[-101.96612196999997,20.637125319377045],[-101.96648805999996,20.638187659377003],[-101.97118785999999,20.63760974937701],[-101.97154387999997,20.64064204937697],[-101.96948357999997,20.641398709376926],[-101.96791385999997,20.64462290937688],[-101.97017378,20.658011879376538],[-101.96807965999994,20.663641199376368],[-101.97375265999996,20.664318819376383],[-101.97373105999998,20.66066039937645],[-101.97719584999999,20.660063029376488],[-101.97778396999996,20.65754487937654],[-101.98137691999995,20.657529449376526],[-101.98194454999998,20.663326779376387],[-101.99038601999996,20.66089059937648],[-101.99302310999997,20.662387249376422],[-101.99528136999999,20.66155659937644],[-101.99712324999996,20.664706539376375],[-102.00226664999997,20.660477429376492],[-102.00470963,20.660325979376466],[-102.01041505999996,20.66401341937639],[-102.01383748999996,20.664441169376357],[-102.01551402999996,20.668524779376256],[-102.01407799999998,20.67119136937619],[-102.01909037999997,20.6761841793761],[-102.01768653999994,20.67947073937601],[-102.01845407999997,20.688900689375746],[-102.01232751999999,20.710707429375248],[-102.01438936999995,20.717063659375086],[-102.02029301999995,20.718636419375038],[-102.02448090999997,20.718001849375064],[-102.02806299999997,20.719835819375028],[-102.03774025999996,20.71739647937506],[-102.04037114999994,20.72324761937492],[-102.03812068999999,20.726225179374826],[-102.03926191999994,20.728278919374784],[-102.03424621999994,20.735476349374633],[-102.03446087999998,20.74213939937445],[-102.03696817999999,20.742679719374458],[-102.04205897999998,20.740504709374488],[-102.04354457999995,20.737416049374556],[-102.06065836999994,20.736976619374595],[-102.06448730999995,20.738749619374566],[-102.06079557999999,20.74381497937438],[-102.06103964999994,20.74851656937429],[-102.06690479999997,20.747533569374298],[-102.06974597999995,20.74909393937426],[-102.07295642999998,20.747772689374294],[-102.07363331999996,20.74875953937427],[-102.07232551999999,20.759399579374016],[-102.06563888999996,20.766755799373843],[-102.06759263,20.772247429373703],[-102.07362441999999,20.776770549373584],[-102.07606790999996,20.7721717393737],[-102.07836014999998,20.771844859373715],[-102.07885605999996,20.77405230937367],[-102.08108215,20.771507259373756],[-102.08252659999995,20.777176219373597],[-102.08659819999998,20.77896033937352],[-102.09085010999996,20.77849534937358],[-102.09051205999998,20.780654249373505],[-102.09590837999997,20.780050519373503],[-102.09225245999995,20.78982576937327],[-102.08974417999998,20.79106857937326],[-102.09029005999997,20.796264309373093],[-102.08709188999995,20.801460519372977],[-102.08520310999995,20.799990029373035],[-102.07994507999996,20.801787059372973],[-102.08129414999998,20.80570868937292],[-102.07861427999997,20.807561229372823],[-102.07698581999995,20.811373689372736],[-102.07772081999997,20.81558905937263],[-102.07617890999995,20.818170649372597],[-102.07986704999996,20.829065079372338],[-102.07815154999997,20.831305449372273],[-102.07643213999995,20.83105161937225],[-102.07678803,20.834570739372182],[-102.07345313999997,20.83631413937215],[-102.07367788999994,20.837924259372077],[-102.06987648999996,20.839091119372046],[-102.06436885999995,20.83821424937211],[-102.06315177999994,20.84174242937201],[-102.05773531999995,20.84329325937197],[-102.05293274999997,20.84756473937186],[-102.04198385999997,20.846117219371912],[-102.03858501999997,20.84735233937185],[-102.03383105999995,20.85307327937172],[-102.02178053999995,20.862160319371498],[-102.01498567999994,20.869458779371325],[-102.01521916999997,20.874950019371163],[-102.01257982,20.878343849371124],[-102.01613011999997,20.878276369371093],[-102.01799410999996,20.883284689370967],[-102.01330371999995,20.882732889370995],[-102.00844651999996,20.88537833937093],[-102.00506336999997,20.889976719370814],[-102.00330825999998,20.897673649370628],[-101.99895827999995,20.899788659370603],[-101.99900559999998,20.901792659370546],[-101.99456079999999,20.905366219370464],[-101.99403113999996,20.907724719370368],[-101.98915135,20.910171539370342],[-101.98800544999995,20.912746749370257],[-101.98109690999996,20.914808779370205],[-101.97988181999996,20.925047549369953],[-101.96463654999997,20.92388759936999],[-101.96310030999996,20.922518029370018],[-101.95787656999994,20.935200829369695],[-101.94616159999998,20.930746339369808],[-101.94393499999997,20.932139619369767],[-101.94487364999998,20.930315169369802],[-101.94208799999996,20.92810027936986],[-101.93894974999995,20.93061424936985],[-101.93839585999997,20.934124619369722],[-101.93681685999996,20.934823399369698],[-101.93814784999995,20.93489662936969],[-101.93721657999998,20.935994029369716],[-101.93912876999997,20.938084249369613],[-101.93819293999998,20.94028802936957],[-101.93947162999996,20.942479419369512],[-101.93783961999999,20.945656519369454],[-101.93914324999999,20.950235769369353],[-101.93714436999996,20.955800859369212],[-101.93323870999996,20.95750427936912],[-101.93478131999996,20.96047014936908],[-101.93106793999999,20.963215489369006],[-101.93138859999999,20.967114909368952],[-101.92221331999998,20.971937999368773],[-101.92569868999999,20.977977519368636],[-101.92446248,20.97855381936865],[-101.92470597999994,20.983236689368553],[-101.92081027999996,20.98396448936852],[-101.90874633999994,20.99858505936814],[-101.90816847999997,21.004481449368033],[-101.91006994999998,21.00497784936799],[-101.90771988999995,21.006073799367936],[-101.90537585,21.011815739367805],[-101.90512316999997,21.023401049367568],[-101.90662741999996,21.028817539367395],[-101.90233879999994,21.032130489367315],[-101.89660590999995,21.047751139366966],[-101.90034441999995,21.050148879366898],[-101.90133493999997,21.052963049366845],[-101.89454939999996,21.05124371936687],[-101.89290751999994,21.055828969366747],[-101.87494274999995,21.070085369366435],[-101.87500204999999,21.07587519936626],[-101.87779781999997,21.085433939366006],[-101.87500373999997,21.09289434936585],[-101.87125568,21.095324079365803],[-101.83748688999998,21.096765429365764],[-101.83671087999994,21.09975605936568],[-101.82797357999999,21.100067539365675],[-101.82706289,21.10297622936558],[-101.82377727999994,21.10314196936557],[-101.81765879999995,21.107045689365513],[-101.82026784999994,21.118666399365214],[-101.82677547999998,21.122078749365166],[-101.83084591999994,21.119372539365187],[-101.83344801999999,21.13727296936474],[-101.82242270999996,21.135915279364802],[-101.81182599999994,21.141236749364687],[-101.81012068999996,21.148546279364492],[-101.81569776999999,21.149527379364468],[-101.81223468999997,21.15492028936434],[-101.80477625999998,21.158500649364264],[-101.80546534999996,21.16462365936412],[-101.80400914999996,21.16634817936406],[-101.78727139999995,21.15638199936432],[-101.78303731999995,21.15777913936428],[-101.78110877999995,21.160527889364175],[-101.78368207999995,21.171178519363956],[-101.78114456999998,21.175996649363835],[-101.78133461999995,21.181079979363698],[-101.77977379999999,21.184238119363606],[-101.78066473999996,21.191423059363434],[-101.77443476999997,21.196584369363315],[-101.77366822999994,21.223489909362687],[-101.77120045,21.234731279362407],[-101.76594944999994,21.242231279362215],[-101.75458641999997,21.243888539362175],[-101.76819722999994,21.257732279361814],[-101.76574893999998,21.260095079361772],[-101.75940271999997,21.260613339361793],[-101.75781448999999,21.263683319361686],[-101.75971650999998,21.267621739361587],[-101.74957071999995,21.271993769361487],[-101.7426516,21.27143765936151],[-101.73853511,21.269159599361537],[-101.73687056999995,21.270048089361538],[-101.73578789,21.277292229361375],[-101.70937674,21.28072564936126],[-101.70717197999996,21.276475319361364],[-101.70200537999995,21.275462879361424],[-101.69893416999999,21.27777168936136],[-101.69772970999998,21.283845419361185],[-101.68667541999997,21.294059849360952],[-101.67621554999995,21.288354859361068],[-101.66285287999995,21.28657990936114],[-101.65944887999997,21.288195319361108],[-101.65994657999994,21.289559949361085],[-101.65848448999998,21.289567659361065],[-101.65401908999996,21.29594682936091],[-101.64317710999997,21.29933568936086],[-101.64125979999994,21.304083429360716],[-101.64091371999996,21.31473864936044],[-101.64313627999996,21.32200519936026],[-101.64609976999998,21.325804709360188],[-101.64538784999996,21.33440173935997],[-101.64657307999994,21.33806054935987],[-101.64469422999997,21.339636179359875],[-101.64284491999996,21.35510608935947],[-101.65158575,21.365270279359244],[-101.65161157999995,21.369646149359127],[-101.65465654999998,21.370124349359084],[-101.65561722999998,21.373282829359034],[-101.66874347999999,21.380913549358862],[-101.67247556999996,21.386515619358725],[-101.67535945999998,21.386720339358725],[-101.67623173999999,21.389812019358605],[-101.67750179999996,21.388165289358692],[-101.67948628999994,21.389506369358635],[-101.67758294999999,21.395142369358474],[-101.67191388999998,21.398224399358433],[-101.67037794,21.402345749358332],[-101.66875661999997,21.401844049358314],[-101.65851585999998,21.40680019935825],[-101.65101410999995,21.406901779358236],[-101.63840627999997,21.410002289358122],[-101.63094422999995,21.407313079358207],[-101.61881688999996,21.415387519357992],[-101.60663414,21.414965919358014],[-101.60612204999995,21.416959349358],[-101.60025648999999,21.420541339357893],[-101.59689185999997,21.42097927935787],[-101.58913933999997,21.415131479358035],[-101.57874927999997,21.41843967935796],[-101.57041562999996,21.418535749357936],[-101.57334434999996,21.41969302935794],[-101.58042391999999,21.428279689357726],[-101.58004904999997,21.432877619357605],[-101.58220643,21.433292539357563],[-101.58014887999997,21.435925339357514],[-101.58255359999998,21.44423090935732],[-101.58187252,21.44780941935724],[-101.58789173999999,21.44240521935739],[-101.58995091999998,21.44558088935727],[-101.59010916999995,21.450159659357176],[-101.58670649,21.45258291935713],[-101.59004224999995,21.456777419357017],[-101.58847787999997,21.460593029356914],[-101.58904197999999,21.46489996935681],[-101.62690934999996,21.509844779355728],[-101.62697854999999,21.513561309355655],[-101.63243145999998,21.519054169355535],[-101.64026102999998,21.513625679355673],[-101.63936374999997,21.517141169355572],[-101.64126882999994,21.52664831935534],[-101.63585056999995,21.53242573935521],[-101.63003277999996,21.53232701935517],[-101.62897642999997,21.535319089355106],[-101.62605141999997,21.534571219355122],[-101.62000801999994,21.54106896935497],[-101.62362076999996,21.545448619354893],[-101.62241691999998,21.546823319354843],[-101.61913767999994,21.54609782935488],[-101.61938076999996,21.548463919354838],[-101.62156161999997,21.549122749354783],[-101.62165971999997,21.551903619354764],[-101.61607029,21.554373749354653],[-101.61743894999995,21.556594109354606],[-101.61636588,21.558079169354574],[-101.61043821999999,21.55873733935457],[-101.60725651999996,21.562011739354496],[-101.60980624999996,21.56338430935446],[-101.60654630999994,21.563872249354432],[-101.60663274999997,21.574898339354192],[-101.61215617999994,21.575335579354167],[-101.61040670999995,21.581166939354034],[-101.61231331999994,21.582916889353974],[-101.61098062999997,21.58531599935391],[-101.60788421999996,21.584049719353967],[-101.60713319999998,21.58836699935387],[-101.60524750999997,21.588917429353828],[-101.60286808999997,21.593883719353734],[-101.60096568999997,21.593392169353766],[-101.59577405999994,21.60031499935353],[-101.59524458,21.603492149353464],[-101.59697039999998,21.605801519353435],[-101.59526467999996,21.61000376935333],[-101.59352122999996,21.6114831793533],[-101.58602362999994,21.607809629353426],[-101.58342173999995,21.613977339353262],[-101.58397679999996,21.621204979353084],[-101.58018873999998,21.62553133935298],[-101.58436059999998,21.631073149352847],[-101.59565341999996,21.633067019352783],[-101.59476422999997,21.634718509352705],[-101.59608608999997,21.6370619093527],[-101.59301559999996,21.639493739352613],[-101.58896968999994,21.652026029352346],[-101.58325144999998,21.65670461935219],[-101.58448844999998,21.662209179352086],[-101.58142802999998,21.666998449351972],[-101.58482624999999,21.670211569351885],[-101.58250744999998,21.6706531393519],[-101.58258150999997,21.67261299935185],[-101.57784707999997,21.67698110935172],[-101.56913897999999,21.692310259351363],[-101.57014437999999,21.69627804935126],[-101.57199436999997,21.695222649351294],[-101.57344662999999,21.69939334935118],[-101.58025164999998,21.703489919351075],[-101.58404331999998,21.709574489350917],[-101.57814601999996,21.711888969350916],[-101.57119641999998,21.706416689351],[-101.57085536999996,21.70430771935105],[-101.55765328999996,21.735098659350342],[-101.56627962999994,21.733412569350374],[-101.57968279999996,21.736404599350323],[-101.58225779999998,21.77265256934944],[-101.58480513999996,21.77162636934944],[-101.58569407999994,21.778777119349275],[-101.56020554999998,21.779901749349296],[-101.53883216999999,21.77733487934935],[-101.51054174999996,21.799058489348813],[-101.51782007999998,21.814755579348436],[-101.51976007999997,21.812979019348482],[-101.52204408999995,21.818023049348326],[-101.52976401999997,21.81310750934848],[-101.52782407999996,21.809177889348582],[-101.53701197999999,21.810462049348555],[-101.54823039999997,21.834085549347975],[-101.56142128999996,21.836051259347915],[-101.56197047999996,21.840012229347856],[-101.56596355,21.84203333934779],[-101.56275474999995,21.855387369347497],[-101.56469308999999,21.86416102934725],[-101.56439422999995,21.87234039934705],[-101.56518213999999,21.876445629346954],[-101.56642441999998,21.876368889346953],[-101.56913851999997,21.894730539346547],[-101.56980627999997,21.91708073934602],[-101.57791634999995,21.91584789134603],[-101.57839831999996,21.917090379346],[-101.58360582999995,21.915575579346047],[-101.58339216999997,21.914494889346095],[-101.59085804999995,21.915434049346036],[-101.59227962999995,21.909643879346152],[-101.59584886,21.909962619346164],[-101.61145151999995,21.91923127934598],[-101.61671188999999,21.929447969345723],[-101.62091905999995,21.917619719346003],[-101.62623833999999,21.914592769346086],[-101.62894522999996,21.910902739346138],[-101.63677627999999,21.907743369346207],[-101.64471022,21.909798879346173],[-101.64830631999997,21.90718197934626],[-101.65069568999998,21.907675399346253],[-101.64957661999995,21.92029197934594],[-101.65398822999998,21.924159919345804],[-101.65248004999995,21.924416059345827],[-101.65414124999995,21.927369549345755],[-101.65232734999995,21.927780999345742],[-101.65456248999999,21.930604799345648],[-101.65786851999997,21.92978982934571],[-101.65639993999999,21.933570719345585],[-101.65897347999999,21.93600459934555],[-101.65710167999998,21.939254969345463],[-101.65966504999994,21.940619079345417],[-101.65914108999999,21.941594889345403],[-101.66911359999995,21.945765429345315],[-101.68291417999995,21.96288530934492],[-101.71065837999998,21.97393524934467],[-101.70911521999994,21.97992597934453],[-101.73232108999997,21.99506919934414],[-101.72997491999996,22.00213836934401],[-101.75100399999997,22.01464542934367],[-101.75965482999999,22.009042999343844],[-101.77763308,22.00730174934388],[-101.77722901999994,22.01534504934369],[-101.77882157999994,22.015288459343644],[-101.77890046,22.017599889343607],[-101.78475894999998,22.022748399343513],[-101.78442974999996,22.024098279343452],[-101.79341411999997,22.02326061934347],[-101.80426344999997,22.02525273934343],[-101.80116818,22.028348029343395],[-101.80143614999999,22.03099619934331],[-101.80749908999998,22.023201979343494],[-101.81567304999999,22.019983089343548],[-101.83049662999998,22.02153459934352],[-101.84059013999996,22.026635050343387],[-101.86166981999997,22.02888383034333],[-101.86106584999999,22.022089880343522],[-101.85832487999994,22.021032490343522],[-101.86114361999995,22.021106430343572],[-101.86043231999997,22.01703402034361],[-101.86217064999995,22.014685370343685],[-101.86102350999994,22.010681970343793],[-101.86215633999996,22.008777460343794],[-101.86037213999998,22.007885230343845],[-101.86225107999996,22.00615085034386],[-101.86103810999998,21.99874571034404],[-101.86342004999995,21.992930710344183],[-101.86257979999999,21.99135611034426],[-101.89125250999996,21.97659205034461],[-101.89511474999996,21.98448998034438],[-101.89473404999995,21.989656420344296],[-101.90683524999997,21.992006119344214],[-101.91259848999994,21.9974857403441],[-101.90944571999995,21.989024030344286],[-101.90372024999999,21.985826310344354],[-101.90006984999998,21.986724430344328],[-101.89822730999998,21.983263030344418],[-101.89583122999994,21.963332200344933],[-101.89778021999997,21.958387910345014],[-101.89037459999999,21.950950149345193],[-101.88579987999998,21.93261162934564],[-101.88176197999996,21.93813202934553],[-101.88459053999998,21.93922214934546],[-101.87965536999997,21.943894849345366],[-101.87267130999999,21.946514379345302],[-101.86755119999998,21.945143939345318],[-101.86530556999998,21.947510799345256],[-101.85660276999994,21.943147849345394],[-101.84512198,21.944167549345345],[-101.83528944999995,21.941770579345384],[-101.83800336999997,21.907344369346216],[-101.88021261999995,21.910149779346163],[-102.01995401999996,21.86253610934731],[-102.02079442999997,21.851167629347593],[-102.03841750999999,21.8531980463475],[-102.03862123,21.835623829347927],[-102.04107788999994,21.835827349347937],[-102.04174293999995,21.823067649348232],[-102.05512373699999,21.81635677034842],[-102.05286742999999,21.81333779934848],[-102.05797981999997,21.80187008934871],[-102.06372119999999,21.79773581934887],[-102.07196273899996,21.782654749349213],[-102.08307421999997,21.787066889349116],[-102.09457050999998,21.77770164934931],[-102.08618065999997,21.76726388934955],[-102.10205663,21.761044049349735],[-102.10336671999994,21.758359089349792],[-102.10219981999995,21.753915709349897],[-102.10462542,21.75341661934991],[-102.10428794999996,21.750973569349952],[-102.10934304999996,21.749437259349985],[-102.11174057999995,21.74550750935008],[-102.11591176999998,21.744677649350088],[-102.11642711999997,21.74306185935017],[-102.11386447999996,21.7407605393502],[-102.11557882999996,21.736038119350315],[-102.12089311999995,21.73644656935031],[-102.12559817,21.72572337935054],[-102.12828805,21.726679719350543],[-102.13026521999996,21.72319154935059],[-102.13634604999999,21.720493369350677],[-102.14209971999998,21.70537428935107],[-102.14363908999998,21.70624888935101],[-102.14558651,21.704441599351075],[-102.14730787999997,21.705776249351032],[-102.15485739999997,21.700038169351153],[-102.16659528999999,21.7024954793511],[-102.16642968999999,21.70601264935103],[-102.17143277999998,21.707000979351],[-102.17788591999994,21.68815530935147],[-102.21426675,21.694818859351308],[-102.21423165999995,21.68660361935148],[-102.21854244999997,21.683426229351586],[-102.21800817999997,21.677685939351722],[-102.22169810999999,21.672488179351866],[-102.22054554999994,21.671575919351874],[-102.22636265999995,21.65777434935221],[-102.23761750999996,21.65200136935233],[-102.25091605999997,21.655144049352245],[-102.27521911999997,21.65397371935229],[-102.27963411999997,21.66064779935212],[-102.27944151999998,21.66443731935203],[-102.30399030999997,21.66668471935196],[-102.30193470999995,21.66126921935212],[-102.30264856999997,21.654600279352284],[-102.29537077999998,21.65309871935231],[-102.31016568999998,21.626626029352952],[-102.32105081999998,21.63009227935284],[-102.32572205999998,21.62226647935306],[-102.36687356999994,21.642751919352513],[-102.36952618,21.650591909352375],[-102.38508599999994,21.65203899935234],[-102.38732094999995,21.652628749352335],[-102.38694410999994,21.653782689352308],[-102.40749308999995,21.65948487935214],[-102.40459496999995,21.665593199351992],[-102.41337031999996,21.666808599351942],[-102.42500648999999,21.67175499935188],[-102.44145494999998,21.67341916935182],[-102.45120577999995,21.681958819351593],[-102.45391865,21.681015059351626],[-102.45245317999996,21.678383709351696],[-102.4610664,21.679259089351696],[-102.45446251999999,21.682474709351602],[-102.45467385999996,21.685234109351555],[-102.45213236999996,21.6869107093515],[-102.45459794,21.689476509351458],[-102.45686376999998,21.698087539351246],[-102.46836184999995,21.697903119351214],[-102.47575654999997,21.69494514935127],[-102.47652174999996,21.70208494935111],[-102.54245242999997,21.732604369350405],[-102.54097661999998,21.735580369350316],[-102.54895019999998,21.738593399350275],[-102.55249371999997,21.742651029350146],[-102.56742099999997,21.74459170935013],[-102.57482159999995,21.742286219350156],[-102.59627873999995,21.744049629350144],[-102.59677431999997,21.754981999349855],[-102.60120830999995,21.755768879349855],[-102.60631216999998,21.75105721934997],[-102.61349374999998,21.75504407934987],[-102.61812327999998,21.75565177934984],[-102.63349382999996,21.767339459349586],[-102.64353911999996,21.761884489349704],[-102.65092330999994,21.765422219349617],[-102.65957562999995,21.76238371934969],[-102.66591758,21.764731649349628],[-102.66892635,21.764051449349665],[-102.67185981999995,21.761925649349664],[-102.67524791999995,21.75556182934983],[-102.67876757999994,21.753173739349872],[-102.69066856999996,21.752437199349902],[-102.69230656999997,21.746590979350074],[-102.69731753999999,21.74151366135018],[-102.69742707999997,21.73456250935035],[-102.69533285999995,21.73254616935039],[-102.69626328999999,21.728768019350515],[-102.71402474999998,21.730097779350444],[-102.71560519999998,21.73409127935034],[-102.71764977999999,21.733126889350384],[-102.71974729,21.728821249350496],[-102.71880984999996,21.727003119350545],[-102.72024764999998,21.721605059350665],[-102.72279856999995,21.71911161935071],[-102.73732339999998,21.715608969350807],[-102.74162637999997,21.721000109350662],[-102.74410953999997,21.719180819350747],[-102.74529993999995,21.720052309350674],[-102.76147231,21.69291057935135],[-102.76596877999998,21.68953988935142],[-102.76649213999997,21.68692827935151],[-102.77630094999995,21.683628739351583],[-102.77916997999995,21.67924250935168],[-102.78314678,21.678212119351716],[-102.78609553999998,21.67491041935179],[-102.78938092,21.674863919351797],[-102.79176399999994,21.67697256935171],[-102.79554750999995,21.675939289351742],[-102.79804865999995,21.67028357935188],[-102.80527896999996,21.671282399351863],[-102.80213150999998,21.66698607935199],[-102.79519714999999,21.663466489352082],[-102.78865834999999,21.663607459352036],[-102.78355097999999,21.659787629352127],[-102.77340510999994,21.658306079352172],[-102.77345914999997,21.65478511935225],[-102.77978759999998,21.651528779352322],[-102.78361468999998,21.646693369352448],[-102.78037402999998,21.644764139352517],[-102.77919322999998,21.6398721493526],[-102.77756544999995,21.638947379352636],[-102.77757250999998,21.63217497935281],[-102.77436971999998,21.62689473935294],[-102.77535277,21.62156597935308],[-102.77082211,21.614761339353194],[-102.77093185999996,21.611768599353308],[-102.76750751999998,21.608381569353384],[-102.76835190999998,21.603697319353476],[-102.76474133999994,21.59606457935369],[-102.73740499999998,21.586760199353915],[-102.73525768999997,21.59112022935379],[-102.72950817999998,21.593058219353736],[-102.72540676999996,21.58984176935385],[-102.72391173999996,21.58666090935387],[-102.72462550999995,21.584232619353934],[-102.72187716999997,21.58094430935404],[-102.72213797999997,21.576613569354155],[-102.71800910999997,21.57618841935414],[-102.71710455,21.571307369354265],[-102.71148116999996,21.57285551935425],[-102.70890991,21.57182610935428],[-102.69510073999999,21.57291282935423],[-102.69232831999996,21.563110049354453],[-102.69714465999999,21.55152839935474],[-102.69641016999998,21.543030339354925],[-102.69217869,21.542068849354987],[-102.68933461999995,21.54491893935491],[-102.68715242999997,21.542540949354944],[-102.68249777999995,21.543921049354918],[-102.66518956999995,21.539887089355005],[-102.65956854999996,21.533647709355133],[-102.65532068,21.53541441935512],[-102.65104907999995,21.53439619935515],[-102.64199387999997,21.53594882935512],[-102.63073432,21.53398333935518],[-102.63121843,21.52793874935529],[-102.63879719999996,21.523358379355418],[-102.64216684999997,21.51872134935555],[-102.62989608,21.508327909355774],[-102.62484150999995,21.501411489355963],[-102.63217836999998,21.496900739356064],[-102.63268631999995,21.490940709356227],[-102.63812548999994,21.48271059935642],[-102.63427588999998,21.481675979356407],[-102.63666772,21.477116449356522],[-102.63968314999995,21.476984549356537],[-102.63890668999996,21.481262249356423],[-102.64234796999995,21.478640749356515],[-102.64266208,21.476070719356557],[-102.64906724999999,21.47419657935662],[-102.64788297999996,21.462537489356876],[-102.64315433999997,21.461163249356897],[-102.63670437999997,21.464817109356854],[-102.63612985999998,21.46290781935688],[-102.63894941999996,21.455543459357067],[-102.64449867999997,21.449810629357195],[-102.64737021999997,21.447716139357258],[-102.65130931999995,21.448674449357213],[-102.65167337999998,21.446798419357265],[-102.65500685999996,21.446649519357262],[-102.65025836999997,21.441983119357364],[-102.65065608999998,21.440787549357392],[-102.65350981999997,21.441458509357414],[-102.65524502999995,21.439249919357458],[-102.65409727999999,21.4370515793575],[-102.65106708999998,21.436873459357525],[-102.65432810999994,21.435625429357554],[-102.65475568999994,21.432198649357588],[-102.65167553999999,21.431903119357635],[-102.65198251999999,21.42583710935775],[-102.65430601999998,21.425943229357742],[-102.65326019999998,21.42158396935785],[-102.65575611999999,21.423905419357805],[-102.65726357999995,21.42221556935785],[-102.65603254999996,21.418672109357935],[-102.65289384999994,21.416210399358018],[-102.65213068999998,21.41221265935807],[-102.65592401999999,21.413191649358062],[-102.65966945999999,21.410877019358118],[-102.65869321999998,21.409047619358144],[-102.65221110999994,21.407502049358214],[-102.65569259999997,21.402421459358308],[-102.64925419999999,21.399993819358414],[-102.64683967999999,21.394224579358543],[-102.64440488999999,21.392922849358552],[-102.63814061999994,21.393236519358577],[-102.63927428999995,21.389950119358616],[-102.64282359999999,21.388065419358654],[-102.64043436999998,21.381976909358823],[-102.64243679999998,21.367737599359167],[-102.64558221999994,21.364549459359228],[-102.65122430999998,21.363577419359288],[-102.67777702999996,21.340890029359798],[-102.68184344999997,21.339158079359873],[-102.68437088999997,21.34308162935975],[-102.69409348999994,21.340711449359837],[-102.69828439999998,21.343268419359777],[-102.70102841999996,21.34825424935962],[-102.69975244999996,21.349401179359596],[-102.70092414999999,21.351934029359562],[-102.69928294999994,21.35650185935942],[-102.70191422,21.363790939359266],[-102.71120324999998,21.374674779359026],[-102.71409961999996,21.380555889358845],[-102.72055071999995,21.381095199358867],[-102.72431973999996,21.386744969358713],[-102.72912805999995,21.387355539358698],[-102.72930976999999,21.374356909359026],[-102.73265985999996,21.369163199359146],[-102.72795976999998,21.357087799359416],[-102.73489504999998,21.352976579359563],[-102.74045867999996,21.346598859359652],[-102.75097944999999,21.34565647935971],[-102.75776542999995,21.339186179359885],[-102.75925142999995,21.335444029359977],[-102.75525581999996,21.33342099935999],[-102.75522834999998,21.33100514936008],[-102.75890221999998,21.327504139360126],[-102.75528087999999,21.32315859936026],[-102.75875621999995,21.320474909360296],[-102.77181771999996,21.316005879360407],[-102.77485396999998,21.317571769360363],[-102.78371297999996,21.329523399360074],[-102.78891601999999,21.329507399360118],[-102.79137073999999,21.327954319360142],[-102.79849936999994,21.306913779360656],[-102.80573721999997,21.320235379360312],[-102.80773382999996,21.322722969360242],[-102.81196378,21.32371681936026],[-102.81570299999998,21.318829169360367],[-102.81760068999996,21.318541109360382],[-102.81607031999994,21.310673719360572],[-102.81805788999998,21.307168659360638],[-102.81769093999999,21.299673829360838],[-102.81515902999996,21.294668999360937],[-102.83710213999996,21.303410799360734],[-102.83973944999998,21.3015738593608],[-102.83992886,21.298134679360842],[-102.84290742999997,21.297592619360863],[-102.84420873999994,21.294036459360928],[-102.84877753999996,21.293176289361003],[-102.85078825999994,21.281390289361255],[-102.84680142999997,21.280167709361294],[-102.84482944999998,21.277326849361383],[-102.85199621999999,21.275463509361426],[-102.85939676999999,21.27047848936155],[-102.85882523,21.266534169361627],[-102.86353750999997,21.260882719361746],[-102.86091174999997,21.255973829361896],[-102.86332419999998,21.25555281936189],[-102.86365471,21.252756979361976],[-102.86500630999996,21.25250344936198],[-102.86574764999996,21.25458994936189],[-102.86801397,21.252831229361938],[-102.86851159999998,21.2549435993619],[-102.87286122999996,21.255162949361903],[-102.87348034999997,21.252868169361953],[-102.87135056999995,21.247281779362073],[-102.87473041999999,21.24266525936218],[-102.87657365999996,21.23663401936236],[-102.88081976999997,21.23798253936233],[-102.88022134999994,21.23941970936228],[-102.88365656999999,21.241810909362194],[-102.88312047999996,21.238734229362283],[-102.88505399999998,21.23839728936228],[-102.88644272,21.235434709362373],[-102.89180721999999,21.237578599362337],[-102.89167377999998,21.233513259362425],[-102.89869397999996,21.237506999362328],[-102.90302865999996,21.23518599936239],[-102.90216056999998,21.22829681936252],[-102.90397217999998,21.227430599362567],[-102.90423574999994,21.224823169362615],[-102.90568413999995,21.225052599362613],[-102.90531617999994,21.223458969362635],[-102.90841230999997,21.223059349362646],[-102.90976602999997,21.22063765936271],[-102.90830094999995,21.219565819362785],[-102.91038930999997,21.211246849362976],[-102.90915244999997,21.20739774936305],[-102.91065216999999,21.20523465936309],[-102.92146368999994,21.209990889362974],[-102.9478112,21.214601119362896],[-102.94963517999999,21.226832349362585],[-102.94630059999997,21.2302564193625],[-102.94877762999995,21.233604829362424],[-102.94629391999996,21.234443449362427],[-102.95186307999997,21.23408245936238],[-102.95034016999995,21.232972199362457],[-102.95190051999998,21.231635849362455],[-102.95441264999994,21.234032939362436],[-102.95909882999996,21.233619859362392],[-102.95917901999998,21.235234879362398],[-102.96360294,21.235209479362364],[-102.96549404999998,21.237761019362317],[-102.96450424999995,21.24010077936225],[-102.96707305999996,21.23984219936228],[-102.96803888999995,21.241726249362223],[-102.97578814999997,21.23921924936231],[-102.97904885999999,21.239731079362294],[-102.97933828999999,21.24647428936209],[-102.98677589,21.249413379362068],[-102.98950402999998,21.256675739361867],[-102.99146207999998,21.255405819361926],[-102.99690402,21.259681939361798],[-103.01117902999995,21.255370089361882],[-103.01162616999994,21.245626939362104],[-103.01701353999995,21.241048539362254],[-103.02650488999997,21.242124109362248],[-103.02724256999996,21.245790579362147],[-103.03008108999997,21.24826328936208],[-103.02976599999995,21.251065259362026],[-103.03887581999999,21.24963573936201],[-103.04005637999995,21.247956249362097],[-103.04072510999998,21.249704979362033],[-103.04588370999994,21.249425689362056],[-103.04592621999997,21.25394259936196],[-103.04774231,21.255594659361876],[-103.04340516999997,21.260352519361742],[-103.04489187999998,21.262365259361697],[-103.05275830999994,21.262621459361718],[-103.06304816999995,21.255454179361905],[-103.0655,21.255806449361852],[-103.05698519999999,21.24678759936211],[-103.06812031,21.235085249362385],[-103.07417109,21.218335119362806],[-103.07752825999995,21.21544991936284],[-103.07708770999994,21.212156399362932],[-103.06924422999998,21.209929309363],[-103.07204451999996,21.205067479363084],[-103.07464137999995,21.205374819363087],[-103.07879974999997,21.202294909363168],[-103.07906304999995,21.19844336936329],[-103.08102557999996,21.198684369363253],[-103.08430634999998,21.194059489363354],[-103.08359336999997,21.182118089363698],[-103.07865144999994,21.170045719363994],[-103.07547199999999,21.167668089364046],[-103.07737970999995,21.162843709364157],[-103.07137585999999,21.152933749364383],[-103.07812255,21.14001124936469],[-103.09562793999999,21.133026399364876],[-103.09546196999997,21.13185364936488],[-103.09861505999999,21.13117151936493],[-103.09850012,21.128493309365],[-103.09401845999997,21.121426479365123],[-103.09255887999996,21.12125661936516],[-103.09173542999999,21.11581899936528],[-103.08958950999994,21.116755279365275],[-103.08502574999994,21.11472896936531],[-103.08460793999997,21.11054573936545],[-103.07365130999996,21.109954109365425],[-103.07701884999996,21.101964139365645],[-103.07540559999995,21.101125149365632],[-103.07579039999996,21.096888889365758],[-103.07385028999994,21.096325119365794],[-103.07231370999995,21.0986099793657],[-103.06628817999996,21.099688029365673],[-103.06520679999994,21.10433021936559],[-103.06321728999995,21.103908139365586],[-103.06326621999995,21.100588629365674],[-103.05827842999997,21.098445149365695],[-103.05647536999999,21.099319749365705],[-103.05931568999996,21.093070659365814],[-103.06455276999998,21.090794849365913],[-103.06495602999998,21.086950799366008],[-103.07736293999994,21.07243119936634],[-103.07815059999996,21.073398119366306],[-103.08284641999995,21.07190954936635],[-103.08997384999999,21.065115599366543],[-103.09764334999994,21.064788489366556],[-103.10503465999994,21.062015949366597],[-103.10770447999994,21.06542813936652],[-103.11297265999998,21.065780909366516],[-103.11442381999997,21.06790981936647],[-103.12332314999999,21.066803909366467],[-103.12439884999998,21.065384819366535],[-103.12148773999998,21.06240961936658],[-103.12732907999998,21.05353107936679],[-103.13006090999995,21.05345916936682],[-103.13403990999996,21.058418149366663],[-103.14129921999995,21.061065999366615],[-103.14320399999998,21.06574279936652],[-103.14571747999999,21.064290379366543],[-103.14703144999999,21.065916449366487],[-103.15008063,21.065056969366527],[-103.15243402999994,21.069304599366436],[-103.16288174999994,21.072885649366334],[-103.16236861999995,21.069771949366437],[-103.16614699999997,21.069205919366432],[-103.17021742999998,21.07243781936636],[-103.17878227999995,21.071931779366373],[-103.18007639999996,21.074605979366304],[-103.18836733999996,21.07065971936638],[-103.18696259999996,21.074351649366292],[-103.19170851999996,21.0793354193662],[-103.18867007999997,21.08161544936615],[-103.18844688999997,21.085152859366033],[-103.20170922999995,21.08590501936601],[-103.20515461999997,21.09258008936587],[-103.20722517999997,21.091665659365873],[-103.20960164999998,21.094220599365798],[-103.212657,21.09107931936591],[-103.21596110999997,21.09079608936588],[-103.21999379999995,21.085642169366004],[-103.22279491999996,21.086790259365987],[-103.22741497999999,21.084923949366075],[-103.23258605999996,21.079094429366194],[-103.23778644999999,21.07861807936622],[-103.24351453999999,21.08405821936605],[-103.25238830999996,21.081015769366115],[-103.25365441999998,21.083132219366078],[-103.25583501999996,21.082583829366083],[-103.25523962999996,21.08462825936605],[-103.25823461999994,21.083066429366067],[-103.25854445999995,21.07851227936619],[-103.26169035,21.07459533936628],[-103.25720191999994,21.070731349366408],[-103.25994356999996,21.068628309366456],[-103.26232168999996,21.062558799366574],[-103.26947344999998,21.059964179366666],[-103.27228522999997,21.0540243193668],[-103.27573076999994,21.05144664936687],[-103.27773108999997,21.051932519366826],[-103.27909134999999,21.056453339366765],[-103.28530661999997,21.057978629366684],[-103.28864308999994,21.061591219366584],[-103.29655830999997,21.06483841936654],[-103.30188571999997,21.054583709366764],[-103.30703627999999,21.05752491936671],[-103.31468551999995,21.055905309366775],[-103.31669456999998,21.05407767936679],[-103.32337668999998,21.055949479366753],[-103.33031672,21.054501119366805],[-103.33297214999999,21.052379719366822],[-103.33250428999999,21.045151459367013],[-103.33500396999995,21.042644459367104],[-103.34020450999999,21.04224324936711],[-103.34401099999997,21.046164859366964],[-103.34720702,21.044208629367066],[-103.35310293999999,21.045259949367033],[-103.36078039999995,21.051348109366867],[-103.36272319999995,21.05032277936688],[-103.36901628,21.05195765936683],[-103.36843187999995,21.05667096936671],[-103.37660739999995,21.065900509366525],[-103.38055377999996,21.06784807936644],[-103.38550744999998,21.067390429366462],[-103.38436911999997,21.071377889366396],[-103.38863150999998,21.076503219366256],[-103.38786187999995,21.07921839936618],[-103.39104194,21.078434939366165],[-103.39596290999998,21.08028844936617],[-103.39768299999997,21.08477353936606],[-103.39443768999996,21.087117689366],[-103.39648127999999,21.0900735193659],[-103.39299536999995,21.091072049365874],[-103.39385754999995,21.09336668936582],[-103.39604430999998,21.093696689365835],[-103.39607965999994,21.098677169365683],[-103.39841110999998,21.098105619365736],[-103.40136188999999,21.0998283693657],[-103.40123521999999,21.103037279365573],[-103.40367074999995,21.102693509365604],[-103.41148905999995,21.111522819365405],[-103.41828057999999,21.115230079365315],[-103.41898082999997,21.119551769365188],[-103.42322685,21.125232419365048],[-103.41626570999996,21.13727776936474],[-103.42567401999997,21.13899684936474],[-103.428007,21.141208749364655],[-103.4285824,21.146723819364517],[-103.43477256999995,21.142080109364652],[-103.44261407999996,21.14301781936465],[-103.44522925999996,21.141027949364645],[-103.44979953999996,21.143872689364585],[-103.45830908,21.14190436936468],[-103.46925637999999,21.143362079364596],[-103.47538465999999,21.137274339364748],[-103.50405153999998,21.127738680364992],[-103.50618399999996,21.129033380364977],[-103.50729379999997,21.13503663036481],[-103.51015557999995,21.137790459364787],[-103.50951431999994,21.143564200364622],[-103.51096404999998,21.146222150364572],[-103.51865493999999,21.14173941936469],[-103.53146479999998,21.141977510364658],[-103.53314205999999,21.138507150364735],[-103.52978687999997,21.134091740364873],[-103.54105604999995,21.12628531936501],[-103.54671851999996,21.126899909365047],[-103.55034431999998,21.12498044936508],[-103.55452170999996,21.12090664936516],[-103.55369624999997,21.11674784936524],[-103.55714779999995,21.119833999365163],[-103.55996521999998,21.118256030365224],[-103.56473591999999,21.119634219365174],[-103.56515531999997,21.11793519936522],[-103.56694627999997,21.120787259365166],[-103.56895877999996,21.11671774936529],[-103.57306561999997,21.121597029365134],[-103.57733525999998,21.121453949365137],[-103.58054542999997,21.12730474936502],[-103.58372228999997,21.12601023036506],[-103.58328107999995,21.127826829365006],[-103.58765573999995,21.126865919365024],[-103.59168221999995,21.128616150365],[-103.59681881999997,21.135256450364803],[-103.59699525999997,21.139774370364695],[-103.59933033999995,21.141673220364687],[-103.59768779999997,21.14216317036465],[-103.59782370999996,21.143624000364593],[-103.60137833999995,21.147852489364503],[-103.60198245999999,21.1516709493644],[-103.60706402999996,21.155322170364297],[-103.61360848999999,21.156247180364275],[-103.61491690999998,21.158944019364235],[-103.61184787999997,21.164797259364107],[-103.61287774999994,21.167572939364046],[-103.61135922999996,21.17873673936374],[-103.61815019999996,21.183527920363662],[-103.61611891999996,21.185743569363595],[-103.61863425999996,21.1887786203635],[-103.62478950999997,21.193315829363424],[-103.62986268999998,21.193963999363383],[-103.63337119999996,21.19125284936346],[-103.63280188999994,21.1933862293634],[-103.63712918,21.19972836936325],[-103.64538302999995,21.20305876936316],[-103.64853710999996,21.206979449363075],[-103.65373259999996,21.20875704936301],[-103.65676432,21.211124259362997],[-103.65607768999996,21.212660859362913],[-103.66007322999998,21.21389964936288],[-103.66058927999995,21.215521569362885],[-103.66732405,21.216048549362835],[-103.66402611999996,21.21817522936278],[-103.66335210999996,21.224162649362636],[-103.65674262999994,21.222019779362697],[-103.64844264999999,21.223112619362674],[-103.64019587999996,21.22207241936274],[-103.63909288999997,21.23308256936241],[-103.63631493999999,21.24171042936225],[-103.63669405999998,21.243302599362185],[-103.63969730999997,21.243383799362192],[-103.63941485999999,21.251667769361976],[-103.64168336999997,21.25404082936194],[-103.64002985999997,21.266263969361642],[-103.63784433999997,21.266903419361626],[-103.63742945999998,21.26912856936159],[-103.63703713999996,21.2759777793614],[-103.63946809,21.277527619361372],[-103.63399334999998,21.28229184936122],[-103.64274213999995,21.284498629361163],[-103.65707667999999,21.28211347936128],[-103.65819359999995,21.280431619361302],[-103.66478924999996,21.290215259361023],[-103.66668050999999,21.290465109361058],[-103.67628321999997,21.28341159936119],[-103.68363911999995,21.28551381936117],[-103.68992665999997,21.285411229361152],[-103.6980536,21.28258493936124],[-103.70625811999997,21.27571959936141],[-103.71075713999994,21.274483479361454],[-103.71102601999998,21.271973309361524],[-103.71410887999997,21.26997474936157],[-103.71259793999997,21.267991549361582],[-103.71364773999996,21.26668742936162],[-103.71621137999995,21.267868479361596],[-103.71743353999994,21.273409449361438],[-103.72028873999996,21.275178719361413],[-103.71990567999997,21.2831259193612],[-103.72214114999998,21.28394233936121],[-103.71958316999996,21.299922059360792],[-103.72078353999997,21.301024779360773],[-103.72083908999998,21.307961079360613],[-103.71094759999994,21.31354237936048],[-103.71112063,21.317747289360387],[-103.70723670999996,21.31990819936032],[-103.70508454999998,21.325497719360193],[-103.69605401999996,21.323950519360213],[-103.69139516999998,21.320102969360327],[-103.68983433999995,21.321290459360295],[-103.68256501999998,21.31875753936035],[-103.68096599999996,21.320748649360308],[-103.67740381999994,21.319910949360345],[-103.67443187999999,21.321408319360295],[-103.67431796999996,21.32309339936027],[-103.67171139999999,21.322472109360245],[-103.66361501999995,21.338127999359873],[-103.65812059999996,21.33625571935994],[-103.65513953999994,21.33920819935984],[-103.64888322999997,21.33743214935989],[-103.64975561999997,21.34180354935981],[-103.64629651999998,21.342389829359796],[-103.64623617999996,21.34441422935972],[-103.64305077999995,21.34173321935978],[-103.63811748999996,21.344850199359726],[-103.63443159999998,21.340096029359845],[-103.63154617999999,21.34156496935979],[-103.63153265999995,21.34432848935975],[-103.62900961999998,21.34537362935971],[-103.62548365999999,21.343406919359772],[-103.61871934,21.344480709359704],[-103.61659821999996,21.347496419359636],[-103.61694508999996,21.353409649359524],[-103.61116557999998,21.348785539359625],[-103.60295327999997,21.349126679359607],[-103.59954334999998,21.346940849359694],[-103.59808172,21.34190288935977],[-103.59559326,21.34386502935977],[-103.59274550999999,21.34226164935981],[-103.59330791999997,21.340571769359826],[-103.5886766,21.342193399359793],[-103.58662245,21.3380673993599],[-103.58398723,21.336926739359885],[-103.58444213999996,21.335374739359985],[-103.57845238,21.330234289360117],[-103.57710491999995,21.332716339360015],[-103.57407837999995,21.332668309359992],[-103.56858687999994,21.337623679359883],[-103.56763001999997,21.352215859359557],[-103.56506453999998,21.350517969359586],[-103.56263168999999,21.35265584935956],[-103.55737057999994,21.348126689359667],[-103.55064150999999,21.350936999359575],[-103.54832817,21.350102819359627],[-103.53540725,21.35387234935952],[-103.52703199999996,21.352222479359526],[-103.52496894999996,21.353477629359514],[-103.52325710999997,21.352008339359553],[-103.51941176999998,21.356488569359467],[-103.51799516999996,21.35511348935949],[-103.50996401999998,21.354892879359458],[-103.51308304999999,21.364066969359282],[-103.50392024999996,21.37683701935894],[-103.50817431999997,21.380321489358842],[-103.50939722999999,21.392396119358587],[-103.52178457999997,21.40141411935833],[-103.52182527999997,21.405721829358264],[-103.53358948999994,21.420613279357905],[-103.53383519999996,21.42558504935777],[-103.53742930999994,21.431588719357624],[-103.53712336999996,21.44059461935743],[-103.53858299999997,21.441155199357375],[-103.53870025999998,21.444770919357314],[-103.54385244999999,21.43734101935751],[-103.54826384999996,21.440481849357386],[-103.55291177,21.436090649357507],[-103.55463608999997,21.437946569357493],[-103.55838350999996,21.4361883793575],[-103.56040667999997,21.43021830935765],[-103.56545748999997,21.438236969357458],[-103.56772230999997,21.439297149357458],[-103.56975984999998,21.438374049357456],[-103.57114668999998,21.439713199357406],[-103.57376319999999,21.435963489357547],[-103.57588364999998,21.436153979357496],[-103.57751801999996,21.43426721935755],[-103.57598599999996,21.428549969357714],[-103.57842576999998,21.429125249357668],[-103.58153752,21.427453829357724],[-103.58047016999996,21.424692229357813],[-103.58232047999996,21.424025429357794],[-103.58227625999996,21.417616849357973],[-103.58442019999997,21.410074799358178],[-103.58708957,21.407890779358212],[-103.58726628999996,21.4028632893583],[-103.58516547999996,21.402690459358304],[-103.58639428,21.39236630935859],[-103.58974982999996,21.3918731193586],[-103.58882224999998,21.39361239935855],[-103.59268156999997,21.393633249358544],[-103.59531165,21.390906229358606],[-103.59813665999997,21.394474539358505],[-103.60096241999997,21.39385393935853],[-103.60030627999998,21.398231289358453],[-103.61028297999997,21.40532819935825],[-103.60981411999997,21.407243619358184],[-103.61569707999998,21.407693629358185],[-103.61584064999994,21.41169127935812],[-103.62290521999995,21.413111459358067],[-103.62430854999998,21.420302429357896],[-103.62255424999996,21.423910369357813],[-103.61932132,21.424031709357823],[-103.62122201999996,21.42531665935781],[-103.62041145999996,21.42666114935772],[-103.62336316999995,21.426684339357767],[-103.62624959999994,21.429320109357683],[-103.62652536999998,21.434482059357563],[-103.63035222999997,21.435117489357527],[-103.63053437999997,21.436946999357477],[-103.63419571999998,21.439259399357418],[-103.63892381999995,21.437323049357484],[-103.64924650999997,21.438593549357478],[-103.65030921999994,21.434596119357547],[-103.66078976999995,21.441583569357377],[-103.66334830999995,21.446462079357275],[-103.66469634999999,21.45487325935708],[-103.65874325,21.463697659356836],[-103.66930584999996,21.465702459356798],[-103.68494633999997,21.46356545935685],[-103.69774972,21.46702147935676],[-103.70146471999999,21.466265909356796],[-103.69938827999994,21.472784619356606],[-103.69317402999998,21.479039309356512],[-103.69223250999995,21.48708747935632],[-103.69425737999997,21.490207449356237],[-103.69177899999994,21.495602879356074],[-103.68489914999998,21.501499739355932],[-103.67257824999996,21.505454739355862],[-103.67258827999996,21.507979709355766],[-103.67538981999996,21.510819649355696],[-103.67980558,21.511196689355728],[-103.68158216999996,21.520467629355483],[-103.68424599999997,21.521997509355465],[-103.68608639999997,21.52118484935548],[-103.68666033999995,21.52473748935539],[-103.69448699999998,21.52888687935531],[-103.69349701999995,21.532530049355195],[-103.68628544999996,21.53505462935513],[-103.68662901999994,21.539080619355037],[-103.68947851999997,21.54404014935492],[-103.68978888,21.552353149354712],[-103.68705367999998,21.556035509354647],[-103.68320365999995,21.55771879935457],[-103.68080533999995,21.5578013793546],[-103.68164008999999,21.55589622935462],[-103.67921304999999,21.555929179354656],[-103.67816088999996,21.55775410935461],[-103.67638407999999,21.555320279354646],[-103.67359181999996,21.554852509354664],[-103.66635383,21.558039619354567],[-103.65831644999997,21.555906539354602],[-103.66066159999997,21.56054402935455],[-103.66003688999997,21.564789379354412],[-103.64487827999996,21.576454179354133],[-103.64003111999995,21.576282279354135],[-103.63990748999998,21.574314919354208],[-103.62979379999996,21.573350649354232],[-103.62489738,21.568599519354354],[-103.62455827999997,21.565829369354407],[-103.62129410999995,21.564628769354442],[-103.62158339999996,21.55813644935459],[-103.61900468999995,21.556863679354603],[-103.61314139999996,21.55806617935455],[-103.60811447999998,21.556535149354634],[-103.60332174999996,21.558481339354586],[-103.59291831999997,21.559225919354567],[-103.59674713999999,21.565468059354405],[-103.59329024999994,21.575945889354173],[-103.59476411999998,21.58171317935403],[-103.59049656999997,21.589794679353837],[-103.58201637999997,21.589229579353834],[-103.57998864999998,21.584199139353967],[-103.57422273999998,21.58489804935393],[-103.57260408999997,21.581934679354024],[-103.56623337999997,21.581649449354018],[-103.55889182999994,21.576404089354124],[-103.55466611999998,21.576634619354135],[-103.55243002999998,21.583911569353955],[-103.54522217999995,21.587638909353885],[-103.55039833999997,21.596995849353632],[-103.55061948999997,21.61343884935322],[-103.55384568999996,21.62455097935298],[-103.55555587999999,21.625407709352952],[-103.55549174,21.634083509352745],[-103.55169924999997,21.640907419352626],[-103.55224484999998,21.645842229352454],[-103.54700668999999,21.650719219352354],[-103.54079634,21.66529313935203],[-103.53750432,21.66633564935199],[-103.53655833999996,21.668891719351908],[-103.52951476999999,21.672443019351853],[-103.52671001999994,21.675563319351753],[-103.52566814999994,21.678557139351707],[-103.52657033999998,21.687002949351516],[-103.52392385999997,21.695534909351288],[-103.51914710999995,21.702101089351125],[-103.51785264999997,21.7114691793509],[-103.51286282999997,21.714296819350867],[-103.50984392,21.713005879350845],[-103.50776768999998,21.719694919350705],[-103.51012851999997,21.72145254935065],[-103.51080076999995,21.72571704935059],[-103.50936582999998,21.730709199350425],[-103.51065424999997,21.737006679350284],[-103.50847354999996,21.73973504935021],[-103.51214068999997,21.748268909350017],[-103.51469150999998,21.749156079349984],[-103.52342630999999,21.76097934934974],[-103.52358685999998,21.76572059934962],[-103.52725659999999,21.768037309349566],[-103.52601150999999,21.769915249349513],[-103.52789016999998,21.772328479349447],[-103.54325814999999,21.77112239934945],[-103.55379477999998,21.779778199349284],[-103.56076288999998,21.780283939349268],[-103.56262359999994,21.78567465934913],[-103.56592021999995,21.784822149349125],[-103.56943930999995,21.789216319349038],[-103.56789859999999,21.797109849348836],[-103.56894824999996,21.799600739348815],[-103.57149091999997,21.80008759934877],[-103.57262726,21.803489829348706],[-103.56674084999999,21.804651949348674],[-103.56194804999997,21.80357974934869],[-103.56055850999996,21.801113139348757],[-103.55484873999995,21.80091234934874],[-103.53654173999996,21.805157679348643],[-103.52605765,21.80506524934866],[-103.52609308999996,21.809674219348544],[-103.53003822999995,21.811654999348487],[-103.53142528999996,21.81783856934836],[-103.52568105999995,21.81893687934831],[-103.50969601999999,21.827490199348144],[-103.50281744999995,21.83307470934801],[-103.49559257,21.82354711934824],[-103.48272705999995,21.81741719934834],[-103.48250755,21.813264449348498],[-103.47568402999997,21.812411569348484],[-103.47052996999997,21.81354025934844],[-103.47400968999995,21.819661049348298],[-103.47286317,21.8246118493482],[-103.47513568999995,21.826610579348188],[-103.47235653999996,21.836003879347956],[-103.46984027999997,21.839266679347833],[-103.46672988999995,21.83996174934783],[-103.45535730999995,21.83279590934803],[-103.45513605999999,21.835428539347962],[-103.45724239999998,21.836457879347932],[-103.45716908999998,21.838476419347884],[-103.45591162999995,21.8405905793478],[-103.45319651999995,21.840626279347806],[-103.45330624999997,21.84419707934776],[-103.44970193999995,21.848052599347664],[-103.45132804999999,21.85392011934751],[-103.43931348999996,21.864560029347267],[-103.43573969,21.871051979347108],[-103.43535385999996,21.876052369346958],[-103.42751201999994,21.885660819346747],[-103.42581136999998,21.891046179346624],[-103.42251035,21.89108590934665],[-103.42072828999994,21.893143429346587],[-103.42173242999996,21.89529587934652],[-103.41624090999996,21.897504429346448],[-103.41632977999997,21.899363949346434],[-103.41391814999997,21.900645429346397],[-103.41412102,21.90312245934636],[-103.41281156999999,21.903684999346318],[-103.41387008999999,21.905455399346273],[-103.40837539999997,21.907623999346228],[-103.40505987999997,21.901824509346355],[-103.39433887999996,21.896694569346455],[-103.39377127999995,21.898229229346438],[-103.38915131999995,21.898720379346425],[-103.39067976999998,21.9040412593463],[-103.38979568999999,21.905472719346267],[-103.37479762999999,21.9136835193461],[-103.36897801999999,21.91230942934612],[-103.35511814999995,21.91493101934605],[-103.34407999999996,21.913471949346068],[-103.34156327999996,21.92102571934591],[-103.34395594999997,21.929694539345718],[-103.34102981999996,21.932154629345654],[-103.33978913999995,21.93815648934549],[-103.34167341999995,21.938802709345495],[-103.34135087999995,21.940403139345463],[-103.33874090999996,21.942302179345432],[-103.33190798,21.94302236934539],[-103.33046437999997,21.945891519345302],[-103.32438226000001,21.948437579345274],[-103.32357164999996,21.95111241934522],[-103.31830944999997,21.956054879345086],[-103.31013613999994,21.959097599345018],[-103.30919124999997,21.96628610934484],[-103.27856102,21.989650149344275],[-103.27596824999995,21.98869394934428],[-103.27335042999995,21.979082309344502],[-103.26471534999996,21.971844979344716],[-103.26215088999999,21.972557749344716],[-103.25709341999999,21.969581859344768],[-103.25276282999994,21.96958724934477],[-103.24475011999999,21.966603229344813],[-103.24144585999996,21.97075561934471],[-103.24681757999998,21.975947109344613],[-103.24514077999999,21.97720882934458],[-103.23997131999995,21.976722309344602],[-103.22397705999998,21.97180704934471],[-103.22150724999995,21.967986949344816],[-103.21571248999999,21.966750249344845],[-103.21066188999998,21.968050029344766],[-103.20866010999998,21.96514287934484],[-103.20556791999996,21.965194379344883],[-103.20408214999998,21.96770684934482],[-103.19255999999997,21.969899859344757],[-103.19181225999996,21.97444979934465],[-103.19207479999994,21.97933774934455],[-103.19547059999996,21.97978976934449],[-103.19819045999998,21.9846368193444],[-103.19403244999995,21.990072949344285],[-103.20213113999995,21.993391219344176],[-103.20304974999999,21.995963849344143],[-103.20166176999999,21.998568119344096],[-103.19768508,21.99906571934404],[-103.19669367999997,22.000861709343997],[-103.19072667999997,21.99790519934408],[-103.18173025,21.997083179344113],[-103.18006589,21.998420369344096],[-103.17253558,21.996619819344094],[-103.16805551999995,21.99855744934409],[-103.16565748999996,21.996814619344125],[-103.15960505,22.000629319344007],[-103.16007577999996,22.003171349343976],[-103.14599799999996,22.005277949343906],[-103.14371762999997,22.00796976934385],[-103.13796773999997,22.003047949343966],[-103.13284431999995,22.00303731934394],[-103.12086894,22.01518174934369],[-103.1171212,22.01288064934374],[-103.11148644999997,22.0142613093437],[-103.10999096999996,22.01740564934363],[-103.11158925999996,22.02112585934352],[-103.10891176999996,22.02579194934341],[-103.11024533999996,22.027522489343355],[-103.10906454999999,22.02895436934336],[-103.11406537999994,22.03905147934313],[-103.10845111999998,22.039164649343096],[-103.10616573999994,22.046988219342932],[-103.10790861999999,22.063395779342546],[-103.14437402,22.067920429342454],[-103.15428531999999,22.072236819342333],[-103.15215565999995,22.082555049342083],[-103.15278374999997,22.087622049341963],[-103.14341313999996,22.08723081934199],[-103.13864325999998,22.09134025934187],[-103.13509314999999,22.090462339341887],[-103.13502933999997,22.097629679341736],[-103.12558531999998,22.104791479341568],[-103.11672164999999,22.10236419934163],[-103.10170033999998,22.10179799934161],[-103.10097375,22.107804859341478],[-103.09614037999997,22.111355859341415],[-103.09237591999995,22.109897259341405],[-103.08833,22.112908379341388],[-103.09037617999998,22.11387781934132],[-103.08948996999999,22.11519137934132],[-103.08670787999995,22.1148516293413],[-103.08615697999994,22.112244569341367],[-103.08452544999996,22.11399673934135],[-103.08772187999996,22.11781957934126],[-103.08173384999998,22.1202727193412],[-103.08023137999999,22.12450877934109],[-103.07702473999996,22.125504419341045],[-103.07651191999997,22.12783750934104],[-103.08158074999996,22.13011616934097],[-103.07588044999994,22.13324833934086],[-103.07875079999997,22.137052549340833],[-103.08418951999994,22.137251629340774],[-103.09011184999997,22.14004044934075],[-103.09069310999998,22.143505939340667],[-103.09593116999997,22.145466029340568],[-103.10879837999994,22.144340909340613],[-103.10254337999999,22.15360296934043],[-103.10652719999996,22.151821459340468],[-103.10869414999996,22.153423279340387],[-103.10486988999997,22.15751701934032],[-103.10591382999998,22.168153419340086],[-103.10277750999995,22.171114089340005],[-103.10387845999999,22.172047459339968],[-103.10144536999996,22.17862094933981],[-103.10605876999995,22.19135602933954],[-103.09209125999998,22.19841488933933],[-103.08819961999995,22.204383979339205],[-103.07600077999996,22.20232933933927],[-103.07104342999999,22.203543139339203],[-103.07284744999998,22.21036751933906],[-103.07193037999997,22.21196882933903],[-103.06964402999995,22.211219799339037],[-103.05981131999994,22.217222229338912],[-103.05477016999998,22.213826859338972],[-103.05232630999996,22.220652259338845],[-103.05971474999996,22.224241369338767],[-103.05782353999997,22.228272889338633],[-103.06206928999995,22.228267979338657],[-103.05568107999994,22.241242369338366],[-103.05545517999998,22.247256319338227],[-103.06288571,22.249267179338165],[-103.06238245999998,22.252238679338102],[-103.06828853999998,22.255109799338037],[-103.07387764999999,22.25485522933801],[-103.07472105999994,22.257558459337947],[-103.07827382999994,22.257097659337976],[-103.08181636999997,22.26333128933782],[-103.08382539999997,22.26343362933784],[-103.08295987999998,22.277082739337477],[-103.08721894999998,22.278382089337462],[-103.08762917999996,22.28238314933737],[-103.09111959999997,22.285909149337307],[-103.09807594999997,22.2862918593373],[-103.09977991999995,22.288635509337244],[-103.09899854999998,22.292308679337168],[-103.10098771999999,22.29397485933711],[-103.11709756999996,22.29558650933709],[-103.12604265999994,22.2931928493371],[-103.13149405999998,22.29519021933709],[-103.14012477999995,22.29365579933713],[-103.15254065999996,22.295994569337058],[-103.15465293999996,22.298413459337013],[-103.15979641999996,22.29599324933705],[-103.16474479999994,22.297102479337017],[-103.16505704999999,22.294798799337066],[-103.19057381999995,22.29852701933699],[-103.19476425999994,22.292371999337153],[-103.19634704999999,22.292489679337166],[-103.19548490999996,22.290544599337167],[-103.20191644999994,22.280304419337426],[-103.20374484999998,22.281251649337406],[-103.21442479999997,22.27751082933748],[-103.22062194999995,22.280466169337437],[-103.22233751999994,22.283060449337363],[-103.21892805999994,22.286854769337275],[-103.21835084999998,22.289977879337194],[-103.22080181999996,22.292362659337126],[-103.22036907999997,22.296401139337064],[-103.21657364999999,22.299329659336994],[-103.21743802999998,22.30180319933692],[-103.21505949,22.30164584933694],[-103.21500907999996,22.30579956933681],[-103.21303581999996,22.30692097933679],[-103.20963929,22.314572259336614],[-103.21271434999994,22.31905434933652],[-103.20951841999994,22.320191619336498],[-103.21012299999995,22.328264829336284],[-103.20823259999997,22.33308119933617],[-103.20419159999996,22.334367449336174],[-103.19408541999996,22.33198105933619],[-103.18487625999995,22.338603939336057],[-103.18481056999997,22.34102825933598],[-103.18268561999997,22.342918849335952],[-103.17892354999998,22.34257016933596],[-103.17761514999997,22.346028629335876],[-103.17289682999997,22.350163599335772],[-103.17276491999998,22.352367019335727],[-103.16858992,22.354615659335664],[-103.17044709,22.361832519335522],[-103.16642497999999,22.370589889335335],[-103.17404821999999,22.377759849335167],[-103.17286679999995,22.37961628933511],[-103.17050451999997,22.37890294933512],[-103.16857768999995,22.385012799334948],[-103.17785897999995,22.38671750933493],[-103.18130908999997,22.390404569334844],[-103.18254031999999,22.38877137933487],[-103.18936257999998,22.39024553933483],[-103.19877087999998,22.38060122933506],[-103.20316898,22.39877084933467],[-103.20531213999999,22.400530419334622],[-103.20392659999999,22.40406950933453],[-103.21341273999997,22.410073249334374],[-103.22092165,22.409589109334416],[-103.22606724999997,22.404495179334504],[-103.23212056999995,22.39339385933479],[-103.23503990999995,22.397115379334707],[-103.24446324999997,22.399428199334633],[-103.25218624999997,22.398945349334678],[-103.25508259999998,22.404820139334483],[-103.25838528999998,22.406441889334477],[-103.26024568999999,22.41185839933433],[-103.26346317999999,22.41064641933436],[-103.26622134999998,22.41194811933433],[-103.27489417999999,22.40955370933442],[-103.27468719999996,22.411393829334376],[-103.27855093999995,22.411098569334353],[-103.28523071999996,22.4142441493343],[-103.28564191999999,22.40557411933449],[-103.29307671999999,22.39873776933463],[-103.29544950999997,22.39873147933464],[-103.29650745999999,22.395882339334747],[-103.30050157999995,22.392990119334776],[-103.30526297999995,22.39040904933488],[-103.30917588999995,22.39200819933484],[-103.30952896999999,22.39833839933467],[-103.31458462999996,22.404908219334498],[-103.32338404999997,22.38914816933488],[-103.32552936999997,22.38904144933488],[-103.32928682999994,22.384536859334965],[-103.33963830999996,22.385496019334973],[-103.34806445,22.379546049335097],[-103.34744957999999,22.375500579335192],[-103.35313999999994,22.369387459335343],[-103.35990885999996,22.37126319933529],[-103.36471667999996,22.369535629335324],[-103.36668297999996,22.351039019335747],[-103.36255319999998,22.3363539993361],[-103.34295527999996,22.33512236933618],[-103.34720274999995,22.33096187933626],[-103.34936414999999,22.32593984933636],[-103.35955890999998,22.320649229336503],[-103.36375647999995,22.31448316933665],[-103.35009274,22.307456549336784],[-103.35284628999995,22.285733309337317],[-103.35568810999996,22.27979924933745],[-103.33837631999995,22.28751282933724],[-103.32770581999995,22.307360369336767],[-103.30688274,22.306283059336828],[-103.29779033999996,22.298337259336993],[-103.30040342999996,22.29618544933706],[-103.30783883,22.28171433933741],[-103.30598401999998,22.276283089337532],[-103.30684371999996,22.2732318493376],[-103.30489939999997,22.270102709337678],[-103.30531631999997,22.26565899933775],[-103.31393821999997,22.258710749337908],[-103.29712753999998,22.257245429337985],[-103.29510442999998,22.253285279338066],[-103.31193416999997,22.233256979338563],[-103.32651617999994,22.24172679933832],[-103.32831984999996,22.240087679338362],[-103.33151836999997,22.241000319338365],[-103.33769677999999,22.24516367933828],[-103.34973585999997,22.23921496933837],[-103.35531461999996,22.240935679338364],[-103.36183034999999,22.239164579338368],[-103.36969073999995,22.231305999338606],[-103.38302630999999,22.22701341933867],[-103.38398502999996,22.22199017933879],[-103.38017104999994,22.219001369338862],[-103.38516261999997,22.21581824933894],[-103.38435088999995,22.21373834933897],[-103.38565691999997,22.212528599339013],[-103.40895962999998,22.215364909338962],[-103.41723121999998,22.190476089339555],[-103.42166685999996,22.189544449339543],[-103.42295987999996,22.19129773933951],[-103.42385828999996,22.1891903793396],[-103.43412467999998,22.19076053933953],[-103.43131270999999,22.18732256933961],[-103.43050876999996,22.182497199339725],[-103.42532479999996,22.18262690933974],[-103.41968573999998,22.177482849339835],[-103.42531097999995,22.176464859339877],[-103.42509857999994,22.170261029340033],[-103.42917624999995,22.162184509340186],[-103.42703259999996,22.154501969340398],[-103.42881325999997,22.148286429340516],[-103.42593379999995,22.139424649340707],[-103.42818141999999,22.13928387934074],[-103.43046410999995,22.134605429340883],[-103.43216382999998,22.134492289340834],[-103.43210547999996,22.13162308934094],[-103.43357481999999,22.13284377934088],[-103.43413856999996,22.130783689340934],[-103.43458477999997,22.1328845093409],[-103.43627333999996,22.126904879341026],[-103.43828925999998,22.12885102934102],[-103.43734327999995,22.1255241093411],[-103.43942242999998,22.121907339341163],[-103.43949965999997,22.117639199341244],[-103.44558779999994,22.113498319341375],[-103.44669357,22.11525130934134],[-103.45040347999998,22.11422571934132],[-103.45493576999996,22.115308619341324],[-103.46172261999999,22.111141059341385],[-103.45929682999997,22.10873482934147],[-103.45918285999994,22.10587997934154],[-103.46647804999998,22.107308969341524],[-103.47318090999994,22.10553196934156],[-103.47325005999996,22.11117911934139],[-103.47930394999997,22.114793999341344],[-103.48294785999997,22.11130113934137],[-103.48609196999998,22.110625369341406],[-103.48493236999997,22.10779424934147],[-103.48613410999998,22.106529889341513],[-103.49559910999996,22.11051239934143],[-103.49679182999996,22.106796079341496],[-103.50156419999996,22.10556401934152],[-103.50438537999997,22.108242599341473],[-103.51179085999998,22.107514479341525],[-103.51589707999995,22.109916199341423],[-103.51785119999995,22.120881319341148],[-103.51423374999996,22.12605056934108],[-103.51455096999997,22.129108569340964],[-103.53062434999998,22.126843479341037],[-103.53396807999998,22.121053799341155],[-103.54273656999999,22.120612119341164],[-103.54505571,22.12274579934116],[-103.54525719999998,22.126942369341037],[-103.55068596999996,22.13061250934095],[-103.55021567999997,22.135679179340844],[-103.55476985999996,22.134322369340875],[-103.56014086,22.1365856593408],[-103.56686622999996,22.13608251934082],[-103.56972305999996,22.13192287934092],[-103.57612579999996,22.130937849340963],[-103.57995033999998,22.126827119341016],[-103.57971191999997,22.12256650934115],[-103.57736539999996,22.119976999341215],[-103.58111988999997,22.104870739341532],[-103.58526511999997,22.109392539341442],[-103.59404341999999,22.111646719341415],[-103.60108816999997,22.103436949341585],[-103.60477342999997,22.10164831934161],[-103.60470456999997,22.09794157934173],[-103.61087830999998,22.09710544934176],[-103.62039770999998,22.098486139341688],[-103.62622190999997,22.102632369341592],[-103.62852699999996,22.106325459341512],[-103.63613473999999,22.106422689341507],[-103.64795373999999,22.100496149341637],[-103.65125716999995,22.10089422934165],[-103.65391513999998,22.104001259341594],[-103.66231328999999,22.10303745934159],[-103.67013303,22.108494059341478],[-103.68384731999998,22.109205229341445],[-103.68609821999998,22.111401999341417],[-103.68593251999994,22.11409910934133],[-103.67830833999994,22.115370749341324],[-103.67737107999994,22.118706289341212],[-103.68022234999995,22.123704479341132],[-103.68726252,22.12545216934109],[-103.69079810999995,22.128276629341027],[-103.69029297999998,22.130093279340954],[-103.68813457999994,22.133165399340886],[-103.68203067999998,22.135157709340838],[-103.67753736999998,22.141266429340668],[-103.67613550999995,22.148753949340545],[-103.66100056999994,22.16695642934008],[-103.65447364999994,22.17193621934],[-103.65892285999996,22.175215519339893],[-103.65662974999998,22.181297229339744],[-103.65775988999997,22.183843339339713],[-103.65575928999999,22.184834419339687],[-103.65609516999996,22.186137169339645],[-103.65251774999996,22.187165139339612],[-103.64900724999997,22.19614307933942],[-103.64911925999998,22.20205641933929],[-103.64723677999996,22.201586319339267],[-103.64767699999999,22.20305230933922],[-103.64111330999998,22.209824919339106],[-103.63934891999999,22.218186709338884],[-103.63642256999998,22.221024859338822],[-103.63600341999995,22.22828474933866],[-103.6308964,22.2389179693384],[-103.61736521999997,22.25105819933811],[-103.60280081999997,22.269961479337685],[-103.59490324999996,22.27307834933759],[-103.60094347999996,22.278158659337464],[-103.60770977,22.27974413933745],[-103.61068814,22.27895770933745],[-103.61922561999995,22.281793319337417],[-103.62345802999994,22.287471879337257],[-103.62561874999996,22.28810819933726],[-103.62849957999998,22.29395159933713],[-103.63778808999996,22.295233109337055],[-103.64474825999997,22.31497387933659],[-103.64496405999995,22.31783768933653],[-103.63818074999995,22.335169289336147],[-103.63826681999996,22.337171119336094],[-103.64211147999998,22.340873349335993],[-103.63495294999996,22.343483279335945],[-103.62741531999995,22.340400939336018],[-103.62139768999998,22.340707659336037],[-103.61199574999995,22.337961019336042],[-103.60671057999997,22.338305799336077],[-103.60480234999996,22.340142309336017],[-103.60263975,22.346316479335872],[-103.60948177999995,22.35269557933573],[-103.61068717999996,22.359841819335546],[-103.60980890999998,22.361544019335525],[-103.60284428999995,22.360903749335527],[-103.60033622999998,22.370294459335298],[-103.59756302999995,22.374530279335225],[-103.59592910999999,22.383191029335],[-103.59275584999996,22.38927661933486],[-103.59441345,22.394575979334775],[-103.59401973999996,22.407214939334473],[-103.58963281999996,22.406971519334487],[-103.58550191999997,22.40937268933441],[-103.57842454999998,22.410498419334406],[-103.57101853999997,22.418215619334212],[-103.56069731999997,22.422815289334117],[-103.55919371,22.428427549333946],[-103.56405584999999,22.430833229333928],[-103.56495788999996,22.43513287933378],[-103.56766011999997,22.437790049333742],[-103.57252854999997,22.437540769333747],[-103.57218635,22.44106864933365],[-103.56891236999996,22.446273259333545],[-103.57069965999995,22.45306873933338],[-103.56990373999997,22.45556533933335],[-103.57390705999995,22.461077169333215],[-103.57257556999998,22.464544339333102],[-103.57390645,22.46656007933304],[-103.57208345,22.466705769333053],[-103.57082585999996,22.469171649333042],[-103.57362915,22.473056459332934],[-103.58060056999996,22.477398109332793],[-103.57992774999997,22.48050573933277],[-103.58245708999999,22.48879347933252],[-103.57907859999995,22.490961399332516],[-103.58040931999994,22.495474679332386],[-103.57933408999997,22.4961963793324],[-103.58018961999994,22.498719379332336],[-103.58337477999999,22.498714889332305],[-103.58627245999998,22.502049079332256],[-103.5890204,22.501592979332262],[-103.59460128999996,22.505447259332154],[-103.58902447999999,22.508080749332084],[-103.58850413999994,22.514432289331967],[-103.58422245999999,22.518816029331845],[-103.58373416999997,22.521965999331808],[-103.58527928999996,22.525278849331713],[-103.59933478,22.526374599331675],[-103.60236847999995,22.535692689331484],[-103.60476391999998,22.538409659331414],[-103.60303270999998,22.543506969331293],[-103.60600094999995,22.545677259331235],[-103.60447834999997,22.551452029331113],[-103.60212279999996,22.551913979331093],[-103.60275867999997,22.556791539330987],[-103.60974988999999,22.559716149330896],[-103.61178254,22.558422799330952],[-103.61748505999998,22.560367999330875],[-103.61852714999998,22.56367093933083],[-103.62238237999998,22.563574179330818],[-103.62815731999996,22.561941819330876],[-103.63048105999997,22.5593188793309],[-103.63622767999999,22.560018909330907],[-103.64617044999996,22.55483257933101],[-103.65156505,22.55647821933095],[-103.65454390999997,22.554704049331026],[-103.65593964999994,22.551628539331066],[-103.65964979999995,22.550272229331156],[-103.66101050999998,22.54714437933123],[-103.67258582999995,22.561129219330873],[-103.67416145999994,22.561272849330834],[-103.68178951999994,22.554800089331035],[-103.68692723,22.558353889330927],[-103.69400273999999,22.55860690933092],[-103.70084610999999,22.563031279330858],[-103.71151596999995,22.564547629330786],[-103.72655501999998,22.574146629330556],[-103.73845165999995,22.571963999330606],[-103.74450268999999,22.558498569330922],[-103.75310831999998,22.557870879330945],[-103.75528898,22.554220139331022],[-103.75924137999999,22.551665429331116],[-103.75997621999994,22.55560076933101],[-103.76910209,22.55578914933101],[-103.77385487999999,22.54640573933123],[-103.77738530999996,22.5249338593317],[-103.78314843,22.511123719332037],[-103.78565965999998,22.510457489332083],[-103.78514021999996,22.508991349332057],[-103.78355370999998,22.50981202933205],[-103.78504903,22.49921302933234],[-103.78379943,22.48882681933255],[-103.78698273999998,22.477768019332803],[-103.79561024999998,22.46502441933314],[-103.79918082999997,22.4521563393334],[-103.80152068999996,22.44988981933348],[-103.80275490999998,22.445110519333593],[-103.80625787999999,22.441831479333676],[-103.80804634999998,22.43133956933387],[-103.81017641999996,22.427285229333993],[-103.81008799999995,22.4127235693343],[-103.81325891999997,22.405543319334488],[-103.81246425999996,22.401505349334585],[-103.80870381999995,22.398745029334645],[-103.81164481999997,22.39258545933482],[-103.81300797999995,22.383919889335022],[-103.81115171999994,22.37674522933515],[-103.81745910999996,22.371458849335305],[-103.81753250999999,22.367891799335375],[-103.82680756999997,22.358284169335594],[-103.82616714999995,22.35628507933568],[-103.82788073999997,22.354243419335692],[-103.83062267999999,22.35518834933567],[-103.83745559999996,22.35200028933573],[-103.84148537999994,22.34560471933589],[-103.84543422999998,22.342757489335973],[-103.84596193999995,22.330348119336257],[-103.84115948999994,22.322620519336432],[-103.83665764999996,22.30429430933686],[-103.82861981999997,22.2866128893373],[-103.83983822999994,22.266287519337755],[-103.84253037999997,22.266435109337735],[-103.84486834999997,22.26255144933784],[-103.84227865999999,22.250317219338147],[-103.84350930999994,22.231237489338596],[-103.84467244999996,22.23035624933861],[-103.84407554999996,22.222065919338778],[-103.85779328999996,22.188158119339572],[-103.86293599999999,22.166882429340085],[-103.873117,22.1783974493398],[-103.87342734999999,22.184540689339695],[-103.87689425999999,22.192140719339505],[-103.88509425999996,22.196416079339418],[-103.88108779999999,22.2061040493392],[-103.88217451999999,22.214518369338982],[-103.88508996999997,22.217292519338912],[-103.88440279999998,22.22027959933882],[-103.88613881999999,22.22617667933868],[-103.89242214999997,22.228846779338618],[-103.90165639999998,22.23708094933846],[-103.90767896999995,22.25460817933804],[-103.91016859999998,22.25453404933807],[-103.91456968999995,22.26065190933788],[-103.91787556999998,22.26197044933785],[-103.91630009000001,22.26670824933772],[-103.91175422999999,22.27047517933767],[-103.91395250999994,22.272214599337598],[-103.91421991,22.27822593933745],[-103.91207416999998,22.27960984933744],[-103.91227130999995,22.281658279337382],[-103.91017807999998,22.281058719337388],[-103.91014942,22.28332784933734],[-103.91364381999996,22.284854219337326],[-103.91369689,22.287195859337274],[-103.91599413999995,22.28854365933725],[-103.91430259999998,22.2891439393372],[-103.91492451,22.29088836933719],[-103.91335704999995,22.292244249337163],[-103.91595708999995,22.29271336933714],[-103.91612647999995,22.300081119336983],[-103.91404361999997,22.300898909336954],[-103.91892728,22.304382289336843],[-103.9157914,22.311312119336673],[-103.92096345999994,22.31427454933663],[-103.91971139999998,22.31658585933656],[-103.92250993999994,22.319802489336485],[-103.92039294999996,22.322292879336473],[-103.92368268999996,22.32387111933639],[-103.92253064999994,22.327208749336343],[-103.92612424999999,22.332072819336233],[-103.91997587999998,22.335613109336144],[-103.92129979999999,22.34788031933585],[-103.91183684999999,22.352255059335747],[-103.90786301999998,22.36205047933552],[-103.90434296999997,22.364562549335478],[-103.89914291999997,22.363031519335493],[-103.89574001999995,22.36411474933547],[-103.89872736999996,22.37957661933508],[-103.89731201999996,22.381646779335043],[-103.89124273999994,22.383571629335016],[-103.89245501999994,22.388028139334928],[-103.88345065999994,22.390024059334845],[-103.88359819999995,22.395015879334764],[-103.88619958,22.400203229334615],[-103.88257159999995,22.40161499933458],[-103.86931231999995,22.40126241933457],[-103.86692938,22.409380629334407],[-103.86597617999996,22.41522722933425],[-103.86964181999997,22.415362599334255],[-103.87078042999997,22.41729713933425],[-103.87303236999998,22.416004199334242],[-103.87464665,22.41699871933422],[-103.87370716999999,22.41906470933418],[-103.88062275,22.418162519334217],[-103.87934301999998,22.420689379334142],[-103.87270802999996,22.422806489334068],[-103.87318079999994,22.42476077933404],[-103.88487334999996,22.43058884933391],[-103.89469999999996,22.438163859333716],[-103.89024930999996,22.44180467933367],[-103.88069521999995,22.439915879333707],[-103.87609834999995,22.441183909333674],[-103.87843245999996,22.451363979333433],[-103.88287925999998,22.454551369333355],[-103.88184197999999,22.468826599333028],[-103.88477731999996,22.468974889332987],[-103.88536856999998,22.473525089332924],[-103.88208544999999,22.477173369332835],[-103.88118619999995,22.474720229332895],[-103.87612668999998,22.471981249332952],[-103.87106987999994,22.472474679332947],[-103.86776744999997,22.478417749332795],[-103.86793879999999,22.482028219332737],[-103.86398531999998,22.491443419332498],[-103.86231608999998,22.501891679332235],[-103.86443497999994,22.50389654933219],[-103.86323714999999,22.507060719332106],[-103.86486307999996,22.5075038493321],[-103.8651966,22.50958179933206],[-103.86355808999997,22.509932979332042],[-103.86599511999998,22.512516519332024],[-103.86420607999999,22.513463849331977],[-103.86815962999998,22.51778825933185],[-103.87243041999994,22.518436309331836],[-103.87518637999996,22.5215758793318],[-103.87150967999997,22.538171309331403],[-103.86990303,22.53962076933138],[-103.86468328999996,22.539446689331356],[-103.86805753999995,22.54239568933129],[-103.86688267999996,22.544696049331225],[-103.86121742999997,22.54790765933121],[-103.85416419999996,22.549435379331133],[-103.85179797999996,22.553620079331033],[-103.85223068999994,22.55626782933096],[-103.86073774,22.565089449330802],[-103.86072056999996,22.567618859330704],[-103.85791116999998,22.566512909330722],[-103.85601051999998,22.570332689330645],[-103.85725361999994,22.571659289330647],[-103.85536544999997,22.5718355793306],[-103.85533353999995,22.57495196933053],[-103.85238997999994,22.577617939330477],[-103.84835959999998,22.579291949330425],[-103.84309868999998,22.579056339330425],[-103.83449762,22.583445229330344],[-103.83343676999999,22.585767379330296],[-103.82776217999998,22.588360319330235],[-103.825206,22.587970889330265],[-103.82327337999999,22.59281516933014],[-103.81960013999998,22.59557936933007],[-103.77345074999994,22.611495479329676],[-103.77274062,22.614494339329664],[-103.76773896999998,22.61821148932958],[-103.76588296999996,22.622280249329478],[-103.76096182999999,22.625614029329384],[-103.76519644999996,22.62951064932928],[-103.76845996999998,22.643328649328975],[-103.76659208999996,22.649335629328828],[-103.76164953999995,22.650460689328796],[-103.75866850999995,22.65842087932861],[-103.75987145,22.660822429328565],[-103.76355525999998,22.66267784932848],[-103.76161245999998,22.668403619328377],[-103.76370448999997,22.672075049328292],[-103.76194131999995,22.675487179328226],[-103.76319764999994,22.67701814932817],[-103.75621059999997,22.690112919327877],[-103.75131115,22.695047109327803],[-103.75335330999998,22.698500169327676],[-103.75154864999998,22.703635889327558],[-103.75361253999995,22.708290219327452],[-103.75198621999999,22.711645309327388],[-103.75571987999996,22.715215629327297],[-103.75480616999995,22.719547779327172],[-103.76907413999999,22.720392059327175],[-103.76922714999996,22.727258859327033],[-103.77114430999995,22.73242771932689],[-103.77467362,22.7338689093269],[-103.78138526,22.72981707932695],[-103.78445891999996,22.73163567932694],[-103.78628633999996,22.73003736932695],[-103.79105603,22.73072188932693],[-103.79392387999998,22.729046199326955],[-103.79528957999999,22.730381089326936],[-103.79991562999999,22.73003610932699],[-103.80090314999997,22.731503339326956],[-103.80502534999994,22.730006489326968],[-103.80557517999995,22.731574449326903],[-103.81675454999998,22.728462319327008],[-103.81887276999998,22.73024205932693],[-103.81917231999995,22.728331059327026],[-103.82163346,22.734040399326844],[-103.82660974,22.73494368932682],[-103.82947491999994,22.730928479326934],[-103.82986456999998,22.732969919326923],[-103.83272237999995,22.7335684593269],[-103.83621310999997,22.728007449327013],[-103.83853688999996,22.731828199326912],[-103.84874085999996,22.73159553932693],[-103.85460434999999,22.729701829326984],[-103.85800048999994,22.73334571932688],[-103.86546261999996,22.73540877932684],[-103.86775305999998,22.73240045932692],[-103.87030881999999,22.73546990932685],[-103.87367110999998,22.73516881932686],[-103.87511417999997,22.737157689326803],[-103.88139794999995,22.734543849326826],[-103.89112467999996,22.735164579326845],[-103.89832762999998,22.72827730932701],[-103.90342694999998,22.73090521932695],[-103.90157297999998,22.734947819326855],[-103.90246050999998,22.73835077932679],[-103.90660099999997,22.746286749326558],[-103.90927108999995,22.747409309326535],[-103.90885450999997,22.749975749326488],[-103.92345668999997,22.74849584932652],[-103.93083568999998,22.745267179326603]]],[[[-104.81353340199998,19.225903688412732],[-104.81384490399996,19.23097612041257],[-104.81490056399997,19.231292289412593],[-104.81763821599998,19.224074025412765],[-104.81659376799998,19.224162811412754],[-104.81635791199996,19.220899681412842],[-104.81639517999999,19.223537581412796],[-104.81353340199998,19.225903688412732]]],[[[-104.81338897799998,19.23092734741257],[-104.81297322399996,19.2342574314125],[-104.81481671499995,19.23309644741251],[-104.81338897799998,19.23092734741257]]],[[[-104.876509797,19.27236572941152],[-104.87685659199997,19.273725528411486],[-104.87747212499995,19.27275012541153],[-104.876509797,19.27236572941152]]],[[[-104.95991171599998,19.306054420410668],[-104.95954295699994,19.30709118241065],[-104.96059539499998,19.308125383410605],[-104.96095385399997,19.307690159410615],[-104.95991171599998,19.306054420410668]]],[[[-104.95569262799995,19.309434365410585],[-104.95561496699997,19.31057604741052],[-104.95658344199997,19.31033990341055],[-104.95569262799995,19.309434365410585]]],[[[-104.95194183899997,19.314626031410423],[-104.95134722299997,19.31496202141041],[-104.95195327499995,19.31526651041044],[-104.95194183899997,19.314626031410423]]],[[[-105.03527757699999,19.390909576408482],[-105.03600487699998,19.38902771940853],[-105.03409360999997,19.388974998408496],[-105.03395051999996,19.390262973408497],[-105.03527757699999,19.390909576408482]]],[[[-105.03475595599997,19.440472719407214],[-105.03636536299996,19.440104720407227],[-105.03572747899995,19.439609216407238],[-105.03475595599997,19.440472719407214]]],[[[-105.06343695,19.47632268840627],[-105.06462764999998,19.477104227406247],[-105.06626919599995,19.47635159840629],[-105.06343695,19.47632268840627]]],[[[-105.066644587,19.479137288406218],[-105.06648356799997,19.477785945406243],[-105.06843512199998,19.477775126406225],[-105.06698482299998,19.477142752406284],[-105.06387583499999,19.477848402406245],[-105.066644587,19.479137288406218]]],[[[-105.08499467099996,19.514618074405305],[-105.08618701799998,19.514452907405328],[-105.085201623,19.513820176405346],[-105.08499467099996,19.514618074405305]]],[[[-105.08549172399997,19.52249562640512],[-105.08698711399995,19.521502680405153],[-105.08562723599995,19.52109596740514],[-105.08549172399997,19.52249562640512]]],[[[-105.093256953,19.526458343405],[-105.09589023999997,19.52598232140503],[-105.09412314599996,19.525567166405057],[-105.09524806199994,19.52510342340506],[-105.09385057099996,19.52370763040506],[-105.09101803199997,19.52329576840511],[-105.093256953,19.526458343405]]],[[[-105.09308696399997,19.530201295404886],[-105.09415605599999,19.530427487404893],[-105.09446186499997,19.52916371340493],[-105.09308696399997,19.530201295404886]]],[[[-105.08786300799994,19.531629867404856],[-105.08965086799999,19.53321749540485],[-105.08952848199999,19.531838760404895],[-105.08786300799994,19.531629867404856]]],[[[-105.088748507,19.536111612404774],[-105.08929335099998,19.534005700404826],[-105.08720254799995,19.534332193404815],[-105.08769141299996,19.53574175440477],[-105.088748507,19.536111612404774]]],[[[-105.09282125999994,19.535260882404767],[-105.09187463699999,19.53604083740479],[-105.09211931199997,19.536387357404777],[-105.09282125999994,19.535260882404767]]],[[[-105.09398479899995,19.540448284404626],[-105.09511788999998,19.538779028404704],[-105.09322964699999,19.537931087404708],[-105.09207518999995,19.539292158404688],[-105.09398479899995,19.540448284404626]]],[[[-105.11318412899999,19.548325703404437],[-105.11568233199995,19.548783725404448],[-105.11600629799996,19.54729966840446],[-105.11318412899999,19.548325703404437]]],[[[-105.10624329399998,19.54928480040442],[-105.10931974399995,19.55210091240436],[-105.11125745899996,19.550502161404378],[-105.11330486199996,19.54542922040452],[-105.10805193299996,19.544530127404567],[-105.10986629199999,19.546658859404467],[-105.10624329399998,19.54928480040442]]],[[[-105.10661072899997,19.55634895840424],[-105.10795111699998,19.55572634140427],[-105.10640220199998,19.556093754404262],[-105.10661072899997,19.55634895840424]]],[[[-105.110529199,19.561711607404117],[-105.11357491899997,19.561519795404084],[-105.11278999499997,19.560103369404125],[-105.11627204699995,19.558217799404158],[-105.11716609699995,19.55496888340429],[-105.11391972199999,19.557529704404196],[-105.11163864099997,19.557339488404242],[-105.110529199,19.561711607404117]]],[[[-105.13108222999995,19.57326961640381],[-105.130559281,19.573671856403763],[-105.13092233699996,19.573924320403787],[-105.13108222999995,19.57326961640381]]],[[[-105.13246762499996,19.573663377403797],[-105.13427703399998,19.574024530403815],[-105.13450644999996,19.57364772240378],[-105.13246762499996,19.573663377403797]]],[[[-105.13579970199999,19.573770118403818],[-105.13529154899999,19.575190510403772],[-105.13693666799998,19.574360462403785],[-105.13579970199999,19.573770118403818]]],[[[-105.14661200999996,19.578784597403637],[-105.1478054,19.57903059640364],[-105.14787120599999,19.578651360403654],[-105.14661200999996,19.578784597403637]]],[[[-105.14690623499996,19.580364532403593],[-105.146681662,19.581046673403616],[-105.14748288299997,19.580682278403597],[-105.14690623499996,19.580364532403593]]],[[[-105.29322945299998,20.544424812379336],[-105.29137997099997,20.54550536637931],[-105.29343137399998,20.545192163379355],[-105.29322945299998,20.544424812379336]]]]}}]}
