{"type":"FeatureCollection","features":[{"type":"Feature","properties":{"cve_ent":"21","cvegeo":"21","nombre_inegi":"Puebla","nombre_catalogo":"Puebla"},"geometry":{"type":"Polygon","coordinates":[[[-97.84226936999994,20.83990636937205],[-97.84584134999994,20.839485849372082],[-97.85286793999995,20.83286834937223],[-97.86173845999997,20.835368519372132],[-97.87077188999996,20.83133662937227],[-97.87911977999994,20.8342758793722],[-97.88863768999995,20.814624519372668],[-97.90080999999998,20.7796399993735],[-97.90366516999995,20.77500356937362],[-97.92244659999994,20.716518779375086],[-97.89742568999999,20.703213829375404],[-97.89812847999997,20.699448349375526],[-97.90186128999996,20.697699649375554],[-97.90627013999995,20.69071484937573],[-97.91372813999999,20.68916199937578],[-97.91318364999995,20.684091229375877],[-97.91588962999998,20.68105401937595],[-97.91783194999995,20.673937889376138],[-97.91783470999997,20.671244549376194],[-97.91333493999997,20.671970779376178],[-97.90876734999995,20.667158629376335],[-97.90778351999997,20.664084419376387],[-97.90901090999995,20.657279229376524],[-97.91184415,20.653515119376657],[-97.90850654999997,20.649880739376766],[-97.90808256999998,20.645088799376865],[-97.90158473999998,20.640737049376956],[-97.90006445999997,20.63313405937714],[-97.89497081999998,20.623899399377354],[-97.90485491999999,20.6097818293777],[-97.90875781999995,20.608134149377783],[-97.90564649,20.605334019377832],[-97.90570173999998,20.60127816937795],[-97.90774196999998,20.594674019378125],[-97.91087577999997,20.593533569378106],[-97.90968568999995,20.58637810937831],[-97.91478064999995,20.5864965493783],[-97.91568519999998,20.583552549378357],[-97.92119022999998,20.579537079378444],[-97.92372805999997,20.57502967937859],[-97.92768417999997,20.573273349378603],[-97.92779934999999,20.571496249378683],[-97.93498484999998,20.567594369378774],[-97.93741861999997,20.569171319378743],[-97.94310582999998,20.562606919378915],[-97.95631190999995,20.55686153937905],[-97.98081610999999,20.540708859379446],[-97.98152647999997,20.525679449379798],[-97.97263033999997,20.523202429379847],[-97.97933373999997,20.51493336938008],[-97.98504339999994,20.517036489380043],[-97.98552844999996,20.515464629380073],[-97.98934102999999,20.515454349380054],[-97.99159141999996,20.513046719380107],[-97.99288050999996,20.507632829380242],[-97.99742608999998,20.50609524938029],[-97.98879099999999,20.49538519938056],[-97.99193536999996,20.49281733938063],[-97.99366702999998,20.48491361938082],[-97.99901291999998,20.487117799380798],[-97.99792782999998,20.48437930938085],[-97.99985079999999,20.48254471938091],[-98.00886477999995,20.482540999380863],[-98.00834251999999,20.474746029381087],[-98.01406575,20.466209649381298],[-98.01156194999999,20.461232999381423],[-98.01497424999997,20.45918668938144],[-98.01207979999998,20.45842094938149],[-98.01397291999997,20.456386180381518],[-98.01138481999999,20.45577225038153],[-98.01709384999998,20.454739289381603],[-98.02194824999998,20.448893310381735],[-98.03384982999997,20.447690689381755],[-98.03999094999995,20.44018508938194],[-98.04278561999998,20.440567879381952],[-98.04455364999995,20.436634879382023],[-98.04681393999995,20.436891399382006],[-98.05200125999995,20.441878629381915],[-98.05361877999997,20.438589089381974],[-98.05699233999998,20.438747619381992],[-98.06127271999999,20.43548554938208],[-98.06344027999995,20.435876139382056],[-98.07048425999996,20.43027316938221],[-98.07427650999995,20.42161465938239],[-98.07660101999996,20.42080994938239],[-98.07610837999995,20.41768504938249],[-98.07189462999997,20.416395219382505],[-98.07904468,20.40892807938273],[-98.076867769,20.407025229382757],[-98.07731790999999,20.403119749382835],[-98.08837502999997,20.39640262938305],[-98.08938012,20.389068709383224],[-98.10150071,20.380876199383408],[-98.10188201999996,20.375218110383543],[-98.10838853999998,20.37395829038361],[-98.10674030999996,20.36812337038371],[-98.11564638,20.363107370383883],[-98.11333130999999,20.36089861938392],[-98.11250377999995,20.354295719384066],[-98.11557411999996,20.353803659384084],[-98.11740541999997,20.350145659384207],[-98.12399988999994,20.348502829384206],[-98.12618399999997,20.34629634938428],[-98.12719467999995,20.344392889384327],[-98.12423839999997,20.341480769384386],[-98.12683550999998,20.336231019384556],[-98.13152862999999,20.33652834938451],[-98.13915868,20.332704349384592],[-98.14501465999997,20.334783029384553],[-98.14264793999996,20.33196979938461],[-98.14661021999996,20.330255569384704],[-98.15761342999997,20.332451769384605],[-98.16325354999998,20.327848599384733],[-98.16949474999996,20.332320219384624],[-98.18130810999999,20.336543079384544],[-98.17923608999996,20.332355059384625],[-98.17966565999996,20.326847399384793],[-98.17787157999999,20.32046390938493],[-98.17953699999998,20.31278577938514],[-98.17792303,20.309413449385175],[-98.18042004999995,20.303449289385373],[-98.17813088999998,20.29726436938551],[-98.17907756999995,20.293808369385566],[-98.18994417999994,20.29441082938558],[-98.19144805899998,20.291355121385624],[-98.19448333999998,20.290837370385677],[-98.200447539,20.29210045038565],[-98.20649988899999,20.296238831385512],[-98.21594822999998,20.29145658138562],[-98.22476757999999,20.295113029385547],[-98.23050759999995,20.295284550385578],[-98.23267153899997,20.300629251385452],[-98.23647647899998,20.304347481385303],[-98.24222073999995,20.304119351385328],[-98.24658665899996,20.30121008038538],[-98.25402964899997,20.301341881385387],[-98.25757111899998,20.298130510385498],[-98.25619816999995,20.286293651385773],[-98.26043188999996,20.28552494038581],[-98.26603711999996,20.273611090386126],[-98.27482531999999,20.268806230386204],[-98.27545313999997,20.26612922138631],[-98.280566509,20.26616662938628],[-98.28444353999998,20.26278884938638],[-98.28421947899996,20.249979291386683],[-98.27892477899996,20.225272890387288],[-98.27654164999997,20.220505170387458],[-98.27054616899994,20.215806280387522],[-98.25974056899999,20.21526382138756],[-98.25268522899995,20.218342341387466],[-98.24381245899998,20.21794322038749],[-98.24126733899999,20.221934880387384],[-98.23560141999997,20.223817351387318],[-98.23476782999997,20.23175995138716],[-98.22913871899999,20.236613220387014],[-98.221387049,20.236503381386996],[-98.21676819899996,20.238125491386988],[-98.21296385999995,20.234291060387058],[-98.20829264899999,20.239364659386943],[-98.20937008999994,20.243944111386856],[-98.20480213899998,20.245022510386825],[-98.19783913999999,20.253975310386572],[-98.19536995,20.25428654038658],[-98.19239567899997,20.258217750386507],[-98.18487494999995,20.259198020386442],[-98.18029899999999,20.256946280386536],[-98.18047887899996,20.255026019386584],[-98.17592493899997,20.254229539386564],[-98.16280490999998,20.240980769386944],[-98.16109765899995,20.236668750386997],[-98.15706191999999,20.23819654938699],[-98.14772630899995,20.2263854003873],[-98.14700521999998,20.220614029387406],[-98.15015008999995,20.22130995038738],[-98.15506244999995,20.217432970387502],[-98.15294807899994,20.212464820387616],[-98.153922219,20.208580680387737],[-98.15139822899995,20.20787304938774],[-98.14383513999996,20.199505309387966],[-98.13889654999997,20.199828880387933],[-98.13489136899994,20.190863680388173],[-98.12965599999995,20.18880342938824],[-98.12795854999997,20.18594136938827],[-98.12752762999997,20.18246122038837],[-98.13178659999994,20.17858668938847],[-98.12980062999998,20.17664253938852],[-98.13270933999996,20.170178400388686],[-98.13217299899998,20.167122980388758],[-98.13051316999997,20.166422249388777],[-98.13315519999999,20.166201799388816],[-98.12972681999997,20.161483110388904],[-98.13355425999998,20.159475659388967],[-98.13260828899998,20.155032420389066],[-98.134786739,20.154639620389087],[-98.13674887899998,20.15663521938903],[-98.13811393999998,20.154588320389095],[-98.13980868899995,20.15479095038908],[-98.13958264899998,20.150141620389192],[-98.13620091899998,20.146986719389247],[-98.13296782899994,20.149504689389236],[-98.13149164999999,20.148270420389252],[-98.12555387899994,20.14867587938922],[-98.10507942899994,20.14227950938937],[-98.10064368899998,20.146826750389266],[-98.09787944999994,20.145389660389288],[-98.10314336899995,20.137151030389496],[-98.10363105999994,20.133864250389582],[-98.10155656999996,20.129729540389732],[-98.10846245999994,20.12080340038992],[-98.11292817899994,20.121737740389918],[-98.11658722999994,20.120086080389964],[-98.12191331899999,20.124634570389844],[-98.12460705899997,20.12406989038983],[-98.12389965899996,20.12122123038992],[-98.128104018,20.115498089390094],[-98.12700718099995,20.109892542390217],[-98.12827265999994,20.107202649390253],[-98.13157311899994,20.107542910390272],[-98.13388916799995,20.104615181390326],[-98.13853765899995,20.105061659390323],[-98.14244704899994,20.098441310390474],[-98.14914199899994,20.097979680390484],[-98.15970473799997,20.09256997039065],[-98.15887213999999,20.09174638039068],[-98.16027288999999,20.0901769503907],[-98.15719079999997,20.084867449390842],[-98.16554697899996,20.07402851939112],[-98.16454727899999,20.070516819391166],[-98.16814645899996,20.05722971039152],[-98.17585145899994,20.052760661391616],[-98.18090284899995,20.046985539391773],[-98.17947162999998,20.04098777939191],[-98.17352919899997,20.03447633939209],[-98.17499656999998,20.029600579392255],[-98.16396113899998,20.022457819392404],[-98.17078904999995,20.01072392039274],[-98.16946196899994,20.00570333939281],[-98.17076534999995,20.0058497503928],[-98.17426388899997,19.997739400393012],[-98.16042797899996,19.97812957039354],[-98.18069764899997,19.959751570393966],[-98.19782504999996,19.959793000393965],[-98.19784345999994,19.961702569393953],[-98.20114051899998,19.964469550393858],[-98.20943899999997,19.964231970393875],[-98.21310810899998,19.965377050393876],[-98.213201659,19.96837010939375],[-98.21594134999998,19.968521139393776],[-98.22236685999998,19.964043119393875],[-98.22674648899994,19.956222169394074],[-98.22619724899994,19.952322369394178],[-98.22102453899998,19.947914540394287],[-98.22208168899999,19.946932059394324],[-98.22471871999994,19.948523279394298],[-98.22732471999996,19.947374889394304],[-98.23017227899999,19.949406350394245],[-98.237386309,19.94978097039424],[-98.25160377899994,19.948149770394267],[-98.25384648899995,19.94607022039435],[-98.24219274899997,19.94114945939449],[-98.25104127899999,19.934851290394597],[-98.25172553899996,19.929496710394773],[-98.25626444999995,19.929305019394786],[-98.25517311899995,19.925476090394874],[-98.24919473999995,19.92614009039482],[-98.24530905999995,19.92399808039488],[-98.24825191999997,19.92038942039497],[-98.24807294999995,19.91753071939507],[-98.25162905899998,19.91798969039505],[-98.25633931,19.915024169395107],[-98.25779536999994,19.916500520395083],[-98.26341724999997,19.915189800395115],[-98.26202911899998,19.916262310395055],[-98.26782019999996,19.91611391939509],[-98.26778856999994,19.905276340395357],[-98.26604062999996,19.901590860395455],[-98.26879974999997,19.900243060395475],[-98.26935184999996,19.895709140395617],[-98.27841922,19.892582380395705],[-98.28664368899996,19.887253970395836],[-98.29093341999999,19.888877050395795],[-98.287918339,19.88499548039586],[-98.28904231899998,19.881169819395947],[-98.29253245899997,19.879275489396033],[-98.29107487999994,19.87581240039614],[-98.30447290999996,19.870115879396277],[-98.31500433999997,19.855115600396612],[-98.30174499999998,19.847377079396843],[-98.30529208999998,19.845870519396886],[-98.29947077999998,19.845408089396873],[-98.29599990999998,19.84758102939685],[-98.28674988999995,19.8490976193968],[-98.28354045999998,19.84696914939686],[-98.27747164999994,19.848162049396812],[-98.26922976999998,19.84494674939692],[-98.26538884999997,19.83839257939708],[-98.26621051999996,19.834739149397176],[-98.26458218,19.822999289397444],[-98.26102399999996,19.820256399397522],[-98.25488387999997,19.819186199397535],[-98.25085804999999,19.81275797939774],[-98.25317574999997,19.81175034939776],[-98.24970851999996,19.8060694593979],[-98.25102747999995,19.795064479398178],[-98.24469862999996,19.791924169398264],[-98.23481544999999,19.77704550939861],[-98.22983834999997,19.7744830493987],[-98.22583671999996,19.77659544939864],[-98.22563971999995,19.77978711939853],[-98.21615554999995,19.778416969398553],[-98.22142424999998,19.77357634939869],[-98.21071577999999,19.77426614939871],[-98.20264141999996,19.767954909398874],[-98.19437594,19.7653718893989],[-98.19351748999999,19.762954089398978],[-98.19779385999999,19.76205908939899],[-98.19866701999997,19.758236539399093],[-98.19551187999998,19.753366179399233],[-98.19784547999996,19.748787849399328],[-98.19569879999996,19.741619659399493],[-98.20934210999997,19.738351849399617],[-98.21510933999997,19.741314449399535],[-98.21896014999999,19.736986969399616],[-98.23136938,19.729234879399815],[-98.23626308999997,19.72333394939997],[-98.24862111999995,19.719183879400095],[-98.25531891999998,19.71882901940009],[-98.25376817999995,19.71626499940019],[-98.25503448999996,19.708198969400385],[-98.25315153999998,19.706668739400406],[-98.25241130999996,19.693125799400764],[-98.24623830999998,19.684915029400983],[-98.24435142999994,19.685380449400917],[-98.24106507999994,19.679112849401076],[-98.24106727999998,19.675836149401203],[-98.23275413999994,19.676829289401176],[-98.22808152,19.680419449401075],[-98.22909219999997,19.674875859401208],[-98.22802428999995,19.67445130940122],[-98.22024751999999,19.67371411940125],[-98.20958142999996,19.677174179401167],[-98.20686362999999,19.67468347940123],[-98.19503762999994,19.675046229401236],[-98.18981993999995,19.671012489401328],[-98.19024868999999,19.67794759940112],[-98.18736851999995,19.67973239940107],[-98.18267231999995,19.67691711940116],[-98.18130284999997,19.67369879940127],[-98.17667893999999,19.67464085940124],[-98.17016545999996,19.67313105940127],[-98.16591902999994,19.669580139401354],[-98.16556431,19.66747585940138],[-98.15671590999995,19.671362429401306],[-98.15283551999994,19.67645930940117],[-98.14864170999995,19.676914689401162],[-98.14860621999998,19.680922149401088],[-98.14373048999995,19.683648829400987],[-98.12470375,19.68520990940093],[-98.11773587999994,19.688263339400876],[-98.11039691999997,19.685781429400965],[-98.11077959999996,19.68395087940099],[-98.10651301999998,19.681781219401056],[-98.10658825999997,19.6790927394011],[-98.10369393999997,19.677215679401183],[-98.10001859999994,19.67116068940128],[-98.10100791999999,19.668049889401424],[-98.09337693999998,19.673905309401256],[-98.09091550999996,19.677618029401174],[-98.09270174999996,19.683297949401016],[-98.09044841999997,19.68945588940083],[-98.08389367999996,19.693794379400728],[-98.0828074,19.700755799400536],[-98.07428795,19.700692429400576],[-98.07387517999996,19.702653109400494],[-98.06880907999995,19.703366049400504],[-98.06772653999998,19.706803969400433],[-98.06461282999999,19.708655219400327],[-98.06811277999998,19.71601021940017],[-98.06692925999995,19.725191779399935],[-98.06597156999999,19.72807694939987],[-98.06080844999997,19.728917429399814],[-98.05599464999995,19.725861579399947],[-98.05600736999999,19.722795179399984],[-98.05318202999997,19.720605709400036],[-98.05464392,19.718560909400118],[-98.05291536999994,19.71314299940024],[-98.04987808999995,19.712308489400264],[-98.04006688,19.699592619400565],[-98.03984457999996,19.68951065940085],[-98.03643690999996,19.68584350940092],[-98.03600387999995,19.665082089401476],[-98.03788387999998,19.64847471940186],[-98.04221201999998,19.64022470940209],[-97.98067825899994,19.628541631402417],[-97.97343512699997,19.624287452402484],[-97.97041663299996,19.61790177540267],[-97.96870087999997,19.617704925402673],[-97.96519608499995,19.612962694402825],[-97.96294322199998,19.612833632402783],[-97.96073317199995,19.6099496774029],[-97.96101247799999,19.607708903402926],[-97.95919411599999,19.607582030402938],[-97.95808981199998,19.603069754403034],[-97.95405259299997,19.604457417402994],[-97.95053275099997,19.602838175403036],[-97.94911723399997,19.597271556403197],[-97.95075567599999,19.594166842403254],[-97.95016369699994,19.589644733403386],[-97.94670639099996,19.58563022240351],[-97.93986326199996,19.588752488403415],[-97.93830271499996,19.58765312240344],[-97.93335829399996,19.589102697403384],[-97.93118639699998,19.58764964840346],[-97.92695450599996,19.589782510403406],[-97.924905777,19.58853599640344],[-97.92388294199998,19.59042694840338],[-97.91614757299999,19.594016027403285],[-97.91184538399995,19.588468622403415],[-97.91142091999996,19.583875048403524],[-97.90792455699994,19.579355890403637],[-97.90039621499994,19.57805708840366],[-97.89249728199997,19.572591854403814],[-97.88153460799998,19.571721435403873],[-97.87574536399995,19.56384667440403],[-97.87181258999999,19.561767646404125],[-97.86818476399998,19.553345376404295],[-97.87168097999997,19.532152169404878],[-97.87793690999996,19.524101599405064],[-97.88751521999995,19.51763542940522],[-97.88643812,19.516813309405233],[-97.88974825999999,19.504579089405567],[-97.88148841999998,19.499802709405675],[-97.87759041999999,19.50269062940563],[-97.87398748,19.502926599405576],[-97.87085541999996,19.500227179405638],[-97.87190885999996,19.498554579405738],[-97.85817079999998,19.493127939405827],[-97.84873908999998,19.4827819094061],[-97.84735321999996,19.474003089406356],[-97.85209714999998,19.468073489406503],[-97.85747691999995,19.46478594940661],[-97.86227148999996,19.4561755194068],[-97.85942247999998,19.454345939406853],[-97.85393049,19.45830305940674],[-97.84611145999997,19.468828549406496],[-97.81474802999998,19.48252125940613],[-97.81257296999996,19.486855139406007],[-97.80545911999998,19.489469849405932],[-97.79453867999996,19.498374599405693],[-97.79490105999997,19.486486749406],[-97.79682019999997,19.485034509406074],[-97.79762527999998,19.47853354940624],[-97.79685925999998,19.47244284940638],[-97.78658011999994,19.470452289406417],[-97.77804574999999,19.472877399406396],[-97.77396354999996,19.469174549406468],[-97.77392291999996,19.459556949406704],[-97.77071122999997,19.45661419940679],[-97.76878137999995,19.458101319406733],[-97.75480144999995,19.457542879406784],[-97.75665294999999,19.45250357940689],[-97.75398211999999,19.450368539406956],[-97.74785874999998,19.45122725940693],[-97.74469414999999,19.445041629407086],[-97.74520624999998,19.43935316940724],[-97.74727873999997,19.436333969407332],[-97.74174468999996,19.432227619407413],[-97.73857790999995,19.43303679940737],[-97.73797928999996,19.431889059407435],[-97.73662514999995,19.434858769407363],[-97.73530348999998,19.432443599407428],[-97.73410262,19.434979919407343],[-97.73043037999997,19.432502719407417],[-97.72452511999995,19.43163694940743],[-97.72335710999994,19.42512045940763],[-97.72068179999997,19.42257802940767],[-97.72113942999995,19.418575019407772],[-97.71194061999996,19.406320999408088],[-97.70878377999998,19.405785369408086],[-97.70659794999995,19.403145579408168],[-97.70767777999998,19.399183029408285],[-97.70545484999998,19.393641369408424],[-97.70320576999997,19.392929889408443],[-97.69817305999999,19.39561497940838],[-97.69641197999995,19.390957719408497],[-97.69381039999996,19.389163379408544],[-97.68675541999994,19.38696950940855],[-97.68130171999996,19.388303349408545],[-97.67776076999996,19.381555749408733],[-97.67652201999994,19.371400369408985],[-97.67385881999998,19.367471459409057],[-97.67070616999997,19.36680508940911],[-97.6688132,19.368349139409087],[-97.66612468999995,19.365310459409137],[-97.65797941999995,19.363674059409185],[-97.65334562999999,19.358869619409315],[-97.65363114999997,19.353799969409447],[-97.64029031999998,19.360751459409276],[-97.63144614999999,19.355395429409388],[-97.63871171999996,19.33826312040985],[-97.62700907899995,19.33366771940996],[-97.62567419899995,19.331393649410018],[-97.62635556899995,19.323933969410184],[-97.632854459,19.320278079410276],[-97.63312228899999,19.316157980410406],[-97.63894874499994,19.31905000041032],[-97.64608887999998,19.30640931941066],[-97.65804468899995,19.310664519410533],[-97.66595333999999,19.295522579410946],[-97.66952019999997,19.292134219411004],[-97.67760609,19.292673819411014],[-97.69093324999996,19.285888119411165],[-97.69921748999997,19.291859219411027],[-97.70124801999998,19.29569121941092],[-97.70473687999998,19.297057709410883],[-97.71046739999997,19.295635429410936],[-97.71574954999994,19.2978491094109],[-97.71964294999998,19.304753229410718],[-97.72932342999998,19.293109909411],[-97.73833273999998,19.287099629411156],[-97.73702679999997,19.296690309410877],[-97.74509181999998,19.305259939410664],[-97.75386887999997,19.299308689410807],[-97.75705408999994,19.29976797941083],[-97.76508548399995,19.286859139411142],[-97.76967763,19.286595479411186],[-97.77138551999997,19.28375264941123],[-97.77351685999997,19.284043419411226],[-97.77336939999999,19.28625010941115],[-97.77521853999997,19.28709371941113],[-97.77673567999994,19.286317349411163],[-97.78541945999996,19.288934379411113],[-97.80047142999996,19.301583379410786],[-97.82085688999997,19.304730999410705],[-97.83927042999994,19.301376169410755],[-97.83715796999996,19.29506114941094],[-97.83960224999998,19.29227981941099],[-97.83842865999998,19.28726439941112],[-97.85971697999999,19.28719951941115],[-97.87028704899996,19.270585979411603],[-97.85405181899995,19.257328290411884],[-97.86006888999998,19.256725169411926],[-97.86513557999996,19.253949379412006],[-97.87049470999995,19.240060969412365],[-97.86038336999998,19.244077369412278],[-97.85390542999994,19.22609074941269],[-97.85098828999999,19.222934229412818],[-97.86212321999996,19.21384062941304],[-97.89322102999995,19.20030730941335],[-97.89557830999996,19.197518349413464],[-97.89408733999996,19.19729996941349],[-97.89420757999994,19.191153979413603],[-97.89074913999997,19.189621139413656],[-97.88983906,19.186956739413713],[-97.90460587999996,19.177586399413972],[-97.90801773999999,19.180833479413877],[-97.91137424999994,19.179609259413926],[-97.91499001999995,19.176147539413996],[-97.91507002999998,19.173168079414076],[-97.92199773999994,19.170136819414154],[-97.92820264999995,19.164213419414327],[-97.96671862099998,19.18746883041371],[-97.99862341999996,19.198324739413422],[-98.00572819999996,19.208853619413183],[-98.03168625999996,19.2309383794126],[-98.03523385999995,19.224126429412795],[-98.03461788999994,19.21877196941289],[-98.04153059999999,19.2102317194131],[-98.04756477999996,19.207053319413216],[-98.05052148999994,19.207178779413205],[-98.05932663,19.201226419413377],[-98.06277261999999,19.19492417941352],[-98.06864187999997,19.190049059413635],[-98.06961271899996,19.185167029413787],[-98.07757033999998,19.17685922941399],[-98.09357057999995,19.166181199414254],[-98.10031873899999,19.163366658414365],[-98.09935774399997,19.161394750414384],[-98.10269699999999,19.157520340414504],[-98.10322287999998,19.152573599414605],[-98.11015931699997,19.143212050414842],[-98.12815302899998,19.12938660041525],[-98.13216521599999,19.128703910415243],[-98.14744381999998,19.114414170415632],[-98.14969902999998,19.113866400415617],[-98.14475871899998,19.121268820415434],[-98.14664581899996,19.122753369415392],[-98.14953145899995,19.12088394941545],[-98.15936639999995,19.111447030415704],[-98.16115871899996,19.107735540415803],[-98.16617577399997,19.10507185941587],[-98.184854579,19.115515680415562],[-98.19860864999998,19.116615549415553],[-98.20434781999995,19.114928919415604],[-98.191638658,19.121936969415394],[-98.19714262899998,19.12749708041528],[-98.18818396999997,19.135516550415034],[-98.19070668899997,19.13998573941494],[-98.19922581899999,19.13817088041501],[-98.20804022,19.132699479415123],[-98.22303888899995,19.136637599415003],[-98.22587208,19.140217940414942],[-98.22440114999995,19.141667740414896],[-98.22558982999999,19.144428650414834],[-98.22988013999999,19.14872589041469],[-98.22839653899996,19.153906229414616],[-98.23024123,19.156728620414533],[-98.23674853999997,19.157257199414502],[-98.23787791899998,19.155862479414537],[-98.23819441899998,19.15788454041448],[-98.26970279899996,19.16238987941436],[-98.29165334999999,19.176056259414008],[-98.30241434999999,19.18683359941374],[-98.307155939,19.189203940413698],[-98.31217268999995,19.19039881941363],[-98.32392928999997,19.16866187941421],[-98.34271028999996,19.17793973941396],[-98.33789275,19.192050089413616],[-98.33492216999998,19.19377790941355],[-98.33068096999996,19.200150049413388],[-98.33493584999998,19.204469579413253],[-98.33684579999999,19.203632779413322],[-98.34415679999995,19.205301119413267],[-98.35186205999997,19.21900361941288],[-98.35441397999996,19.22085959941285],[-98.36891504999996,19.226121999412698],[-98.36454633999995,19.23312524941254],[-98.37039647999995,19.236020139412464],[-98.37726756399996,19.247464718412164],[-98.37669244999995,19.252380079412003],[-98.38040345799999,19.261715620411817],[-98.40132862199994,19.282398180411292],[-98.40176319299998,19.28788017341114],[-98.40693156899994,19.28823265941113],[-98.41009082999994,19.29133926041106],[-98.40772136999999,19.315931709410382],[-98.41261899999995,19.317108019410362],[-98.41439082999995,19.319627119410317],[-98.42070417999997,19.31994679941027],[-98.42835277999995,19.3275793994101],[-98.44127299999997,19.325251139410152],[-98.45305794999997,19.344800569409685],[-98.47027770999995,19.360830909409263],[-98.48679813999996,19.389042319408517],[-98.48734214999996,19.397655519408325],[-98.49051571999996,19.40407293940814],[-98.49848068999995,19.416450739407846],[-98.50374133999999,19.4204365494077],[-98.50624364999999,19.425999569407573],[-98.50740017,19.4254488294076],[-98.51034417999996,19.42800002940755],[-98.51271754999999,19.435501309407343],[-98.51627988999996,19.43917593940724],[-98.51895159999998,19.45092217940696],[-98.52319213999999,19.460868679406666],[-98.53521381999997,19.462322369406625],[-98.54375284999998,19.46039781940667],[-98.55791985999997,19.462643289406667],[-98.57027613999998,19.466769349406533],[-98.59127564999994,19.449214199406963],[-98.60915810999995,19.450613309406947],[-98.62940657999997,19.457017949406744],[-98.63411471999996,19.467848169406473],[-98.64053588999997,19.463304059406617],[-98.65322654999996,19.465986229406553],[-98.66143519999997,19.45809034940679],[-98.63482204999997,19.431241879407466],[-98.63469710999999,19.429548089407458],[-98.63738611999999,19.425987949407556],[-98.63894074999997,19.43010697940748],[-98.64122901999997,19.427058019407557],[-98.65020316999995,19.43463884940736],[-98.64875749,19.431593149407412],[-98.66017836999998,19.43209356940744],[-98.65664409,19.425979369407575],[-98.65634848999997,19.4220925694077],[-98.66176327999996,19.41291108940788],[-98.65857734999999,19.409371579407985],[-98.66003199999996,19.404723739408137],[-98.66284794999997,19.402998249408164],[-98.65713702999994,19.397078199408337],[-98.65642153999994,19.386029969408597],[-98.65812962999996,19.382708539408707],[-98.65405924999999,19.369402689409057],[-98.65004967999994,19.364415449409133],[-98.64039591999995,19.364716229409147],[-98.63807977999994,19.35891099940928],[-98.63965196999999,19.356874339409348],[-98.64430567999995,19.358231459409332],[-98.64447925999997,19.351999979409502],[-98.65494902999995,19.349299689409555],[-98.66058796999994,19.35173637940946],[-98.66347588999997,19.324792379410205],[-98.62752487999995,19.257759169411894],[-98.63229459999997,19.25334164941201],[-98.63269365999997,19.249789649412072],[-98.64080611999998,19.24341373941228],[-98.64357119999994,19.23872985941238],[-98.64288379999995,19.22066870941285],[-98.64702237999995,19.184827889413793],[-98.64293041999997,19.17568617941404],[-98.63533871,19.147032339414782],[-98.63891617999998,19.150599149414678],[-98.64065705999998,19.125455739415337],[-98.63964042999999,19.123214489415396],[-98.62696799999998,19.124763479415357],[-98.62548934999997,19.11957197941546],[-98.62634324999999,19.117183829415524],[-98.62880304999999,19.116269259415542],[-98.63075436999998,19.102385219415897],[-98.63255931999998,19.100606909415973],[-98.63246051999994,19.09871381941602],[-98.62613241999999,19.092189539416175],[-98.62589248999996,19.08937645941624],[-98.63108407999994,19.087956859416316],[-98.63929816999996,19.077440489416592],[-98.63023184999997,19.0677941194168],[-98.62755677999998,19.06938924941675],[-98.62347051999997,19.06638176941687],[-98.63110261999998,19.059646539417045],[-98.62751461999994,19.054364689417167],[-98.62696911999996,19.04982877941727],[-98.62978821999997,19.043602979417443],[-98.61987462999997,19.03505956941765],[-98.62927385999996,19.017086779418136],[-98.63294664999997,19.015549519418155],[-98.63855367999997,19.007684919418356],[-98.64961170999999,18.999577399418616],[-98.65125307999996,18.988416999418853],[-98.65552705,18.98266894941904],[-98.65981194999996,18.97078754941935],[-98.66162050999998,18.969684139419325],[-98.66332077999999,18.962512479419537],[-98.67391151999999,18.95105504941983],[-98.67629899999997,18.944661049420006],[-98.67537305999997,18.940301919420108],[-98.67809190999999,18.92371747942056],[-98.68715368999995,18.915407479420775],[-98.69373644999996,18.91463228942079],[-98.69374948999996,18.913365799420838],[-98.69680653999995,18.912574279420852],[-98.70115745999999,18.905129309421046],[-98.70734323,18.9028555094211],[-98.70756394999997,18.89580596942126],[-98.70568061999997,18.890789619421444],[-98.71107544999995,18.87876387942173],[-98.71379690999999,18.876824549421755],[-98.71347150999998,18.86724361942204],[-98.71068219999995,18.868350859422016],[-98.70791602999999,18.872398849421856],[-98.70446894899999,18.872429630421887],[-98.70180291999998,18.87578814942181],[-98.69775994999998,18.876952519421753],[-98.70218553999996,18.881912780421633],[-98.70294050999996,18.88974493942147],[-98.70031365999995,18.893795709421344],[-98.69458261999996,18.89468768942132],[-98.68796225999995,18.8984599694212],[-98.68141454999996,18.907167319420974],[-98.67291474999996,18.909440859420958],[-98.66592890999999,18.906039719420992],[-98.66471131999998,18.899632979421177],[-98.66131525999998,18.89780901942125],[-98.66421564999996,18.89575964942129],[-98.66417188999998,18.893182819421344],[-98.66729227999997,18.889376969421455],[-98.66486030999994,18.88766542942147],[-98.67253242,18.88418684942158],[-98.67210228999994,18.879448399421715],[-98.68197717,18.875961369421777],[-98.67921197,18.876074219421817],[-98.68407897999998,18.862962599422143],[-98.68715667999999,18.857679319422274],[-98.68852097999996,18.858769949422264],[-98.69012268999997,18.857690419422255],[-98.69148087999997,18.85253596942243],[-98.69491111999997,18.851224109422418],[-98.69506302999997,18.8450727494226],[-98.69737981999998,18.84495625942261],[-98.69734062999999,18.843542489422653],[-98.70082382999999,18.842172429422696],[-98.69986810999995,18.84158042942267],[-98.70271027999996,18.839452479422736],[-98.70293437999999,18.83614501942284],[-98.70498467999994,18.8344160494229],[-98.70346939999997,18.833773029422876],[-98.70539537999997,18.832421849422946],[-98.70453791999995,18.82821353942302],[-98.70676210999996,18.827321379423072],[-98.70620385999997,18.82468942942312],[-98.70843385999997,18.823254229423153],[-98.70714624999994,18.821800969423187],[-98.71446542999996,18.814772149423415],[-98.71627862999999,18.81093057942349],[-98.71725579999998,18.811697749423487],[-98.71766114999998,18.81041784942348],[-98.71891522,18.81376464942342],[-98.72156250999996,18.813396089423406],[-98.72407004999997,18.811147599423457],[-98.72358659999998,18.806952019423584],[-98.72794570999997,18.80550899942361],[-98.72779824999999,18.80016411942375],[-98.73203845999996,18.795746519423858],[-98.72968961999999,18.791405179423972],[-98.73145239999997,18.785433479424153],[-98.73434384999996,18.783240739424222],[-98.73385822999997,18.778082859424345],[-98.73761159999998,18.773157909424494],[-98.73971715,18.766882459424625],[-98.74739761999996,18.75855079942484],[-98.74642431999996,18.757406059424888],[-98.74883012,18.755429229424948],[-98.74782885999997,18.754158149424946],[-98.74891977,18.751635599425036],[-98.74670885999996,18.75035833942507],[-98.75349392,18.742969379425254],[-98.73866953999999,18.737165369425444],[-98.72893936999999,18.745236459425215],[-98.71590708999997,18.739189509425387],[-98.71855810999995,18.736563459425454],[-98.72011134999998,18.72789568942563],[-98.72345902999997,18.72487704942573],[-98.72398545999994,18.71906741942589],[-98.72964269,18.713417799426047],[-98.73372014999995,18.7113157794261],[-98.73533807999996,18.712469449426088],[-98.73599516999998,18.709602619426146],[-98.74130647999999,18.707861119426205],[-98.73905819999999,18.707107569426217],[-98.74122348999998,18.705433859426233],[-98.74188227999997,18.702177169426307],[-98.73913517999995,18.697522349426446],[-98.73978472,18.69605394942652],[-98.73847177999994,18.696128619426464],[-98.73913945999999,18.69261391942658],[-98.73673446,18.684648079426793],[-98.73220859999999,18.677508169426996],[-98.73346796999999,18.676120679427015],[-98.73271733999998,18.67377221942707],[-98.72879672,18.670680779427162],[-98.72945561999997,18.66940808942719],[-98.72751193999994,18.67005516942719],[-98.72735157999995,18.66442281942729],[-98.72452204999996,18.658762539427475],[-98.71989607999996,18.655953369427568],[-98.71936387999995,18.65288191942761],[-98.72099861999999,18.650761489427666],[-98.71847428999996,18.647866279427774],[-98.71876422999998,18.639714889427967],[-98.72086934999999,18.63890316942799],[-98.71779699999996,18.63833171942801],[-98.71919222999999,18.636627949428046],[-98.71748637999997,18.633706459428115],[-98.71773082999994,18.630219279428232],[-98.71610767999995,18.629196509428233],[-98.71690036999996,18.625750579428335],[-98.71249216999998,18.62130864942846],[-98.71142630999998,18.616454749428584],[-98.71402250999996,18.61328879942869],[-98.71354904999998,18.60630976942884],[-98.71675567999995,18.604429079428893],[-98.71926882999999,18.604985029428853],[-98.71776571999999,18.602890459428913],[-98.71983996999995,18.600708999429003],[-98.71725765999999,18.599019999429036],[-98.71751507999994,18.595535119429105],[-98.71568313999995,18.59496325942914],[-98.71256629,18.587957599429313],[-98.71437659999998,18.57793221942957],[-98.71171748999997,18.5736793094297],[-98.71295385899998,18.57283374042974],[-98.71584147899995,18.574250879429666],[-98.71676899999994,18.573112679429727],[-98.71461530899995,18.571432510429783],[-98.71580674899998,18.568482250429827],[-98.711814749,18.56998873942979],[-98.714357319,18.567702169429886],[-98.71377301899997,18.56541594942991],[-98.71667356999995,18.565919979429903],[-98.71448254899997,18.55971690943009],[-98.71008350899997,18.55943742943008],[-98.70970759999994,18.558266710430104],[-98.71228756899997,18.557328600430136],[-98.70529130899996,18.551779829430277],[-98.70750228999998,18.547385400430382],[-98.70688973999995,18.5437775504305],[-98.70275108,18.53878697943063],[-98.70332585999995,18.532519680430788],[-98.70648064899996,18.531316489430814],[-98.70698599899998,18.524467720431],[-98.70930957999997,18.524963850430986],[-98.71090524899995,18.520814940431066],[-98.71336157999997,18.52056473943111],[-98.70934965,18.51357506043128],[-98.70193993999999,18.51218594943133],[-98.70667227899997,18.511367880431354],[-98.704310939,18.504077940431532],[-98.70835179999996,18.497917800431676],[-98.70651354899998,18.49703176943169],[-98.70818897999999,18.495123259431786],[-98.707330089,18.492850850431847],[-98.70180621999998,18.496986089431733],[-98.69897387999998,18.494980490431754],[-98.69953264899999,18.4896755794319],[-98.70294539999999,18.486033910432006],[-98.70246279899999,18.479924939432173],[-98.70386114999997,18.47852280043221],[-98.70766556899997,18.47874111043218],[-98.70534717899994,18.475692830432276],[-98.70755731999999,18.472738540432378],[-98.70446204999996,18.471827860432395],[-98.71041556899998,18.468066819432483],[-98.70991061999996,18.464894829432566],[-98.70604442899997,18.463936450432588],[-98.71025176899998,18.463015420432583],[-98.70813017999997,18.458145149432752],[-98.71028305899995,18.45742088043279],[-98.70587105999994,18.45590020043283],[-98.71162368899996,18.452161569432903],[-98.70669782,18.448320770433],[-98.70669911999994,18.44511223043308],[-98.71347916999997,18.445563399433038],[-98.72695276999998,18.43953311943326],[-98.73462481999996,18.443974949433105],[-98.73808317999999,18.45573791943281],[-98.74496028999994,18.45458007943281],[-98.74759354999998,18.4514343194329],[-98.74922876899996,18.453587982432843],[-98.75219134999998,18.45392419943287],[-98.75349390999999,18.45720794943277],[-98.75601939999997,18.45779199943274],[-98.75401747999996,18.461944999432664],[-98.75775181999995,18.46290934943264],[-98.75826953999996,18.472479919432384],[-98.76070791999996,18.472207819432374],[-98.76100082999994,18.47544562943226],[-98.77120917999999,18.477399569432237],[-98.77476027999997,18.48218144943209],[-98.77963559999996,18.480386619432142],[-98.78677324999995,18.484627179432067],[-98.78336130999998,18.48780248943194],[-98.78631497999999,18.48932054943192],[-98.78708050999997,18.492665739431843],[-98.78910370999996,18.490962919431908],[-98.79340554999999,18.494454369431764],[-98.79345694999995,18.497208139431713],[-98.79895422,18.498089369431693],[-98.79982599999994,18.50276201943156],[-98.80381514999999,18.50243197943156],[-98.80270569,18.505326859431477],[-98.80676944999999,18.50747408943146],[-98.80747167999999,18.510463749431356],[-98.81050211999997,18.512029549431297],[-98.80866324999994,18.5138925994313],[-98.80938322999998,18.515885059431252],[-98.81128577,18.51532787943122],[-98.81055893999996,18.51931282943112],[-98.81243359999996,18.52033701943111],[-98.81640861999995,18.518178079431152],[-98.81774771999994,18.520928739431085],[-98.82062611999999,18.519455089431137],[-98.82776625899999,18.523885542431028],[-98.82684331999997,18.522585219431043],[-98.82818017999996,18.521894579431052],[-98.83454597999997,18.52116951043107],[-98.84034405999995,18.512771619431266],[-98.83850781999996,18.50690948943146],[-98.84184825999996,18.507264059431467],[-98.84341379999996,18.505884279431466],[-98.83950687999999,18.50382759943151],[-98.83645027999995,18.49457590943177],[-98.84436013999999,18.490260889431898],[-98.84450821999997,18.483235519432082],[-98.84608524999999,18.483201049432076],[-98.84582199999994,18.481897879432147],[-98.8504086,18.478034659432222],[-98.86101673999997,18.477124059432246],[-98.86428171999995,18.47962874943219],[-98.87057954999995,18.479202319432204],[-98.87994494999998,18.473566919432333],[-98.89350521999995,18.46905810943245],[-98.89690087999999,18.46593567943252],[-98.91222061999997,18.462121629432648],[-98.91163481999996,18.460249719432674],[-98.90540576999996,18.459739709432714],[-98.91326099999999,18.459465949432698],[-98.91517228999999,18.457821249432747],[-98.91451437999997,18.44354908943311],[-98.91495374999994,18.441424569433178],[-98.92033251999999,18.44229913943315],[-98.91931731999995,18.43196484943342],[-98.92244087999995,18.428277079433517],[-98.92455496999997,18.42930236943352],[-98.92953711999996,18.427484879433553],[-98.93515194999998,18.422903849433695],[-98.93952282999999,18.421950519433693],[-98.94063674999997,18.42341284943364],[-98.94439894999994,18.42044571943371],[-98.94940314999997,18.42260864943366],[-98.94957317999996,18.419274659433757],[-98.95143381999998,18.41763341943383],[-98.95520877999996,18.417736829433778],[-98.95599764999997,18.419730619433754],[-98.95918404999998,18.420329199433713],[-98.96170933999997,18.4184027794338],[-98.97034593999996,18.41889165943376],[-98.97397036999996,18.417139049433825],[-98.97798897999996,18.42398862943364],[-98.97898231,18.422471939433663],[-98.98170922999998,18.42359222943365],[-98.98537244999994,18.42115397943371],[-98.98323670999999,18.41840704943378],[-98.98629854999997,18.416382949433864],[-98.98398009,18.413755349433895],[-98.98609448999999,18.413801179433925],[-98.98769482999997,18.41185062943396],[-98.98590107999996,18.411116169434],[-98.98687248999994,18.40948282943403],[-98.98350854999995,18.405421659434136],[-98.98659166,18.404816619434165],[-98.98706367999995,18.400233149434285],[-98.98902457999999,18.398691949434316],[-98.98793867999996,18.397063769434347],[-98.99072434,18.39737404943435],[-98.99063162999994,18.394760179434417],[-98.99266450999994,18.395846829434376],[-98.99699219999997,18.393962949434435],[-98.99917429,18.39223516943448],[-98.99818544999995,18.389718879434533],[-99.00093491999996,18.3882571494346],[-99.00536487999995,18.389910219434537],[-99.00976007999999,18.385970979434617],[-99.01312654999998,18.386405709434648],[-99.01309719999995,18.388641659434597],[-99.01555408999997,18.386308379434645],[-99.01817508,18.387784369434623],[-99.01990239999999,18.378194709434858],[-99.02437714999996,18.37563416943493],[-99.02361013999997,18.37245387943497],[-99.02613287999998,18.372248569435023],[-99.03146314999998,18.367430919435144],[-99.03144068999995,18.364941689435177],[-99.03562542999998,18.3654796594352],[-99.03521690999997,18.362894799435246],[-99.03836782999997,18.35878571943538],[-99.04353957999996,18.359448709435334],[-99.04342514999996,18.355838029435418],[-99.04695004999998,18.355133429435423],[-99.04852624999995,18.351241769435575],[-99.05877251999999,18.348855519435602],[-99.05768917999995,18.338457689435895],[-99.06304017999997,18.332788999436044],[-99.06682761999998,18.33211101943608],[-99.07049428,18.326839709436214],[-99.06727681999996,18.31902556943642],[-99.06241502999995,18.31952973943641],[-99.06200226,18.31395745943653],[-99.06419256999999,18.308073029436702],[-99.06189679999994,18.305063259436785],[-99.05947141999997,18.30471593943679],[-99.06009310999998,18.296665279437025],[-99.05177254999995,18.289815249437197],[-99.06083951999994,18.28196068943741],[-99.06269059999994,18.28172921943739],[-99.06522657999994,18.2848306294373],[-99.06936387999997,18.28323467943738],[-99.06882705999999,18.280710909437413],[-99.06528019999996,18.279912149437425],[-99.06521402999994,18.277070769437493],[-99.06153594999995,18.27146179943768],[-99.05766557999999,18.272984969437612],[-99.05483271999998,18.271354309437676],[-99.05322811999997,18.264156369437835],[-99.05479499999996,18.262258289437902],[-99.06382045,18.26250153943793],[-99.06405217999998,18.260501519437955],[-99.06131956999997,18.257995679438],[-99.06370988999998,18.251483029438173],[-99.05577144999995,18.250173969438233],[-99.04909368999995,18.259588369438],[-99.03170550999994,18.272314519437668],[-99.01690331999998,18.2663914194378],[-99.01470739999996,18.263265859437887],[-99.01612401999995,18.263404939437876],[-99.01522316999996,18.258236549438017],[-99.01789379999998,18.25906808943798],[-99.02160707999997,18.25020387943826],[-99.02359299999996,18.249186319438245],[-99.01932994999999,18.245411049438335],[-99.01129907999996,18.247497369438324],[-99.00663908999996,18.244082919438387],[-99.00426258,18.248115179438315],[-98.99950992,18.25038056943823],[-98.98905617999998,18.24935450943825],[-98.99500390999998,18.23739199943859],[-98.99406225999996,18.212858949439234],[-99.00006631999997,18.190204909439814],[-98.95721908999997,18.188697509439862],[-98.88187688899995,18.16616209044046],[-98.85236976899995,18.11760094044173],[-98.87071087999999,18.05819997944332],[-98.86981181999995,18.057216659443352],[-98.83067981999996,18.06444528944315],[-98.82236034999994,18.063062539443184],[-98.81994962999994,18.064912179443123],[-98.81299973999995,18.06487534944312],[-98.81229011999996,18.061690219443243],[-98.81410239999997,18.056374109443368],[-98.81129714999997,18.050632719443552],[-98.80634594999998,18.054230199443445],[-98.80033664999996,18.053077819443473],[-98.79707010999994,18.062646479443234],[-98.79188834999997,18.06079517944328],[-98.79107876999996,18.0584788494433],[-98.78506993999997,18.059305659443318],[-98.77901428999996,18.05699302944336],[-98.77262925999997,18.048922849443592],[-98.76418574999997,18.050257779443527],[-98.75913807999996,18.0446760194437],[-98.75547233999998,18.047200229443607],[-98.75089179999999,18.045771149443674],[-98.74652347999996,18.046577519443613],[-98.74350990999994,18.04440567944371],[-98.73509785999995,18.045095119443673],[-98.73790296999994,18.039997489443834],[-98.74018768999997,18.0400930894438],[-98.74129458,18.037581459443903],[-98.74401664999999,18.03689208944389],[-98.74414479999996,18.033334999443962],[-98.75573962,18.026580459444176],[-98.75880417999997,18.027365849444127],[-98.76234953999995,18.024255599444245],[-98.76425761999997,18.025239219444217],[-98.76598959999995,18.022579709444283],[-98.76423304999997,18.021796029444324],[-98.76709710999997,18.019611169444374],[-98.77784350999997,18.019553179444365],[-98.78189117999995,18.021440619444338],[-98.78571153999998,18.020559939444343],[-98.79407062999998,18.023975489444243],[-98.80125961999994,18.022052429444276],[-98.80663333999996,18.01680274944446],[-98.80588121999995,18.015105779444472],[-98.81121830999997,18.01360422944452],[-98.81324028999995,18.011240419444558],[-98.81284011999998,18.00953393944462],[-98.81587598,18.007891139444645],[-98.81648868999997,18.004394519444777],[-98.81493842999998,18.001696709444815],[-98.81100511999996,18.00083421944487],[-98.80801928999995,18.003019619444775],[-98.80169471,18.003001919444788],[-98.76694679999997,17.989265659445174],[-98.76263110999997,17.99092108944511],[-98.75880654999997,17.990829919445133],[-98.75850284999996,17.98959217944515],[-98.75463702999997,17.990729449445144],[-98.75482157,17.98705142944524],[-98.75067294999997,17.986760599445205],[-98.74977097999994,17.983503199445295],[-98.74810981999998,17.984082569445302],[-98.74891816999998,17.98566564944526],[-98.74596154999995,17.986061419445253],[-98.73526885999996,17.98176868944534],[-98.73182747999995,17.982553019445362],[-98.71702871999997,17.973602169445574],[-98.71344934999996,17.966628249445762],[-98.71198033999997,17.969208879445702],[-98.70884005999994,17.967540599445762],[-98.70710637999998,17.96559753944578],[-98.70954647999997,17.95953039944598],[-98.70594805999998,17.955614449446053],[-98.70012264999997,17.95448142944609],[-98.69843202,17.956064579446025],[-98.69908997999995,17.957273119445986],[-98.69804991999996,17.956612599446014],[-98.69523957999998,17.959390739445972],[-98.69334525999994,17.95921268944599],[-98.69287584999995,17.960910339445924],[-98.68810201999997,17.9619381694459],[-98.68508564999998,17.955894139446052],[-98.68251889,17.95628311944602],[-98.67310282999995,17.950302749446198],[-98.67441242999998,17.94590257944633],[-98.67295474999997,17.94326870944638],[-98.66623905999997,17.944838349446364],[-98.66201142999995,17.94321245944638],[-98.65667065999997,17.94029262944646],[-98.65396427999998,17.93644731944659],[-98.65119805999996,17.93616948944658],[-98.65217190999994,17.93380811944663],[-98.65053816999995,17.93316104944664],[-98.64772128999994,17.93484487944664],[-98.64455850999997,17.93359237944665],[-98.64303361999998,17.935339769446596],[-98.64033108999998,17.93532394944661],[-98.63817710999996,17.93953576944652],[-98.63297922999999,17.943532349446397],[-98.62610802999997,17.944877539446345],[-98.62719101999996,17.943339339446364],[-98.62567828999994,17.943097579446377],[-98.62351028999997,17.944661229446364],[-98.62234154999999,17.943890229446346],[-98.62370241999997,17.941762029446444],[-98.62205421999995,17.941712349446426],[-98.61813262999999,17.94683821944632],[-98.61337382999996,17.949851829446228],[-98.61048351999995,17.958062799445997],[-98.60933347999998,17.957444969446],[-98.60671968999999,17.96015834944592],[-98.60423716999998,17.959620339445983],[-98.60227579999997,17.96152436944591],[-98.59988756999996,17.96105442944592],[-98.59775696999999,17.963223169445858],[-98.59580088999998,17.962771519445866],[-98.59632411999996,17.959062569445997],[-98.59454394999995,17.961210459445944],[-98.59321225999997,17.960362219445923],[-98.59518891999996,17.965626309445803],[-98.58787330999996,17.9703096794457],[-98.58850126,17.972024829445647],[-98.58552348999996,17.974941029445514],[-98.58453154999995,17.97382967944558],[-98.58375814999994,17.975259779445533],[-98.58060230999996,17.97594151944552],[-98.5797768,17.97476013944556],[-98.57539728999996,17.976353249445506],[-98.56951421999999,17.972154919445607],[-98.56480337999994,17.97423471944554],[-98.55539031999996,17.972840109445603],[-98.55394742,17.97877313944544],[-98.54377690999996,17.97335337944559],[-98.53843291999999,17.98380419944533],[-98.53606168,17.975684979445514],[-98.52962825999998,17.97582251944554],[-98.52559597,17.98516019944528],[-98.52670593999994,17.989831719445135],[-98.52478374999998,17.992992519445046],[-98.52672481999998,17.996288849444973],[-98.52365314999997,17.99424228944503],[-98.51451376999995,17.99255685944506],[-98.50497342999996,17.993410859445042],[-98.50049176999994,17.99557893944498],[-98.49449485999997,17.98908133944516],[-98.48679693999998,17.99079874944514],[-98.48171707999995,17.983958449445304],[-98.47638665999995,17.98104361944537],[-98.47146576999995,17.9917846494451],[-98.46076139999997,17.98933447944514],[-98.44814047999996,17.990711089445124],[-98.44018758,17.981981539445364],[-98.43275919999996,17.983903249445284],[-98.43025994999994,17.980124689445386],[-98.42509433999999,17.976933539445508],[-98.42781041999996,17.97461510944557],[-98.43190647999995,17.97694122944547],[-98.43124613999998,17.97450777944558],[-98.43273262999998,17.971998889445643],[-98.43168197999996,17.962779579445897],[-98.42563426,17.956633849446046],[-98.4229764,17.949327709446223],[-98.42416505999995,17.938238349446546],[-98.42512809,17.935697049446592],[-98.42671168999999,17.93612687944661],[-98.42817073999998,17.930230029446765],[-98.43270351999998,17.92761671944682],[-98.43246576999996,17.92610373944683],[-98.44499794999997,17.922297059446965],[-98.43922954999994,17.918995799447057],[-98.43918779999996,17.916317489447092],[-98.43652041999998,17.91392431944717],[-98.43654922999997,17.910979709447254],[-98.43443821999995,17.908372309447337],[-98.43236434999994,17.90133127944748],[-98.43551791999995,17.8914113694478],[-98.43356321999995,17.88894731944785],[-98.42936810999998,17.89259605944777],[-98.42422584999997,17.89223776944777],[-98.42650350999997,17.890298289447784],[-98.42356008999998,17.879630549448105],[-98.42498010999998,17.86603116944844],[-98.42076696999999,17.863694219448544],[-98.39875537999995,17.86091191944858],[-98.39809184999996,17.865492539448464],[-98.38927645999996,17.869891149448357],[-98.38973377999997,17.877103999448142],[-98.38260394999998,17.883669739448006],[-98.37836702,17.88369156944799],[-98.37695390999994,17.881953709448045],[-98.37076988999996,17.882638829448037],[-98.37022087999999,17.879911249448107],[-98.36286170999995,17.88163379944802],[-98.35780944999999,17.884934579447947],[-98.35877391999998,17.887338339447883],[-98.35480985999999,17.890183459447815],[-98.34954279999994,17.89114668944776],[-98.34907342999998,17.89317279944774],[-98.34661739999997,17.889635449447848],[-98.34381827999994,17.890312719447806],[-98.34034570999995,17.8873431694479],[-98.33859582999997,17.883358309448],[-98.33431679999995,17.88403350944798],[-98.33291625999999,17.88250244944803],[-98.33341031999998,17.88010357944805],[-98.32882490999998,17.878926459448124],[-98.32638748999996,17.883713689447966],[-98.32369930999994,17.882521109447996],[-98.32454927999999,17.884703769447956],[-98.32016807999997,17.88786844944786],[-98.31677219999996,17.886397289447906],[-98.31589667999998,17.88956741944783],[-98.30806045999998,17.889868769447848],[-98.30207459999997,17.8931080494477],[-98.30134467999994,17.894574889447707],[-98.30352714999998,17.900348399447523],[-98.30083091999995,17.907861479447348],[-98.29826736999996,17.911373139447218],[-98.29041077999995,17.914648999447163],[-98.29195404999997,17.919717479447005],[-98.28795013999996,17.92568119944686],[-98.28670744999994,17.930735999446696],[-98.28231014999994,17.93515031944661],[-98.27332301999998,17.92236536944692],[-98.26818396999994,17.923721419446917],[-98.26369891999997,17.92810756944681],[-98.26223031999996,17.926876919446826],[-98.26311731999999,17.92553664944684],[-98.26124994999999,17.922334739446953],[-98.27019662,17.915598709447117],[-98.26772571999999,17.911692259447236],[-98.26108505999998,17.90860448944734],[-98.25848416999997,17.903297079447483],[-98.25861362999996,17.89946776944756],[-98.25691643,17.898981739447592],[-98.25832348999995,17.895463939447687],[-98.25346261999994,17.889417229447833],[-98.25543877999996,17.886963949447896],[-98.25477488999996,17.883626539447956],[-98.25212279999994,17.88492870944795],[-98.24754671999995,17.88322821944798],[-98.24653759999997,17.878442629448124],[-98.20974639999997,17.879758139448075],[-98.20711701999994,17.886996219447923],[-98.20494173999998,17.887620629447902],[-98.20542571999994,17.889269079447853],[-98.20275757999997,17.892403859447757],[-98.19749669,17.891217969447812],[-98.19716473999995,17.893454949447708],[-98.19591597999995,17.892239449447736],[-98.19512281999994,17.89372996944771],[-98.19643719999999,17.89549824944767],[-98.19462630999999,17.89614367944763],[-98.18850054999997,17.896509679447657],[-98.18770765999994,17.89535087944765],[-98.18366576999995,17.897759579447627],[-98.18485982999995,17.89661485944764],[-98.18303961999999,17.895790379447664],[-98.17792361999994,17.897049169447637],[-98.17477717999998,17.89909353944754],[-98.17499845999998,17.901507709447493],[-98.17091110999996,17.902058369447527],[-98.17211602999998,17.90332944944747],[-98.17018197999995,17.90836356944733],[-98.16757463,17.90987325944727],[-98.16764401999997,17.91252293944719],[-98.1708278,17.91407642944715],[-98.16629299999994,17.91577857944713],[-98.16510484999998,17.917787859447056],[-98.17139542999996,17.921553429447002],[-98.17253202999996,17.925373539446888],[-98.17290071999997,17.932344979446665],[-98.16941071999997,17.932836819446656],[-98.16898839999999,17.93494533944664],[-98.17356391999999,17.941929569446447],[-98.17070973999995,17.9426158494464],[-98.16960985999998,17.95283394944616],[-98.16569561999995,17.954024969446085],[-98.16234573999998,17.962638769445896],[-98.15602107999996,17.96275044944587],[-98.15034893999997,17.970837859445677],[-98.14838582999994,17.971871449445608],[-98.14406471999997,17.970635829445666],[-98.14421733999995,17.971886289445628],[-98.14008993999994,17.972420199445605],[-98.13745482999997,17.97574713944554],[-98.13443308999996,17.97463404944558],[-98.13466230999995,17.975938999445518],[-98.12992076999996,17.97797541944547],[-98.13213854999998,17.983442259445326],[-98.13039436999998,17.988084169445187],[-98.11642448999999,17.982381119445353],[-98.11510610999994,17.979173569445443],[-98.11302614999994,17.978425229445424],[-98.11083016999999,17.981856459445385],[-98.10778619999996,17.982847569445337],[-98.09886708999994,17.98167673944538],[-98.09499761999996,17.985274489445278],[-98.09267877999997,17.98362017944532],[-98.08987687999996,17.984559829445267],[-98.08919304999995,17.98273905944532],[-98.07520393999994,17.980623909445416],[-98.06411783,17.985576569445247],[-98.06083536999995,17.984496769445315],[-98.05917941999996,17.981935319445356],[-98.05422996999994,17.982927909445344],[-98.04756514999998,17.981065579445396],[-98.04671374999998,17.976205800445516],[-98.04447681999996,17.979390429445402],[-98.03769645999995,17.982705169445317],[-98.03787451999995,17.987531850445187],[-98.03501457999995,17.987685020445216],[-98.02978684999995,17.991836450445085],[-98.02544051999996,17.985615949445283],[-98.01970536999994,17.985672539445257],[-98.01515164999995,17.980552150445394],[-97.99958531999994,17.975525829445516],[-97.98998611999998,17.975357629445565],[-97.98646906,17.97859988944546],[-97.97937669,17.964441649445803],[-97.96982262999995,17.967887309445725],[-97.96756287999995,17.970701649445633],[-97.95171631999995,17.966567919445765],[-97.93738031999999,17.967900849445723],[-97.93495807999994,17.96101876944594],[-97.93604093999996,17.96195199944589],[-97.93971321999999,17.96033985944592],[-97.94884913999994,17.948156079446257],[-97.94428604999997,17.948065599446277],[-97.93799479999997,17.940669169446455],[-97.93971962999996,17.93386510944665],[-97.93597074999997,17.924844979446885],[-97.93788904999997,17.920664749447017],[-97.93630191999995,17.917179120447102],[-97.92075665999994,17.91734182944709],[-97.91819205999997,17.915124769447132],[-97.91573767999996,17.915486119447106],[-97.91399201999997,17.912045830447234],[-97.90310485999998,17.90915696944729],[-97.89777239899998,17.91251222044721],[-97.88467027899998,17.913743000447187],[-97.87911162999995,17.917909219447086],[-97.87005621999998,17.917174449447103],[-97.85401065999999,17.911573029447247],[-97.83235577,17.9085323394473],[-97.83083988999995,17.913700819447165],[-97.81928673999994,17.91473821944717],[-97.81121364899997,17.938126969446518],[-97.81302067999997,17.941329939446454],[-97.81275822899994,17.94645691944632],[-97.80940339899996,17.951137079446156],[-97.80346379899999,17.95377538044613],[-97.80337464999998,17.96045856944595],[-97.80175962,17.959296149445972],[-97.79609784899998,17.962061999445904],[-97.78955721899996,17.961796599445925],[-97.78346945899995,17.966298969445752],[-97.77620427999994,17.968776460445728],[-97.77503201899998,17.97071628944565],[-97.77265801899995,17.97058298044567],[-97.77398624999996,17.977006659445475],[-97.76794108999997,17.97665288944547],[-97.76618905999999,17.9834093994453],[-97.76784576999995,17.985641199445244],[-97.76660581999994,17.98691702944521],[-97.76738008999996,17.988531029445188],[-97.76492434999996,17.990825799445105],[-97.76670173999997,17.992516319445073],[-97.76615099999998,17.994764979445034],[-97.76962396999994,17.997601279444915],[-97.76638099999998,18.005914879444706],[-97.76105533999998,18.006927619444703],[-97.75832805999994,18.00408553944478],[-97.75353062999994,18.004707779444747],[-97.74869421999995,18.00756301944471],[-97.74623311999994,18.00686388944468],[-97.74330279999998,18.008889169444625],[-97.72853814999998,18.012225599444527],[-97.71874845999997,18.003823819444758],[-97.69974222999998,18.001636519444826],[-97.70012242999996,18.01600791944445],[-97.69777484999997,18.018816459444363],[-97.69883005999999,18.0216938894443],[-97.72992615,18.037322919443895],[-97.74263884999999,18.049098779443586],[-97.74378677,18.05228699944347],[-97.74246425999998,18.05550905944343],[-97.74875547999994,18.05868005944329],[-97.74909522999998,18.06064028944325],[-97.75640808999998,18.062338799443246],[-97.76435341999996,18.06863513944303],[-97.77167108999998,18.06836754944307],[-97.79854393999994,18.035802109443953],[-97.79675277899997,18.016214849444438],[-97.79088651899997,18.014069139444523],[-97.78905994999998,18.011169539444555],[-97.79092096899996,18.00415808944475],[-97.80276133999996,17.99844827944491],[-97.80987996999994,17.99830348044492],[-97.81236262999994,17.994536510445013],[-97.81656967899994,17.993476689445032],[-97.81624811999995,17.991954830445085],[-97.82140414999998,17.98816161944517],[-97.82627190999995,17.972677149445595],[-97.83563137899996,17.9834501804453],[-97.84260444899996,17.996081739444953],[-97.84273348999994,18.018930619444372],[-97.83690139999999,18.032643419444017],[-97.83478214999998,18.049798519443527],[-97.82566231999999,18.05347707944345],[-97.81371797999999,18.062865659443204],[-97.81067031999999,18.067717169443057],[-97.81836025999998,18.07301524944291],[-97.84945997999995,18.083740679442666],[-97.86050796999997,18.10182907944219],[-97.86282896999997,18.110324519441956],[-97.86722085999997,18.11489531944184],[-97.86748293999995,18.14457128944103],[-97.85734381999998,18.15558090944072],[-97.85362667999999,18.167924999440388],[-97.84790230999994,18.172482849440293],[-97.84419445999998,18.171041419440325],[-97.84446619999996,18.16972127944035],[-97.83946225999995,18.171231149440317],[-97.84424234999994,18.173847089440244],[-97.84649245999998,18.1800574594401],[-97.85052101999997,18.183057079439987],[-97.84991144999998,18.189506139439843],[-97.85922661999996,18.192289149439727],[-97.84932348999997,18.2049928894394],[-97.84410307999997,18.216151149439114],[-97.82296059999999,18.22340399943897],[-97.82762021999997,18.23693511943859],[-97.81545510999996,18.262046679437894],[-97.79729701999997,18.283174859437334],[-97.78319461999997,18.286281879437276],[-97.76186219999994,18.280956689437406],[-97.74974722999997,18.275763949437557],[-97.72127382999997,18.276048179437534],[-97.71413453999999,18.279652379437472],[-97.71085630999995,18.285342149437334],[-97.69970630999995,18.288229059437224],[-97.68069728999997,18.289709749437172],[-97.67747145999994,18.291180479437134],[-97.66947345999995,18.289945749437198],[-97.65471370999995,18.29309254943708],[-97.64398204999999,18.27941761943747],[-97.63747521999994,18.23203868943869],[-97.63818294,18.211825249439254],[-97.63672374999999,18.202714969439484],[-97.63402364999996,18.20006805943955],[-97.63594430999997,18.193595199439745],[-97.65317591999997,18.175288719440196],[-97.61643828999996,18.152745429440802],[-97.60929785999997,18.15368296944078],[-97.60439399999997,18.137388059441207],[-97.60815350999997,18.131010659441415],[-97.59700876999995,18.125499119441514],[-97.59745499999997,18.126457689441516],[-97.56961977999998,18.103387369442135],[-97.56681641999995,18.0816450794427],[-97.56174299999999,18.072960479442944],[-97.56379168999996,18.06258057944319],[-97.55632299999996,18.051681399443517],[-97.55763073999998,18.04688136944362],[-97.54390545999998,18.033444569443965],[-97.53883056999996,18.042132579443756],[-97.53404565999995,18.046338349443626],[-97.52237450999996,18.044647709443684],[-97.51389711999998,18.037695029443896],[-97.50591511,18.027821599444124],[-97.49918814999997,18.0297884494441],[-97.48924457999999,18.025591569444217],[-97.48064111999999,18.027384319444163],[-97.47906597999997,18.02599671944416],[-97.46691819999995,18.02695130944418],[-97.46523419999995,18.02889181944413],[-97.46874051999998,18.030707459444045],[-97.46480979999995,18.031555169444033],[-97.46262168999999,18.037832619443886],[-97.45947151999997,18.035767739443916],[-97.46004376999997,18.038537719443823],[-97.45505301999998,18.041738489443773],[-97.45638031,18.043764829443703],[-97.45322496999995,18.04374937944372],[-97.45560094999996,18.045669169443666],[-97.45492631999997,18.048325919443563],[-97.44749134999995,18.05347451944347],[-97.44952547999999,18.061420709443247],[-97.44706730999998,18.06083893944326],[-97.44814913999994,18.06598354944313],[-97.44445761999998,18.063952059443203],[-97.44136299999998,18.071943179442975],[-97.43822090999998,18.071396229442993],[-97.43782259999995,18.069231649443037],[-97.43625197999995,18.06972864944303],[-97.43575317999996,18.06821661944305],[-97.43487344999994,18.070730289442977],[-97.43236001999999,18.06851971944305],[-97.42555917999994,18.06927596944302],[-97.42579394999997,18.074540349442906],[-97.42389174999995,18.074897179442885],[-97.41827319999999,18.08603633944261],[-97.41584496999998,18.086343139442587],[-97.41842485999996,18.089543629442485],[-97.41543604999998,18.091583489442456],[-97.41411547999996,18.097140109442297],[-97.41134013999994,18.096550179442325],[-97.41124007999998,18.10239284944216],[-97.40547638,18.10194408944219],[-97.40588828999995,18.10457025944211],[-97.40290424999996,18.107489349442],[-97.39908697999994,18.102823999442144],[-97.39636067999999,18.10397081944209],[-97.39457157,18.100059459442242],[-97.38818765999997,18.102253429442182],[-97.38290216999997,18.097249969442306],[-97.37925233999995,18.096522749442332],[-97.38028961999999,18.09457887944234],[-97.37655304999998,18.09451222944239],[-97.37645285999997,18.096873309442284],[-97.37347599999998,18.099729549442237],[-97.37447984999994,18.1012920194422],[-97.37197982999999,18.102477259442157],[-97.36848344999999,18.100346509442222],[-97.36664467999998,18.10090988944217],[-97.36901945999996,18.10327397944211],[-97.36592626,18.104810859442086],[-97.36615110999998,18.106384719442048],[-97.36403108999997,18.106792429442024],[-97.36044491999998,18.112814379441865],[-97.35510401999994,18.11675562944178],[-97.35485787999994,18.121801119441635],[-97.35244042999994,18.123580679441574],[-97.34642037999998,18.12435556944156],[-97.33967244999997,18.130189859441394],[-97.33801954999996,18.13634425944125],[-97.33591450999995,18.13732705944125],[-97.33513205999998,18.141824259441137],[-97.3321936,18.145409819441017],[-97.31844176999994,18.145780689440986],[-97.30962294999995,18.15331107944079],[-97.30853581999999,18.156088309440708],[-97.30411594999998,18.156743649440727],[-97.30340867999998,18.159078549440665],[-97.30148550899997,18.15738673944069],[-97.29811301899997,18.15779111944069],[-97.29671007899998,18.160070880440593],[-97.28507602899998,18.15856533944066],[-97.28047811999996,18.16072982044063],[-97.27651517899994,18.156799749440708],[-97.26942070899997,18.159251679440658],[-97.26626639899996,18.158545319440652],[-97.26526985,18.16115710944058],[-97.25959281899999,18.163800310440518],[-97.25488470999994,18.162980570440535],[-97.25223057899996,18.167162879440415],[-97.25056290899994,18.165327600440502],[-97.24715247999995,18.169657279440337],[-97.24572297899995,18.169653980440383],[-97.24640916999995,18.168347320440407],[-97.24443568,18.166782510440463],[-97.24268671899996,18.171308549440322],[-97.23827833899999,18.17153260044029],[-97.23700505899996,18.17319690944028],[-97.23277651899997,18.170330769440383],[-97.23164844999997,18.172414659440324],[-97.22898550999997,18.172162180440278],[-97.22866664899999,18.174591820440217],[-97.22504185899999,18.174239690440217],[-97.21732216899996,18.164431680440508],[-97.21434845999994,18.16366762944055],[-97.20522348899999,18.1714801394403],[-97.18722193999997,18.175157199440225],[-97.19235317899995,18.192374979439784],[-97.18339376999995,18.199009150439583],[-97.16736801999998,18.200903279439526],[-97.16717827999999,18.194173109439728],[-97.16382448999997,18.193947399439743],[-97.16402610999995,18.191303779439796],[-97.16101013999997,18.189754109439807],[-97.16146737999998,18.18520867943998],[-97.15425045999996,18.181593599440042],[-97.15412499999996,18.17977348944011],[-97.14415930999996,18.16913351944039],[-97.14403476999996,18.16342857944055],[-97.14050664999996,18.173330909440295],[-97.13381845999999,18.174134279440235],[-97.13397631999999,18.170745569440356],[-97.13811376999996,18.169676849440357],[-97.13864042999995,18.16710064944045],[-97.13388521999997,18.1577203194407],[-97.12390310999996,18.16246414944057],[-97.11290088999999,18.151439489440833],[-97.11375802999999,18.149468449440878],[-97.10923405999995,18.150174969440855],[-97.10574034999996,18.14809436944092],[-97.09020456999997,18.153031179440784],[-97.08872170999996,18.149174919440917],[-97.04209413999996,18.1565694194407],[-97.03770954999999,18.172503319440267],[-97.03905890999995,18.17235276944027],[-97.04020448999995,18.174819249440226],[-97.00904482999994,18.205867249439404],[-97.00943248999994,18.207865539439357],[-97.00294974999997,18.21272808943921],[-96.99878493999996,18.227341319438835],[-96.99514390999997,18.22717024943882],[-96.99147942999998,18.230739429438724],[-96.97414054999996,18.232437319438684],[-96.96349744999998,18.229105679438774],[-96.95246219999996,18.220028349439044],[-96.94603976999997,18.22131388943898],[-96.93922704999994,18.22021805943901],[-96.93683530999999,18.21603197943911],[-96.93686299999997,18.221127309439],[-96.93257217999997,18.221213279438974],[-96.93072811999997,18.22576037943888],[-96.93024942999996,18.23290290943871],[-96.92187582999998,18.240619379438492],[-96.91947517999995,18.238869339438544],[-96.91902342999998,18.232424919438685],[-96.91615419999994,18.23064184943874],[-96.91305288999996,18.238537689438537],[-96.90696271999998,18.23650794943858],[-96.90037893999994,18.23923417943851],[-96.89675314999994,18.237661369438577],[-96.89636633999999,18.240534549438507],[-96.88826579999994,18.240875229438455],[-96.88525847999995,18.243963489438407],[-96.87526534999995,18.243713449438392],[-96.86284956999998,18.241120999438508],[-96.85686857999997,18.243133179438395],[-96.85476076999998,18.241228369438463],[-96.85175775,18.24535599943838],[-96.84621954999994,18.246850649438336],[-96.84652565999994,18.250752139438205],[-96.84377174999999,18.253868199438145],[-96.84474010999998,18.25533927943809],[-96.84171221999998,18.256452619438083],[-96.84265668999996,18.265031149437814],[-96.83866937999994,18.267655819437795],[-96.84323077999996,18.271071629437674],[-96.83726067999999,18.271919979437662],[-96.83642385999997,18.275575169437527],[-96.83400165999997,18.275927619437564],[-96.83280427999996,18.280164939437466],[-96.83092825999995,18.280559539437448],[-96.82926342999998,18.283968019437314],[-96.82567237999996,18.29640488943704],[-96.82138011999996,18.300214349436896],[-96.81757399999998,18.30078621943693],[-96.81814916999997,18.306191479436755],[-96.82228194999999,18.310158519436673],[-96.82182279999995,18.320683549436392],[-96.81945014999998,18.322945319436286],[-96.81310988999996,18.324756519436253],[-96.8095378,18.329333089436116],[-96.80026710999994,18.32931044943612],[-96.79481464999998,18.33199251943605],[-96.79535673899994,18.33489541843602],[-96.78635682999999,18.33654801843598],[-96.78421325999994,18.33832816943592],[-96.78270554999995,18.34733446043567],[-96.78600167999998,18.353452089435525],[-96.78145097999999,18.358342090435375],[-96.78042911999995,18.363532549435245],[-96.77657290999997,18.364586659435197],[-96.76800561999994,18.37362682943495],[-96.76349573999994,18.37500682943496],[-96.76276393999996,18.383229829434725],[-96.75405959999995,18.38017214943482],[-96.74984622999995,18.381611229434736],[-96.75178414999999,18.390341889434534],[-96.75529073999996,18.390575379434495],[-96.75393314999997,18.39262134943448],[-96.73266670999999,18.3981519094343],[-96.72983637,18.397695119434324],[-96.72864999999996,18.395736879434402],[-96.72821070999998,18.397300139434318],[-96.73124250999996,18.39943031943426],[-96.73126111999996,18.401356909434256],[-96.72468302999994,18.407387739434075],[-96.72852255,18.40914713943405],[-96.74349808999995,18.40732534943409],[-96.75366730999997,18.411718309433954],[-96.75562427999995,18.410982709433977],[-96.75651530999994,18.408406629434065],[-96.75908504999995,18.40826365943405],[-96.76133301999994,18.411622109433967],[-96.76636497999999,18.41268527943395],[-96.76596630999997,18.41799824943379],[-96.77089885999999,18.42297781943365],[-96.76478764999996,18.423613799433657],[-96.76275102999995,18.42542745943358],[-96.76318570999996,18.427050679433545],[-96.77044176999999,18.429301169433483],[-96.77546876999999,18.426212349433595],[-96.78101194999995,18.429069509433496],[-96.78129027999995,18.430543249433452],[-96.77795444999998,18.432111889433422],[-96.77755277999995,18.434320029433355],[-96.78400422999995,18.439586249433226],[-96.78481805999996,18.444196259433127],[-96.77645524999997,18.446197849433037],[-96.77542368999998,18.448093229433],[-96.78423797999994,18.45368342943287],[-96.78617279999997,18.45792588943276],[-96.78582890999996,18.459658019432712],[-96.78082824999996,18.462264259432626],[-96.78094161999996,18.465925149432522],[-96.78920674999995,18.467139819432518],[-96.79142025999994,18.47132331943241],[-96.79143693999998,18.47740256943222],[-96.79579548999999,18.480223279432174],[-96.796791,18.486185619432018],[-96.79296002999996,18.491911769431862],[-96.79783602999998,18.496953719431687],[-96.79738208999999,18.49972142943162],[-96.79416427999996,18.502131649431554],[-96.79701182999997,18.511935179431305],[-96.80336404999997,18.51146148943133],[-96.80890002999996,18.517311109431155],[-96.81344614999995,18.517617909431184],[-96.81847668999997,18.51147167943134],[-96.82403862999996,18.511110579431335],[-96.82413522999997,18.505600509431464],[-96.82733399999995,18.50375376943155],[-96.82450634999998,18.501905399431593],[-96.82509504999996,18.498114749431714],[-96.83159137999996,18.49733088943172],[-96.83860564999998,18.493188429431797],[-96.84235750999994,18.493388779431793],[-96.84276741999997,18.50166522943162],[-96.84629728999994,18.50330548943156],[-96.84632768999997,18.505378319431482],[-96.85024927999996,18.507074019431464],[-96.85378196999994,18.506277199431484],[-96.85647431999996,18.511345279431342],[-96.86208256999998,18.51088950943133],[-96.86451811999996,18.514424569431284],[-96.86730091999999,18.51459701943126],[-96.86701334999998,18.51659093943123],[-96.86325021999995,18.51612733943119],[-96.86488685999996,18.51897848943114],[-96.86422244999994,18.52352348943103],[-96.86653316999998,18.52669202943093],[-96.87106697999997,18.52191377943104],[-96.87351325999998,18.523231679431014],[-96.87749485999996,18.531745539430787],[-96.87592745999996,18.535088849430704],[-96.87899488999994,18.537482399430647],[-96.88084981999998,18.535234179430685],[-96.88588274999995,18.533443619430784],[-96.89925097999998,18.548647949430343],[-96.90672382999998,18.54684607943037],[-96.90961754999995,18.53980982943056],[-96.92108979999995,18.5349972194307],[-96.92594477999995,18.53492553943074],[-96.93155534999994,18.54050284943058],[-96.93770388999997,18.541572279430525],[-96.93695684999994,18.544421459430446],[-96.94214331999996,18.54413622943048],[-96.95433413999996,18.553829369430254],[-96.96206544999995,18.547254079430417],[-96.96445971999998,18.547032229430414],[-96.96520630999999,18.541661829430556],[-96.97680594999997,18.543075399430535],[-96.97816672,18.5406780794306],[-96.97378754999994,18.53676351943065],[-96.98481857999997,18.531201939430847],[-96.99145096999996,18.530671059430816],[-96.99624048999999,18.528511969430912],[-96.99891733999999,18.531916459430796],[-97.00682530999995,18.52330277943103],[-97.01525985999996,18.520882739431087],[-97.01777645999995,18.51471774943125],[-97.02104417999999,18.5124266194313],[-97.02576458,18.517071799431186],[-97.02700199999998,18.51410433943128],[-97.03658413999995,18.508071829431437],[-97.03670108999995,18.50503797943151],[-97.04637814999995,18.499560219431633],[-97.05196597999998,18.48573807943199],[-97.05858841999999,18.48048756943214],[-97.05768439999997,18.478408029432185],[-97.05884179999998,18.477201999432225],[-97.06010567999994,18.477962109432244],[-97.06303511999995,18.474296879432316],[-97.06717347999995,18.473055919432337],[-97.06724485999996,18.471243109432397],[-97.07119979999999,18.46777065943248],[-97.07607376999994,18.466001249432523],[-97.07996751999998,18.454507779432817],[-97.08347137999999,18.483942749432053],[-97.08942625999998,18.488426849431953],[-97.11330279999999,18.52219654943106],[-97.11369724999997,18.531379379430792],[-97.14456307999995,18.570927859429762],[-97.14400399999994,18.57838337942958],[-97.14585782999995,18.582159429429478],[-97.14144276999997,18.59641790942912],[-97.14957967999999,18.59704364942909],[-97.16226131999997,18.605931799428866],[-97.16942444999995,18.60503873942889],[-97.17440564999998,18.606662219428824],[-97.17596033999996,18.616719879428587],[-97.18010521999999,18.61773104942853],[-97.18406822999998,18.61668702942857],[-97.18557088999995,18.61998576942847],[-97.19145674999999,18.623013999428423],[-97.19691874999995,18.629581149428223],[-97.21524116999997,18.625553629428364],[-97.22027736999996,18.62893859942823],[-97.22578624999994,18.638335489427984],[-97.23542914999996,18.64356947942787],[-97.24082381999996,18.64342676942789],[-97.24524325999994,18.640218649427972],[-97.25227173999998,18.62672639942832],[-97.25739577999997,18.626264619428298],[-97.25987290999997,18.624249249428374],[-97.26379336999997,18.627036579428292],[-97.26855919999998,18.626874319428314],[-97.26809057999998,18.628381569428264],[-97.26946453999994,18.628991149428245],[-97.27185191999996,18.62777914942826],[-97.27440248999994,18.63497802942812],[-97.27833387999999,18.637656169428045],[-97.27802844999997,18.64334721942789],[-97.28092905999995,18.64752422942776],[-97.28186550999999,18.652493289427632],[-97.29121236999998,18.655457479427564],[-97.29390679999995,18.664927979427336],[-97.29712790999997,18.664196979427317],[-97.29796450999999,18.669516279427178],[-97.30320265999995,18.674285619427046],[-97.30570745999995,18.67221837942713],[-97.30947199999997,18.673782859427096],[-97.31610081999999,18.669499309427184],[-97.31502419999998,18.666625799427294],[-97.31815107999995,18.667150849427248],[-97.32317805999998,18.66430851942736],[-97.32539847999999,18.669064659427214],[-97.33040139999999,18.673144029427103],[-97.33057512,18.675439649427023],[-97.32815971999999,18.677550799426992],[-97.33112808,18.679508659426954],[-97.33102582,18.68311901942684],[-97.33482034999999,18.67911214942693],[-97.33726108999997,18.678590779426937],[-97.33821434,18.681270859426874],[-97.34397457999995,18.68575899942679],[-97.34038345999994,18.69345491942653],[-97.34501350999994,18.69840197942641],[-97.34199801999996,18.702358419426332],[-97.34219525999998,18.705896569426237],[-97.34611291999994,18.70961291942613],[-97.35002536999997,18.717143109425944],[-97.34704788999996,18.7221654914258],[-97.34214948999995,18.725815919425727],[-97.34719436999997,18.727436939425697],[-97.34553681999996,18.733875859425527],[-97.33950574999994,18.74240957942531],[-97.34152694999995,18.741617909425315],[-97.34423828999998,18.749443919425076],[-97.34035267999997,18.758653719424846],[-97.33456893999994,18.762464349424782],[-97.33119137999996,18.762441819424765],[-97.33005899999996,18.765974399424675],[-97.33701274999999,18.768377289424603],[-97.34018567999999,18.778399369424342],[-97.34870367999997,18.777647339424355],[-97.35285030999995,18.774361279424454],[-97.35482436999996,18.779364179424345],[-97.35303110999996,18.79128490942401],[-97.34445191999998,18.800321079423785],[-97.34143237999996,18.801239199423737],[-97.33775446,18.79909111942382],[-97.33643339999998,18.80309762942367],[-97.33322208999994,18.80434899942366],[-97.33253573999997,18.807900259423576],[-97.32634559999997,18.8102464794235],[-97.32626357999999,18.81967665942324],[-97.32275848999997,18.818843509423253],[-97.32038877999997,18.82190756942323],[-97.32104956999996,18.826457149423103],[-97.32453419999996,18.830421979422972],[-97.32261776999998,18.832297109422957],[-97.32266707999997,18.83507191942289],[-97.32053193999997,18.83737857942282],[-97.31485405999996,18.838209749422766],[-97.30949976999995,18.842769349422635],[-97.30609181999995,18.84342484942267],[-97.30834861999995,18.84548953942262],[-97.30796230999994,18.84815721942254],[-97.30393485999997,18.851910689422436],[-97.30071421999997,18.85952862942223],[-97.29650841999995,18.86126319942218],[-97.29731157999998,18.867310289422],[-97.27137370999998,18.890814429421393],[-97.26041299999997,18.893104109421326],[-97.26105253999998,18.894027339421314],[-97.25122787999999,18.892332309421356],[-97.24580248999996,18.89330062942135],[-97.24521461999996,18.897592969421254],[-97.24181559999994,18.902142709421145],[-97.24380697999999,18.913447259420828],[-97.25072968999996,18.92190445942062],[-97.25334610999994,18.92875464942039],[-97.25526554999999,18.938457739420173],[-97.25514116999996,18.950574339419862],[-97.25825424999995,18.954387489419748],[-97.25920404999995,18.962074659419553],[-97.25916216999997,18.966108819419446],[-97.25648407999995,18.971581949419285],[-97.25825891999995,18.97771421941915],[-97.27289304999994,18.991930719418757],[-97.28512576999998,18.999430849418605],[-97.27970944999998,19.006101539418395],[-97.27722995,19.01494913941819],[-97.26662570999997,19.03031319941776],[-97.26965285999997,19.06307217941696],[-97.26581122999994,19.077324799416562],[-97.26326364999996,19.081414969416436],[-97.26398464999995,19.083337819416418],[-97.26209857999999,19.08554697941636],[-97.26139945999996,19.096627259416067],[-97.25566582999994,19.10170988941594],[-97.25284404999996,19.101501709415928],[-97.24903759999995,19.104752769415875],[-97.23754888999997,19.109506599415717],[-97.22814977999997,19.121821049415423],[-97.22232170999996,19.12342802941539],[-97.22198822999997,19.12842597941523],[-97.21702333999997,19.13429602941507],[-97.21956817999997,19.136131969415054],[-97.21543453999999,19.138461489414983],[-97.21133939999999,19.137600909415017],[-97.20957379999999,19.14034344941493],[-97.20271605999994,19.141259859414916],[-97.19719793999997,19.146559109414774],[-97.19673316999996,19.14760471941476],[-97.19954017999999,19.148467459414736],[-97.20963296999999,19.159850889414415],[-97.20324551999995,19.161472089414413],[-97.19664416999997,19.16653882941425],[-97.19458905999994,19.17181257941412],[-97.18926182999996,19.16974165941417],[-97.18800302999995,19.163886199414307],[-97.18368201999999,19.16273821941436],[-97.18296876999995,19.16674665941426],[-97.18063371999996,19.16932956941419],[-97.17043134999994,19.16386439941429],[-97.15691094999994,19.16539176941427],[-97.15275099999997,19.162522850414376],[-97.14850861999997,19.165048109414283],[-97.13652548,19.160110319414432],[-97.13073161999996,19.167684249414215],[-97.12790017999998,19.168338689414195],[-97.11989719899998,19.166222279414274],[-97.11796534899999,19.167743449414218],[-97.11429544999999,19.166839950414243],[-97.11284636999994,19.164587750414317],[-97.10872345999996,19.168407879414232],[-97.10470562899997,19.165384979414295],[-97.10368408999994,19.16655733841427],[-97.09629256999995,19.163806289414303],[-97.09432857999997,19.161266709414402],[-97.09147847999998,19.16293244941433],[-97.08939628999997,19.16165549041438],[-97.08916954999997,19.162970949414344],[-97.07510157999997,19.157882539414494],[-97.06669270999998,19.159455320414445],[-97.06443950999996,19.15779349041449],[-97.06798019899998,19.148458999414725],[-97.05750430999997,19.140162659414933],[-97.05802237999997,19.137405149415027],[-97.05563307999995,19.134002169415083],[-97.04583987999996,19.128028939415238],[-97.04200824999998,19.12859790941524],[-97.03445601999994,19.137668259415005],[-97.03378964999997,19.13577908941503],[-97.03176268,19.13666431941501],[-97.02705179999998,19.133236199415116],[-97.02943294999996,19.142938229414852],[-97.04213608999999,19.151386999414655],[-97.03830628999998,19.157674049414464],[-97.03896833999994,19.16230496941436],[-97.04303607999998,19.165004939414324],[-97.04138561999997,19.174417219414075],[-97.04519797999995,19.178476979413933],[-97.04603042999999,19.1831043694138],[-97.04999628999997,19.18473994941379],[-97.04951541999998,19.18884450941366],[-97.05374094999996,19.19196488941361],[-97.05615474999996,19.197666579413443],[-97.05194997999996,19.20073865941339],[-97.05307168999998,19.203504919413305],[-97.05155961999999,19.20681293941324],[-97.04762941999996,19.20774134941319],[-97.04496053999999,19.210637179413116],[-97.03620973999995,19.212330219413094],[-97.03471619999999,19.216256819412997],[-97.03093759999996,19.218442049412953],[-97.02728891999999,19.217434769412957],[-97.02369807999997,19.222080909412817],[-97.02035016999997,19.222796249412795],[-97.01979041999994,19.227239479412674],[-97.01725354999996,19.22825207941268],[-97.01486579999994,19.231945979412558],[-97.00772284999994,19.230985319412607],[-97.00523631999994,19.234693139412496],[-97.00123450999996,19.236546019412454],[-97.00023597999996,19.2389456594124],[-97.00530401999998,19.249531149412118],[-97.00252862999997,19.254053119411974],[-97.00440988999999,19.25690104941194],[-97.00261208999996,19.258798739411855],[-96.99970397999994,19.258409319411893],[-96.99735774999999,19.262545229411785],[-96.99456391999996,19.263863399411743],[-96.99589195,19.266293219411654],[-96.99469053999997,19.270239139411583],[-96.99159762999994,19.272860379411515],[-96.99142193999995,19.276214679411446],[-96.98954588999999,19.276622109411424],[-96.98943439999995,19.27867619941138],[-96.98642928999999,19.2778654894114],[-96.98556010999994,19.27939681941134],[-96.98594248999996,19.281306799411276],[-96.99375975,19.287764599411137],[-97.00045910999995,19.290798319411017],[-97.00345996999994,19.296380028410887],[-97.01081505999997,19.296307019410882],[-97.01475525999997,19.29007516941104],[-97.01601451999996,19.290628309411048],[-97.01474458099995,19.293203709410996],[-97.01935565999999,19.296867978410916],[-97.02463997999996,19.294296309410967],[-97.03099057999998,19.297326769410876],[-97.03450837999998,19.306773309410634],[-97.03611902999997,19.3093184294106],[-97.04182504999994,19.312336649410526],[-97.04320419999999,19.31859156941031],[-97.04551137,19.32128261941026],[-97.04697816999999,19.317285419410393],[-97.04952693999996,19.317184179410344],[-97.05569167999994,19.311971349410488],[-97.06249767899999,19.315628030410434],[-97.06471804899996,19.31419839941046],[-97.06750821999998,19.315229749410445],[-97.06788941999997,19.321360859410245],[-97.07118104999995,19.321516619410275],[-97.07254221999996,19.318055379410335],[-97.07939248999999,19.31344610941044],[-97.08182856999998,19.313489939410477],[-97.08276628,19.310560659410573],[-97.08568907999995,19.310101349410534],[-97.08811390999995,19.31195708941053],[-97.09142534999995,19.310985119410528],[-97.09569965999998,19.305206459410652],[-97.10199868999996,19.303615449410717],[-97.10319139999996,19.30616517941066],[-97.11518694999995,19.304821849410693],[-97.12935970999996,19.308896679410566],[-97.13113390999996,19.31174576941054],[-97.13155757999999,19.31878619941031],[-97.13385553999996,19.31910356941031],[-97.13675150999995,19.322703969410256],[-97.14845491999995,19.320250049410266],[-97.16100367999998,19.327497749410135],[-97.17020568999999,19.329022349410074],[-97.17571024999995,19.32785930941011],[-97.18880004999994,19.32136757941028],[-97.19033539999998,19.315713779410427],[-97.19460167999996,19.3116461194105],[-97.20027345999995,19.309264749410595],[-97.20153837999999,19.31156545941052],[-97.20084033999996,19.316288449410404],[-97.20495211999997,19.318201349410327],[-97.20798893999995,19.31519111941044],[-97.21560525999996,19.323319719410186],[-97.21353044999995,19.327075579410106],[-97.20849859999998,19.327877149410106],[-97.20663301999998,19.326797849410124],[-97.20472112,19.32996201941003],[-97.20611193999997,19.33413393940996],[-97.21008825999998,19.33787779940986],[-97.20982045999996,19.345069679409654],[-97.20670131999998,19.348986489409587],[-97.20822173999994,19.35492710940941],[-97.21108948999995,19.356126579409334],[-97.21020604999997,19.3594416494093],[-97.21780857,19.35629922940937],[-97.22386905999997,19.356958709409362],[-97.23108877,19.362707799409208],[-97.23106834999999,19.368349519409048],[-97.23362181999994,19.371215579409004],[-97.23696604999998,19.37161279940896],[-97.25479671999994,19.38178942940868],[-97.26444033999996,19.38062156940877],[-97.26725745999994,19.382948649408682],[-97.27196857999996,19.38281485940869],[-97.27836322999998,19.38513830940863],[-97.28496819999998,19.391636739408433],[-97.28715201899998,19.389295740408528],[-97.33775010999996,19.392530719408402],[-97.34862008999994,19.378493709408787],[-97.35690381899998,19.378361279408786],[-97.36045310999998,19.376029319408854],[-97.37169987999995,19.40305913940816],[-97.37411031999996,19.405393879408123],[-97.37968865,19.406347919408063],[-97.37893224999999,19.404644799408103],[-97.39410234999998,19.40729556940803],[-97.39508576899999,19.415932739407854],[-97.39735653899999,19.419064229407763],[-97.39240579999996,19.41784599940778],[-97.38993336999994,19.428923619407485],[-97.38154325999994,19.432366829407393],[-97.38006668999998,19.430356219407493],[-97.37563184999999,19.432230949407426],[-97.37169854999998,19.431308179407417],[-97.36746325999997,19.432025519407397],[-97.36390077999994,19.43499447940735],[-97.35727627999995,19.432376719407404],[-97.35214653999999,19.44195274940716],[-97.35315173999999,19.443787549407094],[-97.35461161999997,19.442999369407147],[-97.35237968999996,19.445831169407096],[-97.35388890999997,19.447229909407014],[-97.35011945999999,19.44886564940702],[-97.34929047999998,19.44766976940704],[-97.34689299999997,19.45099862940696],[-97.34825851999994,19.484626969406047],[-97.35207801999998,19.48472285940605],[-97.35239457999995,19.48940431940597],[-97.35572984999999,19.492910249405835],[-97.36074610999998,19.488493449406],[-97.37067061999994,19.49499491940583],[-97.39492362999994,19.492421029405882],[-97.40455587999998,19.49586628940577],[-97.40424333999994,19.49984736940569],[-97.40585505999996,19.500810289405667],[-97.40283291999998,19.506812489405533],[-97.40088234999997,19.50691396940548],[-97.40313234999996,19.51252581940537],[-97.40210954999999,19.515384849405265],[-97.40528819999997,19.51723577940526],[-97.40752265999998,19.52186931940513],[-97.40547088999995,19.525453429405008],[-97.41212982999997,19.535919369404755],[-97.40958967999995,19.53732933940472],[-97.42074924999999,19.539818149404642],[-97.42294897999994,19.541207849404614],[-97.42132091999997,19.542804859404583],[-97.42237084999994,19.54405676940456],[-97.42664685999995,19.541676019404623],[-97.42785181999996,19.556959949404245],[-97.42688129,19.569159679403914],[-97.43058837999996,19.576170419403727],[-97.43032344999995,19.586134379403457],[-97.43427851999996,19.588848459403422],[-97.43081244999996,19.59707587940318],[-97.43174067999996,19.59961839940314],[-97.42802334999999,19.601700109403055],[-97.42804664999996,19.61589717940272],[-97.42376224999998,19.617513579402665],[-97.42113692,19.620594479402577],[-97.41846727999996,19.627216549402455],[-97.41642607999997,19.627966999402435],[-97.41311536999997,19.623304349402552],[-97.40505354999999,19.62020014940264],[-97.40274728999998,19.615343019402754],[-97.39481759999995,19.621141179402585],[-97.39249971999999,19.62637457940246],[-97.38497062999994,19.627943799402388],[-97.38280134999997,19.63533321940224],[-97.38042081999998,19.63398481940223],[-97.37669253999996,19.634799579402234],[-97.36585959999996,19.648284509401908],[-97.34736421999997,19.66337533940154],[-97.34187981999997,19.670204179401317],[-97.34116156999994,19.67575174940122],[-97.33160897999994,19.676399449401202],[-97.32640261999997,19.678918259401115],[-97.31966996999996,19.67659156940116],[-97.31670690999994,19.673877199401247],[-97.31091153999995,19.675159819401195],[-97.30393001999994,19.671155539401283],[-97.30742385999997,19.684537379400975],[-97.31040007999998,19.68597450940094],[-97.31655485999995,19.693274179400763],[-97.32469034999997,19.707096779400377],[-97.33114157999997,19.707567489400365],[-97.32827274999995,19.71178473940027],[-97.3331404,19.716779819400152],[-97.32220481999997,19.722387229399995],[-97.31560617999997,19.729123649399856],[-97.31378379999995,19.735135399399685],[-97.32193996999996,19.734778179399687],[-97.31967768999999,19.739597569399574],[-97.32108377999998,19.74783154939937],[-97.31883633999996,19.7507075993993],[-97.31959794999995,19.761347889398984],[-97.31791113999998,19.76716405939884],[-97.32000334999998,19.769826139398834],[-97.31312264999997,19.79047059939828],[-97.31328347999995,19.79737007939812],[-97.31510541999995,19.799722719398027],[-97.31348451999997,19.802220659397975],[-97.31659930999996,19.80687650939787],[-97.31676777999996,19.81290591939771],[-97.31548577999996,19.814460679397644],[-97.31668590999999,19.81783275039756],[-97.31354988899994,19.821793780397485],[-97.31557062999997,19.82490681939738],[-97.31504159999999,19.82775539939734],[-97.30824624999997,19.834444709397186],[-97.31059923,19.84065204939703],[-97.30776670999997,19.84753828939683],[-97.30940979999997,19.848979029396812],[-97.30814561999996,19.852694289396695],[-97.30957459999998,19.855787779396643],[-97.30449719999996,19.865742109396354],[-97.30455902999995,19.870694689396245],[-97.30222070999997,19.87356922939616],[-97.29992946,19.881504889395945],[-97.29047462999995,19.886812109395837],[-97.29041988999995,19.890573419395757],[-97.29526597999995,19.893370309395646],[-97.29335577999997,19.89683728939559],[-97.29184524999995,19.896669719395565],[-97.29182250999997,19.9002559793955],[-97.28979216999994,19.89941844939551],[-97.28869490999995,19.903824889395416],[-97.28644216899994,19.901561769395474],[-97.28626664999997,19.905158599395374],[-97.28156025999999,19.907123849395337],[-97.28096895,19.91234996939518],[-97.27687614999998,19.9162460903951],[-97.27461984999998,19.914815339395158],[-97.27299416999996,19.91761368939505],[-97.27137597999996,19.91530131939509],[-97.27012154999994,19.920735649394967],[-97.26668650999994,19.920430449394964],[-97.26315541999998,19.922488259394907],[-97.25580864999996,19.932460089394688],[-97.26060051999997,19.93515801939464],[-97.25978614999997,19.937224679394554],[-97.26223895,19.93864284939454],[-97.26356974,19.94440862939438],[-97.26924908999997,19.94702727939431],[-97.26754529,19.956040779394062],[-97.26873414,19.95920491939401],[-97.26341999999994,19.96775991939378],[-97.26369672,19.970452319393722],[-97.26163011999995,19.97141905939372],[-97.26066905999994,19.977254429393568],[-97.25279007999997,19.98371357939336],[-97.24503139999996,19.987425779393263],[-97.23996941999998,19.987320259393293],[-97.23816808999999,19.988711169393245],[-97.23468737999998,19.99672721939303],[-97.22529214999997,20.002052689392897],[-97.22336168999999,20.007260449392785],[-97.22509963,20.009460249392756],[-97.20692722999996,20.014667819392614],[-97.20781078,20.01869754939252],[-97.20358513999997,20.02531519939231],[-97.21110129,20.042551889391873],[-97.20709387999995,20.046934309391776],[-97.20776364999996,20.053334739391598],[-97.20615190999996,20.056354919391538],[-97.20151802,20.058061199391506],[-97.19542627999995,20.054341419391626],[-97.19389908999995,20.05587156939154],[-97.19426078,20.058717089391507],[-97.19079270999998,20.058050279391487],[-97.18685119999998,20.062569569391396],[-97.18549821999994,20.062340279391414],[-97.18363156999999,20.06493576939132],[-97.18409101999998,20.067534479391288],[-97.18241545999996,20.066870779391277],[-97.18090636999995,20.068486119391245],[-97.18203699999998,20.07275297939116],[-97.17731736999998,20.074108019391097],[-97.17556770999994,20.07667059939105],[-97.17811642999999,20.07896188939101],[-97.18163351,20.078215089391033],[-97.18364002,20.080038549390938],[-97.17873614999996,20.086602249390786],[-97.17495194999998,20.08815648939078],[-97.17402521999999,20.092174139390647],[-97.16782899999998,20.095669579390563],[-97.15774254999997,20.109734719390225],[-97.14851668999995,20.116354549390028],[-97.14182841999998,20.118506089389975],[-97.14055974999997,20.119837619389966],[-97.14163045999999,20.12250417938991],[-97.13357722999996,20.123852749389837],[-97.13308967999996,20.127214139389746],[-97.12240881999998,20.136721479389543],[-97.13060553999999,20.139786539389448],[-97.13781071999996,20.140119689389454],[-97.14378327999998,20.136379169389542],[-97.15136388999998,20.137540339389506],[-97.15271314999995,20.139015509389463],[-97.15198617,20.146125169389304],[-97.15669411999994,20.146861819389247],[-97.15752922999998,20.149575449389197],[-97.15325548999999,20.152019449389165],[-97.15384371999995,20.153407879389086],[-97.14999119999999,20.16061425938893],[-97.16100842999998,20.160717049388953],[-97.16125827999998,20.15621557938903],[-97.16441342999997,20.15183154938915],[-97.22850904999997,20.172617059388628],[-97.23195791999997,20.17195237938865],[-97.24239262999998,20.17447750938856],[-97.24404114999999,20.182278599388404],[-97.25055314999999,20.17808291938851],[-97.25483231999999,20.17729844938848],[-97.25606913999997,20.17969491938843],[-97.25962108999994,20.18054737938845],[-97.25949416999998,20.17827761938851],[-97.26193107999995,20.177548969388486],[-97.26785844999996,20.181819739388388],[-97.26777468999997,20.18494622938831],[-97.26962347999995,20.185162859388317],[-97.27054391999997,20.187518979388248],[-97.27575737999996,20.183009799388348],[-97.27736819999996,20.183866619388347],[-97.27987702999997,20.18131788938842],[-97.28319125999998,20.181112059388404],[-97.28291154999994,20.185438619388318],[-97.28528173999996,20.190730709388152],[-97.36551239799998,20.21575120038753],[-97.36849851999995,20.219611949387453],[-97.37165270999998,20.21911550938745],[-97.37351970999998,20.22360461938736],[-97.37772310999998,20.22289987938738],[-97.37673164999997,20.23134591938713],[-97.37488376999995,20.232421049387106],[-97.37416674999997,20.235514969387058],[-97.37638021999999,20.237440579387],[-97.37633733999998,20.240587569386935],[-97.37421131999997,20.24300633938683],[-97.37735159999995,20.245997689386773],[-97.37719153999996,20.24887481938669],[-97.38060505999995,20.249881619386695],[-97.39180737999999,20.24545416938683],[-97.39500834999996,20.24228339938691],[-97.39573037999997,20.243205339386833],[-97.40816877999998,20.23209205938716],[-97.41090224999994,20.23596887938702],[-97.42080588999994,20.24242310938689],[-97.42887850999996,20.24384262938687],[-97.43174211999997,20.240922849386923],[-97.43593616999999,20.240457849386914],[-97.44527608999995,20.24616065938678],[-97.44834693999996,20.241442539386888],[-97.45956274999998,20.2331034493871],[-97.46429384999999,20.224227229387342],[-97.46495659999995,20.218951149387475],[-97.46322254999995,20.21051847938771],[-97.46468501999999,20.206189309387803],[-97.46233893999994,20.193241829388093],[-97.46350611999999,20.18860354938821],[-97.46254550999998,20.18455571938833],[-97.46505939999997,20.180218399388444],[-97.46893068999998,20.178110219388504],[-97.47759963,20.17752528938852],[-97.48479822999997,20.17388133938858],[-97.48646990999998,20.172159629388663],[-97.48760725999995,20.164883279388803],[-97.49534751999994,20.162243319388917],[-97.50227802999996,20.157972349388967],[-97.50538407999994,20.153938149389095],[-97.50433754999996,20.148983429389215],[-97.49478814999998,20.14619345938931],[-97.49489176999998,20.143970319389346],[-97.49979865999995,20.142721829389355],[-97.49483845999998,20.137348279389492],[-97.49932311999999,20.133012509389644],[-97.50896396999997,20.130679779389666],[-97.51130436999995,20.125013659389822],[-97.51815086,20.12410433938983],[-97.52182867999994,20.121966429389897],[-97.52739417,20.114878939390067],[-97.53553888999996,20.11679087939004],[-97.53959256999997,20.11600924939004],[-97.54312753999994,20.105701969390303],[-97.54815608999998,20.10119482939042],[-97.55295090999994,20.10092677939044],[-97.55462179999996,20.1052473793903],[-97.55805128999998,20.106910889390274],[-97.55950054999994,20.10502364939036],[-97.55878581999997,20.099489429390474],[-97.56133782999996,20.09699985939051],[-97.56344653999997,20.08997777939068],[-97.56129568999997,20.08602190939082],[-97.57085385999994,20.0819169493909],[-97.57686868999997,20.08462605939085],[-97.57814944999996,20.08028581939092],[-97.58025759999998,20.079007889391008],[-97.58602801999996,20.079329919391004],[-97.58787847999997,20.0818292193909],[-97.59123591999999,20.081713169390913],[-97.59609065999996,20.09298419939062],[-97.59571150999994,20.09689153939054],[-97.59436899999997,20.09746399939053],[-97.59046951,20.095973289390585],[-97.58764227999995,20.097595309390492],[-97.58457570999998,20.094750679390597],[-97.58029307999999,20.09669105939056],[-97.58107662999998,20.100316019390426],[-97.57865134999997,20.10251987939039],[-97.58173964999999,20.106237489390324],[-97.58207681999995,20.109044939390213],[-97.58741393999998,20.108585949390264],[-97.58750407999999,20.11234528939016],[-97.59358842999995,20.115421289390042],[-97.59761028999998,20.114979149390095],[-97.60273530999997,20.119313819389976],[-97.60506124999995,20.131721969389663],[-97.60098059999997,20.141293709389437],[-97.60383921999994,20.14047727938941],[-97.60532327999994,20.14182954938943],[-97.60689488999999,20.150421019389192],[-97.60838191,20.15164048938915],[-97.60495734999995,20.15781047938897],[-97.60448910999997,20.166873619388767],[-97.61639133999995,20.16899717938874],[-97.62159787999997,20.172325909388633],[-97.62195654999994,20.174406029388585],[-97.62496179999994,20.17444159938855],[-97.62758801999996,20.1768220793885],[-97.62914939999997,20.18180988938842],[-97.63232014999994,20.18322321938837],[-97.63871339999999,20.182637349388376],[-97.63856394,20.176551479388536],[-97.64439291899998,20.1780064603885],[-97.64632602999995,20.17178514938866],[-97.64558977999998,20.16869579938871],[-97.65302545999998,20.16343294938888],[-97.65714617999998,20.168631309388708],[-97.66180374999999,20.16808074938875],[-97.66311028999998,20.169486079388722],[-97.66831910999998,20.16704767938877],[-97.67035031999995,20.16907574938872],[-97.68057568999997,20.165147909388796],[-97.69146859999995,20.16749676938878],[-97.69302459999994,20.16937951938872],[-97.69333856999998,20.174939259388545],[-97.69659842999995,20.176880719388517],[-97.69871837999995,20.182378419388417],[-97.70756191999999,20.181580999388405],[-97.71398084999998,20.184648449388334],[-97.71464962999994,20.18781197938824],[-97.71957910999998,20.187144419388265],[-97.72022973999998,20.18916791938821],[-97.72325719999998,20.187567199388244],[-97.72487298,20.189009719388217],[-97.72504184999997,20.183161309388364],[-97.72826479999998,20.182009449388413],[-97.72927601999999,20.183262459388352],[-97.73146119999996,20.18134844938839],[-97.73621719999994,20.18991444938821],[-97.73925650999996,20.189249019388203],[-97.74147441999997,20.19241448938812],[-97.73940727999997,20.195443539388055],[-97.73859665999998,20.202098909387914],[-97.73391284999997,20.202379029387863],[-97.73070088999998,20.20519981938783],[-97.73090581999998,20.210339019387686],[-97.73373430999999,20.21538108938756],[-97.73285766,20.21937357938743],[-97.73447831,20.22336131938734],[-97.73295350999996,20.227505579387273],[-97.73730224999997,20.228163949387255],[-97.73723964999999,20.23159284938713],[-97.73456625999995,20.23454767938707],[-97.73511191999997,20.24239193938689],[-97.73851576999999,20.246712259386758],[-97.73899984999997,20.253206459386618],[-97.74752390999998,20.259467109386467],[-97.74738717999998,20.263205599386353],[-97.75124117999997,20.260120849386457],[-97.75729750999994,20.279078999385934],[-97.75082944999997,20.27964805938595],[-97.74875277999996,20.27879873938599],[-97.74724899999995,20.275507309386025],[-97.74089497999995,20.274572719386065],[-97.72411828999998,20.283616419385844],[-97.71544250999996,20.283965829385853],[-97.71297471999999,20.28592717938578],[-97.70840564999997,20.28529322938579],[-97.70588873999998,20.288107119385746],[-97.70721159999994,20.298338139385486],[-97.70427424999997,20.30324417938534],[-97.69504444999995,20.3004368293854],[-97.68811784999998,20.30351299938537],[-97.68139762,20.302432419385383],[-97.6800884,20.304883579385283],[-97.67676822999994,20.30609554938529],[-97.67730816999995,20.312978689385076],[-97.68192314,20.31302819938514],[-97.68484571999994,20.318883709384938],[-97.68985791999995,20.32008730938496],[-97.68909885999994,20.321544309384883],[-97.68407491999994,20.321500879384875],[-97.68419705999999,20.32565911938481],[-97.67886047999998,20.32907674938473],[-97.67312511999995,20.33660728938455],[-97.67689865999995,20.33919122938445],[-97.67440128999999,20.34723648938426],[-97.67934493999998,20.34991787938421],[-97.68105054999995,20.344901259384294],[-97.68365316999997,20.3452043793843],[-97.68848571999996,20.337206319384517],[-97.68999411999994,20.337556259384492],[-97.69008891999994,20.333609309384578],[-97.69462476999998,20.335162419384588],[-97.69724633999994,20.326932879384785],[-97.69529872,20.325518819384822],[-97.69655314999994,20.31988808938495],[-97.70068948999995,20.319919029384945],[-97.70086194,20.323456709384875],[-97.70352948999994,20.324672619384824],[-97.70250901999998,20.325540119384787],[-97.71274710999995,20.3289550293847],[-97.73474470999997,20.34787487938425],[-97.74287652,20.351196769384163],[-97.74199571999999,20.352910849384124],[-97.74435364999994,20.356444079384058],[-97.74313099999995,20.361019319383896],[-97.74566523,20.362345679383854],[-97.74374816999996,20.36873784938373],[-97.74722948999994,20.37055064938366],[-97.74804114999995,20.374126849383572],[-97.74374430999995,20.375716949383516],[-97.74444994999999,20.38011014938345],[-97.74824365999997,20.378457909383492],[-97.75495819999999,20.380230149383433],[-97.75847896999994,20.378868479383456],[-97.765641739,20.381228349383424],[-97.76540657,20.384542709383332],[-97.76244277999997,20.389041319383214],[-97.76362519899999,20.392264769383132],[-97.76259107999994,20.397865570383008],[-97.75731168899995,20.399809519382956],[-97.75816014999998,20.403109580382832],[-97.755721909,20.40537625038282],[-97.75584490999996,20.412955120382595],[-97.75095245899998,20.414564909382555],[-97.75044145899994,20.41986757038245],[-97.74664065999997,20.422434509382406],[-97.73860347999994,20.439251969381953],[-97.73482788999996,20.44187628938188],[-97.73459931999997,20.45130633938165],[-97.72874317999998,20.457316909381493],[-97.72583024999994,20.4582289193815],[-97.72310882999994,20.457534059381516],[-97.72078794999999,20.453538309381614],[-97.70918748999998,20.455109369381574],[-97.70767647999998,20.448125319381713],[-97.70148510999998,20.445783289381815],[-97.69955528999998,20.443355739381882],[-97.69912082999997,20.43461207938205],[-97.69772371999994,20.432512659382127],[-97.68806822999994,20.427432919382262],[-97.68003221999999,20.425338569382326],[-97.67564813999996,20.419362539382472],[-97.67305137999995,20.418855369382488],[-97.67392894999996,20.41120937938268],[-97.67207519999995,20.408529399382754],[-97.66508781999994,20.408385479382734],[-97.66099561999994,20.41295393938259],[-97.65528714999995,20.40996687938271],[-97.64860765999998,20.41087561938269],[-97.64541071999997,20.40832362938273],[-97.64111590999994,20.411931249382654],[-97.64126497999997,20.416282089382523],[-97.63755410999995,20.417905549382503],[-97.63640924999999,20.42361164938235],[-97.63735530999998,20.42980642938219],[-97.63546816999997,20.432354089382134],[-97.64072373999994,20.442271659381916],[-97.63536507999999,20.45218554938161],[-97.62776890999999,20.45034014938168],[-97.62388281999995,20.4577351793815],[-97.61659333999995,20.455348829381556],[-97.60722134999997,20.46198442938138],[-97.60098365999994,20.46102197938142],[-97.59588390999994,20.46399154938135],[-97.59367401999998,20.467898969381274],[-97.58627017999999,20.47250705938114],[-97.58197385999995,20.48261145938087],[-97.57669527999997,20.486917109380762],[-97.57781002999997,20.490002489380696],[-97.57604554999995,20.49090016938065],[-97.56207111999998,20.49009016938068],[-97.55605711999999,20.484690029380808],[-97.55035014999999,20.486532659380753],[-97.54331151999999,20.484742709380814],[-97.54104333999999,20.48971161938069],[-97.55207794999995,20.507361629380263],[-97.55357082999996,20.50453984938035],[-97.55631225999998,20.50845139938026],[-97.55494825999995,20.510395659380173],[-97.55587274,20.51140494938016],[-97.55746756999999,20.510295679380217],[-97.57259667999995,20.532181419379633],[-97.57463094999997,20.53229024937968],[-97.57832030999998,20.537430949379516],[-97.57881031999995,20.538872509379477],[-97.57499227999995,20.543343219379366],[-97.57855396999997,20.545004819379308],[-97.58035645999996,20.547820259379254],[-97.58353085999994,20.548298289379247],[-97.58324581999995,20.551646489379177],[-97.58932188999995,20.556461319379043],[-97.58740171999995,20.55739657937902],[-97.58974576999998,20.558930969379],[-97.58795301999999,20.56107025937894],[-97.59003916999995,20.559673059378945],[-97.58995276999997,20.556149679379036],[-97.60264528,20.559284379378997],[-97.61007577999999,20.563907029378875],[-97.62543565999994,20.563576939378898],[-97.62543601999995,20.558435079378977],[-97.62901659999994,20.555852199379068],[-97.63034622999999,20.55681796937904],[-97.63639990999998,20.55526690937908],[-97.63666450999995,20.553711719379095],[-97.63829745999999,20.555484949379075],[-97.63773345999995,20.55898630937897],[-97.64624034999997,20.56267441937891],[-97.64594102999996,20.565930169378813],[-97.64819648999998,20.566312199378782],[-97.64782634999996,20.565188179378843],[-97.65060874999996,20.564950879378813],[-97.65774776999996,20.55547197937908],[-97.65577591999995,20.547654739379258],[-97.65729431999995,20.54506874937932],[-97.66130666,20.54563265937929],[-97.66773867999996,20.55159773937915],[-97.67064853999995,20.552652079379115],[-97.67266242999996,20.55166356937919],[-97.67632345999999,20.555458859379062],[-97.68477190999994,20.554261199379095],[-97.68046141999999,20.56714830937878],[-97.68453733999996,20.569458199378715],[-97.68405644999996,20.572510169378653],[-97.68517197999996,20.573437339378632],[-97.69423716999997,20.570678629378673],[-97.70190314999998,20.57186631937864],[-97.69702221999995,20.59675982937806],[-97.69478417999996,20.598167379378022],[-97.69341907999996,20.602680679377904],[-97.69927445999997,20.602203629377946],[-97.70152279999996,20.60372693937789],[-97.70483739999997,20.601664709377896],[-97.70573414999996,20.60496050937787],[-97.70729344999995,20.604080829377864],[-97.70755164999997,20.605845429377812],[-97.71128594,20.60454337937785],[-97.71053648999998,20.60867124937775],[-97.71539397999999,20.60908479937776],[-97.71245888999994,20.614799079377626],[-97.71265302999996,20.620350169377463],[-97.70755167999994,20.622893019377404],[-97.70917499999996,20.624140109377358],[-97.70799945,20.626396219377327],[-97.70492394999997,20.62512797937736],[-97.70446816999998,20.62922424937725],[-97.70645791,20.631734549377168],[-97.71007783,20.631580519377195],[-97.71449696999997,20.636860449377032],[-97.73120270999999,20.63779016937705],[-97.73542130999994,20.641128419376923],[-97.73522808999996,20.644837969376827],[-97.73732619999998,20.646431279376827],[-97.74951122,20.64332045937688],[-97.74831608999995,20.64542053937683],[-97.75258681999998,20.649892419376755],[-97.75271754999996,20.651844309376695],[-97.75036036999997,20.652828489376656],[-97.75210181999995,20.65766739937654],[-97.74921867999997,20.65965316937651],[-97.74533861999998,20.657179379376554],[-97.74488464999996,20.658711619376543],[-97.74060622999997,20.66009136937647],[-97.74084645999996,20.662388939376402],[-97.73807884999997,20.663030249376437],[-97.73979457999998,20.663729689376364],[-97.73854156999994,20.666674659376334],[-97.74061968999996,20.674042379376143],[-97.73706736999998,20.67965530937599],[-97.74072885,20.681851719375945],[-97.73946719999999,20.68704751937584],[-97.74070162999999,20.689727909375748],[-97.74770979999994,20.68626004937583],[-97.75685970999996,20.689492289375735],[-97.75647750999998,20.697347019375552],[-97.75142045999996,20.70143508937549],[-97.75242114999998,20.704908709375367],[-97.75063871999998,20.70733007937534],[-97.75158830999999,20.713125849375157],[-97.75017484999996,20.724074909374917],[-97.75187063,20.725184199374876],[-97.75296790999994,20.732369909374686],[-97.74913491999996,20.7321293793747],[-97.73702162999996,20.739401459374534],[-97.72846147999996,20.74126684937447],[-97.72515211999996,20.74632857937438],[-97.72616054999997,20.747612859374335],[-97.72281991999996,20.74998853937427],[-97.72561896999997,20.752772259374172],[-97.72635371999996,20.75997731937404],[-97.72338046,20.759408449374007],[-97.72194141999996,20.762469539373942],[-97.71988719999997,20.761772079373994],[-97.71895504999998,20.762954379373948],[-97.72370539999997,20.76709348937382],[-97.72664450999997,20.767332319373818],[-97.72528393999994,20.769427679373774],[-97.72650997999996,20.771161459373715],[-97.72088513999995,20.770412289373724],[-97.71918448999999,20.775500659373616],[-97.72039616999996,20.77559841937363],[-97.72090796999998,20.778734709373545],[-97.72515922999999,20.777714349373582],[-97.72506385999999,20.7803706193735],[-97.72806451999999,20.78495594937339],[-97.72306511999994,20.786431739373384],[-97.72598296999996,20.791653649373238],[-97.72249164999995,20.791739509373254],[-97.72118942999998,20.795287939373118],[-97.71764854999999,20.795514739373136],[-97.71314427999994,20.79983428937302],[-97.70494259999998,20.79743977937309],[-97.70331107999999,20.79376761937317],[-97.70134562999999,20.79360368937319],[-97.69465282,20.796531569373137],[-97.69517931999997,20.800038849373045],[-97.73891493999997,20.801534629372984],[-97.74820991999998,20.809014709372796],[-97.75034853999995,20.81478844937266],[-97.75838653999995,20.818999829372558],[-97.76310422999995,20.81886459937255],[-97.76479727999998,20.822091429372495],[-97.77300167999994,20.82720137937239],[-97.77387890999995,20.823014429372463],[-97.77704001999996,20.824328649372415],[-97.79039528,20.816832879372612],[-97.79717874999994,20.82116368937251],[-97.79950648999994,20.819262229372548],[-97.80716559999996,20.82203767937248],[-97.80896219999994,20.819944059372553],[-97.81376730999995,20.82006607937255],[-97.82404859999997,20.80980990937281],[-97.83069814,20.80799685937284],[-97.83215145999998,20.80965936937281],[-97.83092862999996,20.812679599372682],[-97.83738267999998,20.812623459372734],[-97.83785965999999,20.814643659372678],[-97.84260761999997,20.816481339372626],[-97.85011842999995,20.81692382937262],[-97.84941816999998,20.819667419372532],[-97.84307996999996,20.82444633937244],[-97.84355299999999,20.831376059372236],[-97.83892016999995,20.83649648937214],[-97.84226936999994,20.83990636937205]]]}}]}
