{"type":"FeatureCollection","features":[{"type":"Feature","properties":{"cve_ent":"23","cvegeo":"23","nombre_inegi":"Quintana Roo","nombre_catalogo":"Quintana Roo"},"geometry":{"type":"MultiPolygon","coordinates":[[[[-87.08375715399995,21.58847457635385],[-87.09469148999995,21.588300599353836],[-87.09384764999999,21.58398553935399],[-87.09508102099994,21.58326416935398],[-87.09867630999997,21.583008829353968],[-87.10152014999994,21.584969549353918],[-87.10651453999998,21.577427479354107],[-87.10655087999999,21.573394169354184],[-87.11020317999998,21.570475419354267],[-87.11280882999995,21.57157071935427],[-87.11240331999994,21.569211979354286],[-87.11887605999999,21.561904779354514],[-87.12870933999994,21.55453733935464],[-87.12472111099999,21.551108788354753],[-87.11584381699998,21.55078042235475],[-87.10468224199997,21.546824331354838],[-87.10317108399994,21.545257616354906],[-87.10158356999995,21.53587470935509],[-87.09908919599997,21.532603340355163],[-87.10011524999999,21.528279519355316],[-87.10263604999994,21.52591894935537],[-87.10879073999996,21.52596222935537],[-87.10813017999999,21.519593289355495],[-87.11080417999995,21.520063339355485],[-87.11105199999997,21.514259949355637],[-87.10675814899997,21.505911769355855],[-87.10968345999999,21.50553242935588],[-87.10790693999996,21.5029408793559],[-87.10859213999998,21.498722139356005],[-87.11049161999995,21.498303679356017],[-87.10877508999994,21.496134489356063],[-87.11078579699995,21.491850156356172],[-87.10941228999997,21.490243889356204],[-87.10990017999995,21.485939379356324],[-87.11118674999994,21.483818709356356],[-87.11350679999998,21.483958689356385],[-87.11057651999994,21.47716661935653],[-87.11239107999995,21.475891519356562],[-87.11173190999995,21.471221049356675],[-87.11530683699993,21.46974753335674],[-87.11559948999997,21.46712851935679],[-87.11869834199996,21.46812831035674],[-87.11911022999999,21.470701799356664],[-87.12026870999995,21.469002449356736],[-87.12198377999994,21.469614569356693],[-87.12419811999996,21.46428148935686],[-87.13175805999998,21.459746339356933],[-87.14151881199996,21.46046988835691],[-87.14955225999995,21.464912449356817],[-87.15837517999995,21.46325299935688],[-87.16661073999995,21.4497133993572],[-87.17086364999994,21.448425889357235],[-87.17502184999995,21.444852879357313],[-87.18552927999997,21.442937289357328],[-87.18626970999998,21.440516879357432],[-87.18837451999997,21.43970676935743],[-87.20585037999996,21.444997089357322],[-87.21563981999998,21.443261569357357],[-87.22170227999999,21.43850999935748],[-87.22245407999998,21.43132756935765],[-87.22557585999994,21.430716139357674],[-87.22897591999998,21.432716119357615],[-87.22801773999998,21.43098097935766],[-87.22929565999999,21.424607139357775],[-87.23246217999997,21.418610779357937],[-87.23664841999994,21.419925979357934],[-87.23897584999997,21.425159769357787],[-87.24056937999995,21.42295576935783],[-87.24171161999999,21.425722969357764],[-87.24427999999995,21.42545617935774],[-87.25010670999995,21.43407917935755],[-87.25340173999996,21.43488664935757],[-87.25589791999994,21.43345185935759],[-87.25666027999995,21.436942079357507],[-87.25827002999995,21.434910829357534],[-87.25852717999999,21.437788459357463],[-87.26450820699995,21.435467259357534],[-87.26382210999998,21.43839354935747],[-87.26573933999998,21.439145419357445],[-87.26656821999995,21.437510986357484],[-87.26538145999996,21.43640948935753],[-87.26810928699996,21.43410348335757],[-87.26940090899996,21.43674474035749],[-87.27136420599999,21.437229559357498],[-87.26992616999996,21.44031822935743],[-87.27315405999997,21.440926349357387],[-87.27386431999997,21.44328421935736],[-87.27212976999994,21.432341119357606],[-87.27788211999996,21.434973779357563],[-87.28221691999994,21.434447549357586],[-87.28600482999997,21.437885319357502],[-87.28807062999994,21.437221249357492],[-87.29271445999996,21.439949679357408],[-87.29315971999995,21.43570262935752],[-87.29567834999995,21.43461304935755],[-87.29673947999999,21.435790689357518],[-87.30026716999998,21.43507668935756],[-87.31575668999994,21.441374719357402],[-87.31933196999995,21.439339179357425],[-87.32139113999995,21.435702339357512],[-87.32738348999999,21.43248244935762],[-87.33222357099999,21.432567259357594],[-87.33695113099998,21.434705143357576],[-87.33751822999994,21.43302848935757],[-87.34109596999997,21.432266349357633],[-87.34710214999996,21.435132019357525],[-87.35544897999995,21.446768089357246],[-87.36938499999997,21.44877104935723],[-87.37921219999998,21.45480551935706],[-87.40281662999996,21.45720373935702],[-87.43108644999995,21.468571939356742],[-87.43764291999997,21.46888516935676],[-87.44469108999994,21.465044999356795],[-87.45522505999998,21.463412539356852],[-87.46418082999998,21.45711301935703],[-87.47324381999994,21.457225879357022],[-87.48031150999998,21.45980062935698],[-87.48658217999997,21.46525536935679],[-87.48568602999995,21.48123087935644],[-87.48598768999994,21.4836571693564],[-87.48833322999997,21.48518313935635],[-87.53491290999995,21.490222449356207],[-87.53314527999999,20.999602139368104],[-87.74425947999998,20.653787090376618],[-87.96274204999997,20.44670602938174],[-87.99506545099996,20.447316430381747],[-87.99296003099994,20.41799291938252],[-88.03403006099995,20.378940089383487],[-88.04753327999998,20.378818170383457],[-88.04730660099995,20.366308720383778],[-88.13648959999995,20.28137177938589],[-88.16716244899999,20.28541805038578],[-88.23270516899998,20.286998449385756],[-88.23266947999997,20.2901789093857],[-88.26463419999999,20.29034202938566],[-88.26681494999997,20.26912031938624],[-88.27296137999997,20.269931279386185],[-88.30878842999994,20.25351002938658],[-88.35190336999995,20.259023059386475],[-88.37637077999995,20.257024309386534],[-88.40097336999997,20.25176750938663],[-88.40912774299994,20.25209732238663],[-88.40289200399997,20.23948888338693],[-88.40912240299997,20.23972814338692],[-88.41511380399999,20.23297045338712],[-88.44342618299999,20.23814978338697],[-88.51992995199998,20.192328032388104],[-88.50234524999996,20.190077949388193],[-88.50762119999996,20.143391089389336],[-88.57668154999999,20.14807830938927],[-88.57815045999996,20.139174279389497],[-88.58767565999995,20.1404696793894],[-88.58797351999993,20.13145119938968],[-88.61638362999997,20.13446081938961],[-88.62080845999998,20.13180354938963],[-88.61862356999995,20.127769149389763],[-88.61917314999994,20.117171539390046],[-88.63986639999996,20.120356059389955],[-88.69060890999998,20.089856119390692],[-88.69080210999994,20.077029569391016],[-88.68489182999997,20.077414319391035],[-88.69179628999996,20.029213419392264],[-88.69475253999997,20.03003565939224],[-88.70017616999996,20.01035671939272],[-88.71252357999998,20.012295579392664],[-88.71304142999998,20.00916344939275],[-88.71843476999999,20.010321249392724],[-88.72214819999994,20.005124059392855],[-88.72377754999997,20.005499169392845],[-88.72278248999999,20.01319974939266],[-88.73597890999997,20.01757654939254],[-88.73581071999996,20.015987549392552],[-88.73234813999994,20.01406619939263],[-88.73624556999994,20.00966130939274],[-88.74261534999994,20.00858277939275],[-88.74247207999997,20.015087349392594],[-88.75777327999998,20.013936219392626],[-88.75769759999997,20.012191919392695],[-88.77146564999998,20.013463229392652],[-88.77118053999999,20.00767037939277],[-88.78350257999995,20.00818017939278],[-88.78441570999996,19.99523962939312],[-88.78921225999994,19.99556821939309],[-88.79047987999996,19.992133509393152],[-88.79077079999996,19.9720201793937],[-88.79802237999996,19.97493007939359],[-88.79837764999996,19.952523019394185],[-88.80563950999993,19.95383073939415],[-88.80604074999997,19.944568649394387],[-88.81017621999996,19.94494667939436],[-88.81141816999997,19.935242219394635],[-88.80888833999995,19.93412130939461],[-88.80974485999997,19.925990939394875],[-88.81258437999998,19.925555029394854],[-88.81333317999997,19.91828281939505],[-88.81614279999997,19.91549902939509],[-88.81650328999996,19.904473519395406],[-88.82442541999995,19.90476290939537],[-88.82315248999998,19.908149139395285],[-88.82728273999999,19.910920369395217],[-88.82943671999999,19.906014599395345],[-88.82736544999995,19.90448768939539],[-88.82982471999998,19.898554449395544],[-88.82041404999995,19.89047314939574],[-88.82592633999997,19.879925579396037],[-88.83213942999998,19.88160605939594],[-88.83304299999998,19.878227109396075],[-88.88019153999994,19.878124879396037],[-88.87912482999997,19.86239322939646],[-88.89056856999997,19.860968619396495],[-88.89042157999995,19.858544539396526],[-88.90048801999995,19.861114019396496],[-88.89758542999994,19.836862539397075],[-88.89972485999994,19.833346879397162],[-88.90348110999997,19.83104622939722],[-88.90820974999997,19.820661089397515],[-88.91110396999994,19.800937579398006],[-88.92029413999995,19.803973909397907],[-88.92951245999996,19.79094854939826],[-88.94543374999995,19.791946319398214],[-88.94385213999999,19.813442779397697],[-88.95807679999996,19.81046653939777],[-88.95638671999995,19.81682354939759],[-88.97445176999997,19.81810082939757],[-88.97610850999996,19.81076582939774],[-88.98443914999996,19.80520513939791],[-88.98440497999997,19.798160259398067],[-88.99946796999996,19.797994379398077],[-89.00408742999997,19.772007399398756],[-89.02516297999995,19.776709679398646],[-89.04882705999995,19.721493319400018],[-89.01695184999994,19.726386709399897],[-89.01538533999997,19.72297337939998],[-88.99474127999997,19.72743959939985],[-88.99752937999995,19.704883889400474],[-89.03052362999995,19.708831749400357],[-89.03620045999998,19.67803951940111],[-89.07603059999997,19.68543254940093],[-89.07421268999997,19.69419410940074],[-89.12339851999997,19.703424149400487],[-89.13364059999998,19.61463202940276],[-89.10839167999995,19.612338489402838],[-89.10902445999994,19.58234937940356],[-89.14952064999994,19.581249339403612],[-89.14486168999997,19.637398719402203],[-89.18920313999996,19.64400593940201],[-89.19024962999998,19.63331773940227],[-89.22286873999997,19.636656969402186],[-89.21955656999995,19.608022249402914],[-89.29656181999997,19.551174089404395],[-89.14666684999997,19.42386164940763],[-89.14695142999994,19.133156659415125],[-89.13581977999996,19.132372659415136],[-89.14712174999994,18.995045579418722],[-89.14860154999997,18.877307059421792],[-89.14438184999995,18.75591873942491],[-89.15574224999995,18.75311474942501],[-89.15131362999995,18.72402125942574],[-89.14962073999999,18.549610889430337],[-89.15023781999997,18.451059399432957],[-89.12549017999999,18.450625419432942],[-89.12122919999996,18.38584962943465],[-89.13821405999994,18.38554388943467],[-89.13235953999998,18.29340264943712],[-89.15167365999997,18.293562629437083],[-89.15805867999995,18.221326979439016],[-89.14287262999994,18.224163829438943],[-89.14306596999995,18.145819599440983],[-89.20023664999997,18.144629339441035],[-89.20245777999997,18.083276219442688],[-89.14438285999995,18.082442939442714],[-89.14475353999995,18.05769907944337],[-89.16336068999999,18.057885119443316],[-89.16300382999998,18.018517309444388],[-89.20673893999998,18.021079949444328],[-89.20741427999997,17.99264859944508],[-89.20587204999998,17.954099719446095],[-89.15217008999997,17.95360997944613],[-89.15195662999997,17.940256909446497],[-89.14812225999998,17.94237090944639],[-89.14497090999998,17.951071089446156],[-89.13621084999994,17.955439919446082],[-89.13560031999998,17.959510089445942],[-89.13345917099997,17.960844749445908],[-89.13268271999999,17.968619939445716],[-89.13396754999997,17.97121828944562],[-89.13270525999997,17.97203411944561],[-89.12421399999994,17.97527834944554],[-89.12240859999997,17.97215779944562],[-89.11994581999994,17.971979079445614],[-89.11669404999998,17.96886221944572],[-89.11443867999998,17.970432969445667],[-89.11159217999995,17.969760079445706],[-89.10695844999998,17.9737968194456],[-89.10773004999999,17.975280999445538],[-89.10560079999999,17.975253249445522],[-89.10659756999996,17.97627704944549],[-89.10311127999995,17.97785061944545],[-89.10195159999995,17.9809896294454],[-89.09605364999999,17.981864109445368],[-89.09480017999994,17.984404509445294],[-89.08506019999999,17.990417679445148],[-89.07635291999998,17.99381828944503],[-89.06736064999996,17.990846799445123],[-89.05859768999994,17.990307489445154],[-89.05553914999996,17.992578259445093],[-89.05226387999994,18.000190599444878],[-89.04916816999997,17.999233139444904],[-89.04355022999994,18.003553219444804],[-89.03752070999997,18.00512168944476],[-89.03586544999996,18.002270079444838],[-89.02854314999996,18.002581949444792],[-89.02861031999998,17.997306619444966],[-89.02156837999996,17.992736819445085],[-89.00062068999995,17.98442905944526],[-89.00119230999996,17.982828249445358],[-88.99885367999997,17.979925149445403],[-89.00011779999994,17.977293179445496],[-89.00382619999993,17.975824909445496],[-89.00398874999996,17.972485539445604],[-88.99815877999998,17.971662259445655],[-88.99962108999995,17.96747382944577],[-88.99296685999997,17.959719829445948],[-88.99362985999994,17.95593117944606],[-88.98722385999997,17.947284309446278],[-88.98591877999996,17.947470339446284],[-88.98506207999998,17.956468519446034],[-88.98325230999995,17.95798194944598],[-88.97983054999997,17.955368369446045],[-88.97391985999997,17.95619334944603],[-88.97302716999997,17.9533612194461],[-88.97043821999995,17.95245250944616],[-88.96610744999998,17.954253449446117],[-88.95976584999994,17.951716949446165],[-88.95691705999997,17.95667793944606],[-88.95500654999995,17.95676887944601],[-88.95382117999998,17.95462871944612],[-88.94757273999994,17.958914579445974],[-88.94477967999995,17.959129919445985],[-88.94527210999996,17.95274047944614],[-88.93736642999994,17.946420819446335],[-88.93796302999993,17.940634539446496],[-88.93600661999994,17.93993664944648],[-88.93289501999999,17.94330331944639],[-88.93047570999994,17.941390429446457],[-88.93069976999999,17.93492753944661],[-88.93394765999994,17.93279808944668],[-88.93374067999997,17.93128041944673],[-88.92694685999999,17.929747459446755],[-88.92046157999994,17.91581117944712],[-88.91542887999998,17.91656896944712],[-88.91311730999996,17.914141749447175],[-88.91368210999997,17.910594549447254],[-88.90993864999996,17.912024879447216],[-88.90929591999998,17.914280399447165],[-88.90658191999995,17.915857109447117],[-88.90207545999993,17.9096252894473],[-88.89625337999996,17.906120649447377],[-88.88535693999995,17.90756165944735],[-88.88727721999999,17.903819369447458],[-88.88517433999994,17.900698309447524],[-88.88262119999996,17.900606969447548],[-88.88294371999996,17.896225479447658],[-88.87763311999998,17.89439105944768],[-88.87507001999995,17.896065119447663],[-88.87223625999997,17.894473739447665],[-88.86661251999999,17.89617970944766],[-88.86350925999994,17.89425602944771],[-88.85976616999994,17.89446134944768],[-88.85779134999996,17.89977517944757],[-88.86041884999997,17.900841169447514],[-88.85494579999994,17.90423947944745],[-88.85415162999999,17.90774851944734],[-88.85500930999996,17.917601539447105],[-88.85651754999998,17.918504939447047],[-88.85496564999994,17.920131279447034],[-88.85943479999997,17.925191059446856],[-88.85560387999999,17.92615814944685],[-88.85220850999997,17.933477049446623],[-88.84740011999997,17.93700521944657],[-88.84391110999996,17.937434889446582],[-88.84426559999997,17.940269349446474],[-88.83798664999995,17.94022228944649],[-88.83371754999996,17.941928279446454],[-88.83379842999994,17.94523237944634],[-88.83005334999996,17.94640154944633],[-88.83054244999994,17.94877108944623],[-88.82589854999998,17.946682519446266],[-88.82129031999995,17.94937196944626],[-88.81517131999999,17.950299279446178],[-88.80506121999997,17.9610951094459],[-88.80656028999994,17.962908259445882],[-88.80420550999997,17.966262709445743],[-88.79588184999994,17.971625739445614],[-88.79596711999994,17.974336629445553],[-88.79303074999996,17.974005769445604],[-88.79254793999996,17.97156027944565],[-88.79058924999998,17.97443256944554],[-88.79173336999997,17.976985709445504],[-88.78877731999995,17.980967889445377],[-88.78713768999995,17.981118579445372],[-88.78640807999994,17.97894667944543],[-88.78445534999997,17.97986082944542],[-88.78467784999998,17.982901399445343],[-88.78153205999996,17.985087349445294],[-88.78511257999997,17.985235049445254],[-88.78313253999994,17.988265889445174],[-88.78546696999996,17.98716205944524],[-88.78579102999998,17.990529979445153],[-88.78770219999996,17.98964121944516],[-88.78849561999994,17.993037479445068],[-88.78441027999997,17.995859549444976],[-88.78308502999994,18.00021342944486],[-88.77733450999995,18.00278630944479],[-88.77772144999994,18.004615079444775],[-88.76984619999996,18.00678527944468],[-88.77299093999994,18.007476019444695],[-88.77309279999997,18.009881739444594],[-88.77280217999999,18.01205604944458],[-88.76839211999999,18.01377207944449],[-88.76693491999998,18.016018349444426],[-88.76912794999998,18.01727477944441],[-88.76767417999997,18.01986710944436],[-88.76800661999994,18.024563169444196],[-88.77077847999999,18.02917744944413],[-88.76665173999999,18.03429822944396],[-88.75803084999995,18.035608819443926],[-88.75691341999999,18.037853199443852],[-88.74955170999993,18.04099067944379],[-88.74742270999997,18.040201689443816],[-88.74380505999994,18.043923419443708],[-88.74075133999997,18.04370862944369],[-88.73961051999999,18.04816810944361],[-88.73148328999997,18.049572119443557],[-88.72029890999994,18.059549579443303],[-88.71668661999996,18.060526309443272],[-88.71914891999995,18.071981369442977],[-88.71517436999994,18.072555999442972],[-88.71389796999995,18.0754498194429],[-88.71540821999997,18.080762449442737],[-88.71921105999996,18.081104169442728],[-88.71959485999997,18.083881229442632],[-88.71764390999994,18.08570491944262],[-88.71866071999995,18.088195919442516],[-88.71573810999996,18.094228379442377],[-88.71031299999999,18.096960509442283],[-88.71207981999999,18.10412199944213],[-88.71860801999998,18.10882937944197],[-88.71017921999999,18.117142679441738],[-88.70950782999995,18.12390513944157],[-88.70358694999999,18.134787659441276],[-88.69940336999997,18.138099449441185],[-88.69519959999997,18.148206819440936],[-88.69292180099995,18.149466279440926],[-88.68922417999994,18.15581468944074],[-88.68633645999995,18.15589827944072],[-88.68008881999998,18.160184889440607],[-88.68008676999995,18.16252028944054],[-88.68330168999995,18.166847629440454],[-88.68439021999995,18.177805889440158],[-88.69589164999996,18.179127379440132],[-88.69756391999994,18.182418579440025],[-88.68668222999997,18.19469597943972],[-88.67349454999999,18.19422971943974],[-88.66657030999994,18.20273148943952],[-88.65824741999995,18.20372288943947],[-88.64838547999994,18.209565969439282],[-88.64164982999995,18.216371019439126],[-88.63237745999999,18.212928459439226],[-88.63232394999994,18.215734739439167],[-88.62900741999994,18.218968489439085],[-88.62580521999996,18.21867881943905],[-88.62414410999997,18.221367199438973],[-88.61886833999995,18.223744349438935],[-88.61554439999998,18.223278089438953],[-88.61386673999993,18.228513599438813],[-88.61191557999996,18.23001293943877],[-88.61231901999997,18.232439489438693],[-88.60945305999996,18.233993339438655],[-88.60841147999997,18.238267399438538],[-88.60442061999998,18.24151817943848],[-88.60412950999995,18.245097629438348],[-88.60658188999997,18.245575859438336],[-88.60310425999995,18.250594659438217],[-88.60546505999997,18.252161509438196],[-88.60557748999997,18.256478709438085],[-88.60383137999997,18.257447289438065],[-88.60555582999996,18.259176849438024],[-88.60638879999999,18.264387049437843],[-88.60233784999997,18.268266279437736],[-88.60269385999999,18.270458479437703],[-88.59997445999994,18.275204319437574],[-88.60098419999997,18.279282279437492],[-88.59725371999997,18.288878419437225],[-88.59872277999995,18.29123745943715],[-88.60500371999996,18.290604169437167],[-88.60583159999999,18.291741049437125],[-88.60208861999996,18.29582959943702],[-88.59835407999998,18.296950139436987],[-88.57883591999996,18.32041339943639],[-88.57526617999997,18.320224709436374],[-88.57067497999998,18.32865364943614],[-88.56446604999996,18.334077999435987],[-88.54438474999995,18.360024449435308],[-88.54587450999998,18.368395219435087],[-88.55129931999994,18.373248249435],[-88.55163750999998,18.376148149434915],[-88.54738716999998,18.38241273943475],[-88.54519981999994,18.391207339434505],[-88.54138450999994,18.393859659434412],[-88.53193527999997,18.408221629434074],[-88.52794307999994,18.435360939433355],[-88.52058736999999,18.459250019432734],[-88.51761408999994,18.4634652194326],[-88.49643290999995,18.477113109432253],[-88.49181947999995,18.48380837943204],[-88.48716576999999,18.48492153943206],[-88.47642313999995,18.49467436943177],[-88.47432916999998,18.494505419431782],[-88.47265431999995,18.489896769431876],[-88.46774456999998,18.490222319431886],[-88.46507007999998,18.487023079431967],[-88.45839544999995,18.48960296943194],[-88.45422831999997,18.488514649431966],[-88.45242976999998,18.482165089432094],[-88.44714139999996,18.475591569432293],[-88.44248927999996,18.481401419432135],[-88.42799221999996,18.485236739432036],[-88.41749936999997,18.49247004943186],[-88.41074548999995,18.492969449431804],[-88.40239545999998,18.496658479431737],[-88.38985464999996,18.486278459432004],[-88.38699765099994,18.481639319432123],[-88.38013296999998,18.478946349432196],[-88.37684965999995,18.479229449432182],[-88.36723476999998,18.486106749431986],[-88.36227657999996,18.48666087943198],[-88.35111777999998,18.48447367943206],[-88.32685259999994,18.4901766894319],[-88.31035842999995,18.485216449432038],[-88.30449967999994,18.47875311943217],[-88.28898659999999,18.475272949432267],[-88.26080079999997,18.474922889432325],[-88.25009436999994,18.473072289432363],[-88.24963364999996,18.41555244943388],[-88.03036588999998,18.41479428943386],[-88.03029888999998,18.1603610894406],[-87.92545256999995,18.160235819440594],[-87.90242565999995,18.142692249441073],[-87.86751130999994,18.18823865943985],[-87.86018857999994,18.18983031943984],[-87.85630804999994,18.18130581944004],[-87.85377105699996,18.18469834743996],[-87.84958981999995,18.184387489439988],[-87.84740197999997,18.18919802943986],[-87.84429467999996,18.19094004943981],[-87.84175449299994,18.211177844439288],[-87.84164346499995,18.229263923438797],[-87.83667217599998,18.24776125843832],[-87.83480069099994,18.273789984437627],[-87.83234032799999,18.274192113437618],[-87.83478567199995,18.274190373437612],[-87.83331856999996,18.290386089437146],[-87.82787544899998,18.310543526436632],[-87.81966131699994,18.331331737436102],[-87.80209356999995,18.35230711943551],[-87.79862734999995,18.36422777943519],[-87.79356494999996,18.371777629435023],[-87.78846745999994,18.38373591943471],[-87.78496528999995,18.385792689434666],[-87.77706704999997,18.397324179434356],[-87.77023833999993,18.40142261943425],[-87.77085750199996,18.40447712543418],[-87.76580908999995,18.411968349433955],[-87.76621107199998,18.414246943433913],[-87.76379163599995,18.418316773433794],[-87.76488615599999,18.430779327433434],[-87.76141900399995,18.44137810143318],[-87.76147373099997,18.451581230432897],[-87.76429815099993,18.460242468432668],[-87.76160713999997,18.47726156343224],[-87.76190836099994,18.497320394431682],[-87.75776450999996,18.514176019431243],[-87.74481256999997,18.528968019430867],[-87.74337741899996,18.537202252430642],[-87.74062676199998,18.539022539430636],[-87.74222637499997,18.540471788430555],[-87.73975183399995,18.545808127430416],[-87.73936796799995,18.58200159242947],[-87.73152354899997,18.61797381742853],[-87.73159664999997,18.62358627942838],[-87.72923580599996,18.628274416428283],[-87.72824654499999,18.645044263427817],[-87.72511777499994,18.65903669442746],[-87.72523050999996,18.668543829427193],[-87.72154270999994,18.680077219426906],[-87.71763090999997,18.685550449426763],[-87.71745613999997,18.690821919426654],[-87.71530201999997,18.694119319426527],[-87.71176524899994,18.710112050426144],[-87.70939266599999,18.7115335064261],[-87.71035415299997,18.71205856942609],[-87.70686793899995,18.715428509425976],[-87.70580841899994,18.7199098604259],[-87.69952859999995,18.72540651042575],[-87.69883862999995,18.728151119425657],[-87.69530154999995,18.728900420425635],[-87.69223445799997,18.732810777425534],[-87.68797855399998,18.727886720425673],[-87.68984214799997,18.730118655425613],[-87.68664367599996,18.731891829425553],[-87.68991257999994,18.730199437425608],[-87.69210113299994,18.73324772142552],[-87.68465159099998,18.73788271742538],[-87.68457654999997,18.740752059425304],[-87.68108239999998,18.741942078425314],[-87.67655565699994,18.74793365542513],[-87.66934921999996,18.763380599424742],[-87.66824002999994,18.770939399424517],[-87.67143493999998,18.775938579424416],[-87.66738825999994,18.788730279424065],[-87.66890987999994,18.802014649423725],[-87.66652311999997,18.810664509423486],[-87.66253821999999,18.81695274942333],[-87.66257893999995,18.827774539423064],[-87.65776608999994,18.832237019422923],[-87.65730811999998,18.837580089422815],[-87.65388661999998,18.83935462942276],[-87.65392357999997,18.846306619422585],[-87.64727201999995,18.854782949422376],[-87.64356559999999,18.85688017942232],[-87.64170214999996,18.86163262942215],[-87.64203048199994,18.884326468421555],[-87.63935490999995,18.89276770942136],[-87.63365753899996,18.897909729421205],[-87.63147539999994,18.903010919421092],[-87.63227789499996,18.922349626420612],[-87.62743210999997,18.939660739420113],[-87.62437812499996,18.94476370542002],[-87.61788849399994,18.949399838419858],[-87.61638704499995,18.953759016419763],[-87.61404506999997,18.953156174419803],[-87.61638429899995,18.95377590841979],[-87.61501445899995,18.95985047941962],[-87.60922866299995,18.97214902041931],[-87.60533028999998,18.98766770941889],[-87.60051607599996,18.9916634084188],[-87.59030513899995,19.006618494418404],[-87.58072032199999,19.03289304941771],[-87.57351377999998,19.04296842941743],[-87.57122933999995,19.053042679417192],[-87.56682653899998,19.06229852741695],[-87.56199417999994,19.068637719416763],[-87.55628918399998,19.068590129416815],[-87.55346952299999,19.073766409416674],[-87.55190277399998,19.08235083441644],[-87.54903599199997,19.08622233841636],[-87.55222816999998,19.09373145941616],[-87.54975713999994,19.10374208941586],[-87.54941297999994,19.130523769415163],[-87.54737451999995,19.136391969415016],[-87.54859744999999,19.144368369414828],[-87.54075690999997,19.155073059414566],[-87.54227764999996,19.166672859414273],[-87.53971762599997,19.172215979414094],[-87.53975319999995,19.183050459413842],[-87.53798944999994,19.184735859413788],[-87.54004107999998,19.19485456941356],[-87.53724328999994,19.207976229413177],[-87.53231589399996,19.218347120412886],[-87.52847861999999,19.222729939412783],[-87.52628154999996,19.229961552412632],[-87.52102821999995,19.23312062941252],[-87.51961243599999,19.23574022241247],[-87.51714777999996,19.236584010412447],[-87.51481551999996,19.23529847941247],[-87.50995686899995,19.24223084041229],[-87.50644861999996,19.244106949412267],[-87.50509366599994,19.247504037412163],[-87.50073551199995,19.24977415441213],[-87.49663141699995,19.255570521411936],[-87.48971955899998,19.26073871041181],[-87.47507127999995,19.2811277174113],[-87.47117537999998,19.282778879411232],[-87.44532839799996,19.311991918410488],[-87.44666225199995,19.31336794441046],[-87.45358358099998,19.31305541841045],[-87.46061053999995,19.319115089410293],[-87.46379805899994,19.32592399741016],[-87.46709999999996,19.32419999941022],[-87.47039999999998,19.325799999410172],[-87.47249999999997,19.323299999410242],[-87.47649999999999,19.326099999410143],[-87.47909999999996,19.32569999941014],[-87.47979999999995,19.3236999994102],[-87.48925427999995,19.32638710041011],[-87.49233361699999,19.323403486410225],[-87.49845237999995,19.321542179410258],[-87.50102421999998,19.324263319410196],[-87.50963544999996,19.319783449410302],[-87.51608981299995,19.308227393410576],[-87.52293316999999,19.305822019410655],[-87.53891062999998,19.30675494941062],[-87.55621097999995,19.296090819410935],[-87.56649250999999,19.285161919411212],[-87.56899747999995,19.27819333941135],[-87.58726467999998,19.264723619411715],[-87.59389597999996,19.25481825941197],[-87.60503022999995,19.248205579412144],[-87.61198782999998,19.24012187941237],[-87.61244424999995,19.23873594941238],[-87.60558379999998,19.246215319412183],[-87.60165296299994,19.24787921341213],[-87.60222529399994,19.241454383412332],[-87.59977284799999,19.24267462441231],[-87.59770392199994,19.249076693412132],[-87.59316079999996,19.251173219412077],[-87.59177099999994,19.25490524941196],[-87.58943137999995,19.254646549412012],[-87.58945794999994,19.259728519411862],[-87.57782271999997,19.26984499941157],[-87.58119999999997,19.26289999941178],[-87.58326443699997,19.261886170411827],[-87.58329999999995,19.254299999411998],[-87.58596904099994,19.2513136304121],[-87.58681255999994,19.24612997441218],[-87.58909999999997,19.246699999412165],[-87.59339416999995,19.236854969412413],[-87.59884824999995,19.23738482941244],[-87.60206372399995,19.233136275412523],[-87.60687353799995,19.230238704412603],[-87.60842820599999,19.222061573412848],[-87.61340603899998,19.216372282412976],[-87.61438518699998,19.210723441413133],[-87.61773753799997,19.20839844441318],[-87.62439999999998,19.191699999413586],[-87.62749999999994,19.188199999413698],[-87.62875591999995,19.18996153941367],[-87.63386316999998,19.187916139413677],[-87.62999999999994,19.18339999941384],[-87.63232164399994,19.18258234141384],[-87.63206488199995,19.183543465413837],[-87.63245035399996,19.183725494413803],[-87.63361459999999,19.17914791941393],[-87.63775857999997,19.177154279413962],[-87.64050958899998,19.179867198413916],[-87.63787790499998,19.181867135413853],[-87.63924499999996,19.182477739413823],[-87.65519127999994,19.181139479413904],[-87.65891067999996,19.186273289413734],[-87.65717939999996,19.190135569413656],[-87.65988721999997,19.190746139413626],[-87.66133956999994,19.188647369413715],[-87.66262784999998,19.189835649413684],[-87.66492547999997,19.187866519413713],[-87.66627265999995,19.19111857941359],[-87.67081713999994,19.18985388941366],[-87.67062524999994,19.19239887941358],[-87.67357685599995,19.19396940941352],[-87.66928811999998,19.1992685194134],[-87.67699196999996,19.198902799413414],[-87.67849147999999,19.199906779413404],[-87.67387408999997,19.20576593941325],[-87.67823813999996,19.205134199413234],[-87.67873005999996,19.207381279413198],[-87.68059607999999,19.207192509413183],[-87.68088110099995,19.206064508413224],[-87.68218361799995,19.205801816413256],[-87.68230927999997,19.21362391941302],[-87.67729464999996,19.216427539412962],[-87.67685034999994,19.219096229412887],[-87.68020025999994,19.21816270941293],[-87.68334457999998,19.220826289412848],[-87.68457475799994,19.220057841412896],[-87.68274482999999,19.218686289412915],[-87.68376399999994,19.218325459412938],[-87.68613650999998,19.220458819412848],[-87.68327994999999,19.22333596941279],[-87.67381891999997,19.223536709412812],[-87.67359656999997,19.227952149412694],[-87.67639717999998,19.229676019412626],[-87.68649999999997,19.23089999941263],[-87.68685111999997,19.23475241941251],[-87.68339999999995,19.23939999941237],[-87.67815370999995,19.24283876941229],[-87.66639999999995,19.257499999411902],[-87.66119999999995,19.260699999411816],[-87.65979999999996,19.26679999941167],[-87.65789999999998,19.2820999994113],[-87.65992327999999,19.287405289411126],[-87.66839999999996,19.291399999411052],[-87.66907214099996,19.295181797410933],[-87.66753684599996,19.297364739410874],[-87.65626853999999,19.302797689410728],[-87.65499999999997,19.3197999994103],[-87.65018128999998,19.339345859409786],[-87.64562457799997,19.346580578409593],[-87.63595547999995,19.37343390940895],[-87.62554547999997,19.380314539408726],[-87.61891585999996,19.381816059408713],[-87.60531999999995,19.3967114794083],[-87.60198347799997,19.398835877408278],[-87.60060650999998,19.398132319408305],[-87.59434183899998,19.40400882540814],[-87.58871397999997,19.403741149408134],[-87.57630671999999,19.41397839940791],[-87.56558671099998,19.41712942740782],[-87.55458764999997,19.42678234940756],[-87.55195110999995,19.42504134940763],[-87.54438756999997,19.428656229407515],[-87.54328116999994,19.42756828940755],[-87.53554308299994,19.429045394407506],[-87.53937178399997,19.425808805407613],[-87.54182342199994,19.420229762407743],[-87.54392032199996,19.420703869407728],[-87.54789550899994,19.41857264640779],[-87.54540621999996,19.417006709407822],[-87.54590714999995,19.418546679407797],[-87.54327431999997,19.419624139407738],[-87.53934640099999,19.418483349407747],[-87.53806037699997,19.41217507440794],[-87.54146751999997,19.39992034940825],[-87.54410503199995,19.397512921408282],[-87.54645208999995,19.399587169408278],[-87.54730450999995,19.396447229408317],[-87.54920205499997,19.39801314740832],[-87.54876507999995,19.39598813940834],[-87.55276694999998,19.395703199408384],[-87.55072539999998,19.39445899940837],[-87.55398060799996,19.392706949408428],[-87.55574735799996,19.39375391240842],[-87.55758418299996,19.392796451408405],[-87.55874304899999,19.39556927840833],[-87.56113102999996,19.39574497940837],[-87.56100587999998,19.394199429408406],[-87.56233250999998,19.396627919408356],[-87.56471037999995,19.397124569408337],[-87.56475757999993,19.394185199408387],[-87.55506490999994,19.391441429408452],[-87.54961686399997,19.3936158824084],[-87.54755599199996,19.39277240740843],[-87.54927165999999,19.39195627940845],[-87.54557724299997,19.391349465408478],[-87.52847684399995,19.39399604540839],[-87.52057442999995,19.399922489408244],[-87.50380290999999,19.42410343640762],[-87.49184401699995,19.436428806407285],[-87.47110559999999,19.444925059407097],[-87.46465394999996,19.452648739406875],[-87.45888356999995,19.455573449406806],[-87.44499748999993,19.468655049406486],[-87.44020251999996,19.46903050940647],[-87.43773028999999,19.47958425940618],[-87.43265579999996,19.486118219406023],[-87.42870910999994,19.49862953940569],[-87.43099097599998,19.507240684405506],[-87.43086153299998,19.51665383140524],[-87.42669862999998,19.523472279405105],[-87.42742815899999,19.531271911404847],[-87.42229928099994,19.538812800404692],[-87.42410512299995,19.545258465404533],[-87.42335195399994,19.551702578404374],[-87.41997502299995,19.55761506340422],[-87.41645389699994,19.55739186940422],[-87.41432697999994,19.56406585940402],[-87.41005679499995,19.598173372403185],[-87.41229943699994,19.60140825040311],[-87.41643641999997,19.600869769403083],[-87.41594704999994,19.601890319403083],[-87.41937066099996,19.603387312403026],[-87.42306748999994,19.61089644940284],[-87.42498065299998,19.610686861402822],[-87.42348746499994,19.61201761240281],[-87.42831277999994,19.61892845940266],[-87.43523855199999,19.62211128540257],[-87.44828164499995,19.632110849402313],[-87.45000488999995,19.639215760402138],[-87.45254258499995,19.641624370402045],[-87.45302442599996,19.647557556401885],[-87.45445439999997,19.648017169401914],[-87.45563879999997,19.642675579402045],[-87.45725451999994,19.64302099940201],[-87.45612810999995,19.63623745940223],[-87.45441129499994,19.633857333402247],[-87.45334848999994,19.63758427940217],[-87.45131210999995,19.63153179940233],[-87.44903299999999,19.630372449402334],[-87.45049244099994,19.629442898402353],[-87.44514787999998,19.622767549402553],[-87.45029999999997,19.616399999402713],[-87.45249999999999,19.61759999940266],[-87.45619999999997,19.6157999994027],[-87.46231798999997,19.607465692402943],[-87.45926514099995,19.60597472240295],[-87.45934128399995,19.607826894402947],[-87.45836046999995,19.607330063402944],[-87.45619999999997,19.602799999403064],[-87.45719999999994,19.600799999403094],[-87.45439999999996,19.602199999403062],[-87.45189999999997,19.600699999403133],[-87.45169999999996,19.595999999403244],[-87.46459999999996,19.59319999940328],[-87.47049999999996,19.590199999403364],[-87.47429999999997,19.591799999403317],[-87.47619999999995,19.588899999403385],[-87.48189999999994,19.587899999403433],[-87.49022541999994,19.59026267940334],[-87.49260465999998,19.589672479403387],[-87.49209999999994,19.587899999403433],[-87.49540000099995,19.585799999403495],[-87.50019999999995,19.587699999403423],[-87.50109999999995,19.59049999940339],[-87.50478839999994,19.590131979403353],[-87.50419999999997,19.588499999403428],[-87.50719999999995,19.586699999403486],[-87.50199999999995,19.58059999940363],[-87.50869999999998,19.581799999403575],[-87.50989999999996,19.57639999940372],[-87.50449999999995,19.57459999940375],[-87.50279999999998,19.575699999403735],[-87.49239999999998,19.570699999403868],[-87.49999999999994,19.569299999403917],[-87.50249999999994,19.570399999403893],[-87.50679999999994,19.56829999940391],[-87.50789999999995,19.564099999404043],[-87.51029999999997,19.56489999940399],[-87.51499999999999,19.56309999940409],[-87.52549999999997,19.546399999404507],[-87.52569999999997,19.540499999404663],[-87.53129999999999,19.545099999404524],[-87.53679999999997,19.546599999404506],[-87.53447952299996,19.54788551940443],[-87.53629999999998,19.55039999940438],[-87.53324636699995,19.552938305404325],[-87.53359999999998,19.557199999404197],[-87.53149999999994,19.55769999940422],[-87.53146114999998,19.561963749404125],[-87.53399319999994,19.561089249404123],[-87.53529999999995,19.557399999404186],[-87.53809999999999,19.55769999940422],[-87.53789999999998,19.559699999404174],[-87.54009417999998,19.561638019404096],[-87.54516216999997,19.56115661940414],[-87.55041668999996,19.56609944940397],[-87.58250164999998,19.556452579404226],[-87.61007667999996,19.554100179404287],[-87.62407941999999,19.54744630940447],[-87.63275896999994,19.538399379404694],[-87.63774179999996,19.52400554940505],[-87.64728093999997,19.513107999405335],[-87.65044293999995,19.50516664940554],[-87.65595871999994,19.503923139405575],[-87.65868808999994,19.500251139405666],[-87.66313007999997,19.500723089405675],[-87.66253811999997,19.504112719405555],[-87.66949999999997,19.50099999940564],[-87.66871833999994,19.50584901940551],[-87.67169999999999,19.507499999405482],[-87.67012076999998,19.50990357940545],[-87.66715667999995,19.51011488940544],[-87.66352984999997,19.513190939405366],[-87.66899999999998,19.512599999405385],[-87.66883450999995,19.516174749405273],[-87.67283428999997,19.517251029405262],[-87.67297733999999,19.519014419405217],[-87.66414853999999,19.521119169405168],[-87.66379999999998,19.52939999940494],[-87.67029999999994,19.52859999940494],[-87.67299999999994,19.529999999404886],[-87.67229999999995,19.532999999404858],[-87.67638370999998,19.534687429404816],[-87.68724030499999,19.530473383404914],[-87.68644475999997,19.533043503404816],[-87.68385757999994,19.53321013940483],[-87.67772522599995,19.53786607540472],[-87.66935708999995,19.537550719404738],[-87.67362898299996,19.54037700140467],[-87.67386901999998,19.54366327940455],[-87.66704671999997,19.549221279404417],[-87.66976248999998,19.550710139404366],[-87.67677994499996,19.56936268340392],[-87.68921902999995,19.56688391940398],[-87.69319008999997,19.561622229404126],[-87.68967977999995,19.564751779404023],[-87.68268982999996,19.565314999404006],[-87.68354384999998,19.566015199403974],[-87.68213705999995,19.56665644940397],[-87.67639999999994,19.563799999404072],[-87.68163127999998,19.55810499940421],[-87.68719756999997,19.55709819940422],[-87.68999928999995,19.553081089404298],[-87.69544894999996,19.5531634894043],[-87.69989177899998,19.54971941040442],[-87.70199213599994,19.55020940340439],[-87.70658635499996,19.555974077404276],[-87.71239005599995,19.557694144404184],[-87.71387107499999,19.561224358404118],[-87.71312749299994,19.568395459403906],[-87.70807571999995,19.571150289403857],[-87.70758065999996,19.573060029403777],[-87.72067791899997,19.57790675940371],[-87.72372802999996,19.574989419403774],[-87.72497814999997,19.576860379403698],[-87.72851110499994,19.576426735403704],[-87.73022241299998,19.58147238240362],[-87.73491077999995,19.583942629403502],[-87.73259933999998,19.584905939403516],[-87.72690592099997,19.58270411040358],[-87.72676137999997,19.585342909403515],[-87.72344821999997,19.587486599403423],[-87.73295281999998,19.585334659403507],[-87.73661427999997,19.585609987403483],[-87.73734185999996,19.587320769403473],[-87.73889481999998,19.586519749403458],[-87.74086248999998,19.589597059403417],[-87.74366465999998,19.590225999403348],[-87.74570439999997,19.59394170940326],[-87.74566987999998,19.59818557940318],[-87.74847245999996,19.599479979403153],[-87.74840062199996,19.603120044403024],[-87.74437273999996,19.608477999402915],[-87.74579536699997,19.60988830240287],[-87.74225850999994,19.6127126594028],[-87.74329098399994,19.61650677240268],[-87.74071159999994,19.61787142940265],[-87.74238493999997,19.619111199402667],[-87.74037554999995,19.621536596402567],[-87.74210660799997,19.62499276340251],[-87.73963210999995,19.640930509402065],[-87.73840073999997,19.6411734794021],[-87.74288990899998,19.64788937940189],[-87.74157302999998,19.652873909401762],[-87.74335485999995,19.655076279401733],[-87.74223389599996,19.66373127140152],[-87.74045637599994,19.666170398401448],[-87.73124060999999,19.664828004401485],[-87.73218948999994,19.669071179401367],[-87.72726337999995,19.67032567040134],[-87.72780109899998,19.66902537340137],[-87.72594000299995,19.6685874334014],[-87.72210797999998,19.671219679401293],[-87.70787257999996,19.674530139401234],[-87.69342842999998,19.68107816940104],[-87.67621694999997,19.682265279401005],[-87.66895517999995,19.68101830940108],[-87.66610425199997,19.682597509401027],[-87.65669234999996,19.681351449401024],[-87.65100057699999,19.688331601400893],[-87.64909999999998,19.688099999400904],[-87.64997669399997,19.684722127400946],[-87.65176805199997,19.684074002400955],[-87.65118723299997,19.68090213240108],[-87.65335402299996,19.67957933940108],[-87.65079999999995,19.675599999401175],[-87.65659999999997,19.660399999401577],[-87.65599999999995,19.655999999401708],[-87.66049999999996,19.651299999401818],[-87.65758305999998,19.64967270940187],[-87.65703336999997,19.64693113940193],[-87.66337291999997,19.647430739401923],[-87.66287993999998,19.64429533940199],[-87.65862719999996,19.641749599402036],[-87.66167205999994,19.64082908940211],[-87.65874073999998,19.640157829402128],[-87.66048354999998,19.63783262940217],[-87.65949688999996,19.637222449402156],[-87.66727950999996,19.638489549402127],[-87.66068501999996,19.634262709402226],[-87.66279599999996,19.633936679402243],[-87.66215112299994,19.632742194402283],[-87.66543207999996,19.63288121940229],[-87.66341113999994,19.63175199940234],[-87.66783025999996,19.63048070940232],[-87.66635814999995,19.630445289402367],[-87.66761099999997,19.628557419402394],[-87.67791313999999,19.629723799402342],[-87.67978171999994,19.628852879402405],[-87.66902271999999,19.62748370940241],[-87.67244759999994,19.62567497940246],[-87.68094840199996,19.624958236402477],[-87.68746974999999,19.627965339402422],[-87.68939567999996,19.62622468940248],[-87.67641376999995,19.621318029402577],[-87.68132879999996,19.62004914940263],[-87.68399050999994,19.621471139402566],[-87.67933768999995,19.61457788940278],[-87.67073237999995,19.61474567940276],[-87.66677942999996,19.616488119402703],[-87.65285886499998,19.64999838340188],[-87.64280947999998,19.688030730400854],[-87.63465108999998,19.698410419400645],[-87.62873471999995,19.710364649400294],[-87.61561074199994,19.724619155399967],[-87.60896893299997,19.73712076639961],[-87.60651644199999,19.73904225839956],[-87.60259033099999,19.750010383399324],[-87.59481188599995,19.76369186439896],[-87.58777273999993,19.771891369398748],[-87.58523753999998,19.771925289398762],[-87.58701073099996,19.774332401398663],[-87.57865620499996,19.790261108398262],[-87.56854822999998,19.795867279398124],[-87.56188029899994,19.8047678423979],[-87.55459866499996,19.808471956397828],[-87.55159841999995,19.804958419397906],[-87.55230761999997,19.80030810939804],[-87.54524134299999,19.79572627939815],[-87.54294031999996,19.797302769398097],[-87.54415942999998,19.799391279398062],[-87.54019999999997,19.79969999939802],[-87.53773150999996,19.79702913939812],[-87.53325148999994,19.795553659398156],[-87.52574253999995,19.796667739398103],[-87.52160125999995,19.800871349397983],[-87.51503970699997,19.798971721398043],[-87.50267767999998,19.80664316939785],[-87.49772293999996,19.806903629397834],[-87.49381257999994,19.810889509397757],[-87.49084572899994,19.824109537397447],[-87.48723291999994,19.82476805939742],[-87.48625071999999,19.826891089397357],[-87.48834059599994,19.82895841539729],[-87.48752206199998,19.833058226397185],[-87.48420806799999,19.837498300397073],[-87.47991290199997,19.83960973139702],[-87.47769762399997,19.8492179943968],[-87.47433306599999,19.855268964396632],[-87.46412517899995,19.861291380396487],[-87.46176131999994,19.861021979396476],[-87.45937393999998,19.858391049396523],[-87.45977730899995,19.866695968396325],[-87.45517831999996,19.874743709396153],[-87.45646137099999,19.881294985395986],[-87.45383206699995,19.885271064395866],[-87.45048416499998,19.88564939839585],[-87.44745061999998,19.89020581939576],[-87.44999576999999,19.890710909395747],[-87.45289821999995,19.88833925939581],[-87.45916669899998,19.88769400139582],[-87.45956365699999,19.891270471395703],[-87.46355401299996,19.893845999395666],[-87.46401219699999,19.905470243395392],[-87.45728492599994,19.917080048395064],[-87.45877970399994,19.917950693395067],[-87.46014688999998,19.91545601939508],[-87.46245816799996,19.916039403395104],[-87.46567133699995,19.923241067394898],[-87.46493370399998,19.92858533739479],[-87.46916854899996,19.9319915353947],[-87.47297866099996,19.93816028839454],[-87.47169585499995,19.9438233873944],[-87.46740128999994,19.94507293939435],[-87.46186147999998,19.94201321939441],[-87.45970084999999,19.93828461939453],[-87.45773477999995,19.938289689394512],[-87.45665348999995,19.93348308939463],[-87.45771644999996,19.932542459394664],[-87.45590821999997,19.929889739394767],[-87.46084302999998,19.927254379394785],[-87.45890679999997,19.924810429394853],[-87.45493050999994,19.92209379939492],[-87.45021264999997,19.921562059394955],[-87.43974979999996,19.910952429395238],[-87.43649476999997,19.910157749395246],[-87.43826676099997,19.913166231395156],[-87.43615751999994,19.912075939395162],[-87.43643756299997,19.915000613395144],[-87.43531367999998,19.915231939395134],[-87.43522033999994,19.911842139395176],[-87.43293418599995,19.90861975539529],[-87.43116074999995,19.888260799395816],[-87.43291333999997,19.886451719395826],[-87.43853462999994,19.887394539395817],[-87.43800311999996,19.88546288939586],[-87.43749181999999,19.886624999395828],[-87.43351319099997,19.885947855395834],[-87.44195441999995,19.87541184939611],[-87.43851070999995,19.866422429396355],[-87.44880833999997,19.851373969396736],[-87.45202007999995,19.836975229397115],[-87.46493677999996,19.83676674939709],[-87.46684548999997,19.838386769397065],[-87.46685614999996,19.836146619397088],[-87.47207516999998,19.8325538793972],[-87.47262027999994,19.83060714939726],[-87.47262622999995,19.832621889397203],[-87.46944728999995,19.83561479939712],[-87.47048004999994,19.836886999397095],[-87.47249799999997,19.835836459397132],[-87.47591530999995,19.831679479397245],[-87.47530378699997,19.828860075397323],[-87.47689907999995,19.8283954793973],[-87.47413241999999,19.826908139397368],[-87.47504177999997,19.825674549397363],[-87.47250147399996,19.826021880397356],[-87.47499073999995,19.82483859939743],[-87.47397114999995,19.822349619397485],[-87.47793536999995,19.817113349397612],[-87.47667964199997,19.817231225397588],[-87.47710573999996,19.81492119939768],[-87.48016971999994,19.813615249397696],[-87.48019285999999,19.811359461397736],[-87.48256022999999,19.81231104939774],[-87.48328025999996,19.811223709397737],[-87.48090131999999,19.80806833939782],[-87.48106228999995,19.803483319397962],[-87.48719102999996,19.80129602939801],[-87.48517293999998,19.79375131939822],[-87.48647039999997,19.78695819939838],[-87.47561359999997,19.78401450939847],[-87.47565613999996,19.781536979398517],[-87.48109139999997,19.781192119398536],[-87.47698987999996,19.777215649398634],[-87.46962318399994,19.78023300839852],[-87.46828485599997,19.783612081398456],[-87.47675379499998,19.803296012397915],[-87.47691619299997,19.80821233539784],[-87.47386707999999,19.818753489397572],[-87.47248081899994,19.81884918039758],[-87.46757429299998,19.828022619397334],[-87.45901822699994,19.83316225539718],[-87.45204878499999,19.834395767397147],[-87.44855840199995,19.839048280397034],[-87.44410570899998,19.853154922396673],[-87.43541841599995,19.865201855396393],[-87.43620839699997,19.8724144773962],[-87.42993597099996,19.886185418395865],[-87.43213881899999,19.90824111439531],[-87.43598022099997,19.927031877394807],[-87.43748879899994,19.929915783394755],[-87.44016331299997,19.930753354394714],[-87.44809181999995,19.929168969394752],[-87.45247147999999,19.93323964939469],[-87.45763355399998,19.947286206394296],[-87.46504129199997,19.95863111939403],[-87.46466903699996,19.96614839139381],[-87.46668919999996,19.97026295539372],[-87.46795269299997,19.98036233939347],[-87.46381580999997,19.985974060393325],[-87.46432632299997,19.994507402393115],[-87.47153802999998,19.992473859393186],[-87.47623124299997,19.999200889393],[-87.47824854999999,20.007226149392796],[-87.47589246299998,20.020685479392455],[-87.47888663399993,20.041375559391945],[-87.47659164399994,20.05806656739153],[-87.47803198399998,20.076008910391046],[-87.47277694399997,20.102341811390424],[-87.45792086699998,20.14976144738921],[-87.43962536899994,20.19261116938815],[-87.43101721599999,20.20381961438784],[-87.43010933299996,20.210729093387666],[-87.42435954799998,20.224189125387344],[-87.41639371499997,20.232670967387108],[-87.40975025999995,20.244114747386856],[-87.40049516799996,20.253032184386615],[-87.39090042199996,20.266018996386308],[-87.38595626399996,20.269398473386225],[-87.38199541399996,20.267211273386238],[-87.37817451299998,20.27401857938611],[-87.38122880999998,20.277757157385984],[-87.37894588999995,20.283557219385834],[-87.37533486399997,20.286002814385817],[-87.37019815899998,20.28403456438586],[-87.36757361399998,20.28595407538579],[-87.37338949599996,20.28681877138577],[-87.37453333899998,20.290609887385678],[-87.37260637199995,20.29111512638568],[-87.37002465699999,20.295718590385523],[-87.36356900099997,20.293946189385583],[-87.36382836199994,20.29593779738556],[-87.36145520599996,20.29820342538548],[-87.35516740099996,20.31232369638514],[-87.35643313999998,20.315115047385063],[-87.35421452199995,20.314864934385078],[-87.35335077699995,20.319561990384948],[-87.35092967599996,20.321432246384923],[-87.35412160399994,20.325632114384824],[-87.35385774499997,20.3296545053847],[-87.34875384899999,20.333457883384593],[-87.34702788599998,20.339237437384458],[-87.34140250399997,20.341643110384403],[-87.33865676499994,20.346691927384256],[-87.33950385299994,20.351393742384175],[-87.33552206299998,20.3530298603841],[-87.33802596999999,20.356391681384004],[-87.33342492499997,20.35648731638405],[-87.33109287499997,20.361522305383886],[-87.33173537999994,20.366518919383754],[-87.32820397099994,20.37206534038364],[-87.32336166999994,20.374663437383543],[-87.32230556599995,20.376941870383504],[-87.32410443899994,20.381749571383388],[-87.32292451599994,20.386515467383244],[-87.31465984999994,20.39545462938307],[-87.31269625899995,20.396040450383023],[-87.31146784499998,20.39433568138311],[-87.31004873399996,20.39570720238302],[-87.30746797899997,20.400658509382904],[-87.30925328899997,20.402842219382848],[-87.30858927899999,20.40556721938277],[-87.30339877499995,20.40701239838276],[-87.30355541999995,20.410943149382646],[-87.30127963099994,20.410909781382646],[-87.30187659999996,20.41413670938257],[-87.29811424999997,20.415844119382527],[-87.29136733199994,20.426720401382283],[-87.29288078799999,20.428895918382235],[-87.29031430199996,20.42867831638222],[-87.28817611799997,20.431366631382158],[-87.28894373199995,20.432891628382105],[-87.28414079999999,20.437585969382006],[-87.28511113999997,20.4421003193819],[-87.28223962999994,20.446063059381764],[-87.26686569999998,20.457180907381524],[-87.25288307999995,20.477520739381006],[-87.24504211999994,20.479719319380983],[-87.24634857999996,20.48485407938083],[-87.24159787499997,20.485555453380822],[-87.23894893999994,20.48913487938071],[-87.23671688699994,20.48812003638074],[-87.23436644999998,20.492737638380618],[-87.23050927799994,20.492695522380647],[-87.23259059199995,20.493265498380644],[-87.23246037899997,20.495622030380545],[-87.23084297999998,20.49414237038062],[-87.23071928899998,20.494191619380576],[-87.23229076899997,20.49566084938054],[-87.23130822899998,20.49737082038053],[-87.22691825999999,20.49899265938048],[-87.22364388899996,20.49695496938051],[-87.21864344999995,20.50384099938033],[-87.21745573899994,20.503334089380395],[-87.21827821899996,20.502389200380378],[-87.19569937099999,20.517285843380037],[-87.19321069299997,20.51916097837998],[-87.19293496999995,20.5219104893799],[-87.18976877999995,20.521796089379926],[-87.18609425999995,20.529725309379728],[-87.18080662999995,20.532479369379633],[-87.17486897499998,20.532105143379674],[-87.16898266499999,20.53581281937956],[-87.15713644999994,20.546886579379276],[-87.15328525599995,20.548542007379215],[-87.15269245999997,20.551424689379154],[-87.14639685999998,20.55600484937903],[-87.14280785999995,20.56241277937889],[-87.13693771999993,20.56511257937884],[-87.13379877899996,20.563986017378852],[-87.13358445499995,20.565679806378803],[-87.13023149099996,20.566921321378786],[-87.12144041399995,20.576518797378554],[-87.11853939999997,20.57735471937856],[-87.09885163499996,20.592633915378173],[-87.07911750999995,20.6142461993776],[-87.07518762999996,20.62075659937745],[-87.07277425199999,20.619069654377487],[-87.07468268399998,20.621221876377426],[-87.07143138899994,20.62544970237735],[-87.06863861999994,20.627887479377254],[-87.06482029399996,20.626555676377322],[-87.06663201599997,20.627864974377257],[-87.06569637999996,20.629955169377254],[-87.05924497899997,20.635775163377094],[-87.05345538699999,20.646844892376798],[-87.04708870899998,20.64795460537678],[-87.04492815899994,20.652410859376644],[-87.03623570999997,20.660044059376506],[-87.03176334499994,20.661980563376414],[-87.02676798999994,20.66973401837623],[-87.02180183799999,20.674255545376123],[-87.01840339999995,20.69073731937571],[-87.01024257999995,20.702374109375437],[-87.00577236999999,20.70522085937537],[-87.00266184999998,20.705217369375386],[-86.99767482999994,20.710682489375248],[-86.98770599399995,20.714340521375128],[-86.98014982999996,20.720849449374985],[-86.97848056999999,20.720291228374997],[-86.97918653899995,20.72155421437494],[-86.97767147799999,20.72280003737494],[-86.97547469899996,20.723955147374912],[-86.97413081299999,20.722967224374923],[-86.97346392999998,20.723747926374887],[-86.97540639599998,20.723979315374912],[-86.96273159999998,20.730089999374773],[-86.96525176999995,20.73743048937459],[-86.96415871999994,20.747800369374318],[-86.96141074999997,20.74947682937426],[-86.95714234999997,20.758967949374046],[-86.95021077599995,20.763307207373945],[-86.94640656999997,20.768325399373797],[-86.94045322999995,20.782329219373477],[-86.93492033999996,20.787425659373348],[-86.92024554999995,20.808005819372838],[-86.91012997999997,20.812466889372732],[-86.90473524999999,20.812385919372726],[-86.89335474999996,20.82856197937235],[-86.89241167999995,20.829308889372303],[-86.89084113999996,20.827652709372348],[-86.88982805999996,20.828243229372347],[-86.89187422999998,20.8289949493723],[-86.89016924199996,20.829491379372286],[-86.89065836699996,20.830126096372297],[-86.88999651999995,20.83132934937224],[-86.88905556999998,20.827847489372356],[-86.88805625999998,20.830452249372303],[-86.88968601999994,20.831986049372258],[-86.88188736999996,20.84109922937202],[-86.87932716999995,20.843062309371973],[-86.87881644999999,20.84059822937204],[-86.87792507999995,20.841401829372018],[-86.87880289299994,20.843349379371972],[-86.87375762999994,20.847109889371886],[-86.87468905999998,20.847540969371877],[-86.86488104599994,20.8737317773712],[-86.86410222999996,20.881875289371],[-86.86053885999996,20.891216149370784],[-86.84646811999994,20.904798139370428],[-86.84421108999999,20.92017808937006],[-86.83806439999995,20.928655029369885],[-86.83684099999994,20.945563569369448],[-86.83420977099996,20.95715724936914],[-86.82991482999995,20.966895139368955],[-86.82872085999998,20.979592019368614],[-86.82194494999999,21.00128008936806],[-86.81296834999995,21.023054249367533],[-86.80980030999996,21.029186139367386],[-86.80046756899998,21.035190470367287],[-86.79210570999999,21.034021539367266],[-86.78765510999995,21.02980467936738],[-86.78208157999995,21.03194705936733],[-86.77981944999999,21.03101501936734],[-86.77862885999997,21.032534979367313],[-86.77737274999998,21.03689144936721],[-86.77895671199997,21.03626459836723],[-86.78110584099994,21.03889533036716],[-86.78150154499997,21.04928500836694],[-86.77025666899993,21.084823852366043],[-86.76074435699996,21.107430913365516],[-86.75107322899999,21.12551486436508],[-86.74575422099997,21.132531954364875],[-86.74350110899996,21.133634597364882],[-86.74243842199996,21.132127888364902],[-86.74059941999997,21.134896449364817],[-86.74100788899995,21.138299739364736],[-86.74355039299996,21.136290373364794],[-86.74963496699996,21.1397767453647],[-86.75598664999995,21.13673501936479],[-86.76194982299995,21.13664272536478],[-86.77998311999994,21.146377279364515],[-86.78810601999999,21.143475089364603],[-86.78848323399995,21.147022694364505],[-86.80024679999997,21.15814117936423],[-86.80303329299994,21.16682405736403],[-86.80330345299996,21.169075119364],[-86.80182189399994,21.169883360364],[-86.80413633599994,21.16898024136397],[-86.80332493199995,21.170429254363953],[-86.80472706699999,21.17092334636393],[-86.80691368999999,21.17949107936373],[-86.80708035399994,21.18228792136368],[-86.80537600099996,21.181985812363667],[-86.80535532399995,21.182258978363652],[-86.80708464299994,21.18232985536365],[-86.80700468699996,21.18369561036366],[-86.80451053599995,21.182690526363643],[-86.80443129999998,21.18443134036362],[-86.80706018899997,21.184232631363606],[-86.80636525499995,21.190865301363488],[-86.80501752799995,21.190345627363477],[-86.80490140999996,21.190791062363473],[-86.80635192999995,21.19089956536345],[-86.80443371699994,21.203311517363183],[-86.80305548799998,21.20303885736319],[-86.80381159699994,21.202047142363213],[-86.80319575499999,21.202256121363174],[-86.80293340999998,21.203388829363146],[-86.80443011999995,21.20336083536317],[-86.80432705999993,21.204773449363127],[-86.80074394999997,21.213544259362905],[-86.80200568999999,21.229510289362537],[-86.80116004599995,21.23328646836244],[-86.80021180999995,21.2331390503624],[-86.79958934299998,21.233142857362445],[-86.80127757099996,21.234591473362414],[-86.80100368099994,21.238701186362302],[-86.79978500099998,21.239198810362296],[-86.80143100999999,21.23873525836231],[-86.80168463299998,21.240005089362295],[-86.80006975699996,21.24032004636227],[-86.80154502299996,21.24020273936223],[-86.80431630199996,21.24510054236213],[-86.81087306899997,21.26246031036171],[-86.80973528099997,21.263164050361695],[-86.81101563599998,21.262847419361744],[-86.81198984999997,21.26549262936164],[-86.81551404999999,21.279194309361305],[-86.81573765999997,21.286801109361125],[-86.81387393999995,21.29239813936099],[-86.81270785999999,21.299428629360794],[-86.81160177999999,21.30303344936073],[-86.79705853999997,21.328576509360136],[-86.79040002999994,21.345640999359713],[-86.79114694999998,21.376421399358932],[-86.78984908999996,21.388742459358667],[-86.79370665999994,21.39759994935843],[-86.79580479399993,21.412256632358066],[-86.80132235699995,21.41235238235807],[-86.79632915299999,21.41098612635813],[-86.79799103299996,21.410325007358125],[-86.79630042599996,21.409728952358172],[-86.79911485199995,21.406702754358204],[-86.79823480899995,21.40727620435824],[-86.79831285499995,21.404417044358294],[-86.79994762999996,21.402381489358326],[-86.79658738899997,21.395171767358526],[-86.79825581999995,21.394391259358557],[-86.79437971999994,21.388152349358663],[-86.79830111999996,21.38856874935867],[-86.79505407999994,21.385918089358753],[-86.79921973999996,21.38879885935868],[-86.80389837999996,21.400046149358374],[-86.80517731999998,21.408943799358156],[-86.80983471999997,21.4129052793581],[-86.81514960399994,21.413907473358044],[-86.82206793999995,21.420090819357892],[-86.82360530999995,21.419889509357937],[-86.82792068999998,21.412998049358084],[-86.82648504999997,21.409706649358146],[-86.82077196099993,21.409184258358145],[-86.82343457799999,21.406795755358246],[-86.82242187899999,21.404745136358304],[-86.81758556999995,21.40398034935828],[-86.81577268999996,21.400810249358383],[-86.81005704999995,21.398560289358404],[-86.81349580699998,21.393036641358535],[-86.80466165999997,21.3828689493588],[-86.80568657999999,21.375239249358984],[-86.80049161999995,21.37390107935902],[-86.79487402999996,21.365515629359226],[-86.79642361999998,21.363558429359287],[-86.79418874999999,21.35998991935934],[-86.79551944999997,21.358511919359408],[-86.79528405999997,21.35034811935958],[-86.79658650999994,21.347893539359628],[-86.79292442199994,21.345659869359736],[-86.79254272899999,21.342364274359756],[-86.79638384599997,21.337839229359897],[-86.79552462199996,21.336779893359946],[-86.79903087699995,21.328832850360126],[-86.80209572599995,21.325782509360206],[-86.81781160599996,21.31892275236034],[-86.82132511799995,21.315974600360427],[-86.82291186199996,21.31061664836056],[-86.82228347999995,21.305338079360705],[-86.82744919999999,21.296326259360903],[-86.82678177999998,21.29509791936092],[-86.82583391299994,21.2974381693609],[-86.82464776999996,21.289504799361048],[-86.82312971499994,21.287799615361084],[-86.82476107399998,21.28637955336115],[-86.82032195099998,21.284759616361207],[-86.82400107399997,21.283741682361224],[-86.82115000399995,21.283026416361196],[-86.82110610299998,21.28178160136122],[-86.82470539099995,21.281947553361245],[-86.82499092599994,21.2796262693613],[-86.82734373699998,21.279057102361335],[-86.82849349199995,21.282196920361223],[-86.83032805699997,21.282632362361245],[-86.83688442399995,21.27254773036146],[-86.83092543799995,21.272391816361452],[-86.82945538999996,21.267450052361617],[-86.83148554599995,21.261447624361768],[-86.83047429499999,21.25839108536184],[-86.83156302999998,21.253725689361946],[-86.82315927999997,21.25144819936196],[-86.82377894699994,21.25021359336204],[-86.82060426299995,21.245498103362102],[-86.82271331999993,21.24582310936213],[-86.82346759399996,21.243991578362184],[-86.83151365999998,21.248511089362033],[-86.83407267999996,21.246639779362123],[-86.84318213999995,21.251897429361975],[-86.84415511999998,21.250592999361988],[-86.84850019999999,21.25187302936199],[-86.85091625999996,21.255861849361857],[-86.85410725999998,21.262787089361737],[-86.85369901999997,21.266853459361613],[-86.85586651999995,21.271906689361483],[-86.85345777999999,21.27632322936139],[-86.86142508999995,21.28722610936113],[-86.86116221999998,21.292023569360982],[-86.85886653999995,21.2956230793609],[-86.86321274999995,21.299092179360844],[-86.86427267999994,21.303871999360734],[-86.86446234999994,21.3134515993605],[-86.86106934999998,21.318781179360336],[-86.86180808999995,21.323057509360275],[-86.87447893999996,21.344547179359754],[-86.87561477999998,21.353221949359497],[-86.87918387999997,21.36005002935934],[-86.88026502999998,21.369615309359098],[-86.88546077999996,21.386206219358744],[-86.88457070999993,21.392037689358574],[-86.88696930999998,21.396415509358476],[-86.88673621999999,21.40354619935831],[-86.89233419999994,21.411346629358093],[-86.89671178099996,21.410420464358168],[-86.89898205999998,21.417824279357944],[-86.90715937999994,21.425495569357796],[-86.91037471299995,21.436049598357528],[-86.91896111699998,21.440188194357443],[-86.92066151999995,21.446668169357277],[-86.92309347999998,21.44782128935722],[-86.92551859999998,21.45228288935713],[-86.92599750999995,21.456152879357028],[-86.92980300099998,21.456588078357004],[-86.93298587999999,21.46180661935691],[-86.93428758599998,21.464799416356826],[-86.93308855899994,21.464999865356795],[-86.93580953399999,21.468623585356724],[-86.93499522099995,21.46958592035669],[-86.94083970999998,21.47553819935659],[-86.94213132099998,21.475249100356557],[-86.94435148999997,21.479812259356486],[-86.95245547999997,21.48859491935623],[-86.94860770999998,21.491848319356162],[-86.94757157999999,21.495246579356127],[-86.95231888999996,21.514686739355632],[-86.95531750999999,21.516710309355595],[-86.96737370999995,21.534268969355125],[-86.97332011999998,21.53999024935505],[-86.97592668999994,21.547602309354847],[-86.97732724999997,21.549007949354777],[-86.98365350499995,21.545906879354902],[-86.98024225799998,21.548908768354778],[-86.99139550999996,21.563541339354426],[-86.99278899899997,21.562234689354458],[-86.99307268999996,21.560458859354508],[-86.98870367999996,21.5578744793546],[-86.98782567999996,21.55486494935463],[-86.98565290999994,21.555421199354658],[-86.98649869399998,21.553218867354694],[-86.98508196299997,21.55147424635473],[-86.98979032099999,21.55455136535468],[-86.99014367099994,21.55684159635463],[-86.99247673299999,21.555946919354632],[-86.99212992599996,21.553444915354685],[-86.99043099099998,21.555664953354654],[-86.99019279299995,21.55280495935472],[-86.99149935499997,21.55176299335474],[-86.99232383799995,21.553015780354702],[-86.99154932399995,21.551320414354773],[-86.99335830899997,21.549955198354787],[-86.99594458499996,21.55257176835471],[-86.99722949399995,21.55173003435473],[-86.99525751599998,21.550983478354723],[-86.99769527299998,21.548358338354834],[-86.99765942999994,21.541354029354963],[-86.99005474999996,21.543281779354913],[-86.98357456999997,21.53896470935506],[-86.98143976999995,21.539395769355032],[-86.97020445999999,21.531332819355217],[-86.96960037999997,21.529128139355297],[-86.97651701999996,21.52377294935538],[-86.97741079999997,21.521059919355444],[-86.97739025999994,21.51605019935559],[-86.97436104999997,21.512331059355688],[-86.97482719999994,21.510542419355712],[-86.98210741999998,21.519372449355508],[-86.98167744999995,21.524871909355376],[-86.98883279999995,21.52596297935533],[-86.99662510999997,21.535281339355116],[-86.99935457999999,21.535914169355127],[-87.00046076299998,21.540502084355023],[-87.00234227999994,21.54155407935496],[-87.00100850999996,21.54534728935489],[-87.00396957999999,21.544049569354897],[-87.00574504999997,21.552237219354726],[-87.00705759999994,21.551058309354737],[-87.01030510999999,21.557443309354607],[-87.01381031999995,21.556933019354585],[-87.01761594999994,21.55903816935458],[-87.02320581999999,21.55710877935464],[-87.02581804999994,21.55976571935451],[-87.02595510999998,21.55749410935459],[-87.02732976999994,21.557793919354587],[-87.02939253999995,21.56190813935451],[-87.02934624999995,21.559593709354555],[-87.03149965999995,21.55873610935455],[-87.03269148999999,21.560964599354485],[-87.03676547999999,21.56066347935454],[-87.03821742999997,21.56427053935444],[-87.04165457999994,21.56587696935437],[-87.04550239999998,21.562798619354428],[-87.05327797999996,21.567204849354354],[-87.06598027999996,21.570451579354277],[-87.07869725999996,21.57841931935407],[-87.07524971999999,21.58222110935398],[-87.08274994999994,21.584795199353923],[-87.08375715399995,21.58847457635385]]],[[[-87.39197874999996,18.37446924943496],[-87.38779991999996,18.37537131943493],[-87.38855394999996,18.377041919434895],[-87.39463244999996,18.380767219434784],[-87.39197874999996,18.37446924943496]]],[[[-87.39950708999999,18.379801279434787],[-87.40702793999998,18.39036893943451],[-87.40878627999996,18.390140399434557],[-87.40965988999994,18.38636773943461],[-87.40839414999994,18.380289259434782],[-87.40256241999998,18.377641419434838],[-87.39950708999999,18.379801279434787]]],[[[-87.41251104999998,18.391037249434525],[-87.41200131999994,18.395055599434386],[-87.41748867999996,18.399572779434266],[-87.42133342999995,18.39929153943428],[-87.42074025999995,18.39585385943438],[-87.41251104999998,18.391037249434525]]],[[[-87.42697533999996,18.402873479434188],[-87.42603882999998,18.405466709434123],[-87.43006694999997,18.40952113943401],[-87.43113713999998,18.408454659434074],[-87.42915493999999,18.404798019434132],[-87.42697533999996,18.402873479434188]]],[[[-87.43916371999995,18.420203999433756],[-87.43414373999997,18.420927089433754],[-87.43452845999997,18.423079979433677],[-87.43756533999994,18.423173419433674],[-87.43916371999995,18.420203999433756]]],[[[-87.43924157999999,18.428457339433493],[-87.43699122999999,18.430589449433484],[-87.43918648999994,18.452729679432892],[-87.44175977999998,18.46023977943269],[-87.44529261999998,18.462417449432614],[-87.44739876999995,18.460041459432713],[-87.44359973999997,18.450233139432928],[-87.44182959999995,18.429726059433502],[-87.43924157999999,18.428457339433493]]],[[[-87.44456282999994,18.47541496943227],[-87.44069068999994,18.478817319432224],[-87.44174982999994,18.49238364943181],[-87.44063777999997,18.507285219431424],[-87.43715896999998,18.516134549431232],[-87.44057981999998,18.51869284943113],[-87.44205545999995,18.517386769431155],[-87.44504948999997,18.50069696943161],[-87.44482287999995,18.488246819431932],[-87.44704919999998,18.480219659432162],[-87.44719250999998,18.476163819432283],[-87.44456282999994,18.47541496943227]]],[[[-87.43654001999994,18.555381819430167],[-87.43460554999996,18.55897268943012],[-87.43673874999996,18.56231839942999],[-87.43920908999996,18.560361379430073],[-87.43862356999995,18.55588364943017],[-87.43654001999994,18.555381819430167]]],[[[-87.36191944999996,18.38514451943465],[-87.35817842999995,18.390314819434554],[-87.35651677999994,18.400356939434257],[-87.34658365999996,18.410468629433968],[-87.33940871999994,18.42306499943368],[-87.33800110999994,18.42908670943349],[-87.32956827999999,18.438932739433234],[-87.32293145999995,18.456561119432802],[-87.32004481999996,18.49263408943181],[-87.32737734999995,18.51201079943131],[-87.33098362999993,18.526431739430976],[-87.32441873999994,18.535703849430707],[-87.32316827999995,18.540374379430588],[-87.31201627999997,18.550508579430304],[-87.31442567999994,18.555453169430216],[-87.31919557999998,18.554522919430223],[-87.32429685999995,18.549295599430348],[-87.32863591999995,18.539172479430604],[-87.33311808999997,18.53348893943074],[-87.33701982999997,18.523015089431045],[-87.33734116999995,18.515701229431226],[-87.33281911999995,18.505399109431494],[-87.33139147999998,18.49304251943185],[-87.32901759999999,18.48827176943194],[-87.32820894999998,18.47633650943228],[-87.32939781999994,18.45800305943276],[-87.33216045999995,18.443774629433136],[-87.33740244999996,18.43466445943333],[-87.35093231999997,18.419486109433745],[-87.35499157999999,18.411509939433955],[-87.36100188999995,18.406358549434103],[-87.36440851999998,18.393418149434453],[-87.36760691999996,18.391710849434485],[-87.37246071999994,18.384781089434675],[-87.38431927999994,18.380162799434796],[-87.38333890999996,18.37505742943491],[-87.37193262999995,18.37818834943488],[-87.36191944999996,18.38514451943465]]],[[[-87.43661039999995,18.5821860494295],[-87.43556521999994,18.588939399429325],[-87.43687730999994,18.589747249429312],[-87.43924070999998,18.587477399429353],[-87.43661039999995,18.5821860494295]]],[[[-87.44073804999994,18.596886029429115],[-87.43660364999994,18.609475089428756],[-87.43804144999996,18.612815219428697],[-87.44012599999996,18.61328239942867],[-87.44246310999995,18.60092181942899],[-87.44073804999994,18.596886029429115]]],[[[-87.30944979999998,18.603577419428888],[-87.32052731999994,18.598811689429038],[-87.32399114999998,18.59195796942924],[-87.32297345999996,18.58506711942943],[-87.33620919999998,18.578980289429573],[-87.34094287999994,18.57507234942964],[-87.34103030999995,18.573497879429706],[-87.33928291999996,18.572603089429712],[-87.34067550999998,18.573622799429728],[-87.33945484999998,18.57332576942971],[-87.33977896999994,18.57548702942963],[-87.33883894999997,18.573510799429723],[-87.32664547999997,18.572150279429763],[-87.31779256999994,18.57781259942962],[-87.31077207999994,18.58584756942938],[-87.30543950999999,18.597569679429075],[-87.30549397999994,18.601078649428974],[-87.30944979999998,18.603577419428888]]],[[[-87.43637599999994,18.62365527942838],[-87.43336610999995,18.628693949428282],[-87.42834756999997,18.632919259428153],[-87.42027859999996,18.660005399427433],[-87.42307101999995,18.65916077942744],[-87.42619025999994,18.64989276942772],[-87.43335954999998,18.638298849428026],[-87.43794199999996,18.62481182942836],[-87.43637599999994,18.62365527942838]]],[[[-87.40782331999998,18.676688379426984],[-87.40253937999995,18.681708369426843],[-87.39473457999998,18.707165939426197],[-87.39473099999998,18.711881599426054],[-87.39783656999998,18.708820709426174],[-87.39817470999998,18.70355284942631],[-87.40237173999998,18.692802919426608],[-87.41061931999997,18.679796819426905],[-87.41006159999995,18.676394309426982],[-87.40782331999998,18.676688379426984]]],[[[-87.39249673999996,18.720220119425836],[-87.38767591999994,18.72233081942578],[-87.38952001999996,18.725327799425745],[-87.39269145999998,18.723169019425793],[-87.39249673999996,18.720220119425836]]],[[[-87.38690702999997,18.73075045942555],[-87.38399527999997,18.732529859425547],[-87.38517202999998,18.73638837942544],[-87.38751513999995,18.73252387942552],[-87.38690702999997,18.73075045942555]]],[[[-87.30498367999996,18.741912619425293],[-87.30689705999998,18.739672939425354],[-87.30528861999994,18.737516249425422],[-87.30326562999994,18.739000339425395],[-87.30498367999996,18.741912619425293]]],[[[-87.27382630999995,18.739436599425346],[-87.27886433999998,18.737850799425402],[-87.27862711999995,18.73573356942545],[-87.27595041999996,18.727804289425656],[-87.27207776999995,18.722361109425822],[-87.26652541999994,18.70043241942636],[-87.26189137999995,18.694184819426532],[-87.25877277999996,18.686632819426737],[-87.25950773999995,18.68251294942684],[-87.25354922999998,18.6729592294271],[-87.25272159999997,18.667403829427272],[-87.25648248999994,18.65325479942763],[-87.25709207999995,18.64292693942789],[-87.26757628999997,18.62283808942844],[-87.26453605999995,18.618789029428534],[-87.26259191999998,18.619014629428502],[-87.25936851999995,18.622835199428412],[-87.25028739999999,18.637804089428002],[-87.25091442999997,18.6412771694279],[-87.24739545999995,18.645268309427838],[-87.24804042999995,18.666322079427268],[-87.24644047999999,18.672757479427087],[-87.24731045999994,18.677689149426975],[-87.24534976999996,18.683497149426813],[-87.25213959999996,18.690388509426647],[-87.25380574999997,18.7003550794264],[-87.26025345999994,18.712583019426084],[-87.26685391999996,18.732163149425578],[-87.27061562999995,18.73770942942541],[-87.27382630999995,18.739436599425346]]],[[[-87.28020068999996,18.740046979425333],[-87.27937874999998,18.741704219425284],[-87.28071814999998,18.743588319425267],[-87.28020068999996,18.740046979425333]]],[[[-87.37965254999995,18.738666509425354],[-87.37355951999996,18.74364448942526],[-87.37144047999999,18.751220829425023],[-87.37237814999997,18.75303157942498],[-87.37640534999997,18.74952779942511],[-87.37996033999997,18.741234969425307],[-87.37965254999995,18.738666509425354]]],[[[-87.31575428999997,18.74558877942519],[-87.31522696999997,18.747144629425144],[-87.31781896999996,18.74841502942513],[-87.31801568999998,18.746925619425184],[-87.31575428999997,18.74558877942519]]],[[[-87.29913699999997,18.750970289425066],[-87.30287193999999,18.74993134942509],[-87.30343627999997,18.744803199425206],[-87.30061727999998,18.745703019425203],[-87.30154054999997,18.74783676942514],[-87.29833554999999,18.748260199425136],[-87.29913699999997,18.750970289425066]]],[[[-87.32183908999997,18.75399704942499],[-87.31902139999994,18.753349079425025],[-87.32031831999996,18.755925979424905],[-87.32183908999997,18.75399704942499]]],[[[-87.28904034999994,18.751739799425035],[-87.28901617999998,18.754374829424982],[-87.28978499999994,18.754520229424934],[-87.29049779999997,18.752757919424987],[-87.28904034999994,18.751739799425035]]],[[[-87.32025425999996,18.758976799424822],[-87.32037233999995,18.76216793942476],[-87.32161630999997,18.76249051942473],[-87.32194159999995,18.75892174942487],[-87.32025425999996,18.758976799424822]]],[[[-87.33042221999995,18.753722879424988],[-87.32659122999996,18.755667049424947],[-87.32503424999999,18.76165259942477],[-87.32672817999998,18.76496099942467],[-87.32897497999994,18.763870369424737],[-87.33177267999997,18.758554089424887],[-87.33042221999995,18.753722879424988]]],[[[-87.35807833999996,18.765465919424678],[-87.35342659999998,18.768998879424565],[-87.35425699999996,18.770496749424556],[-87.35777311999999,18.766815749424634],[-87.35807833999996,18.765465919424678]]],[[[-87.36049639999999,18.769924309424542],[-87.35802704999998,18.771325479424505],[-87.35672442999999,18.77349919942448],[-87.35840639999998,18.774067979424437],[-87.36110193999997,18.77197507942452],[-87.36049639999999,18.769924309424542]]],[[[-87.31747170999995,18.766651029424644],[-87.31810051999997,18.770123819424548],[-87.32008041999995,18.77017528942456],[-87.31934211999999,18.76663219942466],[-87.31747170999995,18.766651029424644]]],[[[-87.34938081999996,18.778674089424328],[-87.34236257999999,18.780175879424295],[-87.33911927999998,18.786112829424123],[-87.34784759999997,18.782024719424232],[-87.34938081999996,18.778674089424328]]],[[[-87.63963853999996,19.186952619413738],[-87.64566342999996,19.18798001941371],[-87.64708384999994,19.18639387941372],[-87.64304330999994,19.186859599413737],[-87.64453713999995,19.184595549413782],[-87.64028928999994,19.18454105941381],[-87.63963853999996,19.186952619413738]]],[[[-87.62966014999995,19.192780549413595],[-87.62729327999995,19.19565288941353],[-87.62753513999996,19.196700199413492],[-87.63283581999997,19.194875019413512],[-87.63401773999999,19.193063849413576],[-87.62861634999996,19.190976979413644],[-87.62966014999995,19.192780549413595]]],[[[-87.62852931999998,19.20255474941333],[-87.62866868999998,19.20446724941328],[-87.63104001999994,19.202715029413316],[-87.62852931999998,19.20255474941333]]],[[[-87.65202424999995,19.215542029412994],[-87.64094784999998,19.217051149412928],[-87.63131242999998,19.22149476941284],[-87.61954751999997,19.230242169412612],[-87.61456367999995,19.236026089412476],[-87.64023854999994,19.21852368941291],[-87.65202424999995,19.215542029412994]]],[[[-87.60198219999995,19.23574505941248],[-87.60322091999996,19.23692082941243],[-87.60602753999996,19.235056139412485],[-87.60540090999996,19.234113719412502],[-87.60198219999995,19.23574505941248]]],[[[-87.46749519999997,19.33390759940993],[-87.47124399999996,19.3348283094099],[-87.46722481999996,19.332921539409945],[-87.46554181999994,19.326554219410127],[-87.46427019999999,19.32895385941008],[-87.46749519999997,19.33390759940993]]],[[[-87.51064441999995,19.3660927094091],[-87.51842790999996,19.370812649409007],[-87.51808728999998,19.36405384940917],[-87.51477350999994,19.359321309409278],[-87.51497999999998,19.35730287940937],[-87.50901651999999,19.355907149409393],[-87.50998207999999,19.3584267494093],[-87.50625791999994,19.35853804940931],[-87.50720814999994,19.35611397940935],[-87.50548971999996,19.350973249409492],[-87.50091754999994,19.352095689409477],[-87.49484797999997,19.35069977940954],[-87.49462330999995,19.34676557940963],[-87.48918939999999,19.344358829409657],[-87.48577491999998,19.341139379409782],[-87.48598234999997,19.339322769409772],[-87.47926759999996,19.335405719409895],[-87.47842697999994,19.339040079409834],[-87.48130336999998,19.340243219409782],[-87.48344385999997,19.34447504940964],[-87.49517602999998,19.353624769409453],[-87.50105291999995,19.36157919940924],[-87.50563904999996,19.36489597940912],[-87.51064441999995,19.3660927094091]]],[[[-87.56544867999997,19.397258719408292],[-87.57352856999995,19.397343179408324],[-87.57161317999999,19.39434564940839],[-87.56554688999995,19.393705319408397],[-87.56544867999997,19.397258719408292]]],[[[-87.54939548999994,19.412374549407915],[-87.55443864999995,19.41371477940791],[-87.55550451999994,19.41070274940796],[-87.54945802999998,19.408380679408022],[-87.54939548999994,19.412374549407915]]],[[[-87.66184950999997,19.50469174940557],[-87.65851779999997,19.505607249405507],[-87.65963248999998,19.50786213940548],[-87.66184950999997,19.50469174940557]]],[[[-87.66187053999994,19.50981482940542],[-87.65719284999994,19.512542229405376],[-87.65641442999998,19.51563516940528],[-87.65728779999995,19.51713194940528],[-87.66187053999994,19.50981482940542]]],[[[-87.57590897999995,19.565723889404016],[-87.57690177999996,19.566034139403996],[-87.57741942999996,19.56519593940399],[-87.57695999999999,19.564747979404018],[-87.57590897999995,19.565723889404016]]],[[[-87.56749599999995,19.577163139403698],[-87.56616671999996,19.5773844894037],[-87.56633933999996,19.577661549403725],[-87.56749599999995,19.577163139403698]]],[[[-87.65998345999998,19.58747557940343],[-87.65944565999996,19.588015179403463],[-87.66005121999996,19.58780913940343],[-87.65998345999998,19.58747557940343]]],[[[-87.69058448999994,19.587930539403448],[-87.70303264999995,19.592575509403336],[-87.70475853999994,19.590971419403374],[-87.71210593999996,19.59084316940333],[-87.71304584999996,19.589746279403382],[-87.69954433999999,19.5897849994034],[-87.69708807999996,19.58921239940342],[-87.69771104999995,19.58761990940345],[-87.69466528999999,19.587234149403425],[-87.67545668999998,19.587406509403454],[-87.69058448999994,19.587930539403448]]],[[[-87.64842507999998,19.587249629403438],[-87.64719770999994,19.586853859403483],[-87.64703087999999,19.587414709403472],[-87.64842507999998,19.587249629403438]]],[[[-87.56257234999998,19.58044733940361],[-87.56144630999995,19.58087045940359],[-87.56150984999994,19.581157769403614],[-87.56257234999998,19.58044733940361]]],[[[-87.63906782999999,19.58798685940344],[-87.63628342999993,19.587951579403427],[-87.63595031999995,19.588908879403427],[-87.63906782999999,19.58798685940344]]],[[[-87.55820857999998,19.58314951940358],[-87.55771236999999,19.583565429403574],[-87.55850113999998,19.583661259403527],[-87.55820857999998,19.58314951940358]]],[[[-87.49649482999996,19.589948629403374],[-87.49771830999998,19.592584799403316],[-87.49933188999995,19.59261796940331],[-87.49925496999998,19.591270889403322],[-87.49649482999996,19.589948629403374]]],[[[-87.49176044999996,19.594920429403256],[-87.49081905999998,19.59888056940317],[-87.49390654999996,19.595140599403237],[-87.49176044999996,19.594920429403256]]],[[[-87.46211690999996,19.594352349403287],[-87.46232079999999,19.596695319403192],[-87.46351761999995,19.598381979403165],[-87.46465034999994,19.597701459403186],[-87.46211690999996,19.594352349403287]]],[[[-87.45541190999995,19.598176289403145],[-87.45869094999995,19.597779629403178],[-87.45826667999995,19.596136179403203],[-87.45556599999998,19.595803139403223],[-87.45541190999995,19.598176289403145]]],[[[-87.48474848999996,19.60318857940305],[-87.49387253999998,19.605757619402997],[-87.49416931999997,19.603046119403047],[-87.48773176999998,19.602728939403086],[-87.48510364999999,19.600811259403116],[-87.48391751999998,19.602738979403025],[-87.48319690999995,19.60093373940313],[-87.48462002999997,19.59855361940318],[-87.48151764999994,19.597432279403222],[-87.47890253999998,19.59981547940315],[-87.47835854999994,19.60231497940309],[-87.48129284999999,19.601950719403064],[-87.48320745999996,19.604430519403],[-87.48474848999996,19.60318857940305]]],[[[-87.46268933999994,19.598835849403148],[-87.46484793999997,19.603348259403056],[-87.46686222999995,19.600858349403115],[-87.47151888999997,19.601975969403092],[-87.47258321999999,19.600735349403088],[-87.46268933999994,19.598835849403148]]],[[[-87.51790301999995,19.61175248940285],[-87.52340334999997,19.6129025494028],[-87.52154134999995,19.60996779940288],[-87.52342364999998,19.60474517940302],[-87.52087657999994,19.606248379402977],[-87.52043981999998,19.609208889402893],[-87.51790301999995,19.61175248940285]]],[[[-87.49228650999999,19.61095737940285],[-87.49562099999997,19.609936459402842],[-87.49513511999999,19.607001149402926],[-87.49429628999997,19.607111849402916],[-87.49228650999999,19.61095737940285]]],[[[-87.46389961999995,19.60515777940301],[-87.46511521999997,19.61328685940281],[-87.46606884999994,19.613284449402773],[-87.46640324999998,19.606958619402953],[-87.46389961999995,19.60515777940301]]],[[[-87.69756630999996,19.64307776940203],[-87.69674064999998,19.64545456940194],[-87.69938068999994,19.646235799401957],[-87.69936508999996,19.642644879402027],[-87.69756630999996,19.64307776940203]]],[[[-87.51503185999997,19.628930429402367],[-87.51905787999993,19.62857307940236],[-87.52066713999994,19.623187479402556],[-87.51748548999996,19.627806139402438],[-87.51647617999998,19.627053339402412],[-87.51503185999997,19.628930429402367]]],[[[-87.67408621999994,19.641217689402097],[-87.67325808999999,19.643107509402025],[-87.67577453999996,19.645106749401954],[-87.68015539999999,19.646977379401946],[-87.68143614999997,19.645694489401947],[-87.68007001999996,19.641986879402047],[-87.67408621999994,19.641217689402097]]],[[[-87.70398627999998,19.64630470940193],[-87.70956307999995,19.65010568940182],[-87.71345414999996,19.648786019401882],[-87.70868911999997,19.64588145940197],[-87.70398627999998,19.64630470940193]]],[[[-87.45725417999995,19.692196019400765],[-87.46165991999999,19.695808279400683],[-87.46427137999996,19.694702539400705],[-87.45823697999998,19.690846419400827],[-87.45725417999995,19.692196019400765]]],[[[-87.46627305999993,19.698541829400636],[-87.46810779999998,19.69898393940061],[-87.46694704999999,19.697682749400645],[-87.46851722999997,19.695330429400727],[-87.46425267999996,19.693765919400725],[-87.46627305999993,19.698541829400636]]],[[[-87.46993288999994,19.70317267940047],[-87.47818637899996,19.704271569400476],[-87.47130134999998,19.6993733194006],[-87.46831414999997,19.6991737394006],[-87.47027937999997,19.701268509400528],[-87.46856670999995,19.700914709400564],[-87.46993288999994,19.70317267940047]]],[[[-87.47953110999998,19.70395781940046],[-87.47845154999999,19.704628479400462],[-87.47908033999994,19.705254649400423],[-87.47953110999998,19.70395781940046]]],[[[-87.50174559999994,19.711464829400303],[-87.50587421999995,19.710012709400324],[-87.48645137999995,19.704153089400457],[-87.47974247999997,19.704631619400455],[-87.48530116999996,19.707540629400373],[-87.50174559999994,19.711464829400303]]],[[[-86.85908659999996,20.547185819379266],[-86.86594628999995,20.547547309379244],[-86.86289928999997,20.545733119379292],[-86.85908659999996,20.547185819379266]]],[[[-86.73794657199994,20.55273864337913],[-86.72333336999998,20.58688730037829],[-86.72321344499994,20.590386535378197],[-86.72693919999995,20.592156779378158],[-86.73156619999997,20.591034279378178],[-86.73679427999997,20.58491777937836],[-86.74766716999994,20.578718949378498],[-86.75933722999997,20.575370149378553],[-86.76273631999999,20.570871769378694],[-86.76740502999996,20.568337859378754],[-86.76303441999994,20.567467339378787],[-86.76694667999999,20.56491927937881],[-86.76871202999996,20.560635289378947],[-86.77236291999998,20.56078916937896],[-86.77362190999997,20.563236489378898],[-86.76756082999998,20.568891489378743],[-86.78997083699994,20.556301771379044],[-86.80032677999998,20.55669253937902],[-86.81024381999998,20.553680179379146],[-86.82254265999995,20.554735909379076],[-86.82687189099994,20.551963498379173],[-86.83955953999998,20.549662739379208],[-86.85433861999996,20.549904019379206],[-86.85868773999994,20.547917249379278],[-86.85724676199999,20.543302022379354],[-86.86498292699997,20.537199960379525],[-86.87015747899994,20.53752112237951],[-86.88017792299996,20.544389090379326],[-86.88356817899995,20.55335299537914],[-86.88160010999997,20.55769276937905],[-86.88843888999997,20.56277036937891],[-86.89696401999998,20.565580079378847],[-86.89923654999996,20.561980319378893],[-86.90858259999999,20.55747890937902],[-86.92621872499996,20.55252824237914],[-86.93743849999998,20.53749651537951],[-86.94083742099997,20.52767536937977],[-86.93951004999997,20.5290496193797],[-86.93923545799998,20.52763195437977],[-86.94097684699994,20.527338705379755],[-86.94734190399998,20.514269596380103],[-86.94998221999998,20.51135810938017],[-86.95134198699998,20.51260653238014],[-86.95014233399996,20.51124026938015],[-86.95400092299997,20.508194096380258],[-86.95699017199996,20.509390880380224],[-86.95623251999996,20.51175957938016],[-86.95714553999994,20.50936191938022],[-86.95545209899996,20.50781702838023],[-86.96401180399994,20.49580280138058],[-86.96494183399994,20.496395159380565],[-86.96437982699996,20.49483117738055],[-86.97443557999998,20.479128519381],[-86.97536707999996,20.479531979380948],[-86.97552105999995,20.482590914380893],[-86.97574932699996,20.48320708038086],[-86.97555182599996,20.47940617238094],[-86.97431810999996,20.478164319381026],[-86.97552218099997,20.47555246038107],[-86.97761991299996,20.479743524380964],[-86.97707293899998,20.476818104381046],[-86.97846968299996,20.476571592381067],[-86.97885182399995,20.47834762138099],[-86.97851941299996,20.47634816038103],[-86.97840251099996,20.47613948138105],[-86.97562710699998,20.475430402381086],[-86.98184463899997,20.46802393638125],[-86.98008235399999,20.465839783381263],[-86.98279336999997,20.466563333381288],[-86.98943178599995,20.453641468381598],[-86.99044361699998,20.448650683381715],[-86.99428038399998,20.443299145381882],[-87.00590794599998,20.433180767382115],[-87.00757951699995,20.42707380138227],[-87.01044736199998,20.42462581138232],[-87.01099178299995,20.4204207093824],[-87.01706143199993,20.412170438382606],[-87.01767974999996,20.401942910382886],[-87.02175333999998,20.390865709383185],[-87.02528894699998,20.366975820383754],[-87.02467097999994,20.35541759938407],[-87.02043973999997,20.344835369384313],[-87.02144033999997,20.339763799384468],[-87.01373222999996,20.32874187938472],[-87.00988517999997,20.315561799385065],[-87.01051752799998,20.310216683385207],[-87.01702485899995,20.29939800238548],[-87.00969084999997,20.29941122938543],[-87.00304081399997,20.297351280385488],[-87.00092534999999,20.29118459938567],[-86.99646261999999,20.285648309385795],[-86.99701582999995,20.28260484938586],[-86.99437574999996,20.274540709386084],[-86.98821782999994,20.271619689386124],[-86.97970987999997,20.278905769385972],[-86.97418205999998,20.280421349385918],[-86.96457564999997,20.290501919385676],[-86.95752864999997,20.292376799385632],[-86.94731984999999,20.304317619385344],[-86.94234944999994,20.305624939385265],[-86.93561151999995,20.31129437938516],[-86.93229734999994,20.312216749385144],[-86.90808097999997,20.34330284938434],[-86.90280691999999,20.346559019384255],[-86.90074213999998,20.344273169384344],[-86.89846653999996,20.34418757938433],[-86.87890653999995,20.37837011938348],[-86.87417525999996,20.382460939383368],[-86.86136207999994,20.399938399382943],[-86.85718602999998,20.40220934938291],[-86.85404821999998,20.408553709382723],[-86.83474270499994,20.431027809382154],[-86.83058696999996,20.438061079382003],[-86.82140550999998,20.439315769381974],[-86.81811774999994,20.438271679381998],[-86.81500556699996,20.440960409381923],[-86.81552327999998,20.443251549381877],[-86.80689725999997,20.455921779381534],[-86.80027281999998,20.458192489381485],[-86.79849947999998,20.461942459381397],[-86.79356274999998,20.46483914938132],[-86.79051147999996,20.472138939381125],[-86.77148508999994,20.494763479380605],[-86.76338021999999,20.507081829380297],[-86.75777887999999,20.525527619379822],[-86.74932943799996,20.534393951379624],[-86.73794657199994,20.55273864337913]]],[[[-86.74869742999994,21.265086629361647],[-86.74908662999997,21.263850029361706],[-86.74997576999993,21.26461681936168],[-86.75029541999999,21.264602289361648],[-86.74883111699995,21.262753705361735],[-86.75064646399994,21.262642920361728],[-86.75307219999996,21.257784459361826],[-86.74535875599997,21.25433709336191],[-86.73694351999995,21.235611049362365],[-86.73661811999995,21.234452449362394],[-86.73778765999998,21.23417253936239],[-86.73766104999999,21.233893169362403],[-86.73660333999999,21.23442437936241],[-86.73426208499995,21.23106782836247],[-86.73013510999994,21.22137567936271],[-86.73986256999996,21.2337007213624],[-86.73848276999996,21.235781089362366],[-86.74013436999996,21.23937664936229],[-86.74356224999997,21.237389509362348],[-86.74255257999994,21.2343613693624],[-86.73667708999994,21.22806359936253],[-86.73416517999999,21.222670859362697],[-86.72518764999995,21.21444468936289],[-86.71844664999998,21.205545219363085],[-86.71040527999997,21.201453539363197],[-86.71839516999995,21.212185779362912],[-86.72224307999994,21.22280191936268],[-86.72959083499995,21.234270783362405],[-86.73892776999998,21.245508679362146],[-86.74716385999994,21.25955148936178],[-86.74869742999994,21.265086629361647]]],[[[-86.85170874999994,21.435971649357523],[-86.86869319999994,21.432026049357614],[-86.86866397999995,21.42965167935769],[-86.87906701999998,21.434817909357545],[-86.88358556999998,21.433994149357574],[-86.88780665999997,21.43068674935767],[-86.88346490999999,21.4282487693577],[-86.88408634999996,21.42648413935778],[-86.88151921999997,21.42695133935776],[-86.88264777999996,21.424841599357773],[-86.87911054999995,21.425044259357787],[-86.88001622999997,21.427595149357742],[-86.87898254999999,21.4284151693577],[-86.87738770999994,21.42659659935773],[-86.87842199999994,21.42492651935778],[-86.87507082999997,21.427239769357712],[-86.87482116999996,21.42633091935776],[-86.87729721999995,21.422522059357863],[-86.88616345999998,21.4206129993579],[-86.88832890999998,21.416807519358006],[-86.87851788999996,21.420434169357918],[-86.87044681999998,21.428678799357705],[-86.85571893999997,21.432633509357622],[-86.85170874999994,21.435971649357523]]],[[[-86.90317054999997,21.465974309356785],[-86.90511427999996,21.46624144935679],[-86.90401925999998,21.464056649356824],[-86.90487221999996,21.460351029356918],[-86.90232261999995,21.457029199356988],[-86.90545807999996,21.454997059357062],[-86.90545947999999,21.4528255193571],[-86.90957791999995,21.453507579357108],[-86.91361779999994,21.45052621935715],[-86.91319451999999,21.44931748935721],[-86.90740976999996,21.451808219357126],[-86.90393747999997,21.451126479357136],[-86.90193436999994,21.457299049357022],[-86.90371896999994,21.460760949356935],[-86.90317054999997,21.465974309356785]]],[[[-86.93613711999996,21.475479619356566],[-86.93688853999998,21.472954749356624],[-86.93549004999994,21.47094167935669],[-86.93281271999996,21.47152921935665],[-86.93401142999994,21.46682110935679],[-86.93263259999998,21.46645981935679],[-86.93147561999996,21.468566799356765],[-86.92733851999998,21.468299259356733],[-86.92946665999995,21.471110139356686],[-86.93141347999995,21.47126281935667],[-86.93179742999996,21.47420581935662],[-86.93613711999996,21.475479619356566]]],[[[-86.91717739999996,21.47601665935654],[-86.92288381999998,21.478643859356474],[-86.92370827999997,21.47722273935654],[-86.92082482999996,21.475824199356552],[-86.92025388999997,21.47230650935667],[-86.91178624999998,21.466355969356794],[-86.91081701999997,21.46824354935677],[-86.91319833999995,21.471912849356634],[-86.91729927999995,21.474487339356592],[-86.91717739999996,21.47601665935654]]],[[[-86.97202907999997,21.53098548935521],[-86.97750779999996,21.5355056793551],[-86.97406728999994,21.530612649355206],[-86.97547068999995,21.528912939355294],[-86.97467308999995,21.526391719355345],[-86.97489991999998,21.528846569355277],[-86.97219197999999,21.528594569355292],[-86.97334357999995,21.53073691935522],[-86.97202907999997,21.53098548935521]]],[[[-86.79430977999994,21.49975141935599],[-86.79863962999997,21.52048281935548],[-86.80241374999997,21.530255199355253],[-86.80378573999997,21.531732979355237],[-86.79949567999995,21.517844139355518],[-86.80209681999997,21.513360889355663],[-86.80176924999995,21.5110033693557],[-86.79876387999997,21.513452139355632],[-86.79807884999997,21.512094169355702],[-86.79871834999994,21.509557599355755],[-86.80149211999998,21.50901330935577],[-86.79884922999997,21.490726059356188],[-86.79577131999997,21.489367199356245],[-86.79878191999995,21.501411029355943],[-86.79701750999999,21.501852419355913],[-86.79378019999996,21.495955719356072],[-86.79452716999998,21.49055542935619],[-86.79159236999999,21.48737856935626],[-86.79089411999996,21.483883709356363],[-86.79278914999998,21.482670799356395],[-86.79484199999996,21.48463125935638],[-86.79214273999997,21.478612459356462],[-86.79095379999995,21.47783456935648],[-86.79046521999999,21.479032339356493],[-86.78868499999999,21.475647779356557],[-86.78827791999998,21.470378459356706],[-86.79031788999998,21.468575029356753],[-86.78941965999996,21.46352362935686],[-86.78665790999997,21.45839637935699],[-86.78422277999994,21.45799936935698],[-86.79152307999999,21.494037649356127],[-86.79430977999994,21.49975141935599]]],[[[-87.00415277999997,21.567656749354324],[-87.00935617999994,21.56602728935436],[-87.00934091999994,21.559708949354555],[-87.00365667999995,21.562060149354462],[-87.00415277999997,21.567656749354324]]],[[[-87.01996702999998,21.57243407935424],[-87.02424682999998,21.574894119354184],[-87.02547828999997,21.573858889354202],[-87.02314010999999,21.57284376935425],[-87.02151122999999,21.5690358493543],[-87.01913162999995,21.569563379354285],[-87.01996702999998,21.57243407935424]]],[[[-87.01894002999995,21.581318029354005],[-87.04069285999998,21.586456799353925],[-87.04201916999995,21.584145889353966],[-87.03588287999997,21.584418579353926],[-87.03386247999998,21.578255819354084],[-87.03097642999995,21.578916339354056],[-87.03187410999999,21.577756199354113],[-87.03031277999997,21.574616549354165],[-87.02947979899994,21.57833661935412],[-87.02312261999998,21.58021834935405],[-87.02099688999994,21.576292919354167],[-87.01443339999997,21.574713649354155],[-87.01734067999996,21.573453399354225],[-87.01451839999999,21.56983373935428],[-87.00995268999998,21.569293719354345],[-87.00946108999995,21.571253719354285],[-87.00721628999997,21.56841384935435],[-87.00142839999995,21.570414399354295],[-86.99897913999996,21.569219659354303],[-86.99840611999997,21.56603197935439],[-86.99568630999994,21.56382657935445],[-86.99251305999996,21.56399610935445],[-86.99251570999996,21.56567005935441],[-86.99998581999995,21.571380349354236],[-87.00917044999994,21.575012979354177],[-87.01894002999995,21.581318029354005]]],[[[-87.10253136999995,21.60541908935344],[-87.10826688999998,21.60403582935347],[-87.11874279999995,21.596138599353694],[-87.12934756999994,21.58304553935399],[-87.14712385999997,21.571359349354232],[-87.19862587999995,21.550321199354762],[-87.22119064999998,21.543715919354938],[-87.24961117999999,21.540188449355046],[-87.28092650999997,21.541485309354975],[-87.30800325999996,21.548126569354796],[-87.33492194999997,21.566179919354365],[-87.34500001999999,21.560501979354502],[-87.36006894999997,21.540136619355025],[-87.36882937999997,21.531780829355224],[-87.38770641999997,21.52070287935547],[-87.39560979999999,21.5145701093556],[-87.39725107499999,21.511242608355726],[-87.39031304999997,21.50309257935589],[-87.38530661999994,21.505141779355842],[-87.38054170999999,21.51461399935563],[-87.37835044999997,21.510752629355743],[-87.37528850999996,21.514675779355635],[-87.37354716199997,21.512396647355683],[-87.37414274199995,21.51043145035572],[-87.37182990499997,21.509781857355744],[-87.37602588899995,21.519384651355505],[-87.37473237099994,21.51881264535555],[-87.37523776899997,21.519737780355513],[-87.37161796999999,21.52114736935548],[-87.36459485999995,21.518837369355502],[-87.36519073299996,21.52132107335549],[-87.36079108999996,21.522396219355457],[-87.36439951999995,21.529859949355263],[-87.35973793999995,21.528656829355285],[-87.35739677999999,21.533466199355196],[-87.35871194999999,21.53520359935513],[-87.35587034999998,21.534783749355118],[-87.35467957999998,21.53672197935507],[-87.35284629099993,21.53524198335511],[-87.34585527999997,21.538674889355033],[-87.34481551999994,21.540981319355016],[-87.33768485999997,21.540540149354975],[-87.33543022999999,21.54653008335485],[-87.33184071999995,21.548823229354788],[-87.33117776999995,21.54692313935484],[-87.32852286399998,21.54915750935478],[-87.33069231199994,21.54656368335485],[-87.32935029599997,21.545162181354907],[-87.33064948199996,21.54236869335497],[-87.32700414799996,21.546328116354843],[-87.32819149899996,21.546523232354883],[-87.32594766699998,21.547379838354825],[-87.32663057199994,21.545906952354873],[-87.32519196999993,21.545475519354866],[-87.32692993999996,21.541135819354956],[-87.31883612099995,21.53963949935505],[-87.31961258999996,21.538313140355065],[-87.32292479999995,21.539618988355056],[-87.32468940799998,21.539087893355013],[-87.32251172399998,21.538507304355054],[-87.32286317199998,21.536389822355083],[-87.32146262099997,21.5372435723551],[-87.32173958999994,21.536169960355096],[-87.31882950899995,21.5355907993551],[-87.31880114199998,21.533205782355154],[-87.31682666499995,21.534288913355166],[-87.31763948899999,21.53509031535512],[-87.31524133999994,21.533995999355163],[-87.31782182999996,21.529453889355292],[-87.31587916999996,21.525835829355373],[-87.30922094999994,21.526332619355355],[-87.30704461999994,21.529185599355284],[-87.30007579099998,21.529334922355307],[-87.29882374299996,21.52845499035529],[-87.29976220199995,21.527581252355322],[-87.30611234899999,21.527954113355317],[-87.30231389599999,21.525101973355376],[-87.29886367799998,21.52487889835537],[-87.29994038399997,21.523799218355418],[-87.29357651599997,21.52459812235537],[-87.29708146199994,21.522918222355404],[-87.29657225699998,21.52132874235544],[-87.29573742299993,21.522799130355434],[-87.29082669199994,21.523729024355376],[-87.29560369699999,21.522545480355447],[-87.29676868199994,21.519273245355528],[-87.29190736299995,21.519174854355537],[-87.28723764599994,21.52245066135542],[-87.29232991999999,21.518155169355552],[-87.29213405999997,21.516810179355566],[-87.28979351999999,21.51650221935559],[-87.28984641999995,21.511123309355735],[-87.28090423599997,21.516027351355575],[-87.27341845199999,21.52568558335534],[-87.27014550299998,21.526573717355348],[-87.26618607999995,21.525007080355397],[-87.26160418999996,21.529834530355267],[-87.26383755199998,21.52516602835537],[-87.25908814799999,21.5232577003554],[-87.24881601499999,21.524506917355378],[-87.24756679799998,21.523138727355416],[-87.24590831299997,21.52471393035539],[-87.23503750799995,21.52639716135532],[-87.23875136999999,21.522799416355426],[-87.22693963099994,21.52773127735529],[-87.22802847199995,21.526126568355348],[-87.22417410199995,21.52675629335533],[-87.23102694999994,21.523459312355406],[-87.22889304899996,21.526367965355362],[-87.23300285399995,21.523632536355382],[-87.22820586099994,21.5228615913554],[-87.23155994899997,21.52247326335543],[-87.23038354399995,21.521675668355453],[-87.21720935999997,21.52647146235535],[-87.21930233399996,21.523142002355403],[-87.21753267499997,21.522932263355454],[-87.21807072499996,21.521442115355473],[-87.21543553299995,21.522877411355438],[-87.21470711899997,21.521535389355464],[-87.21278641799995,21.525980223355322],[-87.20813409599998,21.527362214355307],[-87.21162416999994,21.523942809355404],[-87.20703775899995,21.525965351355385],[-87.20988482999996,21.52104921935549],[-87.22425584999996,21.51822494935553],[-87.22563284999995,21.51644648935561],[-87.22288573999998,21.516532569355565],[-87.20857831999996,21.520594229355453],[-87.20239077999997,21.530628479355265],[-87.19433951999997,21.53407781935516],[-87.18568611999996,21.541536599354956],[-87.18079296599996,21.54254286935494],[-87.17872045499996,21.54550291935488],[-87.18313061099997,21.54283934435496],[-87.18359924999999,21.543467999354963],[-87.18063392599998,21.54639681235487],[-87.18073395499994,21.544630132354907],[-87.17929199599996,21.54683925835483],[-87.17467376999997,21.54839116935483],[-87.17424342999999,21.55008859935476],[-87.17038370999995,21.55029599935478],[-87.16653071999997,21.556324279354637],[-87.15573477999999,21.558363459354588],[-87.15131190999995,21.557107849354576],[-87.15685402599996,21.561109048354496],[-87.15852583499998,21.56035190435453],[-87.15685830899997,21.558996563354544],[-87.16234502999998,21.558451519354588],[-87.15790938599997,21.56216905735448],[-87.15257456499995,21.560919643354488],[-87.15477580399994,21.56066147135452],[-87.15399081999999,21.559363951354566],[-87.15136762399999,21.561921309354503],[-87.15014941799996,21.560540833354526],[-87.14885023299996,21.5617643523545],[-87.14841193699993,21.560336675354552],[-87.14807361999999,21.56686288935435],[-87.14605337999996,21.5651189993544],[-87.14685942999995,21.563797259354445],[-87.13883482999995,21.56243588935451],[-87.12953322999994,21.568364089354333],[-87.12352504999996,21.576151519354163],[-87.12046305999996,21.58918768935386],[-87.11753744999999,21.59186825935378],[-87.11919777999998,21.58884844935385],[-87.11601684999994,21.5899538593538],[-87.11337669799997,21.59384857935372],[-87.10966068999994,21.59406284935373],[-87.11227213999996,21.596035999353646],[-87.11060733999994,21.597075089353627],[-87.11146656999995,21.598631449353583],[-87.10863985999998,21.59835024935363],[-87.10798513999998,21.600285059353556],[-87.10677127999998,21.59688885935363],[-87.10606785999994,21.60127707935354],[-87.10273504999998,21.599108879353622],[-87.09890452899998,21.602346836353487],[-87.09889941999995,21.599630179353614],[-87.10152322999994,21.598449089353593],[-87.10189035099995,21.59466387535367],[-87.09929608399995,21.594363766353716],[-87.09647514999995,21.59731977935366],[-87.09551987899994,21.594201962353704],[-87.09258644999994,21.593689119353755],[-87.08840212599995,21.589901146353803],[-87.08510144999997,21.5908218593538],[-87.08461201999995,21.59352310935372],[-87.07969221999997,21.592181079353747],[-87.07946256999998,21.594774139353678],[-87.07694790999994,21.59129102935376],[-87.07484084999999,21.593911949353732],[-87.07377187999998,21.59331821935376],[-87.07281851499994,21.590377147353824],[-87.06783032599998,21.594320917353706],[-87.06252094999996,21.591049799353808],[-87.05805770699999,21.590682115353786],[-87.05809387499994,21.587982854353886],[-87.05555857999997,21.586514599353897],[-87.04618444999994,21.58513408935393],[-87.04640373999996,21.58732224935388],[-87.04927739999994,21.589621419353836],[-87.05749265999998,21.59268581935374],[-87.06961144999997,21.595782659353684],[-87.08276093999996,21.59691044935366],[-87.09689830999997,21.604451629353445],[-87.10253136999995,21.60541908935344]]]]}}]}
