{"type":"FeatureCollection","features":[{"type":"Feature","properties":{"cve_ent":"26","cvegeo":"26","nombre_inegi":"Sonora","nombre_catalogo":"Sonora"},"geometry":{"type":"MultiPolygon","coordinates":[[[[-114.87951650899998,32.49162948914467],[-114.88694327999998,32.49172574914471],[-114.89325207999997,32.4874790791448],[-114.89721954999999,32.48784045914473],[-114.90013257,32.48348017914485],[-114.90705848999997,32.482109449144836],[-114.92302150999994,32.48292439914482],[-114.92895451,32.48482665914481],[-114.93541619999996,32.481423909144844],[-114.93926804999995,32.47415496914492],[-114.93935006000002,32.46840401914501],[-114.93837742999995,32.45757257914516],[-114.93160810999996,32.44266737914538],[-114.93194048000001,32.43970073914541],[-114.94150712,32.43110302914554],[-114.94828677999998,32.4192765191457],[-114.95431894999996,32.41440581914579],[-114.95863948999992,32.41449561914575],[-114.96145231999999,32.41170617914583],[-114.96070899999995,32.40266151914593],[-114.95357214999994,32.396627859146],[-114.95449596999998,32.39335408914608],[-114.95949233999994,32.391834339146094],[-114.96399304999993,32.394164829146085],[-114.96712670999996,32.39328751914609],[-114.96845331,32.39065302914613],[-114.96742808999996,32.38328782914619],[-114.96321721999998,32.37669785914629],[-114.96456816999995,32.36604925914647],[-114.96188008099995,32.35474591914659],[-114.96659247999997,32.33879351914681],[-114.98022604999994,32.32970511914694],[-114.98297548999997,32.32566036914701],[-114.99022728999995,32.320215679147104],[-114.99351993999996,32.311722049147235],[-115.00760024999994,32.305421829147306],[-115.00770671999999,32.302624619147366],[-115.02516225999993,32.28993334914755],[-115.02676514999997,32.28523974914762],[-115.03642784999994,32.277755949147675],[-115.04272048999995,32.27006636914781],[-115.041667349,32.26128596914794],[-115.04961275,32.25288994914805],[-115.05302231999997,32.24517401914814],[-115.04705252099996,32.24306865914819],[-115.04201228999996,32.232956769148316],[-115.00700463499999,32.20548431114873],[-115.00576985599999,32.20640523914868],[-115.00272688999998,32.20096905914877],[-115.00274117999997,32.20215119914877],[-114.99188124999995,32.19356362914887],[-114.99284939999995,32.19184785914892],[-114.97531824999997,32.177995479149104],[-114.98973633999996,32.146377649149535],[-114.95700500000001,32.03863617915107],[-114.96743445,31.99688028915169],[-114.96548456899998,31.91842387915283],[-114.95074991999995,31.913502619152897],[-114.94513447999996,31.91012096915294],[-114.93787662999995,31.890775399153238],[-114.91361990999997,31.881343479153387],[-114.91084748099996,31.87658374915346],[-114.91223383000002,31.87078305915354],[-114.91075947999997,31.867760799153547],[-114.90674365999995,31.86730416915359],[-114.89755540099999,31.871668739153524],[-114.89071537999996,31.87233461915351],[-114.87161881999998,31.86448305915362],[-114.85698724999999,31.866535659153612],[-114.84492249,31.864550999153618],[-114.84048140000002,31.860112909153692],[-114.82648527999997,31.830143909154135],[-114.81885742,31.820905889154265],[-114.80687765,31.816680139154332],[-114.80453736999999,31.81996907915429],[-114.78706982100002,31.82309536915419],[-114.76839871000001,31.820873539154242],[-114.76021057999998,31.81825851915427],[-114.74264251999995,31.80523688915449],[-114.73683574899995,31.797880077154595],[-114.73043975699997,31.784996486154785],[-114.72268793999996,31.77705836915492],[-114.69280182999996,31.76312121915511],[-114.67820550999996,31.760302049155147],[-114.61923150999999,31.762903649155113],[-114.59370882999997,31.756920599155194],[-114.58278890999999,31.752221339155263],[-114.57823064999997,31.74772404915532],[-114.55402805999995,31.73554257915554],[-114.54169541999994,31.718145829155738],[-114.53324593899998,31.71248004615583],[-114.53194111999994,31.709340109155864],[-114.52761632,31.707451219155924],[-114.52882739999995,31.704905649155947],[-114.52628076599997,31.700838756155996],[-114.515944387,31.698668688156026],[-114.50757449099996,31.694480119156097],[-114.505734181,31.69217770915614],[-114.50627213999996,31.689963779156155],[-114.51425463,31.69448025915608],[-114.50874451,31.687669169156205],[-114.50593184999998,31.686609419156206],[-114.50768194699998,31.685964428156204],[-114.50518351299998,31.683120972156242],[-114.49703385899994,31.67623243315635],[-114.46204388499997,31.6678091411565],[-114.45431896499998,31.660255145156608],[-114.449464864,31.64833404615678],[-114.43675854199995,31.646573244156833],[-114.437293921,31.645728536156795],[-114.43512861199997,31.645906995156825],[-114.43619936899995,31.645478692156804],[-114.42611045399998,31.64102910015692],[-114.42756192599995,31.640577003156917],[-114.42477795599996,31.640005932156907],[-114.426039071,31.63969660215692],[-114.424647086,31.638364104156928],[-114.42038785099999,31.63728144915693],[-114.42205347199996,31.636638995156954],[-114.41200025099995,31.63223699215702],[-114.39231021099994,31.627204432157082],[-114.39515366799998,31.6274185831571],[-114.37632023299996,31.617329669157247],[-114.36969343399994,31.611214454157317],[-114.36473225799995,31.60914432315737],[-114.36577922099998,31.60862084115738],[-114.34485728399994,31.602974435157485],[-114.33235678499994,31.59676999115757],[-114.32943361699996,31.592772496157618],[-114.32703512099994,31.592630918157614],[-114.327476511,31.590657155157665],[-114.32881733699998,31.591415014157626],[-114.32731277099998,31.589492697157677],[-114.32488972499999,31.58350765615774],[-114.32756811999997,31.5863848331577],[-114.32755146399997,31.589291345157637],[-114.32871739999997,31.58541877215772],[-114.32674730999997,31.58315833915777],[-114.31159462999996,31.573938779157903],[-114.30147613999998,31.56227494515808],[-114.29058772699996,31.554961869158166],[-114.29548465699999,31.555619790158143],[-114.29346092599997,31.556660805158117],[-114.29708365499994,31.55533663515817],[-114.28270933099999,31.546150725158334],[-114.22870104099998,31.528211560158557],[-114.20307590999994,31.510889493158796],[-114.16990781,31.497993607159035],[-114.13632766599996,31.49201521115912],[-114.09742347899999,31.493056226159112],[-114.03747295899997,31.490605381159142],[-114.02589999999998,31.49219999915906],[-114.02302844099997,31.495019876159077],[-114.02259537899994,31.498109606159012],[-114.02486062599996,31.503606161158924],[-114.0185752,31.5171945091587],[-114.01855378499994,31.521549518158682],[-114.02248130699996,31.52162694815866],[-114.01975222199997,31.529924293158558],[-114.01635020799995,31.532317789158487],[-114.01124633999997,31.529727339158576],[-114.01110951999999,31.527553819158566],[-114.00621511099996,31.523787489158654],[-113.986835602,31.529487954158533],[-113.981322391,31.53475132115846],[-113.98151393699999,31.537515352158444],[-113.97765717699998,31.53963297015841],[-113.97745373299995,31.54222063415834],[-113.98113267999997,31.543673119158335],[-113.97972932999994,31.54739393915829],[-113.97116953899997,31.55506407115815],[-113.95619999999997,31.562399999158025],[-113.96111102999998,31.564267229158016],[-113.96147385999997,31.56534351915802],[-113.95840000099999,31.566899999157975],[-113.96059999999996,31.569999999157943],[-113.96149999999996,31.576899999157817],[-113.9681,31.578699999157784],[-113.97369999999995,31.578299999157842],[-113.97429999999997,31.58429999915771],[-113.97269999999999,31.58549999915768],[-113.97459999999997,31.591999999157604],[-113.97209999999997,31.59429999915756],[-113.97289999999998,31.598699999157535],[-113.9715,31.598499999157532],[-113.97159999999997,31.59979999915752],[-113.97659999999996,31.60749999915741],[-113.97819999999996,31.613099999157285],[-113.97829999999999,31.618799999157254],[-113.98069733999995,31.625538889157095],[-113.97941097999997,31.63142871915702],[-113.96543641999996,31.628387079157072],[-113.95990785,31.61704721915727],[-113.94960922999998,31.61004162915738],[-113.94369999999999,31.608899999157362],[-113.93439999999998,31.603099999157443],[-113.92479999999996,31.601699999157475],[-113.91999999999996,31.598299999157522],[-113.91619999999995,31.59899999915751],[-113.91426677,31.604484739157417],[-113.89754968999996,31.606855119157377],[-113.87787468399995,31.59820973515753],[-113.87696852,31.591831979157625],[-113.87367013799998,31.588559476157663],[-113.86957890999999,31.587594819157683],[-113.85633166199996,31.595044759157584],[-113.85645592799996,31.593681266157613],[-113.85247933999995,31.595398689157534],[-113.84142673999999,31.584204549157736],[-113.81007497999997,31.566995779158006],[-113.80139341999995,31.56470534915803],[-113.78805877999997,31.56634774915798],[-113.77666668999997,31.564539659158005],[-113.77863614999995,31.560343519158096],[-113.77283981999994,31.557391679158094],[-113.76876292899999,31.5582567131581],[-113.76730960499998,31.55632791915815],[-113.76959983599994,31.554554030158187],[-113.76332790999999,31.550623029158228],[-113.7144042,31.5309063691585],[-113.68041408599998,31.51484334315876],[-113.66435608899997,31.504143249158897],[-113.64102729399997,31.481154122159275],[-113.63241659699999,31.46601018415953],[-113.63320181899996,31.463404674159523],[-113.62940459,31.452004952159673],[-113.63121685999994,31.444914379159815],[-113.63725183599998,31.439440466159887],[-113.63580871,31.42982025916002],[-113.62605288199995,31.412079516160293],[-113.62762612299998,31.412814099160272],[-113.62729299799999,31.411098508160315],[-113.62523227399998,31.410715246160308],[-113.62043281799998,31.40212446416043],[-113.61664028999996,31.391958859160603],[-113.61825699499998,31.389395444160645],[-113.61197841299999,31.37718212116086],[-113.61262904999995,31.375183225160843],[-113.61491742199998,31.375121057160854],[-113.615183921,31.372847482160882],[-113.61133997999998,31.37144711916089],[-113.60916021599996,31.364123897161026],[-113.60915087999996,31.356440259161133],[-113.61158169299995,31.34463877916129],[-113.61324731599996,31.344448422161335],[-113.61227574099996,31.343359878161326],[-113.61669753499997,31.34223552416134],[-113.61854259199998,31.340160526161355],[-113.62332497999995,31.341247949161335],[-113.62678991199999,31.3398149701614],[-113.63067564399995,31.340737367161392],[-113.63697054199997,31.34613784016127],[-113.64389477399999,31.34323489716134],[-113.63651397999996,31.338526549161404],[-113.63646417999996,31.335745679161473],[-113.63034877999996,31.333024429161455],[-113.62461294999999,31.327994489161547],[-113.61522226799998,31.325888627161564],[-113.60299183799998,31.325745859161586],[-113.60284907199997,31.320844169161656],[-113.60211893899998,31.32554669016162],[-113.59911031999998,31.32567056016158],[-113.57210994599996,31.32166534316166],[-113.55840457899997,31.317765170161756],[-113.54920221899994,31.312106619161824],[-113.54859346099994,31.30606741416187],[-113.54659763699999,31.30555248316189],[-113.545544743,31.307962181161862],[-113.54363873899996,31.308284660161895],[-113.54462816899996,31.307645763161844],[-113.54342905,31.307373420161916],[-113.54448033999996,31.30702056916191],[-113.54353482999996,31.306957600161905],[-113.54435544899997,31.306326420161895],[-113.54346133899998,31.306262890161914],[-113.543340587,31.304304995161903],[-113.54376476899995,31.30394410916191],[-113.55052175699997,31.305031830161926],[-113.55211587999999,31.30669814916189],[-113.55287548299998,31.303542873161955],[-113.54540570099999,31.296273740162047],[-113.53694905599997,31.296014793162016],[-113.44657609299998,31.280820963162263],[-113.44168908999997,31.28117888916224],[-113.43775234999998,31.283867719162235],[-113.43249001199996,31.283992944162257],[-113.42969685999999,31.279093779162306],[-113.42117961799995,31.27589611016237],[-113.35636405999999,31.26547786316251],[-113.25511016999997,31.240536649162863],[-113.22873181999995,31.239150629162893],[-113.22087702,31.24122865916289],[-113.20715351999996,31.240528539162906],[-113.20630231999996,31.236122659162948],[-113.20246095,31.231353979163025],[-113.18907954999997,31.222760679163173],[-113.12040179999997,31.19166751916365],[-113.11629356999998,31.19642699916354],[-113.11645507999998,31.201589739163456],[-113.11027362999994,31.199616179163545],[-113.10150925999996,31.189443849163645],[-113.09847942,31.180946319163777],[-113.09818994999996,31.174784219163886],[-113.08955088999994,31.155670339164146],[-113.07750767999994,31.151666889164243],[-113.08075727999994,31.147904429164274],[-113.07982322999999,31.141674819164397],[-113.08095657999996,31.13881236916442],[-113.07800962999994,31.134504479164487],[-113.07546885000001,31.125241249164638],[-113.06883219999999,31.094562349165113],[-113.05895567999994,31.07234988916548],[-113.05883106,31.06048094916564],[-113.06181381999994,31.04410861916587],[-113.06062885999995,31.04258970916594],[-113.06204836999996,31.033436169166066],[-113.06835744999995,31.024281689166205],[-113.07737190999997,31.015326339166332],[-113.08480125999996,31.012512219166393],[-113.09024497999998,31.004977849166483],[-113.09194230999998,30.99526765916661],[-113.09756496999995,31.001396419166547],[-113.09938597999998,31.009462879166435],[-113.10404101999995,31.012927629166366],[-113.10297382999994,31.015743199166312],[-113.10734033999995,31.01723045916632],[-113.11053281499994,31.025923886166133],[-113.11706425499995,31.035339356166034],[-113.11718547099998,31.038931776165988],[-113.12149061999997,31.046805449165884],[-113.11789999999996,31.060099999165633],[-113.12059999999997,31.064699999165597],[-113.12594434,31.063160999165575],[-113.12841145,31.058908779165634],[-113.12454857999995,31.045805089165857],[-113.10062901999999,30.989696429166713],[-113.09645501999995,30.97004785916706],[-113.09778979999999,30.918924309167853],[-113.10106193999997,30.89088570916829],[-113.11147290999999,30.843660629168983],[-113.11686119399997,30.829753313169228],[-113.12649807999998,30.817156889169397],[-113.12716696999998,30.8120417691695],[-113.11798611999996,30.792645909169774],[-113.10437382599999,30.756326139170362],[-113.095099238,30.709327708171084],[-113.084907532,30.679831452171594],[-113.03976171999996,30.607199799172705],[-113.01075252,30.5690999791733],[-112.99836999099996,30.548306434173615],[-112.98578048999997,30.534794519173843],[-112.98440911999995,30.53487214917387],[-112.98204696999994,30.540766149173734],[-112.98032844999994,30.54190193917375],[-112.98176892,30.53804151917378],[-112.97990048999998,30.539448689173767],[-112.98078414999998,30.534521079173864],[-112.97803468299998,30.530572915173916],[-112.97868488499995,30.529274223173957],[-112.97742217399998,30.530345645173927],[-112.97402334099996,30.528492593173965],[-112.948287258,30.507475127174306],[-112.89713200399996,30.458344986175053],[-112.89268262999997,30.451080259175168],[-112.87715260099999,30.43343805817545],[-112.86611831899995,30.41575084117578],[-112.85710431599996,30.39539222817606],[-112.85188402499996,30.37858396217634],[-112.84699015599995,30.349644745176786],[-112.84634163399996,30.333422353177077],[-112.84686597999998,30.3062024191775],[-112.85109570999998,30.284694659177887],[-112.85800016999997,30.27192596917806],[-112.86471838599999,30.268279738178112],[-112.85966273899999,30.268110249178147],[-112.85730631699995,30.26306841317819],[-112.85176961999998,30.269937859178082],[-112.83900867999996,30.270935889178066],[-112.82686432399998,30.268074460178102],[-112.81786972199997,30.263851596178185],[-112.80210272299996,30.252435051178406],[-112.77894333699999,30.228501130178746],[-112.77361455799996,30.22231135117891],[-112.76598979199997,30.207108391179137],[-112.76150239900001,30.201693746179185],[-112.75466828999998,30.18147699917952],[-112.75244065999999,30.16218019917982],[-112.75448934999997,30.127346549180395],[-112.75366734,30.114269919180604],[-112.76026394999997,30.081818249181133],[-112.76159330599995,30.062748110181495],[-112.75735072199996,30.052325961181655],[-112.74448410999999,30.03606630918189],[-112.74322684199997,30.02795426818208],[-112.738366134,30.016373712182247],[-112.738492104,30.00508324718243],[-112.73310210999996,30.00055257918247],[-112.73434402,29.98493139918274],[-112.74227125999995,29.958503259183175],[-112.74174573699997,29.950343068183308],[-112.738487148,29.942845555183464],[-112.74770555599999,29.9216340351838],[-112.74704242999996,29.91435994318393],[-112.73791552799997,29.90426062118406],[-112.73057478999999,29.902879147184127],[-112.71288428799996,29.91039512318398],[-112.70412816699996,29.909675073183987],[-112.69571537999998,29.90510158018407],[-112.694163539,29.906251879184058],[-112.69491702899997,29.90466350918405],[-112.692298168,29.903136630184104],[-112.698403,29.896359119184222],[-112.69747501999996,29.895764600184222],[-112.69230024299999,29.902823898184113],[-112.69090901399996,29.901307066184142],[-112.690579234,29.90343699318411],[-112.68866547899997,29.902710460184096],[-112.68873642899996,29.904912819184062],[-112.68393905599999,29.904325522184095],[-112.67397730500001,29.899187396184168],[-112.66541786399996,29.89113584418432],[-112.65480843399997,29.874051831184616],[-112.65092831299997,29.86242210718476],[-112.64973759999998,29.84880490918502],[-112.65180677399997,29.834476849185222],[-112.64378508299995,29.824146740185398],[-112.641666763,29.818940043185485],[-112.634280865,29.814862133185585],[-112.62934603999997,29.809469345185672],[-112.628476085,29.801825503185803],[-112.62542085699994,29.801407907185784],[-112.62352204699995,29.796914295185882],[-112.61975654999999,29.794726381185917],[-112.61460977599995,29.787148987186036],[-112.60662549499996,29.779361011186147],[-112.60674327799995,29.77561693018622],[-112.60423770499996,29.771537344186303],[-112.60558685999996,29.767386374186355],[-112.60001892099997,29.761789882186463],[-112.60025805699998,29.754444486186575],[-112.59290195299997,29.748498213186668],[-112.58989312499995,29.740596023186814],[-112.58838335699996,29.74121706218682],[-112.58667014599996,29.739114808186834],[-112.58684503499997,29.731276863186952],[-112.58527459099997,29.725719632187037],[-112.58312236899997,29.723945744187066],[-112.58047759799996,29.71150711218728],[-112.56000713399999,29.69623930018753],[-112.55251480599998,29.697000728187504],[-112.54406177099997,29.689692808187665],[-112.53887157199995,29.683699541187746],[-112.535174484,29.673652267187933],[-112.52627232599998,29.665921993188032],[-112.52285694999996,29.657777819188173],[-112.52253954599996,29.648453775188344],[-112.50867918599995,29.630700021188634],[-112.50689161599996,29.620408852188827],[-112.49514005299994,29.614843888188908],[-112.492225213,29.608178423189038],[-112.48390602299997,29.603139914189093],[-112.47633636199998,29.5897048821893],[-112.46094124999998,29.58138569218949],[-112.45237875899994,29.572207516189614],[-112.44547951199996,29.569023797189672],[-112.43628970099998,29.559713290189823],[-112.42886578199996,29.546269335190026],[-112.432042363,29.533051429190287],[-112.42825307099999,29.52893496219035],[-112.42887173099997,29.519173223190514],[-112.42126935299996,29.51400979319061],[-112.41952044899995,29.51107710719065],[-112.41629033099998,29.510595266190656],[-112.41233447699996,29.50585419019072],[-112.40193028399995,29.50227310119082],[-112.39485138699996,29.50284417219078],[-112.39103235199998,29.500815681190826],[-112.38081256699998,29.48671737519108],[-112.37811677999997,29.478861749191232],[-112.37809968999994,29.4670771091914],[-112.38266847999995,29.448725029191714],[-112.39566128899997,29.41992315019218],[-112.41858787499997,29.383235082192833],[-112.42148637999999,29.376055569192964],[-112.41712356999994,29.370557689193053],[-112.41708131999997,29.36750731919312],[-112.41438953999996,29.363874889193134],[-112.41407528999997,29.355029249193283],[-112.41036831499999,29.34515595119346],[-112.40125636599998,29.33612212619365],[-112.39452237999996,29.33260674919365],[-112.35297882999998,29.32101424919391],[-112.34116445999996,29.302894479194226],[-112.33806482999996,29.293276629194356],[-112.33489999999995,29.29179999919436],[-112.33379999999995,29.293999999194344],[-112.33899433999994,29.30076176919426],[-112.34141430999995,29.30946177919408],[-112.34624774999997,29.313561219194025],[-112.34084608999997,29.318138879193942],[-112.31770887399996,29.32588605419382],[-112.29113628099998,29.331041572193723],[-112.27489324799997,29.33138968519374],[-112.25710754999996,29.32721602419377],[-112.24023704299998,29.31585777819398],[-112.23183744099998,29.305039225194186],[-112.22512774299999,29.288454769194452],[-112.21602936299996,29.273920169194703],[-112.21180817099997,29.263084732194848],[-112.20899879599995,29.24220057519527],[-112.21066807899996,29.231993767195416],[-112.21663587999996,29.214030509195727],[-112.21674885,29.2080879991958],[-112.22626364999996,29.191107059196106],[-112.22982667099997,29.178513995196337],[-112.22599933599999,29.17730001219634],[-112.226753472,29.173925639196426],[-112.22478548399994,29.177380933196346],[-112.21610779599997,29.17918635519635],[-112.20446386699996,29.178906206196356],[-112.19945673199999,29.17622590419634],[-112.19429268,29.169382509196492],[-112.19428902099997,29.167376994196527],[-112.19501609799994,29.163727176196588],[-112.20052789099998,29.15699613319671],[-112.18448450899996,29.152188865196816],[-112.17713307499999,29.137940096197063],[-112.17491552299998,29.136669568197046],[-112.17010250899995,29.122381273197345],[-112.16526097299999,29.114189834197447],[-112.16927538299997,29.10424710419764],[-112.18794274899994,29.072718067198142],[-112.17686925099997,29.075460105198104],[-112.17275501499995,29.074226197198165],[-112.17060876699999,29.071527750198214],[-112.16872484899994,29.061344371198377],[-112.17226301799998,29.048080071198623],[-112.16684927199998,29.03964094119875],[-112.16610745999998,29.033984479198864],[-112.16795626099997,29.025163261198973],[-112.16383054999994,29.016759259199148],[-112.16672270299996,29.009568693199277],[-112.161443208,29.0131699731992],[-112.159354212,29.011318495199237],[-112.15219237999997,28.999383629199457],[-112.15039905699996,28.98868632319965],[-112.15513979999997,28.982737969199754],[-112.17317273699997,28.97155006119994],[-112.17226751999999,28.968966429199956],[-112.16812441899998,28.965215080200043],[-112.15917221199999,28.962214328200094],[-112.118085706,28.961563426200097],[-112.10953399,28.95987064520016],[-112.101999542,28.95530790220022],[-112.09550137799994,28.949904721200305],[-112.09154163399997,28.93629361320058],[-112.08528114999997,28.92775247920068],[-112.08626989799995,28.925189585200737],[-112.07347797499995,28.919269932200848],[-112.07017290999994,28.91316748920093],[-112.06144543899995,28.910282149201006],[-112.04767308699998,28.89884968720119],[-112.04775733999998,28.894615919201257],[-112.05146999999994,28.891639679201297],[-112.05170802999999,28.88965082920136],[-112.04974090099995,28.88554612220142],[-112.04390467499996,28.88463460020147],[-112.03456172299998,28.880122161201545],[-112.03256967999995,28.875290139201624],[-112.03405760399995,28.87243441820168],[-112.03115252599997,28.869879701201697],[-112.03249248299994,28.863480047201815],[-112.03099153499994,28.859143082201886],[-111.99248028899996,28.85149284620202],[-111.96981247999999,28.842050749202205],[-111.96184091999999,28.83650605920228],[-111.95205509,28.824965509202467],[-111.93805244999999,28.818320549202628],[-111.92536044499997,28.804633860202877],[-111.91843683499997,28.79303043320306],[-111.91471476999999,28.790024704203127],[-111.91225478499996,28.791555699203098],[-111.91626701699995,28.794737911203043],[-111.91503345899997,28.79725924220299],[-111.92710164699997,28.813248117202697],[-111.92450974999997,28.818071164202603],[-111.92298741099995,28.817396451202605],[-111.919361607,28.82107608520258],[-111.91470902599997,28.82056069420256],[-111.91259129999997,28.82202877020257],[-111.91297883499999,28.819065422202584],[-111.91880565899999,28.816211496202648],[-111.913281027,28.813542455202704],[-111.91323248599998,28.81106115320277],[-111.90615929999996,28.81295520420269],[-111.90567838499999,28.816440599202668],[-111.90411510499996,28.815368929202656],[-111.902985813,28.816334038202623],[-111.90256750299996,28.81410115220266],[-111.90118265699999,28.815149067202658],[-111.90183082199997,28.812708216202743],[-111.89988137599994,28.81350739220271],[-111.89855155799997,28.811842394202714],[-111.89853016699999,28.812779544202726],[-111.89788129999994,28.81300445920272],[-111.89842677599995,28.810989579202758],[-111.89980650700001,28.81258586720271],[-111.90080476199995,28.810805270202742],[-111.90329326899996,28.81079277520272],[-111.90289396699995,28.80823740820282],[-111.90435578699999,28.809259187202777],[-111.90490782199998,28.803618913202847],[-111.90303300899996,28.805491413202866],[-111.90280483699998,28.803417030202862],[-111.90551082099996,28.802486043202876],[-111.90673011799998,28.803873148202847],[-111.90975696899994,28.801105168202916],[-111.90792445799997,28.79728111220299],[-111.90546090799995,28.796371940203024],[-111.90348578899996,28.797609161203006],[-111.90116841199995,28.797431077202972],[-111.90225936199994,28.797715386202974],[-111.90190284199997,28.798296500202948],[-111.90111136899998,28.797649777202974],[-111.90108997799996,28.79740608320298],[-111.901371628,28.79727173920298],[-111.90006320099998,28.79748106620297],[-111.90098302199999,28.79824338720298],[-111.90143580199998,28.80052094620293],[-111.900070332,28.800733391202925],[-111.90030563499994,28.79794345820299],[-111.89891520799996,28.79981175320296],[-111.89664417799997,28.79919628220298],[-111.892474603,28.805352945202827],[-111.892433682,28.81127697520274],[-111.89507905699998,28.8117580502027],[-111.896451658,28.815119261202685],[-111.89800608299998,28.815072404202642],[-111.89705774099997,28.815515976202683],[-111.89896155599997,28.821500890202532],[-111.90131101999998,28.821572732202554],[-111.88667945599997,28.825408390202494],[-111.88635260699999,28.824097625202484],[-111.88846346599996,28.823156548202515],[-111.88573467899995,28.822903359202538],[-111.88781318799995,28.820466986202554],[-111.88951378699994,28.820160874202593],[-111.88866170499995,28.822303642202556],[-111.88963856799995,28.820257705202597],[-111.88996656599996,28.82221305920251],[-111.89080438699996,28.821463407202558],[-111.88946387399996,28.815962670202687],[-111.87708194799995,28.812745182202733],[-111.875384915,28.814244606202667],[-111.87357022999998,28.810849005202762],[-111.87747412,28.805353955202825],[-111.87676108099998,28.80376380420289],[-111.87522448099999,28.80412619820287],[-111.87479665799998,28.801601910202898],[-111.87794116099998,28.80118327220291],[-111.87488935299996,28.801979933202883],[-111.88144039999999,28.80652650720282],[-111.88084620099994,28.810137278202763],[-111.88268821899999,28.807718830202795],[-111.88277140699995,28.799520680202935],[-111.88577508399999,28.796870267203015],[-111.88483624899999,28.79909630620298],[-111.88862129899996,28.798546961202945],[-111.89068019999998,28.795144078203045],[-111.88924817899999,28.79339442720306],[-111.88258720500001,28.792722678203088],[-111.87392674999995,28.797937730202978],[-111.85864691399996,28.796276649202994],[-111.8591401,28.795466927203023],[-111.862735006,28.79364698220303],[-111.86307072799997,28.793061157203077],[-111.85781206399999,28.796107415203],[-111.85891430399994,28.79483424620301],[-111.85418156399999,28.795708846203027],[-111.85235142999994,28.797042928202988],[-111.85296820899998,28.79693670220297],[-111.85434080899995,28.79798958520295],[-111.85267942799999,28.797605300202967],[-111.85247264599997,28.79911431420296],[-111.85175604199999,28.797536566202997],[-111.849149884,28.799167426202942],[-111.85113569799996,28.799495470202945],[-111.84837980199997,28.80022028720293],[-111.84764893599998,28.798458224202967],[-111.84818015099997,28.80028589520293],[-111.84426913099998,28.803928644202852],[-111.84420852199997,28.79865192720294],[-111.84662572499997,28.797592803202964],[-111.84438678199996,28.797664661202976],[-111.84659007299996,28.795190206203053],[-111.84423347899998,28.792203285203097],[-111.84713911299998,28.79267819920308],[-111.84969892399994,28.7914096752031],[-111.84901797199996,28.790491079203093],[-111.85498987299998,28.790050004203138],[-111.85850872099996,28.785672483203168],[-111.856248387,28.78551312720319],[-111.85754611799997,28.780897932203274],[-111.86490580299994,28.779455777203317],[-111.86196458399996,28.777751234203315],[-111.86034836199997,28.778547032203317],[-111.86099485099999,28.777126258203346],[-111.85915982099999,28.774563249203347],[-111.86050959399996,28.771580118203474],[-111.85385970599998,28.767596990203522],[-111.85399755999998,28.760121302203654],[-111.85766733499997,28.7575417732037],[-111.86402764399999,28.756174889203724],[-111.87263165099995,28.74690627620387],[-111.87615406399999,28.749740292203832],[-111.87828842799996,28.749494402203798],[-111.87818384899998,28.746772908203898],[-111.87559772699996,28.745029161203888],[-111.87647336799996,28.74382039420394],[-111.88116435299997,28.74664787620387],[-111.88524769099996,28.754245385203724],[-111.88417337799996,28.7554330972037],[-111.88854193199995,28.75963373820364],[-111.89071907799998,28.773851321203384],[-111.89439360599995,28.774651315203403],[-111.89879068099998,28.78249676520326],[-111.90023577399995,28.782509264203245],[-111.89946093799995,28.781392688203244],[-111.89968911099999,28.78048441920328],[-111.90149629599995,28.78240383920322],[-111.90274372799996,28.779534209203312],[-111.90264141199998,28.78107610020327],[-111.90449263199997,28.779976789203275],[-111.90472316699999,28.777442913203338],[-111.90194514199999,28.778157254203318],[-111.90227255499998,28.776396453203372],[-111.90461858799995,28.776980430203317],[-111.905459975,28.777901228203334],[-111.90479859099997,28.78081059120324],[-111.89967485099999,28.784446578203244],[-111.90056852599999,28.787117096203193],[-111.92152284599997,28.766633598203526],[-111.93138536599999,28.761864427203577],[-111.93499334399996,28.763731284203583],[-111.94112904699995,28.761827964203626],[-111.94457659099999,28.76391255120359],[-111.948858391,28.758752576203655],[-111.95219897999999,28.759099499203657],[-111.946819099,28.75221395020377],[-111.93960314299996,28.748359969203825],[-111.93878314799997,28.745724927203913],[-111.93294335699994,28.742189553203954],[-111.93209504999999,28.739625459204024],[-111.93356013599998,28.738327908204063],[-111.92462337799998,28.729470385204188],[-111.92504367999999,28.72496530920428],[-111.92346468899996,28.721669934204357],[-111.925539336,28.71865407220436],[-111.90925708599997,28.710296228204513],[-111.90669965299999,28.706577248204614],[-111.909340274,28.704171514204624],[-111.90625417999996,28.70661741920457],[-111.90818515099996,28.702432846204676],[-111.88526807199999,28.68952744720487],[-111.87779542099999,28.679193642205096],[-111.86572129099994,28.66806635420528],[-111.84545196399995,28.65456855420549],[-111.79700313999996,28.626351889205992],[-111.77442405,28.607132779206335],[-111.77165124999999,28.60092196920646],[-111.76406151999998,28.591047829206634],[-111.76174681699996,28.57795775920689],[-111.75331594999994,28.566249479207098],[-111.74842605699996,28.549778534207356],[-111.74145154999998,28.536259119207635],[-111.73723448,28.521853379207855],[-111.72654628,28.512019059208065],[-111.71573230999996,28.49461253920835],[-111.71650646199998,28.49156931120839],[-111.71378502999995,28.489587413208433],[-111.71182709099999,28.482344297208584],[-111.71008715199997,28.456941397209008],[-111.64451368999994,28.44352625920928],[-111.62871606799997,28.434824904209414],[-111.58191682999997,28.41510539920982],[-111.56153859999996,28.4097160892099],[-111.55992086399999,28.407648064209916],[-111.55520292099999,28.40790416220993],[-111.53680650999996,28.40385356621],[-111.50501959999997,28.39263216921022],[-111.50169844199996,28.39063134221023],[-111.50148096499998,28.388686758210273],[-111.498500461,28.38928268321029],[-111.488760346,28.38523973921031],[-111.46859128999996,28.37194493921057],[-111.45965161999999,28.36196208921077],[-111.45682006699997,28.354381296210875],[-111.45765472000001,28.344259949211057],[-111.46000419999996,28.34133122921111],[-111.46214290499995,28.341262729211117],[-111.45982196199999,28.338366448211154],[-111.45975002399996,28.33657919921122],[-111.46131221399997,28.336138486211187],[-111.45644300499998,28.33221830221128],[-111.45296609099996,28.325233351211416],[-111.45361077999996,28.320350909211506],[-111.45727284699996,28.31595604421159],[-111.45496259999999,28.313256810211595],[-111.45140453499994,28.313263088211603],[-111.44992141299998,28.310168301211707],[-111.45165053299996,28.308325825211707],[-111.450092543,28.306112928211757],[-111.44808533699995,28.305218339211795],[-111.44608526199994,28.30684742621173],[-111.44173913499998,28.30499456121177],[-111.44165015899996,28.302572196211848],[-111.43581036799999,28.299756478211876],[-111.43626314799997,28.297898125211926],[-111.43276212499995,28.293726131212004],[-111.42703285599998,28.294143652211968],[-111.42506130199996,28.291503513212025],[-111.42643033699996,28.289045393212046],[-111.42536077899996,28.286725353212113],[-111.418544124,28.2878681122121],[-111.41368772,28.28554396921212],[-111.41205903299999,28.28225466021217],[-111.413574241,28.280147969212216],[-111.40886105199996,28.277855993212263],[-111.40842253299996,28.27306152121233],[-111.39968527799999,28.276183551212327],[-111.39042052199994,28.270816491212397],[-111.38564165999998,28.258776635212612],[-111.385819042,28.25662722821266],[-111.38876389399996,28.25541190521268],[-111.38696581999996,28.254116489212713],[-111.38871754599997,28.249105818212826],[-111.38234654099995,28.243418086212905],[-111.37926264699996,28.244913069212867],[-111.37956212299997,28.242915566212915],[-111.37563327699996,28.24013596021298],[-111.37598801999998,28.23510605921307],[-111.37340146499997,28.23407397021305],[-111.374189373,28.229673314213166],[-111.37562971199998,28.22872154221318],[-111.37733744099997,28.23021673121313],[-111.37926621199995,28.227911116213193],[-111.37645282199998,28.22554373521324],[-111.37977959899996,28.223623294213247],[-111.37539440899998,28.22200864121328],[-111.37711059999998,28.21880251921334],[-111.37401111299994,28.216903790213372],[-111.36841019099997,28.220051549213323],[-111.36155788399998,28.218216938213356],[-111.36173614399998,28.219655728213343],[-111.35873068399998,28.219429544213305],[-111.35676982599995,28.217836818213367],[-111.35729034499998,28.216448268213398],[-111.35394262699998,28.214616737213447],[-111.35473766399998,28.213510892213424],[-111.35284810999998,28.211252042213488],[-111.35203861299999,28.213194136213467],[-111.34972143399996,28.21330040321344],[-111.343678427,28.20930731921351],[-111.34074783499996,28.204261556213595],[-111.34248052099997,28.20128928321364],[-111.33636906799995,28.199376777213683],[-111.33265079999997,28.190931343213833],[-111.33150993699996,28.181418801214026],[-111.333545664,28.178315996214053],[-111.33425327799995,28.17252166921418],[-111.33134811499997,28.167743204214304],[-111.33133788599997,28.165291872214326],[-111.33292840499996,28.16420111021436],[-111.32940955699998,28.160564514214386],[-111.33074294,28.157971361214468],[-111.328617164,28.158762232214436],[-111.32291733499996,28.154661462214477],[-111.32075682599998,28.1549066442145],[-111.32132012699999,28.15354556721451],[-111.31906758899999,28.15254149621457],[-111.32001883099998,28.149999770214617],[-111.31689928399999,28.150898804214584],[-111.31407564899996,28.14856947421461],[-111.31526285899997,28.14681222621465],[-111.311241318,28.145850285214664],[-111.31482077499999,28.144709149214677],[-111.31592955099997,28.141898694214753],[-111.31458903699996,28.140157056214797],[-111.30945159,28.14033939521477],[-111.30617517499996,28.136610816214866],[-111.30139068199999,28.136151808214866],[-111.30285134999998,28.13391304921489],[-111.30115537899998,28.131206348214917],[-111.29809287599994,28.134397501214895],[-111.29690922999998,28.133759278214903],[-111.29776124499995,28.130246104214937],[-111.29368272899997,28.13094224821494],[-111.295431276,28.128824852214958],[-111.29363281599997,28.128175450215],[-111.29493767699995,28.126678834215028],[-111.29339394799996,28.12661280721502],[-111.29501254699994,28.12355662521506],[-111.29174326199997,28.122094532215094],[-111.28939379799999,28.118525684215182],[-111.29144735099999,28.11586233421521],[-111.28486007099997,28.11273795021527],[-111.28685881799998,28.111274582215316],[-111.28560793799994,28.110001964215314],[-111.28735607199998,28.10583415821539],[-111.28337493699996,28.103800512215454],[-111.28486399999998,28.100291857215502],[-111.28307664899995,28.098731952215513],[-111.28483072499996,28.09789747821553],[-111.28231131999996,28.096719138215587],[-111.28077590899994,28.09303307521563],[-111.28228279899997,28.0904456262157],[-111.280575695,28.089632056215724],[-111.27522095699999,28.091394761215668],[-111.27316700599994,28.089932820215683],[-111.27262068099999,28.08755145621576],[-111.277440518,28.08490359221576],[-111.27368096899995,28.083454976215794],[-111.27737127499995,28.081112634215874],[-111.27289303399999,28.08018217021587],[-111.27279595199998,28.078263373215933],[-111.26655771999998,28.07808753021591],[-111.26463892199996,28.076059516215928],[-111.26597189599994,28.074480981215988],[-111.26197868499999,28.07384614121597],[-111.25953164699997,28.072208596216008],[-111.26115491499996,28.07049681221603],[-111.25652971899996,28.069174783216067],[-111.25638780699995,28.066558899216144],[-111.258950488,28.064681504216168],[-111.25509576099995,28.066009244216104],[-111.25353388199994,28.064644385216162],[-111.25559116499996,28.063206714216175],[-111.25208907399997,28.063530797216178],[-111.25178212199995,28.057621643216283],[-111.25544696899999,28.056556597216307],[-111.255251377,28.054439352216363],[-111.25095326499996,28.052082430216366],[-111.24740199899998,28.054124880216353],[-111.24780563399997,28.057661393216264],[-111.24301102099999,28.058080178216283],[-111.23951606799996,28.0561061782163],[-111.237696256,28.052898664216368],[-111.242085886,28.04969376821642],[-111.23967771299999,28.0503105152164],[-111.23631018099998,28.047675143216455],[-111.23122336899998,28.04943261221646],[-111.21172067999998,28.041712138216546],[-111.20669145199999,28.035314243216696],[-111.20659436999995,28.031084514216758],[-111.19893421799998,28.02620566821684],[-111.197336647,28.022529399216932],[-111.19148169799998,28.022852768216925],[-111.18869058999996,28.020649864216963],[-111.188093822,28.017705994216982],[-111.18389359799994,28.01311458621712],[-111.18243451099994,28.00549935921724],[-111.175719315,27.9966672532174],[-111.17376910899998,27.99151476721751],[-111.16789846899997,27.993959412217432],[-111.16505344199999,27.989574079217554],[-111.16168433299998,27.990310752217543],[-111.16109607399996,27.988544617217553],[-111.15875017699994,27.989013700217516],[-111.15790878999996,27.98732939921759],[-111.15116700499999,27.987064947217593],[-111.14805458899998,27.98354513521762],[-111.14208645099997,27.985947309217575],[-111.13785099799999,27.98487688421763],[-111.13320198199995,27.981051604217708],[-111.13292746299999,27.978753222217748],[-111.13489545099999,27.97756623121777],[-111.13159407899998,27.974754552217775],[-111.12634254599999,27.979389218217715],[-111.12293139199994,27.97886150921774],[-111.11763947199996,27.975130515217785],[-111.11494817899995,27.970151173217857],[-111.114705745,27.96542794021796],[-111.11691616799999,27.960480921218068],[-111.11323688699997,27.966095503217982],[-111.10655608999997,27.965028570217996],[-111.09941462099995,27.961302816218055],[-111.09477035899995,27.95344301821822],[-111.09465270699997,27.94559167621833],[-111.09345819699996,27.945525776218354],[-111.09295864499997,27.948391518218287],[-111.09216149799994,27.946344280218323],[-111.09075416599997,27.94670395921831],[-111.09390936399996,27.944449462218394],[-111.09586184799997,27.946236397218332],[-111.09617326299997,27.944856273218377],[-111.10406720199997,27.944746040218334],[-111.10111997199999,27.942160800218414],[-111.10267790799999,27.94207128921842],[-111.10310756999996,27.938680470218483],[-111.10571610399997,27.93606358821854],[-111.09731709799996,27.93677227721849],[-111.09608116199998,27.935551753218537],[-111.09540080499995,27.937798558218486],[-111.09324088999995,27.937155494218526],[-111.09373110399999,27.94024217121847],[-111.09144633399995,27.94103542821844],[-111.08877250999996,27.939785475218457],[-111.08968222899995,27.93710982421851],[-111.08491972299998,27.939060005218444],[-111.07729317399999,27.936023165218508],[-111.07098277699998,27.940227998218457],[-111.06753422099997,27.937232535218516],[-111.06619650199997,27.94060070221842],[-111.06376325499997,27.936188528218516],[-111.06219754199998,27.927828261218664],[-111.06005842199994,27.927316386218706],[-111.06090515799997,27.93239826921861],[-111.05747068499996,27.933348472218544],[-111.06064668,27.93471601321856],[-111.06261644999995,27.94119125321842],[-111.06375137099997,27.939973402218474],[-111.06535273799994,27.94133561021843],[-111.06640744299995,27.951684152218213],[-111.065409188,27.95291499321817],[-111.06215891799997,27.953741670218186],[-111.06205812799999,27.950700016218228],[-111.05824931399998,27.94820616421829],[-111.05368836299999,27.948539470218293],[-111.05359165299996,27.947432432218335],[-111.05758940499999,27.948003395218294],[-111.05968407799998,27.945579603218338],[-111.05788365399998,27.943193854218404],[-111.05785691599999,27.9375350332185],[-111.05498396099995,27.941805423218415],[-111.05077274899998,27.942725141218382],[-111.04880428799999,27.94049833921842],[-111.05100559199998,27.944608687218388],[-111.04981739799997,27.95000189321824],[-111.04496278999994,27.951873110218234],[-111.04262461499997,27.95087583121825],[-111.04003390599996,27.953563213218192],[-111.04063107699996,27.95644472621817],[-111.03427908599998,27.957646646218116],[-111.02530370499994,27.96248305721801],[-111.00284554599995,27.963320157218007],[-110.98452725199996,27.958643946218086],[-110.97763476999995,27.953113719218184],[-110.97699502299999,27.950111804218277],[-110.97992799099997,27.94667687321832],[-110.97287840999996,27.93650161121849],[-110.96996185899997,27.927416945218678],[-110.96720644299997,27.928398473218667],[-110.96332316199995,27.924848912218742],[-110.96171221699997,27.926453491218712],[-110.95670212,27.925319182218715],[-110.95106290599996,27.927834505218687],[-110.95216462199994,27.925621881218696],[-110.94957208199999,27.92625255921868],[-110.94688813199997,27.92185435421877],[-110.94575439999996,27.9156987642189],[-110.94744311399995,27.911543385218977],[-110.95540011099996,27.909102121219007],[-110.96050277499997,27.904777574219075],[-110.96415601999996,27.907070969219063],[-110.96657157899995,27.90524227921907],[-110.96224105399995,27.904397903219113],[-110.96361484299997,27.901158966219185],[-110.96209844599997,27.894605179219283],[-110.95588251999999,27.88991570921935],[-110.95153595899995,27.891101260219383],[-110.94896901799996,27.88890390121938],[-110.95156825999999,27.884775979219455],[-110.95055724999999,27.88018157921955],[-110.94855545499996,27.879013132219576],[-110.95056622599999,27.875420467219666],[-110.94945863799995,27.871668001219692],[-110.95043312499996,27.86826419521976],[-110.94736230299998,27.866431979219826],[-110.94589085899999,27.86839650821975],[-110.94132999199998,27.869789618219773],[-110.936429036,27.879076160219576],[-110.93290662199996,27.881441791219505],[-110.93141874699995,27.87826519521957],[-110.92774897199996,27.87854672321958],[-110.92472093199997,27.876256665219657],[-110.92720111999995,27.870459872219755],[-110.92602698199994,27.867661164219804],[-110.91984255599999,27.86621555721983],[-110.91578773999998,27.86968246021972],[-110.91169014099997,27.868703334219788],[-110.909089925,27.864925420219855],[-110.90645167999998,27.8677284012198],[-110.90359952299997,27.867005601219798],[-110.90299106299994,27.865030481219843],[-110.90611892799996,27.86236611421986],[-110.90309349199998,27.855752961220002],[-110.89927850599997,27.85758353621997],[-110.89405430499994,27.855990698220033],[-110.88871601899996,27.849585486220146],[-110.88768924199996,27.846046486220157],[-110.88892992999997,27.84410040822025],[-110.88766547399996,27.843007562220258],[-110.89110707699996,27.84072095722031],[-110.88987114199995,27.839455737220284],[-110.88832147,27.84110766522025],[-110.88680982699998,27.83913207422032],[-110.88382932399999,27.83928339722034],[-110.88268816999994,27.842696829220223],[-110.88422387199996,27.84388183922022],[-110.88392259899996,27.847505082220152],[-110.87583377699997,27.85129189822009],[-110.87483076899998,27.861416339219907],[-110.88060638699996,27.861063324219884],[-110.881237544,27.863665766219842],[-110.87475946499997,27.867472060219804],[-110.87075693899999,27.865492746219854],[-110.86876422799997,27.872339460219674],[-110.870766259,27.873208490219696],[-110.87059531599999,27.875796547219633],[-110.86397831299998,27.878078210219606],[-110.86609197899998,27.879398109219583],[-110.86827204699995,27.878498401219584],[-110.86761124999998,27.879538599219554],[-110.86894333799997,27.87954210221957],[-110.86764204199996,27.879899259219563],[-110.86906811999995,27.879872998219554],[-110.86712508799997,27.880156622219555],[-110.86928203199994,27.879925521219562],[-110.86387648899995,27.881223979219552],[-110.86404297899999,27.884744860219474],[-110.86592531299999,27.885123654219434],[-110.86894587199998,27.88185299221952],[-110.87085945899999,27.884118180219506],[-110.86953102899997,27.88488915021945],[-110.87010665899999,27.88637348021947],[-110.868631479,27.88599509021943],[-110.870064319,27.886481510219436],[-110.86851907999994,27.888742728219405],[-110.86527712799996,27.889679659219404],[-110.85878050899998,27.895689229219283],[-110.86698219999995,27.895336378219287],[-110.85566060699996,27.899750100219183],[-110.85690470999998,27.901339399219147],[-110.86535421999997,27.90321399921913],[-110.87327386199996,27.899068961219207],[-110.87508993899998,27.900492419219162],[-110.87990779899997,27.89705498521925],[-110.88450111099998,27.896327822219234],[-110.88650699399996,27.898788170219188],[-110.88504037799999,27.90218515121916],[-110.88114131199997,27.9004414342192],[-110.87951545899995,27.901883380219164],[-110.88226906099999,27.9040816902191],[-110.88523032799999,27.902489032219137],[-110.88597624999994,27.905585310219063],[-110.88780993999995,27.90148019921915],[-110.89021546799997,27.903021401219114],[-110.89317268899998,27.90183094921913],[-110.889431674,27.898736229219217],[-110.89149320599995,27.89924705721921],[-110.89101761999996,27.89805057921925],[-110.89445861999998,27.896855550219243],[-110.89575139999994,27.893809619219326],[-110.89865856999995,27.89404442921931],[-110.89743513999997,27.896908910219214],[-110.89942154899997,27.896799940219232],[-110.90103233899998,27.894010049219325],[-110.90673967899994,27.892723109219347],[-110.906884544,27.897705367219245],[-110.90257342899999,27.899972890219196],[-110.90068149099994,27.90316456721916],[-110.89835910899995,27.903259999219124],[-110.89923305199994,27.907864159219013],[-110.89416554899998,27.906636449219075],[-110.88997593999994,27.91367690921894],[-110.89073594599995,27.920356400218818],[-110.88967430299999,27.921488125218776],[-110.88545426699994,27.923689000218765],[-110.88538878099996,27.922790585218788],[-110.88629634999995,27.922598550218794],[-110.88619924999996,27.92233171021875],[-110.88429517599997,27.922233843218784],[-110.88386225799997,27.92427277121874],[-110.88325413899999,27.92443577521874],[-110.88360901999994,27.92137071021881],[-110.883204849,27.920031431218785],[-110.88250901299995,27.920110621218804],[-110.88008044999998,27.924269599218754],[-110.87916770899996,27.92316634921873],[-110.87757312099995,27.92433830021873],[-110.876141573,27.923723854218757],[-110.87757282899997,27.922813450218744],[-110.87580391799997,27.922458289218778],[-110.87608809499996,27.9199972132188],[-110.87391842899997,27.921364660218774],[-110.87380363799997,27.915284286218938],[-110.86624518099997,27.91569632121887],[-110.86798674999994,27.924527480218728],[-110.86302878199997,27.92556665021872],[-110.86239312299995,27.9215714902188],[-110.86361679299995,27.91943628921885],[-110.86140154799996,27.921048570218776],[-110.86285878999998,27.925672805218692],[-110.860558101,27.92440742521876],[-110.86092888199994,27.930108931218626],[-110.85871576999995,27.93479288921854],[-110.86135253999998,27.936397569218517],[-110.85964897599996,27.937347206218522],[-110.85526735099995,27.93495340021852],[-110.85230467299999,27.93629519821848],[-110.86086252399998,27.937938613218506],[-110.86045114599996,27.939385049218476],[-110.85280736499999,27.941911039218397],[-110.85621569299997,27.943057478218403],[-110.85406231399998,27.9468400132183],[-110.84535610599994,27.95226320021821],[-110.82823628999995,27.954336889218173],[-110.82223134999998,27.95038071621824],[-110.81714379999994,27.93859190921849],[-110.814827333,27.936723562218493],[-110.81257328999999,27.930565739218647],[-110.812146306,27.92325448721877],[-110.80971840799998,27.921474654218795],[-110.80842094999998,27.92437533921873],[-110.79958968599999,27.921304545218792],[-110.81321229999999,27.919382920218858],[-110.81444585699995,27.922885922218743],[-110.82553718199995,27.917927502218856],[-110.83032264999997,27.917884979218854],[-110.84254820199999,27.913678980218922],[-110.85445298499998,27.918042195218845],[-110.852331694,27.915264670218892],[-110.85398950999996,27.91384437621892],[-110.85324378999996,27.91226654221895],[-110.84806033999998,27.912689349218955],[-110.84289283799995,27.910331629218977],[-110.82502922599997,27.917140514218847],[-110.79578451799995,27.918940894218828],[-110.75779379000001,27.914669076218903],[-110.72700644300001,27.908358164219017],[-110.700279025,27.90033299021915],[-110.68013431599998,27.889832906219354],[-110.67150654199997,27.892456685219333],[-110.65722668999996,27.88987671421939],[-110.64471216999999,27.88253013921949],[-110.623402652,27.864725811219866],[-110.619458695,27.864832887219805],[-110.61619883399999,27.861703896219876],[-110.61251066899996,27.85863439121996],[-110.60898906699998,27.858015731219975],[-110.61327804499996,27.85964566221992],[-110.61932187599996,27.86505893621985],[-110.62011492699997,27.86722706021979],[-110.61906608399994,27.86863407621975],[-110.61903039199996,27.869098071219753],[-110.61948843799996,27.87032944221974],[-110.61942300299995,27.87094810221972],[-110.61955982199999,27.871293124219754],[-110.621302777,27.869490682219734],[-110.62788793599998,27.87041867221975],[-110.62965468599998,27.87466601021965],[-110.62892300099998,27.8780151012196],[-110.63297403399999,27.878128125219583],[-110.63952944899997,27.884231443219505],[-110.64572696999994,27.883993769219497],[-110.64868442499994,27.892238329219342],[-110.65262243299999,27.891447158219353],[-110.66536032799996,27.8952580362193],[-110.66173166599998,27.900749057219155],[-110.66064784599997,27.898159088219206],[-110.65848733799999,27.898852273219195],[-110.65564944199998,27.90463074321908],[-110.65313241299998,27.904066773219114],[-110.652330244,27.901773054219138],[-110.64876861299997,27.90375170421911],[-110.63992692799997,27.898767201219208],[-110.63981213999995,27.897439169219226],[-110.64164891599995,27.898464720219213],[-110.64353134099997,27.89721697921924],[-110.64297873499999,27.88836579921939],[-110.63186245399999,27.882454106219512],[-110.61069071999998,27.888384199219434],[-110.58493378099998,27.883903699219506],[-110.58261640299999,27.882391080219502],[-110.583589702,27.880878441219537],[-110.58192118999995,27.882658941219482],[-110.57823477699998,27.882365870219502],[-110.55879370999997,27.873097649219666],[-110.54820162,27.860595539219947],[-110.545071325,27.85988838821992],[-110.54045083099999,27.85503110222],[-110.52739690199998,27.8515217062201],[-110.523075964,27.845381864220187],[-110.52009546099998,27.845251565220213],[-110.52110322299995,27.8444991922202],[-110.51949175399996,27.842969211220264],[-110.52008119999999,27.841271074220295],[-110.52157858199996,27.84155269822025],[-110.52369393199996,27.837727600220337],[-110.52625136599994,27.84165357822024],[-110.528010195,27.839833522220296],[-110.53758868899996,27.838366527220337],[-110.54445287899995,27.84251105322026],[-110.54874062099998,27.83950145322033],[-110.54627350599999,27.835516547220372],[-110.54817018999995,27.83251936522043],[-110.553256536,27.83526013022037],[-110.55459704999998,27.833418949220427],[-110.55767737899998,27.83360811222039],[-110.55838566499995,27.831821552220454],[-110.55840943299995,27.834150380220386],[-110.55993533799996,27.833006991220408],[-110.56061985399998,27.834894418220422],[-110.56360035799997,27.83518026222037],[-110.56360035799999,27.83771498922034],[-110.56742224799996,27.841094534220254],[-110.58028028399998,27.83327275222045],[-110.58196305599995,27.83476083422039],[-110.58104085899998,27.836387612220378],[-110.58231482199994,27.839418316220286],[-110.58826156899994,27.841978164220258],[-110.58895083999994,27.845647595220196],[-110.59096636399994,27.842301819220243],[-110.58650749299994,27.838548206220306],[-110.58623178399995,27.832301704220466],[-110.58904115999997,27.830225062220485],[-110.590229557,27.82462549722058],[-110.59330037899998,27.823591311220632],[-110.59538720699999,27.818786003220705],[-110.597350442,27.817835847220728],[-110.59648053399997,27.816978177220726],[-110.59859999999999,27.816499999220753],[-110.59897738199999,27.812884353220806],[-110.60120560699994,27.814098205220766],[-110.60120560699994,27.812290301220823],[-110.60446657299998,27.81096168222085],[-110.60406308799998,27.808955361220885],[-110.61051191999996,27.803136509220984],[-110.61436974999998,27.795650749221124],[-110.61498124399998,27.798197420221072],[-110.61312021099998,27.800478613221024],[-110.614429827,27.800802391221016],[-110.614613315,27.808238410220884],[-110.61125798899998,27.81568721022077],[-110.61366164599997,27.81273641822078],[-110.61493204399996,27.80931674922087],[-110.61580848799997,27.798260776221078],[-110.613314163,27.77300007722154],[-110.60914944399998,27.754254286221872],[-110.60767582999996,27.73244873522228],[-110.60388585999999,27.726900990222376],[-110.60312663799999,27.72158647322249],[-110.60458669099997,27.713494064222683],[-110.60090296399996,27.7005414922229],[-110.603468696,27.690743481223095],[-110.6031,27.684999999223194],[-110.60464572899997,27.685223140223183],[-110.60544046899997,27.67539120722338],[-110.60457434499995,27.679383942223303],[-110.60416031799998,27.67725670422332],[-110.60465048699996,27.674253825223374],[-110.60567841499996,27.671507927223416],[-110.60495981699995,27.67384931622342],[-110.60670158299997,27.673497156223384],[-110.60556419999996,27.67504856522336],[-110.60731072499999,27.675724331223375],[-110.60589256599997,27.676419134223355],[-110.60676344899997,27.687631154223162],[-110.60508830799995,27.689368161223097],[-110.60592587899998,27.690657829223102],[-110.60293251699994,27.699000219222956],[-110.60284685599999,27.702007858222863],[-110.60477897799996,27.70033271722287],[-110.60372249799998,27.704758515222785],[-110.60523107599994,27.70370203422283],[-110.608574219,27.68716240122317],[-110.60663824099998,27.66777169622348],[-110.60828828499996,27.661556023223614],[-110.60689999999995,27.659999999223622],[-110.61039999999998,27.653599999223754],[-110.61269999999996,27.657699999223667],[-110.61216647699996,27.66177714222361],[-110.61463128499999,27.66191597222364],[-110.61810291899997,27.651317853223826],[-110.61494061499998,27.650761059223804],[-110.61953328799997,27.647029243223905],[-110.61896666299998,27.65171046422381],[-110.62085833499998,27.646320985223902],[-110.62360930499995,27.62234471522434],[-110.62210310599994,27.619889111224413],[-110.61986879199999,27.621252542224344],[-110.61567856099998,27.620167508224398],[-110.61745601799998,27.61908247422438],[-110.61535376499997,27.61812949922445],[-110.61516935599998,27.61793319422442],[-110.61521694599998,27.61740971222442],[-110.62324167799996,27.618754108224437],[-110.621284571,27.609271956224582],[-110.61879803399995,27.604929439224673],[-110.61770431199994,27.59628958122485],[-110.59435948299996,27.53127451322609],[-110.58849639999994,27.52811864922614],[-110.59049880699996,27.52522225522619],[-110.58646522399994,27.50885830522647],[-110.59069347799999,27.454691432227513],[-110.59045553099999,27.441711472227766],[-110.58912303299996,27.4401172332278],[-110.587597798,27.44360076422771],[-110.58787591999999,27.451535198227557],[-110.586809213,27.4509277542276],[-110.58253370999995,27.45619733322747],[-110.57575938499997,27.454362769227515],[-110.56601192299998,27.45993784622742],[-110.56022507399996,27.45797360122744],[-110.54013349999998,27.458964052227426],[-110.53711455899999,27.45729248022743],[-110.54506790699998,27.45572501022746],[-110.54618922799995,27.453211705227535],[-110.54300074999999,27.452179614227543],[-110.54340525899994,27.451314085227544],[-110.54852704799998,27.452795299227546],[-110.55363396699994,27.451468750227576],[-110.555353127,27.454627484227522],[-110.559579645,27.456697615227466],[-110.56073070899998,27.45504686422751],[-110.55961236199994,27.454312206227506],[-110.56239038299998,27.455704190227497],[-110.56199479799994,27.452994579227546],[-110.56341949999997,27.45369057122752],[-110.56305960699997,27.455552500227512],[-110.56664664399996,27.456269312227498],[-110.57025450199997,27.450784655227583],[-110.57268750099996,27.450674604227615],[-110.56886846599997,27.449815024227636],[-110.57220565999995,27.44850334622762],[-110.57099808299995,27.444488006227736],[-110.57426091899998,27.440484563227773],[-110.57316636699996,27.43932457522779],[-110.568966618,27.439027143227843],[-110.56485312499996,27.443381557227728],[-110.56397867299995,27.44198659722773],[-110.56538552999997,27.43992241522781],[-110.56407979999996,27.437804695227832],[-110.55912159899998,27.442303363227747],[-110.55561288499996,27.440924267227775],[-110.55838609199999,27.4398528182278],[-110.55816469299998,27.437615254227815],[-110.55597062199998,27.43696781922786],[-110.55615800499999,27.43494825122786],[-110.55877541199999,27.437306892227824],[-110.56176163499998,27.43725930222786],[-110.56127087199997,27.435905984227848],[-110.55637522099994,27.43479004522788],[-110.55613991799999,27.434840673227882],[-110.55574299299997,27.435458753227845],[-110.55570293299998,27.43637890222785],[-110.55484037799995,27.43634618422786],[-110.55470908599996,27.434638162227884],[-110.55950783999998,27.434640271227867],[-110.559611197,27.43231299822791],[-110.56270152199995,27.430135791227965],[-110.56102102799997,27.43054922222799],[-110.56081282499997,27.429969229227968],[-110.56339414099996,27.428171526228034],[-110.55936309299994,27.42677705922805],[-110.56142256199996,27.42702167222805],[-110.56213342599995,27.424975335228062],[-110.56028528999998,27.424137860228118],[-110.55825787899995,27.419270577228204],[-110.55786776999997,27.42237389422814],[-110.55572675099995,27.421727471228138],[-110.55620559399995,27.42017179822817],[-110.554798738,27.42420201022807],[-110.55256204399996,27.423288892228115],[-110.55299332199998,27.425754609228083],[-110.55080421699996,27.42947846522797],[-110.54820763099998,27.42980266722797],[-110.547742644,27.434172455227912],[-110.54723495999998,27.431255394227946],[-110.53914188399996,27.432705609227902],[-110.54027212799998,27.430397532228],[-110.54627901199996,27.42861081822798],[-110.54724636799995,27.426790209228017],[-110.54452244,27.426798597228046],[-110.54385916599995,27.42655767722804],[-110.54267240899998,27.426664752228056],[-110.54204185199995,27.42651901022803],[-110.54626475099997,27.42624380922807],[-110.55179466799997,27.420026056228153],[-110.54956612299998,27.421089800228156],[-110.54885605399996,27.4200164572282],[-110.55127444599998,27.4194942872282],[-110.55246686599999,27.417322394228215],[-110.54773768699994,27.41535339022826],[-110.54744917699998,27.417384854228185],[-110.54621186599998,27.415654412228225],[-110.54327058099994,27.41683856322823],[-110.54113740499997,27.420506979228133],[-110.53990147099996,27.419921517228147],[-110.53960885299996,27.422119982228157],[-110.53778261699996,27.42199208622812],[-110.53815155399998,27.42000327122815],[-110.53628355699999,27.42151024522812],[-110.53595638099995,27.419362781228198],[-110.53842804599998,27.41893150422819],[-110.53822582899996,27.417308001228193],[-110.53675944899999,27.417536545228234],[-110.53754169699995,27.41643901922823],[-110.54067961099999,27.417143934228243],[-110.53938280499995,27.415103546228274],[-110.54043868999999,27.414324273228257],[-110.54287168899998,27.415421799228252],[-110.54759789399998,27.41411309622826],[-110.54233174599995,27.4144596982283],[-110.54051111899999,27.412528613228314],[-110.54500725599996,27.4135360762283],[-110.547838814,27.411531380228308],[-110.54964125599997,27.41503216222824],[-110.55144964599998,27.414990522228234],[-110.55402606399997,27.413056640228273],[-110.55626619499998,27.414269830228296],[-110.557727926,27.41092561322835],[-110.55963827599999,27.410825390228347],[-110.55808444499996,27.408261771228393],[-110.55912935699996,27.403765415228484],[-110.55611772499998,27.401297552228527],[-110.556292656,27.398103609228617],[-110.55309147399998,27.400258684228533],[-110.556467335,27.395428378228647],[-110.55481024799998,27.39566884222864],[-110.55332941999995,27.39270389522869],[-110.54902409399995,27.395375764228625],[-110.54780004299994,27.39517792822865],[-110.54979358199995,27.394452528228634],[-110.54743133099998,27.392599794228666],[-110.546360829,27.394978945228626],[-110.54808831699995,27.39739171822858],[-110.54594416799996,27.394399261228646],[-110.54230954199994,27.39837296122858],[-110.54472766899995,27.40011591622855],[-110.54335650399999,27.401011188228516],[-110.54566264299997,27.401283808228534],[-110.54131880799997,27.4023945762285],[-110.54315722499996,27.403652390228462],[-110.53671019799998,27.40238402522851],[-110.53481423899997,27.398961878228587],[-110.53591397099996,27.4008900562285],[-110.53813061299998,27.400425246228526],[-110.53717287999996,27.397992247228565],[-110.53499236799996,27.397297484228577],[-110.53132615799997,27.399499993228567],[-110.53124802199996,27.404297819228486],[-110.52973706499996,27.40423238422848],[-110.53030218699998,27.401448414228526],[-110.527607447,27.39837296122858],[-110.53137591799998,27.397688866228595],[-110.52731893699998,27.396731133228602],[-110.52761740399995,27.402078375228534],[-110.52436119199996,27.404045409228452],[-110.52669135399998,27.407501168228414],[-110.52721780899998,27.41607615122827],[-110.52482122099997,27.407893072228376],[-110.52246186299999,27.404943248228452],[-110.519065212,27.408379955228376],[-110.519996146,27.411507586228353],[-110.51758208899997,27.41051314222835],[-110.51791365399998,27.407205736228384],[-110.514772716,27.40829450022839],[-110.51512419999995,27.41121015322835],[-110.51120106299999,27.412307680228338],[-110.51394339199999,27.411061437228337],[-110.51346452599995,27.406927123228403],[-110.516194957,27.407016353228425],[-110.52026978399999,27.403973617228488],[-110.52336689799995,27.39834052022855],[-110.51300945399998,27.395434327228656],[-110.51373221499996,27.397947632228583],[-110.509059548,27.400550168228538],[-110.51107316699995,27.39928310522856],[-110.51011543399994,27.398289680228583],[-110.51192382499994,27.397263537228607],[-110.513393142,27.391698573228688],[-110.52166771699997,27.38989613122875],[-110.525754442,27.39077058322872],[-110.52823502999996,27.385645819228795],[-110.52677760999997,27.38130032822891],[-110.53051038899999,27.377680573228993],[-110.52597170899998,27.37802893322895],[-110.52497630699997,27.375041443228994],[-110.53125991999997,27.375354650229028],[-110.532690571,27.37355518322905],[-110.53361558599994,27.375794850228978],[-110.53228308799999,27.37665740522899],[-110.53594745799995,27.374361225229066],[-110.53652745099998,27.372680731229067],[-110.52584605099999,27.374032265229015],[-110.52420065399998,27.375035207229],[-110.52361887499995,27.37740872022898],[-110.51633058599998,27.379207592228934],[-110.510776923,27.384936145228814],[-110.50387767699999,27.38722756622877],[-110.49954824799994,27.384682732228832],[-110.49501180499999,27.38469344022881],[-110.49487028999995,27.382081819228887],[-110.49765657599994,27.38371191222888],[-110.49732124399999,27.381404769228922],[-110.495313325,27.381688421228866],[-110.48631725499997,27.37472111922904],[-110.48017467599999,27.37464616622901],[-110.47626216099997,27.369588326229103],[-110.47619502799995,27.363956437229238],[-110.47475664399997,27.362400270229276],[-110.48041381199995,27.35988755922933],[-110.47798319299994,27.35711429722937],[-110.47810099199997,27.353269305229453],[-110.47539195999998,27.354276790229438],[-110.47460316799999,27.348048550229525],[-110.48166659799995,27.325866025229928],[-110.47648056299994,27.32473816123],[-110.47432477099994,27.327200903229926],[-110.47264073099996,27.326447246229925],[-110.47296847899997,27.323663834229986],[-110.47021306299996,27.325462707229942],[-110.46842132899997,27.324256320230006],[-110.46605138599995,27.325948117229945],[-110.46432746599999,27.325155756229968],[-110.46384182799994,27.32908032922991],[-110.46099027199995,27.32926746522988],[-110.46307697499999,27.324723144229985],[-110.46712571199998,27.321897084230024],[-110.47230817799999,27.321240353230042],[-110.47160861699996,27.318891825230065],[-110.46469866199999,27.316575420230123],[-110.47448895399998,27.318520629230065],[-110.47565596599998,27.31734343823014],[-110.47378067299998,27.31440597923018],[-110.47475991399995,27.31204286223021],[-110.469880349,27.310796873230256],[-110.46748263099994,27.311796272230207],[-110.46741481699996,27.31058631623025],[-110.46118723299999,27.309008661230276],[-110.45850968399999,27.312867030230215],[-110.45711458999995,27.309187538230265],[-110.447465348,27.30267365123041],[-110.44360830899997,27.3023664682304],[-110.44430787099998,27.30067467223045],[-110.44601751399995,27.301588385230414],[-110.448869679,27.30002019323047],[-110.44923454499997,27.297722653230476],[-110.45245752499994,27.29712659823048],[-110.45267881499997,27.295284895230544],[-110.45933178799999,27.293957156230537],[-110.46177311499997,27.294888715230552],[-110.46277962699997,27.293346824230593],[-110.47026422099998,27.2968267862305],[-110.47394480199995,27.29303515823058],[-110.48715429499998,27.29899989523047],[-110.50404397599999,27.300331220230472],[-110.515884504,27.299100117230484],[-110.516969556,27.297593924230515],[-110.51859107399997,27.299571494230467],[-110.52152138099996,27.299646447230426],[-110.52485024599997,27.296923154230523],[-110.52383659599997,27.29306842723055],[-110.47584762699995,27.28554695123074],[-110.45538902099997,27.278815456230856],[-110.432370242,27.267979682231086],[-110.42727806699997,27.264602935231146],[-110.42623348499995,27.260731552231167],[-110.41381587099995,27.253576513231316],[-110.39460886199998,27.234991733231706],[-110.38994511799996,27.22805322423183],[-110.35965933899998,27.199870888232383],[-110.34683880299997,27.190038955232513],[-110.33795040599995,27.17594080723283],[-110.30666564999997,27.155372429233218],[-110.27645928599999,27.144085110233423],[-110.27281456999998,27.144606109233408],[-110.26194219499997,27.141506964233518],[-110.20683761999999,27.13200164923366],[-110.18280656999997,27.126581379233787],[-110.18031052199997,27.123752417233803],[-110.17981559399999,27.124913594233817],[-110.16578756099996,27.122438955233843],[-110.10380736099995,27.10833826923412],[-110.08719642699998,27.101435536234238],[-110.08089314999995,27.097402266234337],[-110.07969509299996,27.094241151234392],[-110.07753573099997,27.095121554234368],[-110.07346605899995,27.093213622234412],[-110.05650526199997,27.078223017234727],[-110.05502047799997,27.07826584923468],[-110.05667467899998,27.08082456023464],[-110.04513451699995,27.0843764732346],[-110.03232765599996,27.07864702523469],[-110.021228964,27.07795458223472],[-109.98753310999997,27.06510680723496],[-109.96720711999997,27.05418031923517],[-109.95414645999996,27.041102859235387],[-109.94566768,27.021904799235802],[-109.94167084999998,27.01796362923586],[-109.93985677999997,27.009339919236034],[-109.94503351499998,27.007709629236075],[-109.94754622499995,27.00233204723613],[-109.94718454699996,26.997877696236237],[-109.94418642599999,26.992052776236346],[-109.93049684999995,26.974299919236735],[-109.91498005499994,26.95847496623699],[-109.890250316,26.92251179223772],[-109.88535370999995,26.906535679238008],[-109.87320623699998,26.879060455238548],[-109.86760696999995,26.849054309239136],[-109.86251204999996,26.834865399239433],[-109.85573464799995,26.80414391824003],[-109.85100427999998,26.792503595240255],[-109.83582331799994,26.768756574240705],[-109.82012839399994,26.751633972241013],[-109.78391264099997,26.723409867241582],[-109.77498490399995,26.71145545524184],[-109.76747532499996,26.706239677241904],[-109.74825879799994,26.700471863242065],[-109.69044529099995,26.677552175242507],[-109.66924165699999,26.673412633242563],[-109.66273145099996,26.675468487242526],[-109.65981899199994,26.68787023824231],[-109.65624596799995,26.69137094924225],[-109.643881659,26.694320699242162],[-109.62384659699997,26.695481876242173],[-109.57769338199996,26.69184189524218],[-109.55512181399996,26.688187043242298],[-109.52582589099995,26.681576901242426],[-109.49636578399998,26.670169764242615],[-109.49145457599997,26.673610465242596],[-109.49362951499997,26.67845693324248],[-109.49585063099994,26.676282600242494],[-109.50008607099994,26.67572937524252],[-109.50914348899994,26.677108273242492],[-109.512569913,26.678707271242466],[-109.51401186699997,26.682927245242407],[-109.53069188899997,26.68854872124229],[-109.53322601399998,26.690678339242208],[-109.54052501099996,26.690071576242207],[-109.53913302599996,26.69329574624216],[-109.54225011999995,26.693682408242196],[-109.53126295899995,26.69725160024211],[-109.53320221999996,26.697917849242096],[-109.53483809899997,26.69995823724208],[-109.52968656599995,26.69861384124206],[-109.52485031199996,26.701838011242018],[-109.525345239,26.703640453241963],[-109.52135845299996,26.701595306242016],[-109.52226859599995,26.700492426242015],[-109.52049470799996,26.69913970224209],[-109.51669708799994,26.701002820242003],[-109.51516947399996,26.70373682124198],[-109.50868425299996,26.704618411241977],[-109.51673953999995,26.707219278241926],[-109.51733559499996,26.705680956241924],[-109.51853721199997,26.708092307241895],[-109.51930973799996,26.706792049241923],[-109.52301812699994,26.706670696241915],[-109.52193309199998,26.707948467241884],[-109.52811136300001,26.711874578241805],[-109.53588863099998,26.709758047241824],[-109.53349370399997,26.70350125424197],[-109.53960772899997,26.704589858241988],[-109.54445825999994,26.70637802324194],[-109.54376226799998,26.708990671241853],[-109.547010232,26.70835892424187],[-109.55121116999999,26.71006499724186],[-109.55607597799997,26.716960675241705],[-109.55382024899995,26.72797877024149],[-109.54163859899995,26.741588097241213],[-109.53354010299996,26.74759861524113],[-109.53090913299998,26.75564393024098],[-109.52773493199999,26.75368801324098],[-109.52918164399995,26.75635776824094],[-109.528120405,26.75913222024091],[-109.52018252299997,26.758722952240923],[-109.51704639299999,26.75472545824097],[-109.51572206699997,26.75629763324098],[-109.51302510399996,26.754787324240976],[-109.51394833499997,26.75327398724101],[-109.51140231199999,26.74918131424107],[-109.50812757899996,26.733541711241372],[-109.50819539299994,26.721899009241643],[-109.50005763699995,26.73574747224136],[-109.49397216499995,26.73997339524125],[-109.48308934299996,26.74426546624119],[-109.48052428399997,26.735598280241323],[-109.48084789099994,26.734061148241402],[-109.48142372099994,26.732519257241393],[-109.48173304999995,26.732043365241402],[-109.48202810399995,26.733866032241355],[-109.48186629999998,26.73031587624147],[-109.47668859299995,26.72077423824162],[-109.471458538,26.71689571624173],[-109.46225002399997,26.715558459241755],[-109.45681414499995,26.71730617324171],[-109.44836229999999,26.71736684924173],[-109.44110970199995,26.715189643241775],[-109.44192062299999,26.71627182124174],[-109.43928299,26.716411020241736],[-109.43743414899996,26.719712522241675],[-109.43739845699997,26.71843475224169],[-109.43253721800001,26.7189237312417],[-109.43465731799996,26.715607952241758],[-109.43214817599996,26.717164119241726],[-109.43579232099995,26.712652661241787],[-109.43530334199995,26.70245191224202],[-109.44122106099996,26.697030310242113],[-109.44164579499996,26.694467631242155],[-109.43810515699995,26.692069134242203],[-109.43371862099998,26.692533129242225],[-109.43104886499998,26.68975272924226],[-109.43001736899998,26.67124647124263],[-109.435728075,26.671175087242602],[-109.43916163799999,26.67448372724254],[-109.44399432299997,26.67445874324255],[-109.44661053999994,26.676057741242538],[-109.44834516699996,26.67491916924255],[-109.45277453399997,26.678495499242484],[-109.46071598499998,26.676853670242508],[-109.47470721599997,26.683474521242363],[-109.48457931099996,26.684721358242324],[-109.48496835299994,26.6827690102424],[-109.47411444199999,26.676119607242544],[-109.44111250699997,26.671714630242594],[-109.43200393099994,26.668754580242634],[-109.41569986399999,26.66166378624282],[-109.40323148799997,26.65362120824296],[-109.38273543499997,26.63459556724335],[-109.358246023,26.59915111624406],[-109.33189111199995,26.58390353024431],[-109.309371894,26.564591825244676],[-109.28598137999997,26.535479619245287],[-109.27488779599999,26.517167400245647],[-109.26778843299996,26.501231537245978],[-109.26539677199997,26.494675345246108],[-109.26549939099999,26.489367544246196],[-109.26393846499998,26.489388960246185],[-109.26180279999994,26.481383779246354],[-109.25522777999998,26.450054179246976],[-109.25202943,26.412233459247712],[-109.25434822899996,26.365322919248655],[-109.26125990999999,26.330377509249377],[-109.26000796999996,26.31970217924956],[-109.24678790899998,26.316035179249624],[-109.215639449,26.334532261249265],[-109.21127607899996,26.3427360502491],[-109.20390221899999,26.341826819249135],[-109.202537739,26.34445255024911],[-109.19856481899997,26.341669141249145],[-109.19312984899996,26.34093485924917],[-109.18912710899997,26.335529630249255],[-109.18882446099997,26.332988451249317],[-109.19027196899998,26.332845860249325],[-109.18203513899999,26.327091801249413],[-109.1780098,26.320357649249576],[-109.17457896999997,26.318969569249568],[-109.17402507899999,26.313893820249717],[-109.17126041999997,26.311350170249767],[-109.16694742899995,26.310391981249765],[-109.16494313899994,26.306847340249814],[-109.15694136999998,26.305374370249844],[-109.15427554999997,26.30715072024981],[-109.14959948999996,26.306400020249853],[-109.13539941999994,26.30159952024996],[-109.133123739,26.29785878025003],[-109.12744796999999,26.298648820249976],[-109.12523821899998,26.297014340250065],[-109.12100791999995,26.298910169249996],[-109.11965674899994,26.303077570249936],[-109.10011273999999,26.312928580249693],[-109.09668034899994,26.312124451249705],[-109.09336028899997,26.320503200249576],[-109.08727054899998,26.32560754124947],[-109.08754144999996,26.330818510249387],[-109.08540548999999,26.33649518124927],[-109.08121822899994,26.337738979249213],[-109.07421422999994,26.35353005024892],[-109.00644348899999,26.402369890247904],[-109.00405408999995,26.40008549024795],[-108.93652231,26.390180259248197],[-108.90918497999998,26.416585259247622],[-108.91011501999999,26.421714519247516],[-108.88139244999996,26.406252479247833],[-108.86033954999999,26.432770149247343],[-108.87610762999998,26.447576429247],[-108.84909948999996,26.46722387924665],[-108.83776201999996,26.472523309246526],[-108.83779505999996,26.476857109246417],[-108.84747991999996,26.487217449246256],[-108.85065162999997,26.486362339246238],[-108.85674001999996,26.480515139246346],[-108.91466994999998,26.4795400192464],[-108.89131753999999,26.48959530924618],[-108.87315214999995,26.55107142924497],[-108.80642284999999,26.570603649244614],[-108.79721774999996,26.56784025924462],[-108.79551168999996,26.565627119244688],[-108.78772371999999,26.565255749244713],[-108.78417502999997,26.568806479244618],[-108.77708914,26.57092605924457],[-108.77659033999998,26.5801094892444],[-108.73429288999996,26.59356808924418],[-108.71074089099994,26.593627539244146],[-108.71059047999996,26.5870576492443],[-108.67883073999998,26.58701508924425],[-108.67898790999999,26.642889449243164],[-108.66726222999996,26.65260134924297],[-108.65768056999997,26.669129179242624],[-108.63036634999997,26.676573449242486],[-108.63369771999999,26.67956847924246],[-108.62986756999999,26.680490339242446],[-108.63179834999995,26.687200429242324],[-108.63599430999994,26.69051534924224],[-108.63119687999996,26.70143682924201],[-108.63146610999996,26.706974049241904],[-108.628385,26.71838711924169],[-108.61772891,26.722003019241615],[-108.61625427999998,26.72646339924154],[-108.60102394999996,26.727222509241514],[-108.59721439999998,26.743223739241238],[-108.59885724999998,26.75030690924108],[-108.59418888999996,26.759173429240874],[-108.58161497999998,26.759098629240874],[-108.57832947999998,26.76277708924082],[-108.57874029,26.772687089240602],[-108.57794031999998,26.77653547924057],[-108.57598039999999,26.777764749240546],[-108.58084942999994,26.78957657924032],[-108.57520454999997,26.79321656924019],[-108.56477007999996,26.778483289240523],[-108.55403379999996,26.779856979240463],[-108.55147273999997,26.781535429240474],[-108.54982442,26.787559679240356],[-108.54190437999995,26.792865689240223],[-108.53691208999999,26.798428709240135],[-108.53644211999995,26.801748109240062],[-108.53791876999999,26.804124709240025],[-108.54766397999998,26.805825919239997],[-108.55535239999996,26.811584079239854],[-108.55786491999999,26.81731211923976],[-108.55704313999996,26.82375331923963],[-108.55405047999994,26.8267131192396],[-108.54704268999996,26.828556769239512],[-108.54214591999995,26.835839259239403],[-108.53919994999997,26.836730119239352],[-108.53512991999997,26.8409751992393],[-108.52205834999997,26.879677649238566],[-108.52004386,26.88023319923856],[-108.51942274999999,26.879008229238572],[-108.51803631999996,26.880423919238535],[-108.46697767999996,26.970701849236793],[-108.42427082999997,26.976229829236633],[-108.49954211,26.986279219236454],[-108.50761242999994,26.989223769236396],[-108.55176342999994,26.997145289236258],[-108.57224741999994,27.01265582923595],[-108.56253527999998,27.046018939235335],[-108.60227604999994,27.036943279235498],[-108.60618896999996,27.06358501923499],[-108.59695617999995,27.076899649234708],[-108.60073073999996,27.1189724892339],[-108.61142670999999,27.154144749233236],[-108.62242242999999,27.15689087923318],[-108.63208213999997,27.168945769232955],[-108.64432014999996,27.178811149232782],[-108.64966987999999,27.175837579232837],[-108.65322054999997,27.176054599232803],[-108.64751890999997,27.186700849232636],[-108.64934388999995,27.19120494923252],[-108.65334142999995,27.18998153923258],[-108.65310525999996,27.19532025923246],[-108.66257807999995,27.219542919231962],[-108.66142125999995,27.224058679231902],[-108.65823965999999,27.227550709231846],[-108.65808850999997,27.23165221923176],[-108.66437548999994,27.239395829231583],[-108.64733896999998,27.256983919231267],[-108.62559062999999,27.289245859230657],[-108.59104511999999,27.318080479230115],[-108.62912519999999,27.382920599228857],[-108.62773924999999,27.410567029228325],[-108.63341768999999,27.428136479228],[-108.66164839999999,27.464744349227317],[-108.65302290999996,27.469031629227263],[-108.65577870999999,27.477310909227064],[-108.65240534999998,27.53703290922595],[-108.65527705999995,27.543797429225826],[-108.69025644999999,27.559181119225567],[-108.71280771,27.566246479225438],[-108.72295808999996,27.58814773922501],[-108.73985237999995,27.59995457922475],[-108.75419938,27.636733429224087],[-108.75405504999999,27.64564128922394],[-108.74931377999997,27.66473081922355],[-108.76234541999997,27.675045579223386],[-108.76475697999996,27.69349734922301],[-108.77278676999998,27.69650147922297],[-108.76602477999995,27.705833569222783],[-108.78444693999997,27.714906859222616],[-108.78449463,27.73046524922236],[-108.79927568999996,27.72302839922246],[-108.80383651999995,27.73020199922236],[-108.80488125999996,27.73617607922224],[-108.80738434999995,27.7379907492222],[-108.81700365999997,27.73216607922232],[-108.83296377999994,27.744349569222084],[-108.89551565,27.744807089222075],[-108.92029421999996,27.78397305922134],[-108.91046413999999,27.80913574922088],[-108.90451773999996,27.80768279922092],[-108.88608172,27.813670029220766],[-108.88314571999997,27.819964369220646],[-108.87283156999996,27.83159728922045],[-108.86914021999998,27.839286339220322],[-108.91486797999995,27.854005229220032],[-108.91975074999999,27.870944549219715],[-108.92008974999999,27.890813749219376],[-108.92452554999994,27.900860939219157],[-108.92651102999999,27.940594229218437],[-108.95031377999999,27.954039539218186],[-108.96370539999998,27.97252401921784],[-108.98198196999999,27.980272509217723],[-108.99168493999997,27.979980889217696],[-109.01636070999996,28.008027999217173],[-109.03189961999999,28.01828802921702],[-109.03656787999995,28.033093489216736],[-109.04156331999998,28.063887449216157],[-109.04992710999994,28.0835677392158],[-109.04949613999997,28.087067339215725],[-109.05179144999994,28.090145629215687],[-109.04894791999999,28.09265034921563],[-109.05313922,28.096779459215576],[-109.05119437999998,28.09907182921554],[-109.05359121999999,28.10019610921552],[-109.05987174999996,28.11324450921529],[-109.05966725999997,28.115561259215227],[-109.06223851999994,28.118307859215186],[-109.06280193999999,28.12580154921505],[-109.06554488999996,28.12530517921504],[-109.06856194999996,28.130129489214966],[-109.06868534999995,28.140050849214738],[-109.0667896,28.141711769214727],[-109.07289419999996,28.148572349214632],[-109.06199010999997,28.19920193921367],[-109.06918853999998,28.24982101921279],[-109.07488616999997,28.27260941921235],[-109.06883001999996,28.27365708921232],[-109.05843617999994,28.267268859212468],[-109.06331933999996,28.28006493921222],[-109.06708791999996,28.28098816921222],[-109.07010788999997,28.284284219212175],[-109.06869639999996,28.28613884921211],[-109.06625688999999,28.286442969212118],[-109.06388296999997,28.283596659212172],[-109.05951148999999,28.284736049212142],[-109.05641741999995,28.27918304921222],[-109.05188325999997,28.27642462921231],[-109.05044610999994,28.280840619212213],[-109.04576473999998,28.281161649212226],[-109.04441705,28.278455909212255],[-109.04641423,28.276085489212317],[-109.04639468,28.273170679212374],[-109.04068194999998,28.266990019212457],[-109.03431201999996,28.27296254921235],[-109.03116982999995,28.272715229212388],[-109.02804217999994,28.277230739212275],[-109.02277699999996,28.277531939212295],[-109.01379017,28.267079619212478],[-109.00309584999997,28.262179709212557],[-108.99744376999998,28.255054539212697],[-108.99424847999995,28.25631465921265],[-108.99313991999999,28.260478629212557],[-108.98830877999997,28.262540709212548],[-108.98956172,28.270933889212383],[-108.98705477,28.277832679212292],[-108.99554508999996,28.286386969212096],[-108.99692176999999,28.295496079211983],[-108.99397437999994,28.297959659211916],[-108.98904722999998,28.29681468921194],[-108.98804954999999,28.29498610921193],[-108.98905587999997,28.291451819212053],[-108.98291356999995,28.287068659212093],[-108.98607839999994,28.283709719212165],[-108.98355890999994,28.276964709212304],[-108.97367121999997,28.273095449212327],[-108.96726110999998,28.26499974921252],[-108.96141270999999,28.262004199212544],[-108.92881613999998,28.25955590921262],[-108.92201444999996,28.251491779212742],[-108.91267539999997,28.26000124921261],[-108.90758373999995,28.259835579212613],[-108.90370581999997,28.261705709212563],[-108.89130894,28.261020649212554],[-108.88066333999996,28.264726429212512],[-108.86925921999996,28.25701491921268],[-108.86158287999996,28.25678705921268],[-108.85608856999994,28.251538289212732],[-108.85138325999998,28.259482999212597],[-108.84199690999999,28.253257369212687],[-108.83583541999998,28.262753779212513],[-108.83042294999996,28.265049279212466],[-108.79166317999996,28.253617059212722],[-108.79668450999998,28.267163449212468],[-108.75098387999998,28.271569349212385],[-108.71389044999995,28.287975079212064],[-108.68722510999999,28.303462489211828],[-108.67648655,28.302894029211828],[-108.67212026,28.298200399211904],[-108.66721250999997,28.29940391921186],[-108.66193387999999,28.295475109211935],[-108.65583228999998,28.301806949211855],[-108.65237312,28.298351769211926],[-108.64436450999996,28.298280199211924],[-108.64129313999997,28.291608649212034],[-108.63548597,28.306256109211763],[-108.63618093999997,28.335228019211225],[-108.61116728999997,28.335256819211228],[-108.60350742999998,28.347561909210995],[-108.550927851,28.31805544921153],[-108.53588275,28.32373197921144],[-108.51963772,28.334762179211232],[-108.52165099999996,28.365060629210713],[-108.50568285999998,28.360805879210773],[-108.50136539999994,28.355729259210847],[-108.47970102,28.369551059210615],[-108.48898191999997,28.37511568921049],[-108.51554139999996,28.42628431920958],[-108.51363379999998,28.43960333920938],[-108.50865053999996,28.44929913920918],[-108.50414121999995,28.454439279209062],[-108.51744291999997,28.455622689209058],[-108.52038877999996,28.459758819208986],[-108.513472059,28.472906749208757],[-108.51369674999995,28.484489949208562],[-108.50905430999997,28.487080599208518],[-108.50479517999997,28.493357289208404],[-108.50773174999995,28.499853179208277],[-108.50767170999995,28.508215909208122],[-108.52328665,28.50591034920818],[-108.53185998,28.538973089207584],[-108.53128684999996,28.556668579207265],[-108.55162501999996,28.577774029206875],[-108.55563573999996,28.58726228920672],[-108.5613618,28.591173509206623],[-108.56439636999994,28.612709649206252],[-108.5801512,28.63244633920591],[-108.57898421999994,28.657336049205437],[-108.58390764999996,28.665931369205328],[-108.58378519999997,28.740139379204013],[-108.60662044999998,28.744597139203925],[-108.62074339999998,28.750327509203796],[-108.62523374999995,28.75933653920365],[-108.63009947999996,28.759817479203633],[-108.64329441999996,28.76506754920353],[-108.64555674999997,28.794727089203025],[-108.63632843,28.791882769203056],[-108.62439564999995,28.800116419202944],[-108.62381738,28.80612299920286],[-108.62962508999999,28.811722349202714],[-108.65784954999998,28.809224489202794],[-108.66583514999996,28.82821611920243],[-108.68120051999995,28.854771169201967],[-108.67817622999998,28.863275879201833],[-108.68712966,28.875650249201584],[-108.70684419999998,28.884264319201478],[-108.70597930999998,28.889240379201357],[-108.70979771999998,28.88951545920136],[-108.70613282,28.892784849201323],[-108.70490893999994,28.90023565920122],[-108.70892093999998,28.905900719201068],[-108.70593805099998,28.90658581920105],[-108.70106845,28.927645309200717],[-108.69782010999997,28.93138836920061],[-108.69814536999996,28.936265659200544],[-108.70781310999996,28.985571349199684],[-108.71000007999999,28.98323094919974],[-108.71421814999998,29.00146533919938],[-108.71131339999994,29.003489339199362],[-108.72435311999999,29.069896999198185],[-108.71310711999998,29.070367339198228],[-108.71496662,29.07660825919812],[-108.71104977999994,29.077547029198094],[-108.70943817999995,29.083003319197996],[-108.71152873999996,29.087417779197935],[-108.72747148999999,29.085761199197925],[-108.72958952,29.096532689197762],[-108.70826121999994,29.114277289197467],[-108.69852819999994,29.127739569197235],[-108.70001711999998,29.135046679197107],[-108.70950050899997,29.149133539196832],[-108.72885354,29.171801139196482],[-108.74529690999998,29.16234273919661],[-108.74555254999997,29.17399431919644],[-108.74915833999997,29.180637169196313],[-108.75386948999994,29.20009805919599],[-108.739829951,29.200820319195966],[-108.73540833999999,29.217712689195654],[-108.74282836999998,29.22586434919552],[-108.74124454999999,29.24042699919529],[-108.75109596999994,29.250936829195105],[-108.75869647999997,29.250922539195077],[-108.76188762999999,29.253883579195033],[-108.76103041999994,29.25545890919504],[-108.75725857999998,29.25566733919502],[-108.75430300000001,29.259457199194934],[-108.75005008999995,29.256727459194984],[-108.74290648,29.260146169194932],[-108.74142231999997,29.25853531919499],[-108.73066708999995,29.263402779194852],[-108.73030239999999,29.269093619194763],[-108.68220856999994,29.267429819194838],[-108.66973291999996,29.307416919194115],[-108.70362204999998,29.408454859192403],[-108.70737965999996,29.439479109191854],[-108.71907824999995,29.45978925919151],[-108.71775385999996,29.465953829191413],[-108.69433191999997,29.46711419919138],[-108.68960646099998,29.4840004191911],[-108.66597499999996,29.485127059191075],[-108.64398631999997,29.488839509191028],[-108.62515537999998,29.50103128919085],[-108.63071401999997,29.504310309190764],[-108.64871265999994,29.509101029190713],[-108.66230913999999,29.544481659190073],[-108.63832419999996,29.558318829189876],[-108.65950507999997,29.58404067918941],[-108.64113711999995,29.588885659189355],[-108.64632510999996,29.610442279188952],[-108.64465714999996,29.627549219188687],[-108.65498791999994,29.64943288918834],[-108.61828002999995,29.66052544918811],[-108.64516732,29.691957579187626],[-108.65909895,29.71612739918722],[-108.59253437999998,29.7176457191872],[-108.59275131,29.728391489186976],[-108.54780934999998,29.73735027918684],[-108.54077556999994,29.736227969186892],[-108.53839742999997,29.74761133918668],[-108.53496427999994,29.751364509186594],[-108.54125876999996,29.796137849185843],[-108.60166765999998,29.79711167918586],[-108.61855959999997,29.800465999185768],[-108.62944417999995,29.80627384918567],[-108.63571773999996,29.829684479185282],[-108.63475010999997,29.83205430918527],[-108.61489305999999,29.844077999185053],[-108.60838319999999,29.84514407918508],[-108.60719925999997,29.847140059185048],[-108.62169070999994,29.878209489184528],[-108.61469338099995,29.884464019184403],[-108.61486305999996,29.89512525918423],[-108.61911297999995,29.909377689183984],[-108.61877551899995,29.93132131918364],[-108.62287154999996,29.950471649183314],[-108.62807521999997,29.951335689183324],[-108.62870897,29.95303439918327],[-108.61549957999996,29.96587242918306],[-108.60692208999997,30.028617919182036],[-108.61473757,30.057838539181528],[-108.61453012,30.089275549181007],[-108.61822288999997,30.089452539181014],[-108.61165573999995,30.10234942918084],[-108.62021762999996,30.29822971917764],[-108.58352670999994,30.285407079177826],[-108.58307097999995,30.28140985917792],[-108.57315201999997,30.276927859178],[-108.57294291999995,30.274330309178026],[-108.56719811999996,30.272899279178045],[-108.56500077999999,30.269731459178114],[-108.55995205999996,30.26992837917811],[-108.55054665999995,30.26664217917818],[-108.542199021,30.283512169177882],[-108.56577376999998,30.3081863791775],[-108.57145301999998,30.327733859177144],[-108.57491708999999,30.327543509177186],[-108.58000596999996,30.33748210917701],[-108.62205648999998,30.340318169176953],[-108.61983988999998,30.374796379176438],[-108.64865224999996,30.41686471917572],[-108.61355868,30.435716379175407],[-108.60384322999994,30.465112999174952],[-108.66098291999998,30.466650199174964],[-108.66477187999999,30.46815164917491],[-108.65711650999998,30.470316749174888],[-108.66197290999997,30.521941889174073],[-108.67408999999998,30.532291489173875],[-108.67779219999996,30.557072719173515],[-108.68739830999999,30.55476476917356],[-108.72743948999994,30.580476909173157],[-108.72666566,30.59454807917291],[-108.75654172099996,30.596075719172884],[-108.76201974999998,30.587271969173045],[-108.83064742999994,30.60173301917279],[-108.83426436999997,30.60574131917273],[-108.83939056999999,30.605902449172703],[-108.84827728999996,30.614252029172594],[-108.87646527999999,30.624574319172464],[-108.87774357999996,30.637838399172256],[-108.86692524999995,30.689386629171423],[-108.88691945999994,30.719286539170934],[-108.91896836999997,30.73935365917064],[-108.94830244999997,30.736911279170684],[-108.93545679999994,30.773631259170095],[-108.92984924999996,30.861020919168702],[-108.93924273999994,30.907565169168006],[-108.80239256999995,30.90410099916803],[-108.80325545999995,31.00482925916651],[-108.68380744999997,31.005973319166497],[-108.68438668,31.033739539166042],[-108.75246601999999,31.033847509166055],[-108.74010874999999,31.047078149165866],[-108.72989913999999,31.05215417916577],[-108.73454627999996,31.05362257916572],[-108.74018873999997,31.0580862191657],[-108.75045101999996,31.069750739165517],[-108.76615651999998,31.07362817916545],[-108.76655057999996,31.081916979165342],[-108.77019448999994,31.09232867916513],[-108.76999685899996,31.102471829165005],[-108.83329732,31.125458539164654],[-108.84564005999994,31.13557621916451],[-108.83501234999994,31.169334709163966],[-108.80502465999996,31.192955539163627],[-108.84833196899997,31.195107579163597],[-108.86068717999996,31.218927199163215],[-108.90033230999997,31.202452119163457],[-108.90531556999997,31.20511861916344],[-108.90664748999997,31.208050919163394],[-108.90629079999997,31.213343089163274],[-108.89832614999995,31.225238399163096],[-108.88169513999998,31.235560179162952],[-108.87981247999996,31.23878593916295],[-108.81723143,31.239005659162892],[-108.75591613999995,31.332419019161463],[-109.51056382799999,31.33425146016148],[-111.07500201999994,31.332569459161505],[-111.52662188999996,31.47737871915932],[-112.120499371,31.664931109156537],[-112.55234091999995,31.798936579154553],[-113.21020517999996,31.999977449151682],[-114.10996881999996,32.28159414914764],[-114.81239839999994,32.49369688914465],[-114.81357276999998,32.493913169144676],[-114.81323373999999,32.48984822914473],[-114.81572997999996,32.48332308014481],[-114.81818750999997,32.48144612014482],[-114.82535173899998,32.480042999144835],[-114.83247236999996,32.48140487914486],[-114.83841653999997,32.47581261914493],[-114.84840514999995,32.47341581914497],[-114.86758757999998,32.48127054914482],[-114.86954109,32.48637902914476],[-114.87338070999999,32.48920617914475],[-114.87669254,32.48854150914475],[-114.87951650899998,32.49162948914467]],[[-110.84840799999995,27.982478169217643],[-110.84837545999996,27.98500857921762],[-110.83024629,27.96953236921787],[-110.82779054999997,27.960753246218083],[-110.82703208099997,27.961980146218067],[-110.82657177099998,27.961591776218015],[-110.82822461599994,27.958529291218095],[-110.82707661999996,27.95531367821814],[-110.82933377999997,27.956033489218147],[-110.84165185999996,27.95465541921817],[-110.84517012099997,27.953041649218203],[-110.84602005999994,27.956522969218124],[-110.84955353999999,27.959792309218102],[-110.84872590999998,27.961369379218066],[-110.85608148999995,27.958798059218115],[-110.85812230999996,27.960397539218057],[-110.85883453999998,27.96599739921797],[-110.86589699999998,27.966866019217946],[-110.86951988999999,27.96915341921792],[-110.86949370999997,27.970173489217878],[-110.85800119999999,27.96712168921795],[-110.85583154999995,27.964544379217998],[-110.85476842999998,27.96749313921793],[-110.86178476999999,27.970882219217906],[-110.86070962999999,27.971996019217876],[-110.85834941999998,27.971210799217864],[-110.85965043099998,27.972990519217838],[-110.86723782999998,27.973474339217844],[-110.85714978,27.9744514192178],[-110.86229467999999,27.977936949217767],[-110.85898184999996,27.97891154921777],[-110.86106105999995,27.980095029217686],[-110.86400481999999,27.980345539217677],[-110.86622782999996,27.981368379217674],[-110.86188471999998,27.981415889217672],[-110.85200984999994,27.97739476921774],[-110.84840799999995,27.982478169217643]],[[-110.84239552099996,27.954187859218184],[-110.82773941999996,27.954756659218173],[-110.84487913999999,27.952846939218194],[-110.84239552099996,27.954187859218184]]],[[[-110.59079925199995,27.408267575228415],[-110.58975168999996,27.41537138422828],[-110.595254357,27.416579266228226],[-110.59677931,27.414226346228293],[-110.59709482999995,27.391348805228724],[-110.60610241299997,27.346835868229586],[-110.60420770499996,27.326645326229936],[-110.60172395199999,27.318701365230062],[-110.59760080099996,27.312706593230228],[-110.58269550299997,27.303576277230384],[-110.534256358,27.288271850230668],[-110.53120777199997,27.298850761230458],[-110.53192382199995,27.30268532023041],[-110.53531687299996,27.30181629123044],[-110.54340594399997,27.305462251230338],[-110.57127903299995,27.311578610230242],[-110.58540447599995,27.321898344230053],[-110.58448845799997,27.327755143229908],[-110.58267971599997,27.32511780522995],[-110.57982755899997,27.32677961022995],[-110.57995352899997,27.329064287229883],[-110.58195920899999,27.32942533722992],[-110.57989662499995,27.330926500229886],[-110.58109110199997,27.333952708229816],[-110.57886261699998,27.333550694229807],[-110.57966133799995,27.33277358122985],[-110.57816157899998,27.331663170229852],[-110.57728596799996,27.332539000229822],[-110.57966403299997,27.337774201229724],[-110.57903655899997,27.335889810229784],[-110.58532081099999,27.33814157422974],[-110.58021485599994,27.33991613822967],[-110.58286712399997,27.343006621229655],[-110.58264275399995,27.346141352229587],[-110.58471532199997,27.346080550229583],[-110.58478757599994,27.348154559229553],[-110.59543657899997,27.357408276229346],[-110.59697674299997,27.356572328229397],[-110.595245247,27.35443493522944],[-110.59568970799995,27.35359474322945],[-110.597998766,27.358886226229302],[-110.59586986899996,27.35980722622929],[-110.60270636999996,27.36159263122928],[-110.59340184599995,27.40543380922843],[-110.59079925199995,27.408267575228415]]],[[[-110.95124748999996,27.867508790219773],[-110.95074593799995,27.86766855921976],[-110.95088812199998,27.86829925121976],[-110.95124748999996,27.867508790219773]]],[[[-110.85927997899995,27.878851919219578],[-110.85960108999997,27.880842109219547],[-110.86596642999996,27.87464851921966],[-110.86393761999996,27.874692399219672],[-110.85927997899995,27.878851919219578]]],[[[-110.95333379499999,27.875520119219626],[-110.95275172699996,27.87576351121963],[-110.952382389,27.87680575521963],[-110.95333379499999,27.875520119219626]]],[[[-110.95528326399996,27.884385895219452],[-110.95530989199995,27.884949579219477],[-110.95605307999995,27.88433593121948],[-110.95528326399996,27.884385895219452]]],[[[-110.83307294999997,27.90088005921919],[-110.83384184999994,27.90195819921913],[-110.83922079999996,27.899006649219192],[-110.84188599999999,27.895720919219244],[-110.84094445999996,27.894146779219284],[-110.84274057999994,27.890874659219364],[-110.84551791999996,27.888364419219425],[-110.84782901999995,27.888537999219388],[-110.84778624999996,27.89156430921932],[-110.84861496999997,27.89124036921935],[-110.84818341999996,27.888523739219394],[-110.84704899999998,27.88713753921941],[-110.84140453999998,27.88776373921939],[-110.83307294999997,27.90088005921919]]],[[[-110.90033217999996,27.898949719219225],[-110.90129465999996,27.899432029219206],[-110.90106664999996,27.898782349219186],[-110.90033217999996,27.898949719219225]]],[[[-110.89914139899997,27.900537249219198],[-110.89838162999996,27.90091030921915],[-110.89908282999995,27.90106182921918],[-110.89914139899997,27.900537249219198]]],[[[-110.88043388999995,27.907946399219064],[-110.87911042999998,27.908909799219032],[-110.87934886,27.910969709219003],[-110.88189425999997,27.90984082921901],[-110.88043388999995,27.907946399219064]]],[[[-110.87024067999994,27.912389799218936],[-110.87476731,27.911427519218993],[-110.87498110999998,27.906620659219065],[-110.87034613999998,27.908928799219044],[-110.87024067999994,27.912389799218936]]],[[[-110.96852914999994,27.90853433921905],[-110.96910537999997,27.909684109219015],[-110.97092438,27.909244249219],[-110.97027345,27.908583739219015],[-110.96852914999994,27.90853433921905]]],[[[-110.99111452199998,27.92550256321872],[-110.99185968399996,27.925959859218693],[-110.99239484599997,27.925738154218692],[-110.99111452199998,27.92550256321872]]],[[[-111.05964777999999,27.929677599218635],[-111.05915491999998,27.930796119218584],[-111.05982873999994,27.930890399218637],[-111.05964777999999,27.929677599218635]]],[[[-110.98999316999999,27.934923139218515],[-110.99300706099996,27.93457113921855],[-110.99067591999994,27.93296250921855],[-110.98999316999999,27.934923139218515]]],[[[-111.05178225999998,27.93560002921853],[-111.05076534999996,27.935824509218502],[-111.05160321999995,27.9364553092185],[-111.05178225999998,27.93560002921853]]],[[[-111.05138962999996,27.938950259218494],[-111.05089064999999,27.94019633921845],[-111.05226145999997,27.941600779218415],[-111.05210787999995,27.939759369218457],[-111.05138962999996,27.938950259218494]]],[[[-111.02913441999999,27.948526489218292],[-111.02926070999996,27.952981889218194],[-111.03208891999998,27.94705325921834],[-111.02913441999999,27.948526489218292]]],[[[-111.12087513999997,27.953353249218228],[-111.11912684999999,27.958253619218105],[-111.11915565999999,27.95959439921811],[-111.12480481999997,27.95274573921823],[-111.12087513999997,27.953353249218228]]],[[[-111.37862813999999,27.974084079217835],[-111.38415679999999,27.982858849217674],[-111.38796648999994,27.986408719217575],[-111.39007733999995,27.98510414921761],[-111.39163348999995,27.98192530921768],[-111.38984650999998,27.979724889217728],[-111.38866757999995,27.9716075192179],[-111.38489833999995,27.96855711921794],[-111.38465547999999,27.96495270921797],[-111.38273491999998,27.964073749218024],[-111.38180211999999,27.960539259218095],[-111.37434777,27.956206279218158],[-111.37043465,27.95567081921814],[-111.36712681999997,27.95268668921823],[-111.36644462999999,27.95506741921815],[-111.36907428999997,27.961590429218056],[-111.37416874999998,27.97103527921784],[-111.37862813999999,27.974084079217835]]],[[[-112.29274383799998,28.728529971204196],[-112.29583464699999,28.734222290204073],[-112.29824294499998,28.735210036204084],[-112.29635875099997,28.73105853820416],[-112.297952609,28.72912096320421],[-112.29449752699999,28.725435714204263],[-112.29087492499997,28.71226668620451],[-112.28619127599995,28.70934196620454],[-112.28455341499996,28.71425254820444],[-112.28303877199994,28.714516793204474],[-112.28614571099997,28.716490212204402],[-112.28660513199998,28.722234783204343],[-112.29274383799998,28.728529971204196]]],[[[-112.55238025999996,28.729066421204205],[-112.55757714899995,28.734691952204077],[-112.56166956399994,28.731304896204126],[-112.56955520899999,28.728454630204183],[-112.57784121199997,28.730945056204146],[-112.59422756899994,28.731961250204115],[-112.60379924099999,28.72723019220419],[-112.61215459999994,28.726562521204233],[-112.61270861899999,28.72452337820428],[-112.61051821999997,28.72124045120436],[-112.61267625699998,28.719513435204377],[-112.61023078999996,28.718283000204362],[-112.60986761,28.71591851820444],[-112.61164772399998,28.71377878820447],[-112.61133527899995,28.70827952620457],[-112.61311028299997,28.70745841820456],[-112.61305430599998,28.70517568720462],[-112.610397192,28.70166315420469],[-112.60931495299998,28.692786580204857],[-112.605162856,28.687795542204917],[-112.60132249499998,28.6768843482051],[-112.60164170699994,28.67340003620521],[-112.60351139899996,28.671568735205195],[-112.60568001799999,28.667674251205277],[-112.60389592399999,28.67012767620523],[-112.59820329799999,28.67248690520522],[-112.58933971799996,28.67240403420521],[-112.58692720499995,28.67023518520525],[-112.57439210399998,28.669855246205234],[-112.57251166599997,28.66836711620527],[-112.55781625899999,28.672832874205174],[-112.55480294799999,28.673218095205158],[-112.553885172,28.671973342205202],[-112.54746967399997,28.685695450204985],[-112.545338648,28.68633438820492],[-112.54767422699997,28.690521632204884],[-112.54488121199996,28.6941297772048],[-112.54655277099994,28.701533167204637],[-112.54210536,28.71147126920452],[-112.54639659599997,28.7171363422044],[-112.548025957,28.729140111204174],[-112.55238025999996,28.729066421204205]]],[[[-111.96631545999999,28.80879977920281],[-111.96367639999994,28.81596004920266],[-111.96524031999996,28.816668579202652],[-111.97354767999997,28.809079819202807],[-111.97262945999996,28.8078520492028],[-111.96631545999999,28.80879977920281]]],[[[-112.28748656299996,29.23186333119541],[-112.291668465,29.22744943119551],[-112.294642792,29.22645600619549],[-112.29388136399996,29.227729017195486],[-112.29953258399996,29.223904034195524],[-112.31118599399997,29.224400746195553],[-112.31725361999999,29.220415149195624],[-112.324213543,29.221634623195595],[-112.33286288399995,29.21933249419564],[-112.34009049699995,29.222990916195585],[-112.34475423999999,29.220314022195645],[-112.35997950999997,29.220228219195597],[-112.37187808999995,29.21215357919578],[-112.39399948,29.193415029196068],[-112.40912674999998,29.185973449196215],[-112.41458934999997,29.185737799196197],[-112.41818877399999,29.18875704619613],[-112.42582237999996,29.189205279196173],[-112.43554013999994,29.20005521919595],[-112.44289321999999,29.196418649196037],[-112.44897833999995,29.199904709195973],[-112.456826854,29.194522449196093],[-112.462913729,29.18675946819619],[-112.46836269399995,29.174943064196373],[-112.47777108300001,29.167433486196515],[-112.47581040799999,29.16078051319665],[-112.47717145899999,29.146299113196896],[-112.47855154599995,29.144585901196944],[-112.47766162799998,29.140607442197016],[-112.48833113199998,29.128638753197208],[-112.48849293399996,29.12195246819733],[-112.49064872599997,29.118016839197388],[-112.48782663099998,29.11340369819748],[-112.49047740499998,29.10181271019765],[-112.49387527500001,29.09507883519776],[-112.49182893899996,29.08460920719799],[-112.49402756099994,29.073654168198164],[-112.50102793499997,29.065007207198303],[-112.50336964999998,29.063211179198326],[-112.50529858099998,29.064616199198312],[-112.50593438399994,29.063041772198346],[-112.50181315699997,29.05773557419841],[-112.50060439099997,29.050192683198535],[-112.50478742899998,29.041477350198683],[-112.501836896,29.023460072199004],[-112.50641624999997,29.01393928919919],[-112.50166852099994,29.0070422121993],[-112.50264885899999,29.00477696619936],[-112.50065487099995,29.00292574519939],[-112.50065011199997,28.994616667199526],[-112.49798035599997,28.99059537819961],[-112.49275030099996,28.987525873199615],[-112.49021855499996,28.98290496019971],[-112.489752179,28.975942657199866],[-112.493421309,28.96968943419999],[-112.48675405899996,28.961699203200123],[-112.48984735899997,28.949164203200322],[-112.50201116299996,28.93878975320048],[-112.505693379,28.926652915200684],[-112.51203522599997,28.921484272200786],[-112.51308218799996,28.922007754200777],[-112.51408156099995,28.91804000320085],[-112.51732357699996,28.915488031200894],[-112.521630401,28.914786090200913],[-112.52373622399996,28.91063987920103],[-112.53529445599999,28.90272817120111],[-112.54343816199999,28.899283901201184],[-112.54524655199998,28.896065680201232],[-112.55280134099998,28.891639883201304],[-112.56108781399996,28.888159921201385],[-112.56351486399996,28.891687472201305],[-112.56546602199995,28.88617307120145],[-112.56974905199996,28.88534026020145],[-112.56740528299997,28.883163053201503],[-112.57004053599996,28.87981991020151],[-112.57437710299996,28.88047426220152],[-112.57457291699995,28.879086407201527],[-112.584251866,28.87666712420159],[-112.57993439399996,28.874908811201625],[-112.57616764799997,28.869802379201726],[-112.57278286399999,28.86792855420174],[-112.56403834399998,28.87086124020169],[-112.55488336899998,28.86794045120172],[-112.54766765399995,28.856429809201963],[-112.54539197999998,28.857843429201925],[-112.54355118599995,28.856837291201916],[-112.54385824899998,28.85495293920195],[-112.53204108799999,28.850766776202043],[-112.52734110799997,28.846956579202097],[-112.50812101199996,28.84058557320222],[-112.50192739399996,28.837056298202274],[-112.49589189099999,28.83016537920239],[-112.49393478399998,28.822580847202516],[-112.48921750299996,28.824044216202523],[-112.47205563999995,28.82150414120254],[-112.46821875899998,28.81771485020264],[-112.46679703099996,28.813390179202703],[-112.46730266699996,28.807459373202832],[-112.46171093299995,28.802670707202886],[-112.43781519599997,28.802748040202868],[-112.43529891599998,28.800457809202957],[-112.42509102899999,28.79762625020299],[-112.41562077399999,28.800136581202935],[-112.407126098,28.799446538202936],[-112.402408816,28.79610934420301],[-112.39809604299997,28.78881629620312],[-112.391629858,28.78524710420319],[-112.388697172,28.77920922220332],[-112.38366461199998,28.775961258203356],[-112.37456912299996,28.773480669203373],[-112.370381271,28.775408033203384],[-112.364860922,28.7738911272034],[-112.36243981999998,28.76366539320357],[-112.35957256999995,28.759721436203662],[-112.35471846899998,28.760030766203634],[-112.35531928299997,28.761595262203624],[-112.35360607099996,28.763772469203577],[-112.35136342899995,28.76313596320361],[-112.35095297099997,28.765104967203555],[-112.34777639199996,28.766062700203538],[-112.34457601699995,28.765289375203555],[-112.34238691299998,28.766485054203514],[-112.32842542499999,28.76345124120356],[-112.32667057299996,28.76039958320361],[-112.32280989699996,28.75888862520366],[-112.32267902699999,28.756848237203677],[-112.32409480599996,28.7566043422037],[-112.32195329099996,28.754070216203736],[-112.31894327299995,28.755497893203692],[-112.31303626099998,28.753183867203777],[-112.31219750099996,28.750138157203786],[-112.31377984299998,28.747598082203883],[-112.31020128499995,28.74679754520387],[-112.29470623499998,28.76132177520361],[-112.28121469099995,28.767774873203503],[-112.27197286399998,28.769259657203484],[-112.26735465999998,28.764946349203555],[-112.258390901,28.76950712120347],[-112.25508344999999,28.766970616203494],[-112.25276109599999,28.767241874203485],[-112.25437912999998,28.7688503902035],[-112.25460755799998,28.773385643203373],[-112.26058952299996,28.77520593020339],[-112.26549597099995,28.779703112203283],[-112.27016923299999,28.77947944220332],[-112.27221080999999,28.782039742203242],[-112.270864035,28.783053393203225],[-112.27321494299997,28.78343410620325],[-112.27257724699996,28.789149572203105],[-112.26914130599994,28.78983485620314],[-112.27256772999999,28.79116735520311],[-112.27478062799999,28.794565225203016],[-112.27252489899996,28.801984384202893],[-112.27689358999999,28.80419252420289],[-112.27363848699997,28.81123097020274],[-112.27489008299996,28.816499097202655],[-112.27183485599996,28.824137166202515],[-112.26498200799996,28.830533158202375],[-112.26517712399999,28.832879306202347],[-112.26205527099995,28.83523973120231],[-112.26186015499998,28.837547809202277],[-112.25747242899996,28.84300153320217],[-112.25709647399998,28.85761618320192],[-112.23949797999997,28.87137898520166],[-112.23769910799996,28.880373348201488],[-112.24188219999996,28.890428950201336],[-112.22972315499999,28.903849110201122],[-112.23047982299994,28.906694945201078],[-112.22780054999998,28.910254619200998],[-112.22847155799998,28.91362393620096],[-112.21748796599996,28.937918233200513],[-112.214594542,28.956711216200222],[-112.20829372899999,28.9660149082],[-112.18887256799997,28.97667965219987],[-112.19400268599998,28.978768819199782],[-112.19699604799996,28.978273891199827],[-112.20511476899998,28.97096894619997],[-112.207103998,28.96806600419997],[-112.20051764999995,28.974366816199876],[-112.19899479499998,28.973814781199867],[-112.19983712399996,28.97067389319997],[-112.20901237599998,28.966069933200057],[-112.21342389599994,28.959497862200113],[-112.21655050799995,28.960573378200113],[-112.21656954399998,28.964994417200057],[-112.213552387,28.968482707199996],[-112.21481350199997,28.974812073199878],[-112.21408027099994,28.983138988199727],[-112.21188640799996,28.985061592199717],[-112.21152948799995,28.992847189199598],[-112.20665635199998,28.99893860919945],[-112.19455441399998,29.005496403199327],[-112.19599636699998,29.005805733199324],[-112.19737169499996,29.008580185199307],[-112.198109328,29.008194712199256],[-112.19985109399995,29.008385069199274],[-112.19736693699998,29.008741988199265],[-112.1947669,29.006265544199348],[-112.198344062,29.01351637719923],[-112.19622634199999,29.01499640119918],[-112.19475107699998,29.021049750199094],[-112.19971939099997,29.02237273119905],[-112.20267943999995,29.024990138199005],[-112.205515758,29.035597775198795],[-112.21060304499997,29.043178738198666],[-112.20989872499997,29.045819939198644],[-112.215476181,29.049641354198585],[-112.21869321299995,29.05388631219853],[-112.21890736399996,29.05705099519843],[-112.22238613599997,29.06066301719839],[-112.22427542799996,29.065307725198313],[-112.22250986799999,29.0701285131982],[-112.22586014999996,29.07287441119814],[-112.22914380499999,29.081573720197998],[-112.23417874499995,29.08693226719793],[-112.231989641,29.09223846519781],[-112.23445952099996,29.092690562197845],[-112.235054387,29.096017049197773],[-112.24165976999997,29.09857734919769],[-112.24350623199996,29.102398763197645],[-112.24109821799999,29.105306465197618],[-112.24833653799999,29.108437835197563],[-112.25023058899995,29.11390107819748],[-112.256241107,29.11870283019738],[-112.258139917,29.12222919119733],[-112.269161581,29.129905332197193],[-112.27432025199995,29.137205519197064],[-112.27434880599998,29.143049475196957],[-112.27102707799997,29.154228183196736],[-112.27148869399998,29.160448094196653],[-112.27469144799996,29.165459239196586],[-112.27115556899997,29.172050346196436],[-112.26347942799998,29.178455855196315],[-112.26907116099994,29.179398121196343],[-112.27045124899998,29.185827425196234],[-112.26699151199995,29.18988678519614],[-112.26205175099994,29.19281828119612],[-112.26170434999995,29.19134777419612],[-112.26119990399997,29.1927564151961],[-112.27160766699997,29.19705848119602],[-112.27115080999994,29.20327363319588],[-112.27195982699999,29.203973195195896],[-112.27211211199995,29.206019531195835],[-112.27298299499995,29.20711408319587],[-112.27225963899997,29.205101059195886],[-112.27598186899996,29.204344864195896],[-112.27940829299997,29.206474482195883],[-112.28221605599998,29.213618814195765],[-112.28005669599999,29.218086252195636],[-112.28149626999999,29.222351436195577],[-112.28248969499998,29.222970095195556],[-112.28153196099998,29.221869595195574],[-112.280371974,29.21796133019563],[-112.28077053399996,29.217586565195685],[-112.284958385,29.21970428519562],[-112.28567222399994,29.217711487195675],[-112.286148116,29.21954962019565],[-112.289509104,29.219234342195612],[-112.29529714299997,29.22185769719561],[-112.28667754499999,29.22333296319558],[-112.28852162799996,29.22536145419553],[-112.29014560999998,29.225712424195514],[-112.29166251699998,29.225248429195556],[-112.29229902399999,29.225414992195542],[-112.28687385099995,29.230953187195443],[-112.28470259299996,29.231387439195426],[-112.28748656299996,29.23186333119541]]],[[[-114.65930907499995,31.758315939155167],[-114.68449861299997,31.756668932155193],[-114.68296907599994,31.754299922155244],[-114.66335840000002,31.74460832515536],[-114.64077448799999,31.735189836155516],[-114.61933744799995,31.7284623161556],[-114.61234163399995,31.728344129155598],[-114.60398739399994,31.73269394015554],[-114.60128273599997,31.735190256155505],[-114.59572137199996,31.747252475155303],[-114.60621787400001,31.753681795155206],[-114.62488244499997,31.75755756515517],[-114.65930907499995,31.758315939155167]]]]}}]}
