{"type":"FeatureCollection","features":[{"type":"Feature","properties":{"cve_ent":"30","cvegeo":"30","nombre_inegi":"Veracruz de Ignacio de la Llave","nombre_catalogo":"Veracruz"},"geometry":{"type":"MultiPolygon","coordinates":[[[[-98.20882776899998,22.464762369333137],[-98.21408577899996,22.469953169332996],[-98.21984364899998,22.471750909332926],[-98.22373738,22.469503029333005],[-98.22967911899997,22.462148749333167],[-98.23236513899997,22.46133098033321],[-98.24030822899994,22.469721579333015],[-98.24793142899996,22.471656629332944],[-98.25200759899997,22.46920347933299],[-98.25338439899998,22.46646106033311],[-98.25663416999998,22.453406150333354],[-98.27293688999998,22.447291050333508],[-98.27762142899996,22.448948970333475],[-98.28361297899994,22.463383260333142],[-98.28736931899994,22.467028170333045],[-98.29166450999998,22.46779854933305],[-98.30100781999995,22.4612268293332],[-98.30883419999999,22.468461059333016],[-98.31682298,22.468562339333037],[-98.31927054,22.465222489333083],[-98.31361064999999,22.456189579333312],[-98.31221517999995,22.44521919933358],[-98.32091248999996,22.44003796933369],[-98.32736144999997,22.426469579334015],[-98.32573568999999,22.423872169334047],[-98.31534831,22.419260169334155],[-98.31271099999998,22.41427276933426],[-98.31645207999998,22.4047457093345],[-98.31757825999996,22.39097397933486],[-98.32017368,22.391244219334812],[-98.32342281999996,22.396699429334713],[-98.32769398,22.39868016933464],[-98.33329767999999,22.396834689334693],[-98.3429106,22.389742169334856],[-98.35227251999999,22.388703319334883],[-98.35542374999996,22.39102441933484],[-98.35652924999994,22.39514899933475],[-98.35524645999999,22.398284029334686],[-98.35124731999997,22.399079379334637],[-98.35103621999998,22.40242616933459],[-98.35293057999998,22.40672451933449],[-98.35522534999996,22.40744562933444],[-98.35984904999998,22.405010089334528],[-98.37457787999995,22.389618079334863],[-98.37920570999995,22.3880101193349],[-98.38780919999999,22.389284379334875],[-98.39131073999995,22.394195489334784],[-98.39002795,22.39764948933468],[-98.38456833999999,22.40328617933457],[-98.38245961999996,22.415923769334267],[-98.38474513999996,22.42233519933414],[-98.38864388999998,22.424293029334066],[-98.39207107999994,22.423182229334095],[-98.39934330999995,22.408830689334422],[-98.40619828999998,22.40088390933461],[-98.40954341999998,22.399926689334606],[-98.41904627999999,22.412737689334307],[-98.43311725999996,22.413578309334298],[-98.43158679999999,22.43003459933393],[-98.43376608999995,22.43286445933388],[-98.43717025999996,22.43358830933385],[-98.44257016999997,22.432396169333884],[-98.44863317999996,22.419959689334156],[-98.46095911999998,22.41219191933434],[-98.46657444999994,22.414285799334312],[-98.46402941999997,22.42548770933401],[-98.46680757999997,22.428801739333945],[-98.48523250999995,22.425630109334023],[-98.49036922999996,22.427765049333992],[-98.48849459999997,22.424254259334067],[-98.49213827999995,22.41947414933416],[-98.49337591999995,22.42367628933409],[-98.49684961999998,22.424026889334066],[-98.49680939999996,22.42525513933403],[-98.49393013999997,22.42546117933405],[-98.49427537999998,22.427242649333976],[-98.49800668999995,22.426719939334003],[-98.50638850999998,22.42926671933394],[-98.50910468999997,22.423669109334067],[-98.51215347999994,22.421205889334146],[-98.50959714999999,22.416387949334258],[-98.51329037999994,22.41301573933433],[-98.51532711999995,22.413286979334334],[-98.51861014999999,22.410842889334344],[-98.52077238,22.41145168933435],[-98.52536171999998,22.40678071933445],[-98.54132433999996,22.405743709334466],[-98.54608310999998,22.400189659334593],[-98.56091870999995,22.39947104933463],[-98.56851281999997,22.40157842933456],[-98.57135274999997,22.39839753933468],[-98.57134964999995,22.395567349334748],[-98.57493551999994,22.393945489334786],[-98.57650825999998,22.39581631933472],[-98.57864353999999,22.39475990933477],[-98.58348230999998,22.397288479334687],[-98.58977464999998,22.39443159933477],[-98.59134999999999,22.396304859334712],[-98.59232570999997,22.39531616933475],[-98.59462194999998,22.396999939334698],[-98.5944922,22.398669619334676],[-98.596728,22.397141969334708],[-98.59880005999997,22.400236649334627],[-98.60298777999998,22.399563109334615],[-98.60597759999996,22.401938149334562],[-98.60718334999996,22.405503819334477],[-98.60943748999996,22.406430679334452],[-98.60803950999997,22.407215339334456],[-98.61226574999995,22.407322519334436],[-98.61375211999997,22.408925049334414],[-98.62028164999998,22.404471599334496],[-98.62119861999997,22.402297949334567],[-98.62690123,22.4021609793346],[-98.62630908999995,22.404544459334538],[-98.62768519999999,22.403247969334554],[-98.62957059999997,22.404001799334544],[-98.63040282999998,22.40722894933446],[-98.63264193999998,22.407265939334465],[-98.63206890999999,22.410168199334382],[-98.63494282,22.410224489334414],[-98.63688356999995,22.412161619334352],[-98.63609637999997,22.41368856933429],[-98.63815599999998,22.41452402933429],[-98.64024888999995,22.411418169334357],[-98.65328328,22.407942829334413],[-98.65493790999996,22.4092292893344],[-98.65555377999999,22.40696170933448],[-98.65762573999996,22.40736844933444],[-98.66498693999996,22.403938689334552],[-98.66780316999996,22.40414848933455],[-98.66703183,22.40615334933449],[-98.66971010999998,22.404651309334547],[-98.67088814999995,22.40567347933452],[-98.6815466,22.37157485933531],[-98.67614941999994,22.373196629335254],[-98.58285565999995,22.373052539335266],[-98.57931581999999,22.377756939335136],[-98.57883390999996,22.36593688933543],[-98.58230641999995,22.360103179335578],[-98.58049624999995,22.357192429335633],[-98.58103044999996,22.35459551933567],[-98.57897370999996,22.353348169335728],[-98.58058308999995,22.351521799335767],[-98.57929064999996,22.348628109335834],[-98.57452101999996,22.348618749335852],[-98.57307922999998,22.3464406193359],[-98.56446464999999,22.34750716933583],[-98.56451913999997,22.342572429336],[-98.55478617999995,22.342556259335954],[-98.55482536999995,22.338010569336074],[-98.53521451999995,22.337878309336087],[-98.53529604999994,22.32799751933631],[-98.52555068999999,22.32798508933628],[-98.52555101999997,22.3188348493365],[-98.51573511999999,22.31915521933649],[-98.50612007999997,22.315974399336618],[-98.50572582999997,22.30900571933678],[-98.50378368999998,22.309701379336715],[-98.49851317999997,22.306761999336803],[-98.49681562999996,22.307697479336795],[-98.49599134999995,22.303681679336908],[-98.4922438,22.304861089336843],[-98.49183656999998,22.303587379336896],[-98.48795245999997,22.303505519336877],[-98.48689205999996,22.298920289337012],[-98.48199399999999,22.29943762933698],[-98.48194008999998,22.296728509337033],[-98.47783053999996,22.296213909337066],[-98.47590837999996,22.288639799337236],[-98.46437574999999,22.296688939337024],[-98.46590461999996,22.299977279336982],[-98.46451662999999,22.303465739336865],[-98.46148545999995,22.30488605933686],[-98.45755870999996,22.30132441933696],[-98.45452001999996,22.303920259336863],[-98.44665902999998,22.30562127933681],[-98.43855422999997,22.292628799337137],[-98.43275241999999,22.28918937933721],[-98.42770022999999,22.283455229337378],[-98.42908902,22.280507779337416],[-98.43296339999995,22.279968489337428],[-98.43383854999996,22.278244149337468],[-98.43037151999994,22.274602919337575],[-98.42475559999997,22.274267749337554],[-98.40755788999996,22.284209519337335],[-98.40317367999997,22.282218509337397],[-98.40198990999995,22.277933109337482],[-98.39637810999994,22.276261909337542],[-98.40093851999997,22.272474509337613],[-98.40176304999994,22.269675429337696],[-98.40641877999997,22.2693509793377],[-98.40577396999998,22.267176289337748],[-98.40320813999996,22.266384829337746],[-98.40569181999996,22.262605079337867],[-98.40419465999997,22.259165799337936],[-98.40509330999998,22.256076289338015],[-98.38254701999995,22.25588213933799],[-98.38183291999997,22.253334779338058],[-98.37826028999996,22.253430349338036],[-98.37633643,22.250829079338143],[-98.37543239999997,22.253966889338074],[-98.36813667999998,22.25537310933802],[-98.36722604999994,22.2513237493381],[-98.37455584999998,22.23607939933846],[-98.36950344999998,22.23606113933848],[-98.36962757999999,22.238097479338457],[-98.36425917999998,22.237286309338458],[-98.36322776999998,22.23889930933837],[-98.35241484999996,22.241157649338348],[-98.35194673999996,22.238582849338417],[-98.32596704999999,22.243052799338297],[-98.34461513999999,22.222088739338805],[-98.35226121999995,22.22279877933879],[-98.35211617999995,22.220726579338844],[-98.34306156999997,22.215893249338965],[-98.34495894999998,22.213961649338977],[-98.33522001999997,22.210011749339067],[-98.33475836999997,22.202479369339244],[-98.33041317999994,22.20134444933931],[-98.33432711999997,22.19710871933941],[-98.33482941999996,22.19024059933953],[-98.33654501999997,22.187693249339603],[-98.34440131999997,22.186474169339636],[-98.35528007999994,22.180288449339766],[-98.41108444999998,22.143381969340673],[-98.41674579999996,22.141203259340696],[-98.42063941999999,22.138313179340788],[-98.42331567999997,22.132446689340906],[-98.42630576999994,22.133148369340915],[-98.42607127999997,22.130104309340943],[-98.42876908999995,22.13034097934094],[-98.43201671999998,22.128265379341016],[-98.43225790999998,22.11781462934125],[-98.43824845999997,22.11475485934133],[-98.43873705999994,22.111914939341414],[-98.43237194999996,22.110535889341428],[-98.43025696999996,22.10846377934144],[-98.42762656999997,22.10878176934148],[-98.41952593999999,22.10086164934167],[-98.41882505999996,22.09801921934169],[-98.42289988999994,22.096849229341725],[-98.42612884999994,22.092537479341832],[-98.43238674999998,22.089669999341925],[-98.43335125,22.085657739342007],[-98.43084319999997,22.079341599342186],[-98.43650331999999,22.078095339342195],[-98.43945211999996,22.075647089342272],[-98.44002233999998,22.068467539342393],[-98.44186616999998,22.064874139342482],[-98.43437524999996,22.056939119342672],[-98.43464921999998,22.051669019342842],[-98.44288539999997,22.04936764934284],[-98.44641430999997,22.04221533934302],[-98.44321784999995,22.037128259343135],[-98.44354897999996,22.032981749343243],[-98.44825553999999,22.02732424934339],[-98.44819293999997,22.021170199343523],[-98.45946388999994,22.005398249343898],[-98.45840787999998,22.004983549343944],[-98.46019148999994,22.001136459344004],[-98.45954447999998,21.995169059344125],[-98.46242939999998,21.996175779344117],[-98.46357608999995,21.99098713934428],[-98.46997213999998,21.990397449344265],[-98.47233386,21.98797390934432],[-98.47607381999995,21.9938901993442],[-98.47628607999997,21.999573059344048],[-98.48147636999995,21.99051402934426],[-98.47989061999999,21.988983199344304],[-98.48199396999996,21.982998819344417],[-98.46808982999994,21.96548131934484],[-98.46880576999997,21.964601319344872],[-98.47764508999997,21.960303349344986],[-98.49320336999995,21.960411599344965],[-98.50464953999995,21.966637539344806],[-98.52200036999994,21.97943067934453],[-98.52664374999995,21.978170459344568],[-98.55066501999994,21.96075005934498],[-98.56449727999996,21.9682426793448],[-98.57485117999994,21.969141249344766],[-98.57883911,21.966092249344825],[-98.57932025999997,21.961434519344976],[-98.57647136999998,21.947386109345267],[-98.57355928999999,21.94304133934537],[-98.56601984999998,21.93764441934549],[-98.55128071999997,21.93373842934561],[-98.53911187999995,21.939101139345475],[-98.53157634999997,21.949915739345226],[-98.51559733999994,21.951267829345205],[-98.51094473999997,21.947911679345278],[-98.50314565999997,21.936626419345526],[-98.49881957999997,21.927433819345737],[-98.50045224999998,21.92314851934585],[-98.51347979999997,21.92958939934571],[-98.53107684999998,21.934427819345593],[-98.53751170999999,21.934580089345594],[-98.54384704999995,21.93211745934562],[-98.54587423,21.917347939346016],[-98.53493742999997,21.91908767934598],[-98.52492296999998,21.914550509346036],[-98.51489011999998,21.91763570934601],[-98.51192768999994,21.914599509346086],[-98.51079750999997,21.908697049346205],[-98.51391267999999,21.90163402934634],[-98.52020094999995,21.896986339346498],[-98.53467837999995,21.906435139346247],[-98.53820297,21.905808219346262],[-98.53823097999998,21.8970936793465],[-98.54205001999998,21.89422179934652],[-98.54528396999996,21.888035749346667],[-98.54028882999995,21.876625829346935],[-98.54044110999997,21.873484429347062],[-98.54803353999996,21.86010508934735],[-98.54561233999999,21.858590939347405],[-98.53097594999998,21.863952059347238],[-98.52885837999997,21.86317511934729],[-98.52175487999995,21.84549524934771],[-98.51794635,21.829702179348054],[-98.51448114,21.823893429348225],[-98.50934213999996,21.824448059348228],[-98.49505431999995,21.838167259347863],[-98.48945747999994,21.837996749347884],[-98.48632044999994,21.83626850934791],[-98.48591279999994,21.833556179348005],[-98.49092774999998,21.827741859348137],[-98.49297150999996,21.82238776934824],[-98.49311891999997,21.813940319348436],[-98.48993690999998,21.81139107934854],[-98.48189677,21.81500639934845],[-98.47503828999999,21.814192049348428],[-98.47649013999995,21.80598145934865],[-98.47552282999999,21.801922049348732],[-98.46236525999997,21.791276399349012],[-98.46233576999998,21.77841436934932],[-98.45470010999998,21.7664266893496],[-98.45944730999999,21.762311339349687],[-98.46403125999997,21.769555429349484],[-98.46759694999999,21.77069813934947],[-98.47022577999996,21.763571539349645],[-98.47939213999996,21.760859829349744],[-98.48372550999994,21.752170679349945],[-98.48271913999999,21.749842889349967],[-98.47639590999997,21.749196229349998],[-98.47692417999997,21.745219259350105],[-98.48201182999998,21.74002776935021],[-98.49148522999997,21.735061059350357],[-98.49570642999998,21.73552039935032],[-98.50005014999994,21.73929005935023],[-98.50421891999997,21.738048089350283],[-98.50552654999996,21.734031139350385],[-98.49948747999997,21.732079919350404],[-98.49894621999994,21.727242779350515],[-98.50134777999995,21.726375649350516],[-98.50705809,21.728724019350512],[-98.51266491999996,21.726601739350524],[-98.51372576999997,21.72417944935062],[-98.51276170999995,21.72078051935069],[-98.51667419999995,21.716850509350746],[-98.52085082999999,21.715964289350794],[-98.52469365999997,21.72060850935067],[-98.52945917999995,21.72212813935064],[-98.53741050999999,21.7206242493507],[-98.53837564999999,21.71816467935073],[-98.53679579999995,21.713890479350823],[-98.53363184999995,21.713271679350864],[-98.52711234999998,21.715275479350826],[-98.52239005999996,21.71311236935085],[-98.52053168999998,21.710231459350933],[-98.52372074999994,21.70327711935109],[-98.53074156999998,21.69727453935122],[-98.53290542999997,21.69758739935121],[-98.53676908999996,21.711581289350875],[-98.54202787999998,21.716936819350778],[-98.54384056999999,21.72339387935062],[-98.54757610999997,21.72373681935062],[-98.55127936999999,21.71958481935068],[-98.55948524999997,21.717352059350755],[-98.56743470999999,21.71736773935075],[-98.57161182999994,21.71308417935088],[-98.57221233999998,21.709159549350947],[-98.57026274999998,21.70701054935103],[-98.56240556999995,21.706542689351018],[-98.55883767999997,21.703538969351104],[-98.55825547999996,21.68767185935145],[-98.56173767999996,21.68291945935159],[-98.56553436999997,21.68378339935155],[-98.56932679999996,21.68254382935159],[-98.57330277999995,21.67649719935172],[-98.57920062999995,21.671947779351832],[-98.58952257999994,21.66912759935189],[-98.59778753999996,21.668879879351948],[-98.61064230999995,21.677534749351725],[-98.61614257999997,21.683756999351587],[-98.62199696999996,21.68238256935162],[-98.62544002999995,21.67732988935174],[-98.62496181999997,21.673065349351837],[-98.62152513999996,21.671469219351874],[-98.61140270999994,21.67186747935185],[-98.60947047999997,21.66722908935195],[-98.61390074999997,21.663578459352046],[-98.61730807999999,21.655811509352212],[-98.62056161999999,21.653073279352306],[-98.62998562999996,21.654812169352272],[-98.63322174999996,21.653888169352314],[-98.63374354999996,21.642589399352573],[-98.63785313999995,21.634687089352752],[-98.64363068999995,21.631681709352826],[-98.64222256999994,21.62881787935288],[-98.63535591999994,21.62629617935296],[-98.62805071999998,21.630477399352866],[-98.62112699999996,21.6278221493529],[-98.61922616999999,21.615145949353217],[-98.61935408999994,21.6024613993535],[-98.62565211999998,21.592595619353748],[-98.62198753999996,21.591164629353774],[-98.62050601999994,21.588241449353863],[-98.62566973999999,21.586892969353897],[-98.62574665999995,21.585456049353937],[-98.62027314999995,21.583397919353956],[-98.61816136999994,21.57883088935409],[-98.61340954999997,21.57985782935405],[-98.61339742999996,21.575227169354182],[-98.60972609,21.575080369354136],[-98.60803725999995,21.567652689354343],[-98.60540011999996,21.56691319935436],[-98.60829565999995,21.564386939354456],[-98.60612687999999,21.561671429354497],[-98.60348696999995,21.56199847935449],[-98.60778087999995,21.555787849354637],[-98.60500536999996,21.55354816935469],[-98.60278933999997,21.555409399354623],[-98.60025942999994,21.55467007935467],[-98.60048087999996,21.55193753935471],[-98.59881642999996,21.550428659354747],[-98.60253101999996,21.54435676935489],[-98.60060517999995,21.541160149354987],[-98.60224741999997,21.540430819355],[-98.59847462999996,21.53792199935505],[-98.59184439999996,21.5372393093551],[-98.58752990999994,21.533577939355165],[-98.58507488999999,21.53577187935509],[-98.57963442999994,21.52716221935532],[-98.57589893999995,21.52715628935532],[-98.57606997999996,21.52570813935537],[-98.56505071999999,21.520086079355497],[-98.56258964999996,21.522129949355474],[-98.55745199999996,21.52197827935544],[-98.55380368,21.516135779355615],[-98.54302805999998,21.513830999355633],[-98.54058182999995,21.50762544935578],[-98.53225585999996,21.50113951935594],[-98.53559959999995,21.492464879356174],[-98.53340504999994,21.486759769356304],[-98.52664325999996,21.478180969356494],[-98.51691305999998,21.4607017093569],[-98.51709877999997,21.457428949357023],[-98.51816902999998,21.459813119356934],[-98.52054019999999,21.457522429357006],[-98.51943276999998,21.45561384935708],[-98.52182499999998,21.450551339357176],[-98.51993315,21.449584519357177],[-98.52133097999997,21.44827230935723],[-98.51989877999996,21.446506919357265],[-98.52074813999997,21.443501679357347],[-98.52464144999999,21.44016393935742],[-98.52238802999995,21.436971719357473],[-98.52150257999995,21.431405569357615],[-98.52289027999997,21.424950599357786],[-98.51999870999998,21.422406979357856],[-98.51929777999999,21.415502079358035],[-98.52079790999994,21.415890739358023],[-98.52179157999996,21.405396429358266],[-98.51792917999995,21.403560719358282],[-98.51918790999999,21.401303599358357],[-98.51425422999995,21.400112179358405],[-98.51053710999997,21.401955479358318],[-98.50967589,21.395683289358463],[-98.50763244999996,21.3959613693585],[-98.50907281999997,21.39451891935853],[-98.50792359999998,21.391934879358605],[-98.50666931999996,21.391800769358568],[-98.50622509,21.39483128935853],[-98.50519571999997,21.394872379358507],[-98.50337891,21.391869309358594],[-98.50434873999997,21.389362569358653],[-98.50262466,21.389070149358666],[-98.50120770999996,21.38545650935873],[-98.49460253999996,21.3871702493587],[-98.49129827999997,21.39198742935856],[-98.48710348999998,21.39222947935855],[-98.48641727999996,21.398517649358404],[-98.47982853999997,21.396595429358474],[-98.48109139999997,21.388400819358694],[-98.47333556999997,21.391241539358617],[-98.46869708999998,21.387032619358727],[-98.46988404999996,21.3834404293588],[-98.46546345999998,21.373191909359054],[-98.46841911999996,21.370329829359115],[-98.46614550999999,21.365489479359237],[-98.46966741999995,21.36232450935932],[-98.46995976999996,21.357538909359437],[-98.46342305999998,21.3508355693596],[-98.46483545999996,21.347763319359675],[-98.47203393999996,21.346671379359666],[-98.47787816999994,21.34376121935973],[-98.4782684,21.347417619359664],[-98.48517774999999,21.35014985935959],[-98.49561751,21.34042021935984],[-98.49735693999997,21.33723271935989],[-98.49556691999999,21.329965769360093],[-98.51716925999995,21.30448816936072],[-98.52581108999999,21.287498859361097],[-98.54239405999999,21.269065139361572],[-98.54398171999999,21.26390122936168],[-98.53786081999999,21.26386608936166],[-98.51654336999997,21.24426894936216],[-98.50832659999998,21.247072569362103],[-98.50226141999998,21.246000479362156],[-98.49983217999994,21.247756679362087],[-98.50049842999994,21.251672949361986],[-98.49900977999994,21.252231139361974],[-98.49319718,21.250521679362038],[-98.49313762999998,21.25175650936199],[-98.48700537999997,21.250667579361988],[-98.47699550999995,21.252360219361993],[-98.46835973999998,21.249651139362],[-98.47049299999998,21.244497569362192],[-98.46845076999995,21.23917667936231],[-98.46925782999995,21.23416397936242],[-98.48081487999997,21.23067464936247],[-98.48174121999996,21.22869988936251],[-98.47919525999998,21.22645176936259],[-98.47965662999998,21.223888459362673],[-98.47280665999995,21.219810549362737],[-98.46775950999995,21.22384070936266],[-98.46650622999995,21.21990011936274],[-98.45694787999997,21.214832999362883],[-98.45289288999999,21.21003194936298],[-98.45962605999996,21.204801749363128],[-98.45706777,21.202879029363192],[-98.44935957999998,21.201993049363196],[-98.44667299999998,21.19961999936323],[-98.44906708999997,21.193626319363418],[-98.44939984999996,21.18667068936354],[-98.44676690999995,21.179813149363707],[-98.44545931999994,21.18062011936373],[-98.44513342999994,21.178672399363737],[-98.43896324999999,21.176221549363806],[-98.43704150999997,21.17717048936378],[-98.43546059999994,21.174550659363828],[-98.43299814999996,21.17477882936384],[-98.43235248999997,21.172256199363908],[-98.43010748999995,21.172787739363898],[-98.43025564999999,21.168046059364023],[-98.42371097999995,21.167174599364046],[-98.42345442999995,21.163522109364113],[-98.42037913999997,21.161455489364165],[-98.41871304999997,21.162385279364127],[-98.41708788999996,21.160399119364175],[-98.41643568999997,21.154981889364336],[-98.40541854899999,21.154706679364356],[-98.40454444999995,21.152651889364417],[-98.40319688999995,21.15442451036435],[-98.40380897999995,21.15759244936427],[-98.40105822999999,21.1559029493643],[-98.39953368999994,21.158588079364268],[-98.39780193999997,21.156478259364278],[-98.39113209,21.160536319364205],[-98.38933274999994,21.158667879364238],[-98.38680796999996,21.16225913936417],[-98.38404217999995,21.16090864936421],[-98.38359719999994,21.158460829364223],[-98.38016741999996,21.158363419364257],[-98.38021951999998,21.155124739364357],[-98.36774019999996,21.158830969364242],[-98.36624107999995,21.16223505936416],[-98.36496607999999,21.161738379364152],[-98.36506314999997,21.158095179364235],[-98.36203994,21.157049029364295],[-98.35947833999997,21.15761565936425],[-98.35814102999996,21.156289179364293],[-98.35368264999995,21.15980476936422],[-98.35075422999996,21.157142679364288],[-98.35058216999994,21.159867649364184],[-98.34211254999997,21.160773709364197],[-98.34088671999997,21.164823629364108],[-98.34235647999998,21.16719014936405],[-98.33814956999998,21.1727709093639],[-98.32114636999995,21.181262979363684],[-98.31585590999998,21.186879619363584],[-98.31118847999994,21.183434849363614],[-98.30844527999994,21.184814909363613],[-98.30803421999997,21.18025193936373],[-98.30499994999998,21.182956539363673],[-98.30538370999994,21.181294769363667],[-98.29790336999999,21.17740248936382],[-98.29956813999998,21.18412834936361],[-98.29597868999997,21.183036799363617],[-98.29615025999999,21.18796153936354],[-98.28717821999999,21.194296199363382],[-98.27913113999996,21.192752549363387],[-98.27551631999997,21.187373059363523],[-98.27887445999994,21.182858449363636],[-98.27857934999997,21.172584719363897],[-98.28314715,21.163971109364105],[-98.28639567999996,21.16139664936416],[-98.29071593999998,21.160562689364205],[-98.29592225,21.153613259364363],[-98.29451370999999,21.147188549364532],[-98.28624941999999,21.145087349364566],[-98.28077939999997,21.14102568936467],[-98.28248934999999,21.13885354936476],[-98.28217377,21.1364173793648],[-98.26466821999998,21.141153249364685],[-98.26199707999996,21.14035534936469],[-98.25710233999996,21.133924969364866],[-98.24911036999998,21.129403319364965],[-98.24527342,21.132169539364902],[-98.24596097999995,21.134601769364853],[-98.23938305999997,21.138065349364727],[-98.23692059999998,21.143358249364628],[-98.23379630999995,21.14061070936467],[-98.23421217999999,21.14281730936463],[-98.23126162999995,21.142368569364628],[-98.23165608999994,21.144357659364566],[-98.22924062999995,21.145590749364562],[-98.22735004999998,21.15041593936447],[-98.21682458,21.151472349364433],[-98.21557536999995,21.150083659364462],[-98.21784764999995,21.147673659364532],[-98.21683122999998,21.144719719364605],[-98.20862628999998,21.143316019364608],[-98.20505371999997,21.138087909364724],[-98.20422108999998,21.135311449364842],[-98.20799982999995,21.130808029364893],[-98.20741765999998,21.128726049365007],[-98.19690603,21.12297436936514],[-98.19515224999999,21.120363199365173],[-98.19566734999995,21.117817419365245],[-98.19951485999997,21.115819179365303],[-98.20235608999997,21.110890199365386],[-98.20169427999997,21.10613650936553],[-98.18756322999997,21.110818309365428],[-98.18334301999994,21.110241279365408],[-98.18076671999997,21.10683487936553],[-98.17486191999997,21.106223889365488],[-98.17095650999994,21.09681164936577],[-98.15094677999997,21.085498279366004],[-98.14735822999995,21.078449679366223],[-98.14918554999998,21.071369179366354],[-98.15452367999997,21.06607944936653],[-98.15065957999997,21.052440709366824],[-98.15077630999997,21.04721847936694],[-98.15567794999998,21.03338617936728],[-98.15977051,21.03218301936733],[-98.16270053999995,21.028331889367436],[-98.16115767999997,21.01913062936766],[-98.16389661999995,21.01764717936767],[-98.16786371999996,21.022892659367535],[-98.17301377999996,21.020606119367585],[-98.17631741999999,21.021167879367614],[-98.18047351999998,21.024052319367556],[-98.18266530999995,21.029990319367354],[-98.18827143,21.031308149367334],[-98.19093174999996,21.026336879367463],[-98.18863119999997,21.021279379367616],[-98.18899836999998,21.018318769367685],[-98.19699341999996,21.016592490367707],[-98.20158274999994,21.012475979367785],[-98.20268831999994,21.00935196936791],[-98.19953090999996,20.999058799368147],[-98.20061927999997,20.994696319368256],[-98.21500744999997,20.989627309368384],[-98.21328042999995,20.983119719368542],[-98.21691939999994,20.97374301936873],[-98.21107974999995,20.972245719368793],[-98.20976451999996,20.970700829368838],[-98.21203354999994,20.967833109368936],[-98.20953930999998,20.967088579368923],[-98.21350321999995,20.962580599369012],[-98.21438496999998,20.956047539369187],[-98.21611156999995,20.95260791936928],[-98.22568767999996,20.959419449369094],[-98.22823673999994,20.958019649369138],[-98.22736933999994,20.954065429369262],[-98.22973062999995,20.949748319369327],[-98.23020382999994,20.94476553936947],[-98.23493550999996,20.941062919369553],[-98.23738625,20.93477624936969],[-98.23682347899995,20.928975169369856],[-98.23935464899996,20.923026419369997],[-98.23426393899996,20.915829909370192],[-98.22934401899995,20.914491769370205],[-98.22400981899996,20.918974819370135],[-98.22270428899999,20.918447979370114],[-98.22266011899997,20.91335857937022],[-98.22901764899996,20.90819034937036],[-98.22486288899995,20.906357249370412],[-98.23236124899995,20.900116979370576],[-98.24866814899998,20.898961619370564],[-98.25096630899998,20.897304689370632],[-98.25898673999995,20.874919749371205],[-98.26550304899997,20.86653622937141],[-98.25622228899995,20.858969279371582],[-98.25880533899999,20.85506804937168],[-98.25464297899998,20.84895219937181],[-98.26232287899995,20.846892539371876],[-98.26061161899997,20.83982613937207],[-98.25820576899997,20.83971745937203],[-98.25952410899998,20.8375609193721],[-98.25891393899997,20.83397101937218],[-98.25211236899997,20.82781513937234],[-98.25376504899998,20.821491719372485],[-98.25196188899997,20.819914379372538],[-98.24949422899995,20.822297749372503],[-98.24793782899997,20.81969881937253],[-98.23932534899996,20.817581629372608],[-98.22470505899997,20.818235229372554],[-98.232660819,20.80443845937289],[-98.23365261899994,20.797555569373078],[-98.23626991899994,20.796756879373095],[-98.23744850899999,20.79845207937308],[-98.24494536899994,20.800905619372994],[-98.24488684899995,20.802221599372967],[-98.24891859899998,20.796377709373132],[-98.24555167899996,20.793315109373186],[-98.24774964899996,20.78943699937332],[-98.25404154899998,20.79410288937316],[-98.25701367899995,20.792827909373187],[-98.26159516999996,20.785969229373364],[-98.27556588899996,20.786018219373393],[-98.27954145899999,20.782698289373442],[-98.284395799,20.786664569373336],[-98.292022939,20.785506749373358],[-98.29881005899996,20.77783984937361],[-98.30447870899997,20.78273345937344],[-98.29777077899996,20.79574657937316],[-98.29844642899997,20.80142925937302],[-98.30287690899996,20.79590076937314],[-98.30783034899997,20.80191610937296],[-98.31209257899997,20.797727569373095],[-98.315315979,20.78874682937328],[-98.32524590899999,20.783823369373433],[-98.32852231899994,20.784096819373435],[-98.32768837899994,20.786090629373366],[-98.33526781899997,20.789852679373258],[-98.33845036899999,20.793057019373194],[-98.33942801899997,20.796685649373092],[-98.34466525899997,20.797485339373075],[-98.31483784899996,20.809815479372787],[-98.31653604899998,20.81777047937258],[-98.32864647899999,20.820501349372506],[-98.32719607899998,20.829438229372307],[-98.339667369,20.832742579372237],[-98.34542919899997,20.831843149372244],[-98.34706379899997,20.834495629372178],[-98.35287045899997,20.836007139372157],[-98.34975127899999,20.84298104937197],[-98.35178802899999,20.848796429371824],[-98.34801451899996,20.854088079371696],[-98.34778627899999,20.85886784937156],[-98.34451774899999,20.862235509371505],[-98.34514553999998,20.864852539371448],[-98.34736984999995,20.863064349371488],[-98.34889194999995,20.865621489371392],[-98.35101053999995,20.86118747937154],[-98.35751017999998,20.85679011937161],[-98.35932327999997,20.85679690937165],[-98.36001807999997,20.859508289371576],[-98.36342939999999,20.860639739371557],[-98.36583887999996,20.863874949371436],[-98.36806884999999,20.8618526893715],[-98.37112594999996,20.862314449371496],[-98.37303521999996,20.85654687937164],[-98.37891003,20.852009909371745],[-98.38799570999998,20.853790859371713],[-98.38956814999995,20.855790319371653],[-98.39364302999996,20.854402119371677],[-98.39824765999998,20.858730629371557],[-98.40290905999997,20.858383879371615],[-98.40558101999994,20.855197229371658],[-98.41142150999998,20.854093019371703],[-98.41371721999997,20.848636449371853],[-98.41702216999994,20.848096089371875],[-98.41942901999994,20.85110245937177],[-98.42180630999997,20.849164629371852],[-98.42473269,20.849919779371806],[-98.42686690999994,20.847101829371862],[-98.42763194999998,20.849305479371814],[-98.43063857999994,20.847672429371862],[-98.42952067999994,20.846958119371887],[-98.43232487999997,20.840977059372026],[-98.43318674999996,20.841834579372016],[-98.43937543,20.838335579372064],[-98.44045427999998,20.835648049372132],[-98.44368017999994,20.834323509372172],[-98.44402745999997,20.828992229372304],[-98.45055356999997,20.821471859372494],[-98.45220522999995,20.8139662293727],[-98.44921876999996,20.81009470937278],[-98.44964144999994,20.80608857937288],[-98.45585202999996,20.789519049373258],[-98.46051605999999,20.788127949373315],[-98.46323054999999,20.785177109373407],[-98.46051696999997,20.778983139373537],[-98.46392356999996,20.775114339373665],[-98.46434571999998,20.771925969373708],[-98.46164621999998,20.770170309373746],[-98.46009941999996,20.762848339373953],[-98.45603717999995,20.75561034937411],[-98.44972887999995,20.751345709374245],[-98.45756613999998,20.74690728937431],[-98.47069985999998,20.74494271937437],[-98.47601268999995,20.73892531937457],[-98.49681113999998,20.736830119374563],[-98.50361051,20.732226689374706],[-98.50728719999995,20.738050369374555],[-98.50813864999998,20.744189399374385],[-98.51665390999996,20.742889679374464],[-98.51779631999996,20.74015993937453],[-98.51443965999994,20.736179909374577],[-98.51449332,20.732322379374672],[-98.51053262999994,20.733862769374635],[-98.50643805999994,20.733119149374676],[-98.51097488999996,20.728679179374762],[-98.51396051999996,20.728170689374814],[-98.51345222999998,20.726598569374868],[-98.51568224999994,20.725355569374855],[-98.52036925999994,20.727032489374835],[-98.52453759999997,20.721693979374948],[-98.53015979999999,20.718098319375024],[-98.53222847999996,20.715409229375098],[-98.53264448999995,20.71130274937523],[-98.53044530999996,20.708846939375288],[-98.53014962999998,20.70996864937527],[-98.52907259999995,20.703993919375414],[-98.53111445999997,20.70414664937538],[-98.53095528999995,20.702007219375428],[-98.53422705999998,20.698421779375526],[-98.54025704999998,20.69810748937553],[-98.53869448999995,20.69559111937562],[-98.53999178,20.693506969375655],[-98.55017975,20.689392539375742],[-98.54877061999998,20.682252829375916],[-98.54262345999996,20.668491259376275],[-98.53614088999996,20.6633637093764],[-98.53422444999995,20.664571619376378],[-98.53339734999999,20.662716909376396],[-98.53042065999995,20.66512171937636],[-98.53160517999999,20.66731564937629],[-98.52903745999998,20.675842569376098],[-98.52505133999996,20.68183910937594],[-98.51744150999998,20.683771419375873],[-98.51482508999999,20.689202019375745],[-98.51094808,20.69149961937571],[-98.50877087999999,20.690120459375738],[-98.50628637999996,20.694075719375643],[-98.50115037999996,20.694583319375635],[-98.49722017,20.699880059375506],[-98.48578454999995,20.70348887937542],[-98.48357670999997,20.70600633937534],[-98.47513374999994,20.705988369375348],[-98.47298787999996,20.708961829375298],[-98.46646801999998,20.710267119375214],[-98.46244270999995,20.714172149375116],[-98.46034182999995,20.71331210937518],[-98.45415481999999,20.721288449374946],[-98.44794512,20.724614849374845],[-98.44736334,20.727593629374816],[-98.44338871999997,20.72923317937476],[-98.44394385999999,20.7317018593747],[-98.44134224999999,20.733799479374678],[-98.43941131999999,20.73863819937451],[-98.43563665,20.739844549374514],[-98.43385742,20.743163179374445],[-98.42802687999995,20.74448847937438],[-98.42551050999998,20.74892928937427],[-98.42364654999994,20.747722149374344],[-98.42144781999997,20.744276119374398],[-98.42145376999999,20.73934781937451],[-98.42444568999997,20.735044889374617],[-98.42480717999996,20.730291659374732],[-98.43346559999999,20.717523679375073],[-98.42928054999999,20.716274599375126],[-98.43927051999998,20.70885744937527],[-98.44334989,20.70988096937522],[-98.44178039999997,20.708616829375277],[-98.44535453999998,20.703140309375403],[-98.44590364999999,20.694336709375655],[-98.44921636999999,20.700895719375477],[-98.45988339999998,20.69620334937562],[-98.45854296999994,20.685372429375832],[-98.46049090999998,20.683204849375898],[-98.46040281999996,20.67683068937605],[-98.46397859999996,20.67412753937612],[-98.46458773999996,20.669947019376238],[-98.46327499999997,20.667841349376303],[-98.46741519999995,20.666138089376346],[-98.47001287999996,20.66257030937641],[-98.47260953999995,20.662676769376446],[-98.47513745999998,20.659817369376483],[-98.47847828,20.659242349376505],[-98.47950927999996,20.656784369376542],[-98.48601377999995,20.65439671937659],[-98.48702822999996,20.65005234937675],[-98.48974136999999,20.64998617937673],[-98.49116331999994,20.64577173937683],[-98.49484671999994,20.644340509376885],[-98.49516868999996,20.636628709377035],[-98.49039753999995,20.626973689377312],[-98.48950407999996,20.619656739377465],[-98.48359568999997,20.606518279377806],[-98.48012207999994,20.60329590937788],[-98.48118150999994,20.60163561937791],[-98.47845985,20.594250659378122],[-98.48018045999999,20.588998889378217],[-98.48241453999998,20.58793422937825],[-98.48492633999996,20.590181089378206],[-98.48747059999994,20.588853029378242],[-98.49630305999995,20.589495969378206],[-98.50292093999997,20.595870019378083],[-98.51224801999996,20.594224349378106],[-98.52297864999997,20.58181259937841],[-98.52231657999994,20.577218649378562],[-98.52427924999996,20.575544769378546],[-98.52370393999996,20.571976889378643],[-98.52491531999999,20.570762169378664],[-98.52339719999998,20.567333259378785],[-98.52405673999999,20.560984519378923],[-98.52263599999998,20.559203349378997],[-98.52411728999999,20.552456089379174],[-98.52571588999996,20.551065379379203],[-98.52449233999994,20.54836222937927],[-98.52613728999995,20.544231029379354],[-98.53084355,20.540152599379457],[-98.53466516999998,20.53065817937968],[-98.54563970999999,20.521038219379914],[-98.55461408999997,20.518705949379957],[-98.55852137999995,20.51142837938016],[-98.55760622999999,20.509364769380202],[-98.56673093999996,20.50789821938028],[-98.57111916999997,20.509042689380227],[-98.57666557999995,20.50428907938033],[-98.58239557999997,20.50548948938032],[-98.58698676999995,20.501175029380434],[-98.59315030999994,20.499498749380457],[-98.59728568999998,20.49577085938056],[-98.59513204999996,20.494408399380596],[-98.59396073999996,20.489599029380685],[-98.58823819999999,20.487459149380776],[-98.58577404999994,20.484868309380797],[-98.58625264999996,20.482882109380867],[-98.57950425999996,20.479259459380952],[-98.57886150999997,20.47631879938104],[-98.57661742999994,20.476075549381072],[-98.57873255,20.473237169381118],[-98.57576585999999,20.47283136938112],[-98.57672227999996,20.47070231938118],[-98.57237989,20.466943539381273],[-98.57186284999995,20.463609379381353],[-98.55610331999998,20.449621019381702],[-98.55371099999998,20.446434309381765],[-98.55518387999996,20.442835059381874],[-98.55437033999999,20.43850424938199],[-98.55239627999998,20.435530539382068],[-98.54968913999996,20.43535916938204],[-98.55001713999998,20.432594689382107],[-98.55242901999999,20.431888509382173],[-98.55191605999994,20.42728727938225],[-98.54996008999996,20.425874829382302],[-98.55132121999998,20.423822109382353],[-98.549469,20.421551919382427],[-98.55073199999998,20.419854739382455],[-98.54940268999998,20.41500767938254],[-98.55053544999998,20.40625173938281],[-98.54824276999994,20.402494659382896],[-98.54874937999995,20.399704279382938],[-98.55042721999996,20.39927516938297],[-98.55017916999998,20.395705109383044],[-98.54784561999999,20.39289733938311],[-98.54438907999997,20.392342599383134],[-98.54843997999996,20.390247859383166],[-98.54521171999994,20.388198739383252],[-98.54443687999998,20.37880382938345],[-98.54596977999995,20.37678914938351],[-98.54306479999997,20.37556033938354],[-98.54650530999999,20.370134079383707],[-98.54546124999997,20.367984339383764],[-98.54868345999995,20.36469273938384],[-98.54733682999995,20.36149071938391],[-98.54861713999999,20.359753779383958],[-98.54541767999996,20.359147059383965],[-98.54299354999995,20.356242549384024],[-98.54035428999998,20.35808571938401],[-98.53885076999995,20.352756339384104],[-98.53506988,20.34988714938417],[-98.53426456999996,20.34622116938426],[-98.52714071999998,20.344991079384315],[-98.52528325999998,20.3418599993844],[-98.52285224999997,20.342618519384356],[-98.51740107999996,20.33685167938452],[-98.51124493999998,20.33932745938445],[-98.50559284899998,20.335406030384547],[-98.50385211999998,20.337827618384487],[-98.50080607899999,20.337172460384476],[-98.49960907899998,20.338739679384485],[-98.498084018,20.337655169384504],[-98.49649439999996,20.33869173938448],[-98.49467021799995,20.33625498138455],[-98.48993113899996,20.336917799384498],[-98.48667582999997,20.33478804838457],[-98.48037161799999,20.336467169384523],[-98.47109765999996,20.335947149384523],[-98.46208057999998,20.331215739384664],[-98.46038914999997,20.331449619384667],[-98.41829413999994,20.3800486893834],[-98.38614877999998,20.402712910382856],[-98.38073128999997,20.399225340382934],[-98.37658436999999,20.398508600382993],[-98.37047104999999,20.401881430382893],[-98.35981996999999,20.399809740382963],[-98.35880990999999,20.401409370382904],[-98.34865648,20.40501517038281],[-98.34855414999998,20.40662629038279],[-98.34370862999998,20.41030240038265],[-98.33864630999994,20.411136550382633],[-98.33717954999997,20.414130620382558],[-98.33010796999999,20.415686049382533],[-98.32605350999995,20.41828474038247],[-98.32101361999997,20.418013800382475],[-98.31852842999997,20.422432860382397],[-98.31605382999999,20.423190540382357],[-98.31981974999998,20.424398680382353],[-98.31727767999996,20.428780650382247],[-98.31810931999996,20.435257680382062],[-98.31391381999998,20.43946863038198],[-98.31571256999997,20.4456851103818],[-98.31234881999995,20.447971950381753],[-98.31213859999997,20.449767650381713],[-98.30900956999994,20.449533570381742],[-98.30831399999994,20.45209372038163],[-98.30444490999997,20.454721400381555],[-98.30262794,20.45411082038157],[-98.30263047999995,20.45568942038154],[-98.29912944999995,20.455590110381547],[-98.29969239999997,20.458671310381465],[-98.29727325999994,20.46053857038141],[-98.29456807999998,20.460285030381456],[-98.29215011999997,20.464912450381306],[-98.28789834999998,20.4647129503813],[-98.28726587999995,20.466710970381275],[-98.28046356999995,20.469377050381198],[-98.28010274999998,20.47216758038116],[-98.27727179999994,20.47288989038109],[-98.27641811999996,20.475484080381058],[-98.27765171999994,20.477794800381027],[-98.27545891999995,20.479198940380968],[-98.27543862999994,20.48124482038095],[-98.27104425,20.481920820380914],[-98.26042026,20.495397370380545],[-98.25758369,20.49560548038055],[-98.25577373999995,20.499940120380472],[-98.24728928999997,20.50120257938042],[-98.24575839999994,20.50440371038035],[-98.24101904999999,20.500573780380467],[-98.23901922,20.50496254038034],[-98.23410279999996,20.506195050380324],[-98.23329949,20.50979454038023],[-98.23032234999994,20.51054133938017],[-98.23247973999997,20.514241370380066],[-98.22844836999998,20.52101122037992],[-98.22230508999996,20.52373150937987],[-98.21943857999997,20.523006520379894],[-98.21160088999996,20.52869984937976],[-98.21037233999999,20.52606085037982],[-98.20395805999999,20.527864120379757],[-98.18834482999995,20.52321994037986],[-98.18796759999998,20.525837060379814],[-98.18562182999995,20.527565630379794],[-98.18218814999994,20.526210490379786],[-98.18075287999994,20.528859460379717],[-98.17758668999994,20.527666860379764],[-98.17289370999998,20.52971563037971],[-98.16650836999999,20.536583020379567],[-98.16444636999996,20.54119057037945],[-98.15804301999998,20.542561280379427],[-98.15887759999998,20.545645030379312],[-98.15657137999995,20.54731125037928],[-98.15814905999999,20.550261800379193],[-98.15342397999996,20.552384080379166],[-98.15218324999996,20.554515510379083],[-98.15371824999994,20.565220830378816],[-98.14773642999997,20.562661800378894],[-98.14750034999997,20.565534280378827],[-98.14261814999998,20.568494950378746],[-98.14249561999998,20.570845200378702],[-98.13813476999997,20.574767680378578],[-98.13538981999994,20.58192294037844],[-98.13207490999997,20.581991540378393],[-98.13043142999999,20.58445400037834],[-98.13186906,20.587327630378283],[-98.13018797999996,20.59093125037818],[-98.12164279999996,20.586094380378338],[-98.12372688899995,20.59211997037817],[-98.11872357999994,20.594129310378147],[-98.12690596999994,20.59726720037801],[-98.12102596999995,20.597000720378013],[-98.11867045999998,20.59815597037801],[-98.11789727999998,20.600749400377925],[-98.11497674999998,20.60010386037795],[-98.11225391999996,20.60715135037777],[-98.10950044999998,20.607393510377793],[-98.10804805999999,20.611392400377685],[-98.11178647999998,20.61593675037757],[-98.10582736999999,20.616046490377595],[-98.10059181999998,20.61387778037762],[-98.09830343,20.617028939377565],[-98.10055236999995,20.62124904937747],[-98.09821413999998,20.624369459377345],[-98.09469422999996,20.625521749377363],[-98.08718084999998,20.622876769377413],[-98.08545604999996,20.62975961937725],[-98.08060970999998,20.633513979377128],[-98.08271168999994,20.64220682937695],[-98.07931796999998,20.649696119376735],[-98.07195810999997,20.657720629376517],[-98.07255461999996,20.66066064937648],[-98.07029217999998,20.668199289376304],[-98.07130987999994,20.669918169376267],[-98.07639205999999,20.671422539376188],[-98.07678094999996,20.67379859937615],[-98.07490281999998,20.6765478493761],[-98.07134289,20.67711622937604],[-98.06678288999996,20.673869739376137],[-98.03997941999997,20.63193242937719],[-98.03601714999996,20.633330219377154],[-98.02939276999996,20.6321218293772],[-98.02100999999999,20.626779999377305],[-98.01770979999999,20.601704909377897],[-98.02872816999997,20.58971159937822],[-98.00830564999995,20.532689819379627],[-98.01207593999999,20.529534309379706],[-98.01826437999995,20.528792449379708],[-98.01727161999997,20.525992379379804],[-98.01379491999995,20.523966219379833],[-98.01259185999999,20.525247619379847],[-98.00416636999996,20.52487951937985],[-98.00347727999998,20.522838949379896],[-97.99876461999997,20.525199859379818],[-97.99792301999999,20.523024309379874],[-97.99497804999999,20.522979509379873],[-97.99265130999999,20.51986081937999],[-97.99002919999998,20.52019870937995],[-97.98974331999996,20.51829942938001],[-97.98572416999997,20.51823239937999],[-97.97933373999997,20.51493336938008],[-97.97263033999997,20.523202429379847],[-97.98152647999997,20.525679449379798],[-97.98081610999999,20.540708859379446],[-97.95631190999995,20.55686153937905],[-97.94310582999998,20.562606919378915],[-97.93741861999997,20.569171319378743],[-97.93498484999998,20.567594369378774],[-97.92779934999999,20.571496249378683],[-97.92768417999997,20.573273349378603],[-97.92372805999997,20.57502967937859],[-97.92119022999998,20.579537079378444],[-97.91568519999998,20.583552549378357],[-97.91478064999995,20.5864965493783],[-97.90968568999995,20.58637810937831],[-97.91087577999997,20.593533569378106],[-97.90774196999998,20.594674019378125],[-97.90570173999998,20.60127816937795],[-97.90564649,20.605334019377832],[-97.90875781999995,20.608134149377783],[-97.90485491999999,20.6097818293777],[-97.89514570999995,20.622698449377385],[-97.90006445999997,20.63313405937714],[-97.90158473999998,20.640737049376956],[-97.90808256999998,20.645088799376865],[-97.90850654999997,20.649880739376766],[-97.91184415,20.653515119376657],[-97.90901090999995,20.657279229376524],[-97.90778351999997,20.664084419376387],[-97.90876734999995,20.667158629376335],[-97.91333493999997,20.671970779376178],[-97.91783470999997,20.671244549376194],[-97.91588962999998,20.68105401937595],[-97.91318364999995,20.684091229375877],[-97.91408099999995,20.688621459375764],[-97.91180325,20.690515019375752],[-97.90627013999995,20.69071484937573],[-97.90186128999996,20.697699649375554],[-97.89812847999997,20.699448349375526],[-97.89742568999999,20.703213829375404],[-97.92244659999994,20.716518779375086],[-97.90366516999995,20.77500356937362],[-97.90080999999998,20.7796399993735],[-97.88863768999995,20.814624519372668],[-97.87911977999994,20.8342758793722],[-97.87077188999996,20.83133662937227],[-97.86173845999997,20.835368519372132],[-97.85286793999995,20.83286834937223],[-97.84534859999997,20.839766139372045],[-97.84108747999996,20.839311939372084],[-97.83892016999995,20.83649648937214],[-97.84355299999999,20.831376059372236],[-97.84307996999996,20.82444633937244],[-97.84941816999998,20.819667419372532],[-97.85011842999995,20.81692382937262],[-97.84260761999997,20.816481339372626],[-97.83785965999999,20.814643659372678],[-97.83738267999998,20.812623459372734],[-97.83092862999996,20.812679599372682],[-97.83215145999998,20.80965936937281],[-97.83025393999998,20.80795716937285],[-97.82404859999997,20.80980990937281],[-97.81376730999995,20.82006607937255],[-97.80896219999994,20.819944059372553],[-97.80716559999996,20.82203767937248],[-97.79950648999994,20.819262229372548],[-97.79717874999994,20.82116368937251],[-97.79039528,20.816832879372612],[-97.77704001999996,20.824328649372415],[-97.77387890999995,20.823014429372463],[-97.77300167999994,20.82720137937239],[-97.76479727999998,20.822091429372495],[-97.76310422999995,20.81886459937255],[-97.75838653999995,20.818999829372558],[-97.75034853999995,20.81478844937266],[-97.74820991999998,20.809014709372796],[-97.73891493999997,20.801534629372984],[-97.69517931999997,20.800038849373045],[-97.69465282,20.796531569373137],[-97.70134562999999,20.79360368937319],[-97.70331107999999,20.79376761937317],[-97.70494259999998,20.79743977937309],[-97.71314427999994,20.79983428937302],[-97.71764854999999,20.795514739373136],[-97.72118942999998,20.795287939373118],[-97.72249164999995,20.791739509373254],[-97.72598296999996,20.791653649373238],[-97.72306511999994,20.786431739373384],[-97.72806451999999,20.78495594937339],[-97.72506385999999,20.7803706193735],[-97.72515922999999,20.777714349373582],[-97.72090796999998,20.778734709373545],[-97.72039616999996,20.77559841937363],[-97.71918448999999,20.775500659373616],[-97.72088513999995,20.770412289373724],[-97.72650997999996,20.771161459373715],[-97.72528393999994,20.769427679373774],[-97.72664450999997,20.767332319373818],[-97.72370539999997,20.76709348937382],[-97.71895504999998,20.762954379373948],[-97.71988719999997,20.761772079373994],[-97.72194141999996,20.762469539373942],[-97.72338046,20.759408449374007],[-97.72635371999996,20.75997731937404],[-97.72561896999997,20.752772259374172],[-97.72281991999996,20.74998853937427],[-97.72616054999997,20.747612859374335],[-97.72515211999996,20.74632857937438],[-97.72846147999996,20.74126684937447],[-97.73702162999996,20.739401459374534],[-97.74913491999996,20.7321293793747],[-97.75296790999994,20.732369909374686],[-97.75187063,20.725184199374876],[-97.75017484999996,20.724074909374917],[-97.75158830999999,20.713125849375157],[-97.75063871999998,20.70733007937534],[-97.75242114999998,20.704908709375367],[-97.75142045999996,20.70143508937549],[-97.75549368999998,20.698657019375513],[-97.75753714999996,20.69346817937563],[-97.75653445999995,20.68901413937576],[-97.74825962999995,20.68631296937585],[-97.74070162999999,20.689727909375748],[-97.73946719999999,20.68704751937584],[-97.74072885,20.681851719375945],[-97.73706736999998,20.67965530937599],[-97.74061968999996,20.674042379376143],[-97.73854156999994,20.666674659376334],[-97.73979457999998,20.663729689376364],[-97.73807884999997,20.663030249376437],[-97.74084645999996,20.662388939376402],[-97.74060622999997,20.66009136937647],[-97.74488464999996,20.658711619376543],[-97.74533861999998,20.657179379376554],[-97.74921867999997,20.65965316937651],[-97.75210181999995,20.65766739937654],[-97.75036036999997,20.652828489376656],[-97.75271754999996,20.651844309376695],[-97.75258681999998,20.649892419376755],[-97.74831608999995,20.64542053937683],[-97.74951122,20.64332045937688],[-97.73732619999998,20.646431279376827],[-97.73522808999996,20.644837969376827],[-97.73542130999994,20.641128419376923],[-97.73120270999999,20.63779016937705],[-97.71449696999997,20.636860449377032],[-97.71007783,20.631580519377195],[-97.70645791,20.631734549377168],[-97.70446816999998,20.62922424937725],[-97.70492394999997,20.62512797937736],[-97.70799945,20.626396219377327],[-97.70917499999996,20.624140109377358],[-97.70755167999994,20.622893019377404],[-97.71265302999996,20.620350169377463],[-97.71245888999994,20.614799079377626],[-97.71539397999999,20.60908479937776],[-97.71053648999998,20.60867124937775],[-97.71128594,20.60454337937785],[-97.70755164999997,20.605845429377812],[-97.70729344999995,20.604080829377864],[-97.70573414999996,20.60496050937787],[-97.70483739999997,20.601664709377896],[-97.70152279999996,20.60372693937789],[-97.69927445999997,20.602203629377946],[-97.69341907999996,20.602680679377904],[-97.69478417999996,20.598167379378022],[-97.69702221999995,20.59675982937806],[-97.70190314999998,20.57186631937864],[-97.69423716999997,20.570678629378673],[-97.68517197999996,20.573437339378632],[-97.68453733999996,20.569458199378715],[-97.68046141999999,20.56714830937878],[-97.68477190999994,20.554261199379095],[-97.67632345999999,20.555458859379062],[-97.67266242999996,20.55166356937919],[-97.67064853999995,20.552652079379115],[-97.66773867999996,20.55159773937915],[-97.66161184999999,20.5458266493793],[-97.65896547999996,20.54511593937936],[-97.65636191999994,20.545381219379294],[-97.65579062999996,20.54752696937926],[-97.6576358,20.555719339379074],[-97.65060874999996,20.564950879378813],[-97.64782634999996,20.565188179378843],[-97.64819648999998,20.566312199378782],[-97.64594102999996,20.565930169378813],[-97.64624034999997,20.56267441937891],[-97.63773345999995,20.55898630937897],[-97.63829745999999,20.555484949379075],[-97.63666450999995,20.553711719379095],[-97.63639990999998,20.55526690937908],[-97.63034622999999,20.55681796937904],[-97.62901659999994,20.555852199379068],[-97.62543601999995,20.558435079378977],[-97.62543565999994,20.563576939378898],[-97.61007577999999,20.563907029378875],[-97.60264528,20.559284379378997],[-97.58995276999997,20.556149679379036],[-97.59003916999995,20.559673059378945],[-97.58923191999997,20.56087944937896],[-97.58795301999999,20.56107025937894],[-97.58974576999998,20.558930969379],[-97.58740171999995,20.55739657937902],[-97.58932188999995,20.556461319379043],[-97.58324581999995,20.551646489379177],[-97.58353085999994,20.548298289379247],[-97.58035645999996,20.547820259379254],[-97.57855396999997,20.545004819379308],[-97.57499227999995,20.543343219379366],[-97.57881031999995,20.538872509379477],[-97.57832030999998,20.537430949379516],[-97.57463094999997,20.53229024937968],[-97.57259667999995,20.532181419379633],[-97.55746756999999,20.510295679380217],[-97.55587274,20.51140494938016],[-97.55494825999995,20.510395659380173],[-97.55631225999998,20.50845139938026],[-97.55357082999996,20.50453984938035],[-97.55207794999995,20.507361629380263],[-97.54104333999999,20.48971161938069],[-97.54331151999999,20.484742709380814],[-97.55035014999999,20.486532659380753],[-97.55605711999999,20.484690029380808],[-97.56207111999998,20.49009016938068],[-97.57604554999995,20.49090016938065],[-97.57781002999997,20.490002489380696],[-97.57669527999997,20.486917109380762],[-97.58197385999995,20.48261145938087],[-97.58627017999999,20.47250705938114],[-97.59367401999998,20.467898969381274],[-97.59588390999994,20.46399154938135],[-97.60098365999994,20.46102197938142],[-97.60722134999997,20.46198442938138],[-97.61659333999995,20.455348829381556],[-97.62388281999995,20.4577351793815],[-97.62776890999999,20.45034014938168],[-97.63536507999999,20.45218554938161],[-97.64072373999994,20.442271659381916],[-97.63546816999997,20.432354089382134],[-97.63735530999998,20.42980642938219],[-97.63640924999999,20.42361164938235],[-97.63755410999995,20.417905549382503],[-97.64126497999997,20.416282089382523],[-97.64111590999994,20.411931249382654],[-97.64541071999997,20.40832362938273],[-97.64860765999998,20.41087561938269],[-97.65528714999995,20.40996687938271],[-97.66099561999994,20.41295393938259],[-97.66508781999994,20.408385479382734],[-97.67207519999995,20.408529399382754],[-97.67392894999996,20.41120937938268],[-97.67305137999995,20.418855369382488],[-97.67564813999996,20.419362539382472],[-97.68003221999999,20.425338569382326],[-97.68806822999994,20.427432919382262],[-97.69772371999994,20.432512659382127],[-97.69912082999997,20.43461207938205],[-97.69955528999998,20.443355739381882],[-97.70148510999998,20.445783289381815],[-97.70767647999998,20.448125319381713],[-97.70918748999998,20.455109369381574],[-97.72078794999999,20.453538309381614],[-97.72310882999994,20.457534059381516],[-97.72583024999994,20.4582289193815],[-97.72874317999998,20.457316909381493],[-97.73459931999997,20.45130633938165],[-97.73482788999996,20.44187628938188],[-97.73860347999994,20.439251969381953],[-97.74664065999997,20.422434509382406],[-97.75044145899994,20.41986757038245],[-97.75095245899998,20.414564909382555],[-97.75584490999996,20.412955120382595],[-97.755721909,20.40537625038282],[-97.75816014999998,20.403109580382832],[-97.75731168899995,20.399809519382956],[-97.76259107999994,20.397865570383008],[-97.76362519899999,20.392264769383132],[-97.76244277999997,20.389041319383214],[-97.76540657,20.384542709383332],[-97.765641739,20.381228349383424],[-97.75847896999994,20.378868479383456],[-97.75495819999999,20.380230149383433],[-97.74824365999997,20.378457909383492],[-97.74444994999999,20.38011014938345],[-97.74374430999995,20.375716949383516],[-97.74804114999995,20.374126849383572],[-97.74722948999994,20.37055064938366],[-97.74374816999996,20.36873784938373],[-97.74566523,20.362345679383854],[-97.74313099999995,20.361019319383896],[-97.74435364999994,20.356444079384058],[-97.74199571999999,20.352910849384124],[-97.74287652,20.351196769384163],[-97.73474470999997,20.34787487938425],[-97.71274710999995,20.3289550293847],[-97.70250901999998,20.325540119384787],[-97.70352948999994,20.324672619384824],[-97.70086194,20.323456709384875],[-97.70068948999995,20.319919029384945],[-97.69655314999994,20.31988808938495],[-97.69529872,20.325518819384822],[-97.69724633999994,20.326932879384785],[-97.69462476999998,20.335162419384588],[-97.69008891999994,20.333609309384578],[-97.68999411999994,20.337556259384492],[-97.68848571999996,20.337206319384517],[-97.68365316999997,20.3452043793843],[-97.68105054999995,20.344901259384294],[-97.67934493999998,20.34991787938421],[-97.67440128999999,20.34723648938426],[-97.67689865999995,20.33919122938445],[-97.67312511999995,20.33660728938455],[-97.67886047999998,20.32907674938473],[-97.68419705999999,20.32565911938481],[-97.68407491999994,20.321500879384875],[-97.68909885999994,20.321544309384883],[-97.68985791999995,20.32008730938496],[-97.68484571999994,20.318883709384938],[-97.68192314,20.31302819938514],[-97.67730816999995,20.312978689385076],[-97.67676822999994,20.30609554938529],[-97.6800884,20.304883579385283],[-97.68139762,20.302432419385383],[-97.68811784999998,20.30351299938537],[-97.69504444999995,20.3004368293854],[-97.70427424999997,20.30324417938534],[-97.70721159999994,20.298338139385486],[-97.70588873999998,20.288107119385746],[-97.70840564999997,20.28529322938579],[-97.71297471999999,20.28592717938578],[-97.71544250999996,20.283965829385853],[-97.72411828999998,20.283616419385844],[-97.74089497999995,20.274572719386065],[-97.74724899999995,20.275507309386025],[-97.74875277999996,20.27879873938599],[-97.75082944999997,20.27964805938595],[-97.75729750999994,20.279078999385934],[-97.75124117999997,20.260120849386457],[-97.74738717999998,20.263205599386353],[-97.74752390999998,20.259467109386467],[-97.73899984999997,20.253206459386618],[-97.73851576999999,20.246712259386758],[-97.73511191999997,20.24239193938689],[-97.73456625999995,20.23454767938707],[-97.73723964999999,20.23159284938713],[-97.73730224999997,20.228163949387255],[-97.73295350999996,20.227505579387273],[-97.73447831,20.22336131938734],[-97.73285766,20.21937357938743],[-97.73373430999999,20.21538108938756],[-97.73090581999998,20.210339019387686],[-97.73070088999998,20.20519981938783],[-97.73391284999997,20.202379029387863],[-97.73859665999998,20.202098909387914],[-97.73940727999997,20.195443539388055],[-97.74147441999997,20.19241448938812],[-97.73925650999996,20.189249019388203],[-97.73621719999994,20.18991444938821],[-97.73146119999996,20.18134844938839],[-97.72927601999999,20.183262459388352],[-97.72826479999998,20.182009449388413],[-97.72504184999997,20.183161309388364],[-97.72487298,20.189009719388217],[-97.72325719999998,20.187567199388244],[-97.72050614999995,20.189197279388196],[-97.71957910999998,20.187144419388265],[-97.71464962999994,20.18781197938824],[-97.71398084999998,20.184648449388334],[-97.70756191999999,20.181580999388405],[-97.69871837999995,20.182378419388417],[-97.69659842999995,20.176880719388517],[-97.69333856999998,20.174939259388545],[-97.69302459999994,20.16937951938872],[-97.68683091999998,20.16580936938878],[-97.68265111999995,20.16642968938875],[-97.68057568999997,20.165147909388796],[-97.67035031999995,20.16907574938872],[-97.66831910999998,20.16704767938877],[-97.66331854999999,20.16950731938869],[-97.66180374999999,20.16808074938875],[-97.65714617999998,20.168631309388708],[-97.65553245999998,20.165011339388812],[-97.65244076999994,20.16356614938887],[-97.64558977999998,20.16869579938871],[-97.64632602999995,20.17178514938866],[-97.64439291899998,20.1780064603885],[-97.63856394,20.176551479388536],[-97.63871339999999,20.182637349388376],[-97.63280294999998,20.183227019388376],[-97.62914939999997,20.18180988938842],[-97.62758801999996,20.1768220793885],[-97.62467225999995,20.174183679388587],[-97.62195654999994,20.174406029388585],[-97.62159787999997,20.172325909388633],[-97.61639133999995,20.16899717938874],[-97.60448910999997,20.166873619388767],[-97.60495734999995,20.15781047938897],[-97.60838191,20.15164048938915],[-97.60689488999999,20.150421019389192],[-97.60532327999994,20.14182954938943],[-97.60383921999994,20.14047727938941],[-97.60098059999997,20.141293709389437],[-97.60506124999995,20.131721969389663],[-97.60273530999997,20.119313819389976],[-97.59761028999998,20.114979149390095],[-97.59358842999995,20.115421289390042],[-97.58750407999999,20.11234528939016],[-97.58741393999998,20.108585949390264],[-97.58207681999995,20.109044939390213],[-97.58173964999999,20.106237489390324],[-97.57865134999997,20.10251987939039],[-97.58107662999998,20.100316019390426],[-97.58029307999999,20.09669105939056],[-97.58423502999996,20.09475714939061],[-97.58787822999996,20.097657139390478],[-97.59046951,20.095973289390585],[-97.59571150999994,20.09689153939054],[-97.59609065999996,20.09298419939062],[-97.59357797899997,20.08953402939071],[-97.59356361899995,20.084726399390814],[-97.59123591999999,20.081713169390913],[-97.58787847999997,20.0818292193909],[-97.58602801999996,20.079329919391004],[-97.57892993999997,20.079433679390945],[-97.57686868999997,20.08462605939085],[-97.57085385999994,20.0819169493909],[-97.56129568999997,20.08602190939082],[-97.56344653999997,20.08997777939068],[-97.56133782999996,20.09699985939051],[-97.55878581999997,20.099489429390474],[-97.55950054999994,20.10502364939036],[-97.55763599999995,20.107183249390275],[-97.55462179999996,20.1052473793903],[-97.55295090999994,20.10092677939044],[-97.54815608999998,20.10119482939042],[-97.54312753999994,20.105701969390303],[-97.53959256999997,20.11600924939004],[-97.53553888999996,20.11679087939004],[-97.52739417,20.114878939390067],[-97.52182867999994,20.121966429389897],[-97.51815086,20.12410433938983],[-97.51130436999995,20.125013659389822],[-97.50896396999997,20.130679779389666],[-97.49932311999999,20.133012509389644],[-97.49483845999998,20.137348279389492],[-97.49979865999995,20.142721829389355],[-97.49489176999998,20.143970319389346],[-97.49478814999998,20.14619345938931],[-97.50433754999996,20.148983429389215],[-97.50538407999994,20.153938149389095],[-97.50227802999996,20.157972349388967],[-97.49534751999994,20.162243319388917],[-97.48760725999995,20.164883279388803],[-97.48646990999998,20.172159629388663],[-97.48479822999997,20.17388133938858],[-97.47759963,20.17752528938852],[-97.46893068999998,20.178110219388504],[-97.46505939999997,20.180218399388444],[-97.46254550999998,20.18455571938833],[-97.46350611999999,20.18860354938821],[-97.46233893999994,20.193241829388093],[-97.46468501999999,20.206189309387803],[-97.46322254999995,20.21051847938771],[-97.46495659999995,20.218951149387475],[-97.46429384999999,20.224227229387342],[-97.45956274999998,20.2331034493871],[-97.44834693999996,20.241442539386888],[-97.44527608999995,20.24616065938678],[-97.43593616999999,20.240457849386914],[-97.43174211999997,20.240922849386923],[-97.42887850999996,20.24384262938687],[-97.42080588999994,20.24242310938689],[-97.41090224999994,20.23596887938702],[-97.40816877999998,20.23209205938716],[-97.39573037999997,20.243205339386833],[-97.39500834999996,20.24228339938691],[-97.39180737999999,20.24545416938683],[-97.38190876999994,20.249656429386718],[-97.37823882999999,20.249255659386723],[-97.37735159999995,20.245997689386773],[-97.37421131999997,20.24300633938683],[-97.37633733999998,20.240587569386935],[-97.37638021999999,20.237440579387],[-97.37416674999997,20.235514969387058],[-97.37488376999995,20.232421049387106],[-97.37673164999997,20.23134591938713],[-97.37779571999994,20.223088549387374],[-97.37351970999998,20.22360461938736],[-97.37165270999998,20.21911550938745],[-97.36849851999995,20.219611949387453],[-97.36551239799998,20.21575120038753],[-97.28528173999996,20.190730709388152],[-97.28291154999994,20.185438619388318],[-97.28319125999998,20.181112059388404],[-97.27987702999997,20.18131788938842],[-97.27736819999996,20.183866619388347],[-97.27575737999996,20.183009799388348],[-97.27054391999997,20.187518979388248],[-97.26962347999995,20.185162859388317],[-97.26777468999997,20.18494622938831],[-97.26785844999996,20.181819739388388],[-97.26193107999995,20.177548969388486],[-97.25949416999998,20.17827761938851],[-97.25962108999994,20.18054737938845],[-97.25606913999997,20.17969491938843],[-97.25483231999999,20.17729844938848],[-97.25055314999999,20.17808291938851],[-97.24404114999999,20.182278599388404],[-97.24239262999998,20.17447750938856],[-97.23195791999997,20.17195237938865],[-97.22850904999997,20.172617059388628],[-97.16441342999997,20.15183154938915],[-97.16125827999998,20.15621557938903],[-97.16100842999998,20.160717049388953],[-97.14999119999999,20.16061425938893],[-97.15384371999995,20.153407879389086],[-97.15325548999999,20.152019449389165],[-97.15752922999998,20.149575449389197],[-97.15669411999994,20.146861819389247],[-97.15198617,20.146125169389304],[-97.15271314999995,20.139015509389463],[-97.15136388999998,20.137540339389506],[-97.14378327999998,20.136379169389542],[-97.13781071999996,20.140119689389454],[-97.13060553999999,20.139786539389448],[-97.12240881999998,20.136721479389543],[-97.13308967999996,20.127214139389746],[-97.13357722999996,20.123852749389837],[-97.14163045999999,20.12250417938991],[-97.14055974999997,20.119837619389966],[-97.14182841999998,20.118506089389975],[-97.14851668999995,20.116354549390028],[-97.15774254999997,20.109734719390225],[-97.16782899999998,20.095669579390563],[-97.17402521999999,20.092174139390647],[-97.17495194999998,20.08815648939078],[-97.17873614999996,20.086602249390786],[-97.18364002,20.080038549390938],[-97.18163351,20.078215089391033],[-97.17811642999999,20.07896188939101],[-97.17556770999994,20.07667059939105],[-97.17731736999998,20.074108019391097],[-97.18203699999998,20.07275297939116],[-97.18090636999995,20.068486119391245],[-97.18241545999996,20.066870779391277],[-97.18409101999998,20.067534479391288],[-97.18363156999999,20.06493576939132],[-97.18549821999994,20.062340279391414],[-97.18685119999998,20.062569569391396],[-97.19079270999998,20.058050279391487],[-97.19426078,20.058717089391507],[-97.19389908999995,20.05587156939154],[-97.19542627999995,20.054341419391626],[-97.20151802,20.058061199391506],[-97.20615190999996,20.056354919391538],[-97.20776364999996,20.053334739391598],[-97.20709387999995,20.046934309391776],[-97.21110129,20.042551889391873],[-97.20358513999997,20.02531519939231],[-97.20781078,20.01869754939252],[-97.20692722999996,20.014667819392614],[-97.22509963,20.009460249392756],[-97.22336168999999,20.007260449392785],[-97.22529214999997,20.002052689392897],[-97.23468737999998,19.99672721939303],[-97.23816808999999,19.988711169393245],[-97.23996941999998,19.987320259393293],[-97.24503139999996,19.987425779393263],[-97.25279007999997,19.98371357939336],[-97.26066905999994,19.977254429393568],[-97.26163011999995,19.97141905939372],[-97.26369672,19.970452319393722],[-97.26341999999994,19.96775991939378],[-97.26873414,19.95920491939401],[-97.26754529,19.956040779394062],[-97.26924908999997,19.94702727939431],[-97.26356974,19.94440862939438],[-97.26223895,19.93864284939454],[-97.25978614999997,19.937224679394554],[-97.26060051999997,19.93515801939464],[-97.25580864999996,19.932460089394688],[-97.26315541999998,19.922488259394907],[-97.26668650999994,19.920430449394964],[-97.27012154999994,19.920735649394967],[-97.27137597999996,19.91530131939509],[-97.27299416999996,19.91761368939505],[-97.27461984999998,19.914815339395158],[-97.27687614999998,19.9162460903951],[-97.28096895,19.91234996939518],[-97.28156025999999,19.907123849395337],[-97.28626664999997,19.905158599395374],[-97.28644216899994,19.901561769395474],[-97.28869490999995,19.903824889395416],[-97.28979216999994,19.89941844939551],[-97.29182250999997,19.9002559793955],[-97.29184524999995,19.896669719395565],[-97.29335577999997,19.89683728939559],[-97.29526597999995,19.893370309395646],[-97.29041988999995,19.890573419395757],[-97.29047462999995,19.886812109395837],[-97.29992946,19.881504889395945],[-97.30222070999997,19.87356922939616],[-97.30455902999995,19.870694689396245],[-97.30449719999996,19.865742109396354],[-97.30957459999998,19.855787779396643],[-97.30814561999996,19.852694289396695],[-97.30940979999997,19.848979029396812],[-97.30776670999997,19.84753828939683],[-97.31059923,19.84065204939703],[-97.30824624999997,19.834444709397186],[-97.31504159999999,19.82775539939734],[-97.31557062999997,19.82490681939738],[-97.31354988899994,19.821793780397485],[-97.31668590999999,19.81783275039756],[-97.31548577999996,19.814460679397644],[-97.31676777999996,19.81290591939771],[-97.31659930999996,19.80687650939787],[-97.31348451999997,19.802220659397975],[-97.31510541999995,19.799722719398027],[-97.31328347999995,19.79737007939812],[-97.31312264999997,19.79047059939828],[-97.32000334999998,19.769826139398834],[-97.31791113999998,19.76716405939884],[-97.31959794999995,19.761347889398984],[-97.31883633999996,19.7507075993993],[-97.32108377999998,19.74783154939937],[-97.31967768999999,19.739597569399574],[-97.32193996999996,19.734778179399687],[-97.31378379999995,19.735135399399685],[-97.31560617999997,19.729123649399856],[-97.32220481999997,19.722387229399995],[-97.3331404,19.716779819400152],[-97.32827274999995,19.71178473940027],[-97.33114157999997,19.707567489400365],[-97.32469034999997,19.707096779400377],[-97.31655485999995,19.693274179400763],[-97.31040007999998,19.68597450940094],[-97.30742385999997,19.684537379400975],[-97.30393001999994,19.671155539401283],[-97.31091153999995,19.675159819401195],[-97.31670690999994,19.673877199401247],[-97.31966996999996,19.67659156940116],[-97.32640261999997,19.678918259401115],[-97.33160897999994,19.676399449401202],[-97.34116156999994,19.67575174940122],[-97.34187981999997,19.670204179401317],[-97.34736421999997,19.66337533940154],[-97.36585959999996,19.648284509401908],[-97.37669253999996,19.634799579402234],[-97.38042081999998,19.63398481940223],[-97.38280134999997,19.63533321940224],[-97.38497062999994,19.627943799402388],[-97.39249971999999,19.62637457940246],[-97.39481759999995,19.621141179402585],[-97.40274728999998,19.615343019402754],[-97.40505354999999,19.62020014940264],[-97.41311536999997,19.623304349402552],[-97.41642607999997,19.627966999402435],[-97.41846727999996,19.627216549402455],[-97.42113692,19.620594479402577],[-97.42376224999998,19.617513579402665],[-97.42804664999996,19.61589717940272],[-97.42802334999999,19.601700109403055],[-97.43174067999996,19.59961839940314],[-97.43081244999996,19.59707587940318],[-97.43427851999996,19.588848459403422],[-97.43032344999995,19.586134379403457],[-97.43058837999996,19.576170419403727],[-97.42688129,19.569159679403914],[-97.42785181999996,19.556959949404245],[-97.42664685999995,19.541676019404623],[-97.42237084999994,19.54405676940456],[-97.42132091999997,19.542804859404583],[-97.42294897999994,19.541207849404614],[-97.42074924999999,19.539818149404642],[-97.40958967999995,19.53732933940472],[-97.41212982999997,19.535919369404755],[-97.40547088999995,19.525453429405008],[-97.40752265999998,19.52186931940513],[-97.40528819999997,19.51723577940526],[-97.40210954999999,19.515384849405265],[-97.40313234999996,19.51252581940537],[-97.40088234999997,19.50691396940548],[-97.40283291999998,19.506812489405533],[-97.40585505999996,19.500810289405667],[-97.40424333999994,19.49984736940569],[-97.40455587999998,19.49586628940577],[-97.39492362999994,19.492421029405882],[-97.37067061999994,19.49499491940583],[-97.36074610999998,19.488493449406],[-97.35572984999999,19.492910249405835],[-97.35239457999995,19.48940431940597],[-97.35207801999998,19.48472285940605],[-97.34825851999994,19.484626969406047],[-97.34689299999997,19.45099862940696],[-97.34929047999998,19.44766976940704],[-97.35011945999999,19.44886564940702],[-97.35388890999997,19.447229909407014],[-97.35237968999996,19.445831169407096],[-97.35461161999997,19.442999369407147],[-97.35315173999999,19.443787549407094],[-97.35214653999999,19.44195274940716],[-97.35727627999995,19.432376719407404],[-97.36390077999994,19.43499447940735],[-97.36746325999997,19.432025519407397],[-97.37169854999998,19.431308179407417],[-97.37563184999999,19.432230949407426],[-97.38006668999998,19.430356219407493],[-97.38154325999994,19.432366829407393],[-97.38993336999994,19.428923619407485],[-97.39240579999996,19.41784599940778],[-97.39735653899999,19.419064229407763],[-97.39508576899999,19.415932739407854],[-97.39410234999998,19.40729556940803],[-97.37893224999999,19.404644799408103],[-97.37968865,19.406347919408063],[-97.37411031999996,19.405393879408123],[-97.37169987999995,19.40305913940816],[-97.36045310999998,19.376029319408854],[-97.35690381899998,19.378361279408786],[-97.34862008999994,19.378493709408787],[-97.33775010999996,19.392530719408402],[-97.28715201899998,19.389295740408528],[-97.28496819999998,19.391636739408433],[-97.27836322999998,19.38513830940863],[-97.27196857999996,19.38281485940869],[-97.26725745999994,19.382948649408682],[-97.26444033999996,19.38062156940877],[-97.25479671999994,19.38178942940868],[-97.23696604999998,19.37161279940896],[-97.23362181999994,19.371215579409004],[-97.23106834999999,19.368349519409048],[-97.23108877,19.362707799409208],[-97.22386905999997,19.356958709409362],[-97.21780857,19.35629922940937],[-97.21020604999997,19.3594416494093],[-97.21108948999995,19.356126579409334],[-97.20822173999994,19.35492710940941],[-97.20670131999998,19.348986489409587],[-97.20982045999996,19.345069679409654],[-97.21008825999998,19.33787779940986],[-97.20611193999997,19.33413393940996],[-97.20472112,19.32996201941003],[-97.20663301999998,19.326797849410124],[-97.20849859999998,19.327877149410106],[-97.21353044999995,19.327075579410106],[-97.21560525999996,19.323319719410186],[-97.20798893999995,19.31519111941044],[-97.20495211999997,19.318201349410327],[-97.20084033999996,19.316288449410404],[-97.20153837999999,19.31156545941052],[-97.20027345999995,19.309264749410595],[-97.19460167999996,19.3116461194105],[-97.19033539999998,19.315713779410427],[-97.18880004999994,19.32136757941028],[-97.17571024999995,19.32785930941011],[-97.17020568999999,19.329022349410074],[-97.16100367999998,19.327497749410135],[-97.14845491999995,19.320250049410266],[-97.13675150999995,19.322703969410256],[-97.13385553999996,19.31910356941031],[-97.13155757999999,19.31878619941031],[-97.13113390999996,19.31174576941054],[-97.12935970999996,19.308896679410566],[-97.11518694999995,19.304821849410693],[-97.10319139999996,19.30616517941066],[-97.10199868999996,19.303615449410717],[-97.09569965999998,19.305206459410652],[-97.09142534999995,19.310985119410528],[-97.08811390999995,19.31195708941053],[-97.08568907999995,19.310101349410534],[-97.08276628,19.310560659410573],[-97.08182856999998,19.313489939410477],[-97.07939248999999,19.31344610941044],[-97.07254221999996,19.318055379410335],[-97.07118104999995,19.321516619410275],[-97.06788941999997,19.321360859410245],[-97.06750821999998,19.315229749410445],[-97.06471804899996,19.31419839941046],[-97.06249767899999,19.315628030410434],[-97.05569167999994,19.311971349410488],[-97.04952693999996,19.317184179410344],[-97.04697816999999,19.317285419410393],[-97.04551137,19.32128261941026],[-97.04320419999999,19.31859156941031],[-97.04182504999994,19.312336649410526],[-97.03611902999997,19.3093184294106],[-97.03450837999998,19.306773309410634],[-97.03099057999998,19.297326769410876],[-97.02463997999996,19.294296309410967],[-97.01935565999999,19.296867978410916],[-97.01474458099995,19.293203709410996],[-97.01601451999996,19.290628309411048],[-97.01475525999997,19.29007516941104],[-97.01081505999997,19.296307019410882],[-97.00345996999994,19.296380028410887],[-97.00045910999995,19.290798319411017],[-96.99375975,19.287764599411137],[-96.98594248999996,19.281306799411276],[-96.98556010999994,19.27939681941134],[-96.98642928999999,19.2778654894114],[-96.98943439999995,19.27867619941138],[-96.98954588999999,19.276622109411424],[-96.99142193999995,19.276214679411446],[-96.99159762999994,19.272860379411515],[-96.99469053999997,19.270239139411583],[-96.99589195,19.266293219411654],[-96.99456391999996,19.263863399411743],[-96.99735774999999,19.262545229411785],[-96.99970397999994,19.258409319411893],[-97.00261208999996,19.258798739411855],[-97.00440988999999,19.25690104941194],[-97.00252862999997,19.254053119411974],[-97.00530401999998,19.249531149412118],[-97.00023597999996,19.2389456594124],[-97.00123450999996,19.236546019412454],[-97.00523631999994,19.234693139412496],[-97.00772284999994,19.230985319412607],[-97.01486579999994,19.231945979412558],[-97.01725354999996,19.22825207941268],[-97.01979041999994,19.227239479412674],[-97.02035016999997,19.222796249412795],[-97.02369807999997,19.222080909412817],[-97.02728891999999,19.217434769412957],[-97.03093759999996,19.218442049412953],[-97.03471619999999,19.216256819412997],[-97.03620973999995,19.212330219413094],[-97.04496053999999,19.210637179413116],[-97.04762941999996,19.20774134941319],[-97.05155961999999,19.20681293941324],[-97.05307168999998,19.203504919413305],[-97.05194997999996,19.20073865941339],[-97.05615474999996,19.197666579413443],[-97.05374094999996,19.19196488941361],[-97.04951541999998,19.18884450941366],[-97.04999628999997,19.18473994941379],[-97.04603042999999,19.1831043694138],[-97.04519797999995,19.178476979413933],[-97.04138561999997,19.174417219414075],[-97.04303607999998,19.165004939414324],[-97.03896833999994,19.16230496941436],[-97.03830628999998,19.157674049414464],[-97.04213608999999,19.151386999414655],[-97.02943294999996,19.142938229414852],[-97.02705179999998,19.133236199415116],[-97.03176268,19.13666431941501],[-97.03378964999997,19.13577908941503],[-97.03445601999994,19.137668259415005],[-97.04200824999998,19.12859790941524],[-97.04583987999996,19.128028939415238],[-97.05563307999995,19.134002169415083],[-97.05802237999997,19.137405149415027],[-97.05750430999997,19.140162659414933],[-97.06798019899998,19.148458999414725],[-97.06443950999996,19.15779349041449],[-97.06669270999998,19.159455320414445],[-97.07510157999997,19.157882539414494],[-97.08916954999997,19.162970949414344],[-97.08939628999997,19.16165549041438],[-97.09147847999998,19.16293244941433],[-97.09432857999997,19.161266709414402],[-97.09629256999995,19.163806289414303],[-97.10368408999994,19.16655733841427],[-97.10470562899997,19.165384979414295],[-97.10872345999996,19.168407879414232],[-97.11284636999994,19.164587750414317],[-97.11429544999999,19.166839950414243],[-97.11796534899999,19.167743449414218],[-97.11989719899998,19.166222279414274],[-97.12790017999998,19.168338689414195],[-97.13073161999996,19.167684249414215],[-97.13652548,19.160110319414432],[-97.14850861999997,19.165048109414283],[-97.15275099999997,19.162522850414376],[-97.15691094999994,19.16539176941427],[-97.17043134999994,19.16386439941429],[-97.18063371999996,19.16932956941419],[-97.18296876999995,19.16674665941426],[-97.18368201999999,19.16273821941436],[-97.18800302999995,19.163886199414307],[-97.18926182999996,19.16974165941417],[-97.19458905999994,19.17181257941412],[-97.19664416999997,19.16653882941425],[-97.20324551999995,19.161472089414413],[-97.20963296999999,19.159850889414415],[-97.19954017999999,19.148467459414736],[-97.19673316999996,19.14760471941476],[-97.19719793999997,19.146559109414774],[-97.20271605999994,19.141259859414916],[-97.20957379999999,19.14034344941493],[-97.21133939999999,19.137600909415017],[-97.21543453999999,19.138461489414983],[-97.21956817999997,19.136131969415054],[-97.21702333999997,19.13429602941507],[-97.22198822999997,19.12842597941523],[-97.22232170999996,19.12342802941539],[-97.22814977999997,19.121821049415423],[-97.23754888999997,19.109506599415717],[-97.24903759999995,19.104752769415875],[-97.25284404999996,19.101501709415928],[-97.25566582999994,19.10170988941594],[-97.26139945999996,19.096627259416067],[-97.26209857999999,19.08554697941636],[-97.26398464999995,19.083337819416418],[-97.26326364999996,19.081414969416436],[-97.26581122999994,19.077324799416562],[-97.26965285999997,19.06307217941696],[-97.26662570999997,19.03031319941776],[-97.27722995,19.01494913941819],[-97.27970944999998,19.006101539418395],[-97.28512576999998,18.999430849418605],[-97.27289304999994,18.991930719418757],[-97.25825891999995,18.97771421941915],[-97.25648407999995,18.971581949419285],[-97.25916216999997,18.966108819419446],[-97.25920404999995,18.962074659419553],[-97.25825424999995,18.954387489419748],[-97.25514116999996,18.950574339419862],[-97.25526554999999,18.938457739420173],[-97.25334610999994,18.92875464942039],[-97.25072968999996,18.92190445942062],[-97.24380697999999,18.913447259420828],[-97.24181559999994,18.902142709421145],[-97.24521461999996,18.897592969421254],[-97.24580248999996,18.89330062942135],[-97.25122787999999,18.892332309421356],[-97.26105253999998,18.894027339421314],[-97.26041299999997,18.893104109421326],[-97.27137370999998,18.890814429421393],[-97.29731157999998,18.867310289422],[-97.29650841999995,18.86126319942218],[-97.30071421999997,18.85952862942223],[-97.30393485999997,18.851910689422436],[-97.30796230999994,18.84815721942254],[-97.30834861999995,18.84548953942262],[-97.30609181999995,18.84342484942267],[-97.30949976999995,18.842769349422635],[-97.31485405999996,18.838209749422766],[-97.32053193999997,18.83737857942282],[-97.32266707999997,18.83507191942289],[-97.32261776999998,18.832297109422957],[-97.32453419999996,18.830421979422972],[-97.32104956999996,18.826457149423103],[-97.32038877999997,18.82190756942323],[-97.32275848999997,18.818843509423253],[-97.32626357999999,18.81967665942324],[-97.32634559999997,18.8102464794235],[-97.33253573999997,18.807900259423576],[-97.33322208999994,18.80434899942366],[-97.33643339999998,18.80309762942367],[-97.33775446,18.79909111942382],[-97.34143237999996,18.801239199423737],[-97.34445191999998,18.800321079423785],[-97.35303110999996,18.79128490942401],[-97.35482436999996,18.779364179424345],[-97.35285030999995,18.774361279424454],[-97.34870367999997,18.777647339424355],[-97.34018567999999,18.778399369424342],[-97.33701274999999,18.768377289424603],[-97.33005899999996,18.765974399424675],[-97.33119137999996,18.762441819424765],[-97.33456893999994,18.762464349424782],[-97.34035267999997,18.758653719424846],[-97.34423828999998,18.749443919425076],[-97.34152694999995,18.741617909425315],[-97.33950574999994,18.74240957942531],[-97.34553681999996,18.733875859425527],[-97.34719436999997,18.727436939425697],[-97.34214948999995,18.725815919425727],[-97.34704788999996,18.7221654914258],[-97.35002536999997,18.717143109425944],[-97.34611291999994,18.70961291942613],[-97.34219525999998,18.705896569426237],[-97.34199801999996,18.702358419426332],[-97.34501350999994,18.69840197942641],[-97.34038345999994,18.69345491942653],[-97.34397457999995,18.68575899942679],[-97.33821434,18.681270859426874],[-97.33726108999997,18.678590779426937],[-97.33482034999999,18.67911214942693],[-97.33102582,18.68311901942684],[-97.33112808,18.679508659426954],[-97.32815971999999,18.677550799426992],[-97.33057512,18.675439649427023],[-97.33040139999999,18.673144029427103],[-97.32539847999999,18.669064659427214],[-97.32317805999998,18.66430851942736],[-97.31815107999995,18.667150849427248],[-97.31502419999998,18.666625799427294],[-97.31610081999999,18.669499309427184],[-97.30947199999997,18.673782859427096],[-97.30570745999995,18.67221837942713],[-97.30320265999995,18.674285619427046],[-97.29796450999999,18.669516279427178],[-97.29712790999997,18.664196979427317],[-97.29390679999995,18.664927979427336],[-97.29121236999998,18.655457479427564],[-97.28186550999999,18.652493289427632],[-97.28092905999995,18.64752422942776],[-97.27802844999997,18.64334721942789],[-97.27833387999999,18.637656169428045],[-97.27440248999994,18.63497802942812],[-97.27185191999996,18.62777914942826],[-97.26946453999994,18.628991149428245],[-97.26809057999998,18.628381569428264],[-97.26855919999998,18.626874319428314],[-97.26379336999997,18.627036579428292],[-97.25987290999997,18.624249249428374],[-97.25739577999997,18.626264619428298],[-97.25227173999998,18.62672639942832],[-97.24524325999994,18.640218649427972],[-97.24082381999996,18.64342676942789],[-97.23542914999996,18.64356947942787],[-97.22578624999994,18.638335489427984],[-97.22027736999996,18.62893859942823],[-97.21524116999997,18.625553629428364],[-97.19691874999995,18.629581149428223],[-97.19145674999999,18.623013999428423],[-97.18557088999995,18.61998576942847],[-97.18406822999998,18.61668702942857],[-97.18010521999999,18.61773104942853],[-97.17596033999996,18.616719879428587],[-97.17440564999998,18.606662219428824],[-97.16942444999995,18.60503873942889],[-97.16226131999997,18.605931799428866],[-97.14957967999999,18.59704364942909],[-97.14144276999997,18.59641790942912],[-97.14585782999995,18.582159429429478],[-97.14400399999994,18.57838337942958],[-97.14456307999995,18.570927859429762],[-97.11369724999997,18.531379379430792],[-97.11330279999999,18.52219654943106],[-97.08942625999998,18.488426849431953],[-97.08347137999999,18.483942749432053],[-97.07996751999998,18.454507779432817],[-97.07607376999994,18.466001249432523],[-97.07119979999999,18.46777065943248],[-97.06724485999996,18.471243109432397],[-97.06717347999995,18.473055919432337],[-97.06303511999995,18.474296879432316],[-97.06010567999994,18.477962109432244],[-97.05884179999998,18.477201999432225],[-97.05768439999997,18.478408029432185],[-97.05858841999999,18.48048756943214],[-97.05196597999998,18.48573807943199],[-97.04637814999995,18.499560219431633],[-97.03670108999995,18.50503797943151],[-97.03658413999995,18.508071829431437],[-97.02700199999998,18.51410433943128],[-97.02576458,18.517071799431186],[-97.02104417999999,18.5124266194313],[-97.01777645999995,18.51471774943125],[-97.01525985999996,18.520882739431087],[-97.00682530999995,18.52330277943103],[-96.99891733999999,18.531916459430796],[-96.99624048999999,18.528511969430912],[-96.99145096999996,18.530671059430816],[-96.98481857999997,18.531201939430847],[-96.97378754999994,18.53676351943065],[-96.97816672,18.5406780794306],[-96.97680594999997,18.543075399430535],[-96.96520630999999,18.541661829430556],[-96.96445971999998,18.547032229430414],[-96.96206544999995,18.547254079430417],[-96.95433413999996,18.553829369430254],[-96.94214331999996,18.54413622943048],[-96.93695684999994,18.544421459430446],[-96.93770388999997,18.541572279430525],[-96.93155534999994,18.54050284943058],[-96.92594477999995,18.53492553943074],[-96.92108979999995,18.5349972194307],[-96.90961754999995,18.53980982943056],[-96.90672382999998,18.54684607943037],[-96.89925097999998,18.548647949430343],[-96.88588274999995,18.533443619430784],[-96.88084981999998,18.535234179430685],[-96.87899488999994,18.537482399430647],[-96.87592745999996,18.535088849430704],[-96.87749485999996,18.531745539430787],[-96.87351325999998,18.523231679431014],[-96.87106697999997,18.52191377943104],[-96.86653316999998,18.52669202943093],[-96.86422244999994,18.52352348943103],[-96.86488685999996,18.51897848943114],[-96.86325021999995,18.51612733943119],[-96.86701334999998,18.51659093943123],[-96.86730091999999,18.51459701943126],[-96.86451811999996,18.514424569431284],[-96.86208256999998,18.51088950943133],[-96.85647431999996,18.511345279431342],[-96.85378196999994,18.506277199431484],[-96.85024927999996,18.507074019431464],[-96.84632768999997,18.505378319431482],[-96.84629728999994,18.50330548943156],[-96.84276741999997,18.50166522943162],[-96.84235750999994,18.493388779431793],[-96.83860564999998,18.493188429431797],[-96.83159137999996,18.49733088943172],[-96.82509504999996,18.498114749431714],[-96.82450634999998,18.501905399431593],[-96.82733399999995,18.50375376943155],[-96.82413522999997,18.505600509431464],[-96.82403862999996,18.511110579431335],[-96.81847668999997,18.51147167943134],[-96.81344614999995,18.517617909431184],[-96.80890002999996,18.517311109431155],[-96.80336404999997,18.51146148943133],[-96.79701182999997,18.511935179431305],[-96.79416427999996,18.502131649431554],[-96.79738208999999,18.49972142943162],[-96.79783602999998,18.496953719431687],[-96.79296002999996,18.491911769431862],[-96.796791,18.486185619432018],[-96.79579548999999,18.480223279432174],[-96.79143693999998,18.47740256943222],[-96.79142025999994,18.47132331943241],[-96.78920674999995,18.467139819432518],[-96.78094161999996,18.465925149432522],[-96.78082824999996,18.462264259432626],[-96.78582890999996,18.459658019432712],[-96.78617279999997,18.45792588943276],[-96.78423797999994,18.45368342943287],[-96.77542368999998,18.448093229433],[-96.77645524999997,18.446197849433037],[-96.78481805999996,18.444196259433127],[-96.78400422999995,18.439586249433226],[-96.77755277999995,18.434320029433355],[-96.77795444999998,18.432111889433422],[-96.78129027999995,18.430543249433452],[-96.78101194999995,18.429069509433496],[-96.77546876999999,18.426212349433595],[-96.77044176999999,18.429301169433483],[-96.76318570999996,18.427050679433545],[-96.76275102999995,18.42542745943358],[-96.76478764999996,18.423613799433657],[-96.77089885999999,18.42297781943365],[-96.76596630999997,18.41799824943379],[-96.76636497999999,18.41268527943395],[-96.76133301999994,18.411622109433967],[-96.75908504999995,18.40826365943405],[-96.75651530999994,18.408406629434065],[-96.75562427999995,18.410982709433977],[-96.75366730999997,18.411718309433954],[-96.74349808999995,18.40732534943409],[-96.73185124999999,18.40903334943405],[-96.72491907999995,18.40817981943405],[-96.72531976999994,18.406224919434113],[-96.73126111999996,18.401356909434256],[-96.73124250999996,18.39943031943426],[-96.72821070999998,18.397300139434318],[-96.72864999999996,18.395736879434402],[-96.73713453999994,18.390036119434534],[-96.74103765999996,18.38261305943472],[-96.73478904999997,18.37964722943481],[-96.73232690999998,18.373699799434963],[-96.71727434999997,18.380411579434778],[-96.70977227999998,18.380197289434808],[-96.70017774999997,18.3829290494347],[-96.69772382999997,18.382074059434736],[-96.69588641999998,18.377141119434864],[-96.69753137999999,18.37051710943504],[-96.69624990999996,18.364754479435195],[-96.69259751999994,18.36623713943518],[-96.69314631999998,18.37049422943508],[-96.69090823,18.37600965943487],[-96.69183122,18.380849779434786],[-96.68330059999994,18.378394019434822],[-96.68161514999997,18.37558407943493],[-96.67456331999996,18.381395419434767],[-96.67504665999996,18.384229539434674],[-96.67625359999995,18.38564793943467],[-96.67669182999998,18.383443799434723],[-96.68013022999997,18.383017849434722],[-96.67929921999998,18.386074979434632],[-96.68143970999995,18.38565702943467],[-96.68103724999997,18.412204429433935],[-96.68436470999995,18.415688459433873],[-96.70591294999997,18.422894369433667],[-96.70907787999994,18.425695539433598],[-96.70935748999995,18.427962909433568],[-96.70757897999995,18.428836679433527],[-96.70970711999996,18.42995416943346],[-96.70499948999998,18.43201033943341],[-96.70904294999998,18.432419029433436],[-96.70870987999997,18.4358905694333],[-96.70526607999994,18.435451619433323],[-96.70716973999998,18.437354349433313],[-96.70573828999994,18.439611679433217],[-96.70764927999994,18.44263734943314],[-96.70534930999997,18.443441379433104],[-96.70501147999994,18.448264059432983],[-96.70721279999998,18.448927479433006],[-96.70450327999998,18.44972079943294],[-96.70440477999995,18.452927549432847],[-96.70260422999996,18.454395769432868],[-96.70532344999998,18.45671056943277],[-96.69507757999997,18.458545489432744],[-96.69288327999999,18.457549319432754],[-96.69274979999994,18.4623596894326],[-96.68818671999998,18.46273544943259],[-96.69079417999995,18.467406089432497],[-96.69024536999996,18.468973339432445],[-96.68818430999994,18.46842045943248],[-96.68677387999998,18.47196439943237],[-96.68254190999994,18.475062169432302],[-96.68424070999998,18.47545085943226],[-96.68343741999996,18.478430319432185],[-96.68489177999999,18.479500479432204],[-96.68309261999997,18.481531999432146],[-96.68367613999999,18.484762339432017],[-96.68630456999995,18.483594229432068],[-96.68424794999999,18.486911249431984],[-96.68760433999996,18.486623229432016],[-96.68565653999997,18.489605799431914],[-96.68933422999999,18.48841642943193],[-96.69107841999994,18.489827919431885],[-96.68625537999998,18.493577149431832],[-96.68595879999998,18.497550569431702],[-96.68251065999999,18.499001149431642],[-96.68154401999999,18.503272769431533],[-96.68411311999996,18.504682019431538],[-96.68227521999995,18.507118149431456],[-96.68450522999996,18.50754701943145],[-96.68802259999995,18.512641689431316],[-96.69255647999995,18.512246399431298],[-96.69340445999995,18.510881289431342],[-96.69643537999997,18.511523649431357],[-96.69760368999994,18.5098636494314],[-96.70286771999997,18.510269019431384],[-96.70616882999998,18.526336689430945],[-96.71112711999997,18.5281919494309],[-96.71414733999995,18.527558109430892],[-96.71902779999999,18.522127679431037],[-96.72689947999999,18.529828999430872],[-96.72428127999996,18.530334549430865],[-96.72578985999996,18.535863029430672],[-96.71905044999995,18.536914149430647],[-96.71182668999995,18.548055479430406],[-96.72422171999995,18.558987539430067],[-96.71560477999999,18.573241489429712],[-96.69963071999996,18.55334288943025],[-96.69094057999996,18.567974379429863],[-96.70214897999995,18.581226709429526],[-96.69331370999998,18.578611679429574],[-96.68875871999995,18.581215739429517],[-96.68776256999996,18.58362905942946],[-96.69215637999997,18.586567059429363],[-96.69382830899998,18.591208849429233],[-96.68952388499997,18.596069353429133],[-96.68776347999994,18.595057999429148],[-96.68420010899997,18.603792939428917],[-96.67901262999999,18.6077805694288],[-96.67246351999995,18.607574119428797],[-96.67215465999999,18.6185841794285],[-96.67496819999997,18.624341169428366],[-96.67827945999996,18.626405719428305],[-96.67981421999997,18.63014767942822],[-96.68259830999996,18.631215619428165],[-96.68311396999997,18.6348659394281],[-96.68739361999998,18.63592781942808],[-96.68869696999997,18.638792829428],[-96.68109628999997,18.64794901942776],[-96.68265119999995,18.655820049427547],[-96.68402104999996,18.656752339427502],[-96.68302171999994,18.669688059427187],[-96.67441648999996,18.66593611942726],[-96.67368148999998,18.66298276942734],[-96.66971764999994,18.661277829427434],[-96.67011287999999,18.65895376942745],[-96.66823645999995,18.655952489427555],[-96.66558816999998,18.65630834942756],[-96.65915193999996,18.650489089427708],[-96.65499925999995,18.651297849427664],[-96.64861088999999,18.645798549427813],[-96.64580916999995,18.640390519427942],[-96.64379388999998,18.640916709427945],[-96.63997730999995,18.63758911942801],[-96.63165317999994,18.635667229428048],[-96.63151065999995,18.633594369428103],[-96.62249817999998,18.62863647942828],[-96.62262168999996,18.625725949428343],[-96.61785550999998,18.622299799428447],[-96.61668196999995,18.619074059428524],[-96.60682631999998,18.617570999428555],[-96.60108375,18.61219771942868],[-96.59537444999995,18.61147684942869],[-96.59182470999997,18.60739227942882],[-96.58933248999995,18.60676322942885],[-96.58942242999996,18.604981829428873],[-96.58376701999998,18.601575999428945],[-96.58156221999997,18.60198171942893],[-96.58113153999994,18.600006089428984],[-96.57904048999995,18.600367369429012],[-96.57468681999995,18.596582019429075],[-96.57484567999995,18.59501882942916],[-96.56920457999996,18.594078379429156],[-96.56641094999998,18.590420519429284],[-96.56472601999997,18.59138476942924],[-96.56094708999997,18.58769861942931],[-96.54132379999999,18.588253139429327],[-96.53983254999997,18.58483601942942],[-96.53730494999998,18.5839509394294],[-96.53267044999996,18.585358339429376],[-96.53230745999997,18.58733453942932],[-96.52547499999999,18.58777359942933],[-96.52389517999995,18.58526991942938],[-96.51792325999998,18.583635649429464],[-96.51732864999998,18.581578399429507],[-96.51661844999997,18.58291017942946],[-96.51399997999994,18.58250568942949],[-96.51348594999996,18.58522147942938],[-96.51045487999995,18.584284659429404],[-96.50876121999995,18.58946056942927],[-96.50428341999998,18.588003059429344],[-96.50238510999998,18.588983779429288],[-96.50177131999999,18.58733205942935],[-96.49993062999994,18.589529859429263],[-96.48874431999997,18.581248659429477],[-96.48463917999999,18.582182649429473],[-96.48476628999998,18.580096139429507],[-96.47734828999995,18.57994179942952],[-96.47551751999998,18.576805479429638],[-96.47270239999995,18.575948709429625],[-96.47326901999998,18.57331217942973],[-96.46898419999997,18.573832119429728],[-96.46782771999995,18.570896339429773],[-96.46472274999996,18.573932879429677],[-96.46107054999999,18.57304361942975],[-96.46026681999997,18.570477339429754],[-96.45717225999994,18.570274909429763],[-96.45439159999995,18.561541339430043],[-96.45114431999997,18.557419799430125],[-96.45287025999994,18.55718930943015],[-96.45265754999997,18.55412225943021],[-96.45512534999995,18.54947893943031],[-96.45303077999995,18.546080199430442],[-96.45056401999994,18.54522441943047],[-96.44964002999996,18.54133847943054],[-96.44790739999998,18.541451319430518],[-96.44710053999995,18.536675029430654],[-96.44359834999995,18.534682539430737],[-96.44143431999998,18.53554314943068],[-96.44050291999997,18.531683449430815],[-96.43751293999999,18.531767219430815],[-96.43804388999996,18.52874701943086],[-96.43262013999998,18.52536328943095],[-96.42504676999994,18.513332939431297],[-96.42076197999995,18.510457799431357],[-96.42024407999997,18.508036629431427],[-96.42348159999995,18.501804089431605],[-96.42135719999999,18.499099739431692],[-96.41656024999997,18.499274119431664],[-96.41728834999998,18.496266909431718],[-96.41550002999998,18.495241489431777],[-96.41328777999996,18.486665659431967],[-96.41470068999996,18.4828854194321],[-96.41118550999994,18.476921059432243],[-96.41817718,18.476056119432286],[-96.41802256999995,18.470482079432433],[-96.41501782999995,18.46929305943243],[-96.41240005999998,18.464758139432593],[-96.40459710999994,18.46777796943248],[-96.40494408999996,18.464697219432583],[-96.40134742999999,18.45983810943272],[-96.40332919999997,18.45660202943278],[-96.40154844999995,18.453420619432855],[-96.40132985999999,18.447913829433023],[-96.40359604999998,18.44634941943305],[-96.40010151999996,18.444174679433107],[-96.40298453999998,18.43991939943324],[-96.39615884999995,18.439807289433205],[-96.39331310999995,18.437061749433298],[-96.39218427999998,18.439358479433253],[-96.38933730999999,18.440480749433217],[-96.39175405999998,18.436740349433286],[-96.39079041999997,18.434850619433387],[-96.38826401999995,18.43476507943334],[-96.38827464999997,18.432698259433415],[-96.39005853999998,18.431681779433468],[-96.38924807999996,18.42837651943351],[-96.38521501999998,18.429330059433493],[-96.38384062999995,18.42411048943362],[-96.37860522999995,18.426222889433607],[-96.37619576999998,18.42464854943361],[-96.37416159999998,18.417399259433786],[-96.36779247999999,18.417366819433813],[-96.36876464999995,18.414531719433903],[-96.36107082999996,18.409692949433985],[-96.36173145999999,18.407075679434083],[-96.35702813999995,18.409234919434052],[-96.35633902999996,18.411676849433963],[-96.35258776999996,18.410247339434026],[-96.35212147999994,18.40628741943412],[-96.34915253999998,18.402649219434213],[-96.34986824999999,18.401505259434195],[-96.34455404999994,18.398507659434323],[-96.34841228999994,18.39463494943443],[-96.34593548999999,18.389793339434526],[-96.34902325999997,18.38844056943459],[-96.34746784999999,18.386735539434646],[-96.34732468999994,18.382284259434748],[-96.34500484999997,18.38158930943475],[-96.34534279999997,18.379695459434807],[-96.33931753999997,18.375632489434913],[-96.33859347999999,18.377106459434877],[-96.33658374999999,18.375953629434886],[-96.33495137999995,18.379831259434816],[-96.33106808999997,18.379228379434803],[-96.33061625999994,18.376427179434906],[-96.33291614999997,18.37302282943497],[-96.33505330999998,18.372517339435003],[-96.32409565999997,18.367267309435125],[-96.32135757999998,18.367899679435123],[-96.31732790999996,18.364537249435223],[-96.32066559999998,18.360214549435295],[-96.31838587999994,18.35969788943535],[-96.32016870999996,18.358423799435343],[-96.31757688999994,18.358268579435396],[-96.31990057999997,18.355168059435446],[-96.31731439999999,18.35053054943555],[-96.31514910999994,18.349786059435583],[-96.3156466,18.3466878294357],[-96.31353845999998,18.345909229435726],[-96.31752525999997,18.340098029435836],[-96.31596430999997,18.339915909435863],[-96.31605351999997,18.337592089435912],[-96.31326536999995,18.335012889435962],[-96.31499275,18.3313893794361],[-96.31269730999998,18.327596879436182],[-96.30560991999994,18.329029829436127],[-96.30544419999995,18.324841549436233],[-96.30903151999996,18.32489667943625],[-96.30819305999995,18.323515219436285],[-96.30994785999997,18.322353339436344],[-96.29905733999999,18.316435510436488],[-96.29685093899997,18.31620636943647],[-96.29675428999997,18.317417379436463],[-96.29439605,18.312388880436604],[-96.29277777999994,18.312774309436595],[-96.29107205999998,18.310849379436608],[-96.29002282999996,18.312012460436595],[-96.28690614899995,18.31127658043664],[-96.28747910999994,18.31013176943665],[-96.28442854899998,18.30894371943669],[-96.28449387899997,18.307065369436707],[-96.28580962999996,18.307678179436707],[-96.28494891999998,18.30559942043679],[-96.28359816899996,18.306090679436775],[-96.28549159899997,18.30168740043686],[-96.27969373899998,18.299856579436906],[-96.27332374999997,18.300540339436903],[-96.27076374899997,18.29782334943697],[-96.27741751999997,18.294015019437094],[-96.27730597999994,18.28809757043722],[-96.27388853899998,18.28591588943731],[-96.27857614899995,18.283818399437315],[-96.27323499899995,18.281055050437438],[-96.27353428999999,18.275534430437553],[-96.26916391999998,18.273984179437615],[-96.27169619899996,18.271944460437638],[-96.27726982899998,18.271403079437643],[-96.27602787899997,18.26580989043783],[-96.28155733999995,18.2667384004378],[-96.28312890899997,18.268900949437732],[-96.28407550999998,18.26542495043784],[-96.28869334899997,18.262654919437903],[-96.28618501999995,18.26142692043795],[-96.28823670899999,18.259761420438],[-96.28679884899998,18.257793830438043],[-96.28131281899995,18.25913475043799],[-96.26681805899995,18.24566206043838],[-96.26577031999994,18.24305666043839],[-96.26799354899998,18.224451629438896],[-96.24684919899995,18.203073600439456],[-96.24358868899999,18.197103770439647],[-96.23100304999997,18.189726779439845],[-96.21747808899994,18.16196740044055],[-96.21518696899994,18.161704089440587],[-96.21420264999995,18.165189889440462],[-96.20313297999998,18.17487523044022],[-96.18984130899999,18.18107275044006],[-96.180107079,18.182675399440026],[-96.17069102999996,18.18638398043993],[-96.16856448899995,18.17698318044015],[-96.17023527899994,18.169802450440375],[-96.17285164899995,18.16780578044039],[-96.18719567999995,18.166748890440452],[-96.18280999999998,18.15781767944069],[-96.18652314999997,18.155498720440768],[-96.18828204999994,18.15130294044084],[-96.17966604899999,18.14056605044115],[-96.15422593899996,18.131804889441387],[-96.14856811999994,18.132190120441383],[-96.14362551899995,18.140148970441132],[-96.13671507899994,18.13403562944129],[-96.12412821899994,18.140377520441152],[-96.12202697899995,18.143055030441097],[-96.12392901899995,18.151580909440867],[-96.12304604999997,18.154228979440756],[-96.11715181999995,18.15516871944077],[-96.11431647999996,18.16407131944052],[-96.11056194899999,18.166185860440443],[-96.10401511999999,18.164845050440476],[-96.09918359999995,18.166843309440438],[-96.08422639899999,18.16253432044057],[-96.07948490999996,18.149792230440887],[-96.06885845899996,18.14076524944115],[-96.06638308899994,18.13158858044141],[-96.06099044999996,18.131254249441373],[-96.05907407999997,18.133897479441302],[-96.05697881999998,18.1340199704413],[-96.05138899999999,18.12673825044152],[-96.04700844899997,18.13069131944139],[-96.04687370899995,18.13656453944125],[-96.04311134999995,18.13467343044131],[-96.04105396999995,18.13849702944119],[-96.02568997899999,18.133460979441328],[-96.02093574999998,18.137899320441235],[-96.01895008999998,18.136049619441263],[-96.01635970899999,18.136436979441235],[-96.01241199899994,18.138496510441172],[-96.01015161999999,18.142128890441075],[-96.00035454,18.14436982944107],[-95.99665822899999,18.146854459440963],[-95.99531424999998,18.15060607944087],[-95.99106745999997,18.151938880440813],[-95.98589517999994,18.150034619440873],[-95.98153736999997,18.142953219441065],[-95.97769310999996,18.148948829440915],[-95.97202481999996,18.149510879440886],[-95.96716507999997,18.154223719440783],[-95.96480782999998,18.15456459944079],[-95.96297593999998,18.151976819440847],[-95.95842347999996,18.152985339440807],[-95.95907991999997,18.1570589194407],[-95.95585774999995,18.157213199440708],[-95.95345945999998,18.15986511944064],[-95.93725482999997,18.156632739440738],[-95.93614651999997,18.15372637944076],[-95.93236882999997,18.151354599440847],[-95.93643450999997,18.146825519440966],[-95.93401353999998,18.145269979440982],[-95.93334172,18.14166753944113],[-95.93138861999995,18.145277739441006],[-95.92870334999998,18.144228489441044],[-95.92573764999997,18.14643077944099],[-95.92558487999999,18.142886349441056],[-95.92219530999995,18.14105694944114],[-95.92213201999994,18.15080396944084],[-95.91464679999996,18.152200479440815],[-95.91236002999995,18.150466349440872],[-95.91348810999995,18.138583519441195],[-95.90969594999996,18.138082429441212],[-95.90716145999994,18.13564448944128],[-95.83316693999996,18.129026829441443],[-95.79992471999998,17.95001256944623],[-95.85020464999997,17.844534319449007],[-95.85561593899996,17.846640740448965],[-95.85881556999999,17.844783489449036],[-95.85855001999994,17.839189219449167],[-95.85103805999996,17.830658549449417],[-95.84933642,17.825847919449537],[-95.85332530999995,17.818839949449707],[-95.85578565999998,17.805556799450063],[-95.85996753999997,17.802067119450182],[-95.86682070999996,17.799602199450216],[-95.86895562999996,17.796624939450343],[-95.86577230999997,17.782384879450692],[-95.86639039999994,17.774352829450915],[-95.86716468999998,17.773229029450935],[-95.87885976999996,17.77347690945094],[-95.88477919999997,17.771824489450964],[-95.89292430899998,17.765141320451157],[-95.89263368899998,17.760322690451286],[-95.89902422999995,17.75434509045146],[-95.89767916899996,17.748973289451577],[-95.90087165899996,17.743785339451726],[-95.90286379899999,17.734103719452005],[-95.90151096899996,17.729056259452122],[-95.89481717999998,17.727328430452165],[-95.89442164999997,17.7226043704523],[-95.89263410999997,17.720716819452363],[-95.89087499899996,17.721308829452337],[-95.88972051999997,17.725260289452226],[-95.88560437899997,17.72675274045218],[-95.87941373999996,17.728131819452145],[-95.87280971899997,17.727409050452167],[-95.87339628899997,17.71713383045246],[-95.87701484899998,17.71568021945247],[-95.88284744999999,17.717018650452435],[-95.89052271999998,17.712590649452554],[-95.89402042899997,17.712319980452595],[-95.89316865999997,17.707685879452693],[-95.89529328999998,17.704493949452758],[-95.87101834999999,17.70216891945287],[-95.87075879999998,17.692686879453106],[-95.86751162999997,17.68483933945332],[-95.86130446,17.682492079453354],[-95.85290690999994,17.675308479453587],[-95.85020516999998,17.675841319453575],[-95.84709748999995,17.67326462945363],[-95.84404153999998,17.673120649453622],[-95.84414756999996,17.668480939453758],[-95.84088074999994,17.666905199453776],[-95.83850525999998,17.659987089454006],[-95.83347142999997,17.65740751945405],[-95.83063353999995,17.652625029454146],[-95.82330247999995,17.648985889454288],[-95.82029637999996,17.650723679454234],[-95.82003190999995,17.648259579454304],[-95.81359662999995,17.648327429454294],[-95.81266024999996,17.645934709454373],[-95.80800631999995,17.646800479454313],[-95.80563639999997,17.643444979454397],[-95.80733741999995,17.642682049454468],[-95.80741888999995,17.63937448945451],[-95.80964802999995,17.638171569454567],[-95.80542668999999,17.63610985945461],[-95.80330559999999,17.62936574945478],[-95.79911042999998,17.627628429454877],[-95.79778304999996,17.630645619454768],[-95.78828877999996,17.63435905945468],[-95.78563721999996,17.6334434294547],[-95.78446659999997,17.637513829454583],[-95.78111433999999,17.638876879454553],[-95.78249981999994,17.625773219454896],[-95.77337033999999,17.623825199454952],[-95.77274098,17.621538779455],[-95.77365845999998,17.605850399455452],[-95.77722902999994,17.604305629455475],[-95.77597010999995,17.608689749455365],[-95.78037721999999,17.611117259455316],[-95.78905201999999,17.610862339455295],[-95.78902313999998,17.60834664945536],[-95.79470254999997,17.60351757945552],[-95.79617796999997,17.60603090945545],[-95.80348577999996,17.607100289455413],[-95.80757151999997,17.60180368945555],[-95.80876297999998,17.593187399455758],[-95.80754956999999,17.591841579455817],[-95.80301665999997,17.591425509455792],[-95.80250607999994,17.589513829455868],[-95.79562390999996,17.58622737945595],[-95.79185257999995,17.586363289455974],[-95.79225273999998,17.588850149455883],[-95.78943037,17.594924779455724],[-95.79268607999995,17.59635036945568],[-95.79298384999998,17.60143437945556],[-95.79109431999997,17.60342511945551],[-95.78175124999996,17.603028259455492],[-95.77148037999996,17.59969804945558],[-95.77346379999994,17.597857969455664],[-95.77393150999995,17.594503679455748],[-95.77155556999998,17.588686449455924],[-95.76493472,17.589258539455894],[-95.75886264999997,17.584984429456025],[-95.75068599999997,17.58640494945594],[-95.74757653999995,17.58354453945603],[-95.74490125999996,17.58599214945596],[-95.74117747999998,17.580674679456134],[-95.73755337999995,17.580451479456094],[-95.73379727999998,17.57548144945624],[-95.72689687999997,17.57802904945619],[-95.72955811999998,17.571056199456372],[-95.72805259999996,17.565450849456514],[-95.72492339999997,17.56283208945657],[-95.72403716999997,17.557286709456726],[-95.72809344999996,17.551981119456887],[-95.72198671999996,17.549237679456947],[-95.72048416999998,17.54352587945712],[-95.72175293999999,17.53963694945722],[-95.72514936999994,17.53622607945732],[-95.71743694999998,17.5372515494573],[-95.71522216999995,17.535551079457342],[-95.71330302999996,17.536170459457313],[-95.70878956999996,17.531897029457422],[-95.70825608999996,17.534425479457347],[-95.70657564999999,17.53401936945739],[-95.70644058,17.526453119457575],[-95.70210191999996,17.5184916794578],[-95.69971114999998,17.522430289457677],[-95.69104078,17.52494777945761],[-95.69034176999999,17.527194749457543],[-95.69216147999998,17.530901259457476],[-95.68989622999999,17.53138896945742],[-95.68930025999998,17.534906679457357],[-95.68515421999997,17.537531739457307],[-95.68033265999999,17.534098319457378],[-95.67395511999996,17.533837339457374],[-95.66494262999998,17.535374309457342],[-95.65967091999994,17.53882539945725],[-95.64847079999998,17.539889089457198],[-95.64679536999995,17.54233336945714],[-95.64992167999998,17.545459019457077],[-95.65006984999997,17.55119428945693],[-95.65436559999995,17.556028049456792],[-95.65359187999996,17.560487939456635],[-95.64702550999999,17.555688719456775],[-95.64725794999998,17.55085205945693],[-95.64504450999999,17.54671431945701],[-95.63715416999997,17.548835489456966],[-95.63018850999998,17.546502679457042],[-95.62714674999995,17.547978339456982],[-95.62423822999995,17.543498339457102],[-95.61996931999994,17.540996599457152],[-95.61553836999997,17.542703169457123],[-95.60708947999996,17.539818149457197],[-95.60577536999996,17.54063762945719],[-95.60802742999994,17.54499488945708],[-95.60511977999995,17.549012659457],[-95.603618,17.544521089457078],[-95.59930704999994,17.54367384945712],[-95.59875225999997,17.534614969457376],[-95.59618359999996,17.537664509457297],[-95.59056244999994,17.538281879457266],[-95.58533385,17.535026599457332],[-95.57774857999999,17.53870473945727],[-95.57843328999996,17.5446485194571],[-95.56881511999995,17.551239029456898],[-95.56230345999995,17.546451719457032],[-95.55942761999995,17.547035480456998],[-95.55554714,17.558641539456712],[-95.55181322,17.553808749456817],[-95.54960284999999,17.55321344945685],[-95.54564625999997,17.55450044945681],[-95.53967479999994,17.560574520456637],[-95.53736896999999,17.556811580456742],[-95.53146270999997,17.55616274945677],[-95.52510191999994,17.562109539456614],[-95.53024704999996,17.567362509456498],[-95.53110565999998,17.57061105945637],[-95.52628788999999,17.571916719456347],[-95.52479321999995,17.576024220456265],[-95.52172153999999,17.570753349456407],[-95.51740230999997,17.569617999456412],[-95.52126619999996,17.577039979456217],[-95.51470313999995,17.579707309456147],[-95.51402122999997,17.585453829455997],[-95.50367745999995,17.583773029456008],[-95.50182964999999,17.58585993945596],[-95.50717988999997,17.58801188045592],[-95.50631722999998,17.590770549455858],[-95.49765041999996,17.591885879455827],[-95.49514896999995,17.595116179455722],[-95.48861611999996,17.596831119455672],[-95.48417994999994,17.601899480455522],[-95.47809510999997,17.594883219455717],[-95.47934413999997,17.58782939945591],[-95.47693903,17.588385079455872],[-95.47057444999996,17.5952151094557],[-95.46301644999994,17.59639390945571],[-95.46343648999994,17.5991690794556],[-95.47244919999997,17.60412919945549],[-95.47382482999996,17.606566779455406],[-95.47314133999998,17.609113019455346],[-95.46257942999995,17.608666279455324],[-95.45445892,17.611102719455328],[-95.45387847999996,17.614750179455193],[-95.45607779999995,17.623087769454962],[-95.44610737999994,17.621759800455017],[-95.44012617999994,17.626664420454873],[-95.43843159999994,17.631060169454777],[-95.43422737899994,17.635130859454655],[-95.42682779999996,17.63657034945462],[-95.42565242999996,17.638728199454555],[-95.42704871999996,17.645183089454378],[-95.42548994999999,17.64747248945431],[-95.42261119999995,17.6472554194543],[-95.41850164999994,17.644044049454404],[-95.41552796999997,17.65079022945422],[-95.41303350999999,17.651861089454222],[-95.41072437999998,17.649652249454235],[-95.41029113999997,17.64362857945441],[-95.40716216999994,17.643332089454436],[-95.40296022999996,17.652049619454225],[-95.39532324999999,17.651781199454224],[-95.38680768999996,17.663857289453897],[-95.36965539999994,17.669064379453754],[-95.36789073999996,17.67365624945359],[-95.35729124999995,17.671339569453668],[-95.35174244999996,17.671840319453676],[-95.34951154999999,17.675567890453582],[-95.35160161999994,17.679715419453434],[-95.34375874999996,17.68365983045335],[-95.34186267899997,17.68253912045337],[-95.34006144999996,17.674398089453607],[-95.33380751999994,17.675183149453588],[-95.32874731999999,17.6857827794533],[-95.32134976999998,17.68564422945328],[-95.31671053999997,17.69244650945308],[-95.31664797999997,17.697577799452954],[-95.30661077999997,17.697155629452983],[-95.30997050999999,17.70855515045267],[-95.30579977999997,17.711208049452598],[-95.30259153999998,17.711014079452596],[-95.29780852,17.72214141945233],[-95.29573605999997,17.7223203094523],[-95.29117870999994,17.71633437945245],[-95.29224417999995,17.712422250452594],[-95.28671553999999,17.71674396945245],[-95.27999390999997,17.71573970945247],[-95.28072104999995,17.71987307945239],[-95.27919547999994,17.721894019452304],[-95.27163511999998,17.71667871045245],[-95.26555402999998,17.717536219452434],[-95.26307027999997,17.72487879945225],[-95.26808453999996,17.732459519452064],[-95.26902604999998,17.74093405945178],[-95.26274421999995,17.738739119451864],[-95.26136559999998,17.73256220045204],[-95.25867299999999,17.728543229452157],[-95.25274324999998,17.733491179452006],[-95.23931861999995,17.736698600451923],[-95.23891299999997,17.73926411945183],[-95.19028961999999,17.69203674945312],[-95.18243534999999,17.69106262945313],[-95.18146973999995,17.685817179453313],[-95.18513610999997,17.684602519453325],[-95.18770093999996,17.68063888945345],[-95.18493531999997,17.67676068945352],[-95.18777099999996,17.671072460453686],[-95.18813159999996,17.650701459454226],[-95.18939384999999,17.649658549454234],[-95.19161253999994,17.654369539454148],[-95.19512316999999,17.654853519454143],[-95.19877876999999,17.647904849454296],[-95.20120308999999,17.64741197045432],[-95.20336077999997,17.64884725945426],[-95.20368956999995,17.653536679454163],[-95.20707999999996,17.654349799454117],[-95.20909322999995,17.65251324945416],[-95.20935211999995,17.64794617945433],[-95.21151661999995,17.644512819454395],[-95.21844761999995,17.639328249454554],[-95.24193341999995,17.634957999454638],[-95.24290530999997,17.643676480454424],[-95.24458748999996,17.645528889454358],[-95.24822563,17.645978059454364],[-95.25323137,17.642062479454463],[-95.25300954999994,17.633374749454674],[-95.25900110999999,17.629010749454842],[-95.25658304999996,17.627354859454833],[-95.25055550999997,17.627631649454866],[-95.24841123,17.625582279454918],[-95.25554930999994,17.621569459455007],[-95.26277604999996,17.62482811945495],[-95.27125804999997,17.62473459945495],[-95.27160414999997,17.622185650455005],[-95.26954551999995,17.619099510455086],[-95.27021961999999,17.61573807945515],[-95.27799673999999,17.615445779455197],[-95.27884539999997,17.613242799455207],[-95.27432917999994,17.60928064945537],[-95.26764747999994,17.608275169455386],[-95.26745679999999,17.603496680455475],[-95.26475324999996,17.601563350455535],[-95.25919258,17.607719379455386],[-95.25519348999995,17.608919119455354],[-95.25304797999996,17.6078063194554],[-95.25207007999995,17.60586212045542],[-95.25362190999994,17.60201393945555],[-95.0765674,17.372933709461712],[-94.97119214999998,17.330969579462852],[-94.96975011999997,17.333614619462786],[-94.96650917999995,17.334367659462778],[-94.96349591999996,17.331567719462853],[-94.96055819999998,17.323074289463054],[-94.95097967999999,17.315649429463296],[-94.94577737999998,17.31414013946333],[-94.93307736999998,17.318983539463165],[-94.92715807999997,17.325141199463044],[-94.92510161999996,17.3221286194631],[-94.91148876999995,17.314295049463322],[-94.90831009,17.313795739463327],[-94.90419396999994,17.316838889463238],[-94.90095296999999,17.31706048946326],[-94.89078154999999,17.311055999463424],[-94.88797602999995,17.302718739463614],[-94.88900376999999,17.300078379463713],[-94.89781485999998,17.298926289463733],[-94.90176099999998,17.296357369463813],[-94.90912531999999,17.2971895194638],[-94.91476581999996,17.292577059463902],[-94.91547611,17.288158909464023],[-94.91309105999994,17.28623477946405],[-94.90424541999994,17.289617579463954],[-94.90134868999996,17.287452749464048],[-94.90675944999998,17.279452219464254],[-94.90965471999999,17.267976919464548],[-94.89542902999995,17.256378399464907],[-94.89803194999996,17.25177348946502],[-94.90644371999997,17.24669136946516],[-94.90956765999994,17.24278147946528],[-94.90940142999996,17.24060642946534],[-94.90529516999999,17.23690810946542],[-94.91045939999998,17.22788339946566],[-94.91121410999995,17.213705579466055],[-94.91540685999996,17.20622136946624],[-94.92301671999996,17.204130229466287],[-94.92281477999995,17.19378842946658],[-93.86742677099994,17.136964912468123],[-93.87012327999999,17.146647418467847],[-93.86231684999996,17.151544019467757],[-93.86091576999998,17.163741139467422],[-93.84396893899998,17.168611748467256],[-93.83904521999995,17.172946878467158],[-93.82713768999997,17.172503480467146],[-93.82663016999999,17.190494029466652],[-93.82011996999995,17.195323372466557],[-93.81807554899996,17.19932985246644],[-93.81835956799995,17.20347512246631],[-93.80376248899995,17.224868172465747],[-93.80594757999995,17.230221750465592],[-93.80215210899996,17.23434148946551],[-93.80144868299999,17.240379502465316],[-93.79830584299998,17.24192264046526],[-93.79485426099995,17.24089767446529],[-93.79128966099995,17.237446611465387],[-93.79122129899997,17.232118077465525],[-93.78985954699999,17.233367232465486],[-93.78860950499995,17.23232734146557],[-93.77245019799994,17.24582355846515],[-93.76297648099995,17.23934449146534],[-93.75420985299996,17.243644803465227],[-93.74618260999995,17.243688998465206],[-93.73679311299998,17.24751113846511],[-93.72436910799996,17.247085911465128],[-93.71752158399994,17.24934329946511],[-93.69566894599996,17.247230177465134],[-93.68987225499997,17.255306268464935],[-93.66269436499995,17.256276901464865],[-93.66441145799998,17.286193384464074],[-93.63813233399998,17.290948362463936],[-93.60793981599994,17.314930020463304],[-93.61855474999999,17.321726419463115],[-93.62438667999999,17.322481309463107],[-93.62662041999994,17.31828644946323],[-93.62649187999995,17.316207689463273],[-93.62503311999996,17.31588190946325],[-93.62743196999998,17.31284314946335],[-93.63586808999999,17.314354519463304],[-93.64150288999998,17.317953139463206],[-93.64519833999998,17.33068570946288],[-93.64174525999994,17.331246089462837],[-93.63967761999999,17.33275593946279],[-93.63956407999996,17.33497945946276],[-93.63495854999996,17.33770185946267],[-93.68574717999996,17.372367569461737],[-93.68428782999996,17.376097599461627],[-93.68297064999996,17.373563779461698],[-93.68314697999995,17.3764130894616],[-93.68460230999995,17.378192679461574],[-93.68580773999997,17.37712945946161],[-93.69009331999996,17.37954781946152],[-93.68948376999998,17.38233216946146],[-93.69170302999999,17.382292689461462],[-93.69181059999994,17.385201799461406],[-93.69492021999997,17.38780436946129],[-93.68796959999999,17.391440449461236],[-93.68877250999998,17.39321245946115],[-93.68712611999996,17.39557473946109],[-93.68504047999994,17.394016169461143],[-93.68353873999996,17.395628179461134],[-93.68190227999997,17.40157187946096],[-93.68373936999996,17.4044566194609],[-93.67899604999997,17.410966859460668],[-93.67713084999997,17.410253219460746],[-93.67341873999999,17.412273339460675],[-93.67173781999998,17.417451419460555],[-93.67384634999996,17.418196739460488],[-93.67299630999997,17.41991830946048],[-93.67073974999994,17.418826489460507],[-93.66706453999997,17.420007049460445],[-93.66573973999994,17.41600053946053],[-93.66308390999995,17.41970384946049],[-93.66127504999997,17.419265019460486],[-93.66021768999997,17.416255939460545],[-93.65757928999994,17.416906739460536],[-93.65573828999999,17.419912369460484],[-93.65294985999999,17.419630319460474],[-93.65355414999999,17.42140741946039],[-93.64930974999999,17.432471379460097],[-93.64562701999996,17.430326489460146],[-93.64534573999998,17.4329681194601],[-93.63820631999994,17.43608625945999],[-93.63717467999999,17.43912425945991],[-93.64213830999995,17.43941645945995],[-93.64517987999994,17.442401579459816],[-93.64279053999996,17.443437059459836],[-93.64398062999999,17.446556369459735],[-93.64132650999994,17.44912162945965],[-93.63513511999997,17.451247029459598],[-93.63659739999999,17.455276879459483],[-93.64246233999995,17.456069969459467],[-93.64294805999998,17.452348419459604],[-93.64415711999999,17.452171199459592],[-93.64686236999995,17.45423090945951],[-93.64414141999998,17.456414139459472],[-93.64463156999994,17.458597969459387],[-93.6473936,17.459188629459362],[-93.64949226,17.457101179459453],[-93.65041402999998,17.4588546594594],[-93.64771241999995,17.46174408945931],[-93.64044351999996,17.458820829459384],[-93.63934251999996,17.45958519945938],[-93.63995645999995,17.464631029459273],[-93.63570124999995,17.468063679459163],[-93.63696347999996,17.47387294945899],[-93.63164194999996,17.481973979458797],[-93.63124776999996,17.48693219945866],[-93.62410484999998,17.49345722945846],[-93.62990925999998,17.500876629458272],[-93.62916994999995,17.502025049458222],[-93.62545394999995,17.50099834945824],[-93.62607154999996,17.504421279458153],[-93.62903701999994,17.506477519458098],[-93.63455384999997,17.50721642945807],[-93.63734107999994,17.509813629458034],[-93.63093285999999,17.51037673945799],[-93.62934321999995,17.513091579457917],[-93.62502076999999,17.51463707945791],[-93.62665605999996,17.523997369457668],[-93.62512217999995,17.526283169457592],[-93.62788125999998,17.528546139457536],[-93.62726324999994,17.531682219457423],[-93.62469184899999,17.538263525457246],[-93.61956474899995,17.537558600457288],[-93.61818474899997,17.54210497045717],[-93.621529599,17.544826219457104],[-93.61360111999994,17.552511280456848],[-93.61524659999998,17.55511178045681],[-93.61752250899997,17.555165060456773],[-93.62454862999995,17.54885476945697],[-93.62946897899997,17.549366279456983],[-93.63163714999996,17.550386539456916],[-93.62887495399997,17.554173884456848],[-93.63114355,17.556734740456786],[-93.63829179899994,17.555288280456814],[-93.64237927899995,17.558107660456745],[-93.64382968799998,17.55559907645681],[-93.64848233999999,17.555345649456793],[-93.64942837899997,17.557761429456708],[-93.65369005999999,17.55997269045666],[-93.65456350999995,17.555499339456777],[-93.65671228999999,17.555342569456794],[-93.65943391999998,17.559073369456666],[-93.65916927999996,17.56548633945653],[-93.66785633999996,17.569756879456413],[-93.67121857999996,17.569560619456425],[-93.67109973999999,17.576252819456226],[-93.67731027999997,17.575766749456264],[-93.67727777999994,17.579164619456137],[-93.68081337999998,17.58492761945599],[-93.67963273999999,17.585899479455954],[-93.67731084999997,17.584720779456006],[-93.67761031999999,17.585869519456],[-93.68541884999996,17.587086349455934],[-93.68627777999997,17.59030865945587],[-93.68494233999996,17.592433799455783],[-93.68720936999995,17.593694369455754],[-93.69320857999998,17.593495399455765],[-93.69140391999997,17.590716489455826],[-93.69333431999996,17.589555169455867],[-93.69946416999994,17.596023889455672],[-93.70132414999995,17.607761539455403],[-93.69965744999996,17.613685619455246],[-93.70413096999994,17.610299139455325],[-93.70699681999997,17.61225344945525],[-93.70969133999995,17.61163297945526],[-93.71047297999996,17.61408079945524],[-93.70849268999996,17.623415849454982],[-93.71023491999996,17.627289459454847],[-93.71325164999996,17.628701319454834],[-93.7131836,17.630670029454755],[-93.71917041999997,17.63346351945473],[-93.71552784999994,17.62620911945489],[-93.71318233999995,17.62550721945489],[-93.71355077,17.62281301945495],[-93.71206105999994,17.62384473945495],[-93.71472816999994,17.620853079455056],[-93.71833177999997,17.622954889454995],[-93.72344053999996,17.62315262945498],[-93.72354656999994,17.626206339454903],[-93.72634335,17.626592939454863],[-93.72911916999999,17.62986524945477],[-93.73288259999998,17.625760229454873],[-93.73357937999998,17.629153259454828],[-93.73102468999997,17.635833339454617],[-93.73234519999994,17.635850279454637],[-93.73528021999994,17.63008187945477],[-93.73773462999998,17.631619649454752],[-93.73798754999996,17.63495047945465],[-93.73718788999997,17.63743024945456],[-93.72999173999995,17.64128973945448],[-93.73269194999995,17.649162219454276],[-93.73743396999998,17.65169734945422],[-93.74089090999996,17.649405709454264],[-93.74250397999998,17.657095079454038],[-93.74482502999996,17.657129999454057],[-93.74658265999994,17.660114709453993],[-93.74287502999994,17.660728689453958],[-93.74108124999998,17.66478242945386],[-93.74241167999998,17.666539939453816],[-93.74562028999998,17.662220339453896],[-93.74707930999995,17.668350569453736],[-93.74396376999994,17.6707277994537],[-93.74223087999997,17.67523234945357],[-93.73969388999996,17.67519934945359],[-93.73851085999996,17.67937014945348],[-93.74783533999994,17.675384319453542],[-93.74907597999999,17.679245419453448],[-93.75103274999998,17.67932433945346],[-93.75183631999994,17.67656356945353],[-93.75319396999998,17.680171779453413],[-93.75671913999997,17.676872459453506],[-93.75653471999999,17.682624349453356],[-93.75269070999997,17.682213629453365],[-93.75178888999994,17.683986549453333],[-93.75469930999998,17.685919859453307],[-93.75755594999998,17.68362699945335],[-93.75976807999996,17.685116709453304],[-93.76535739999997,17.680522029453453],[-93.76329782999994,17.67507791945356],[-93.76504125999998,17.674573249453577],[-93.76820179999999,17.687954179453257],[-93.77035811999997,17.686784109453285],[-93.77293285999997,17.68765353945323],[-93.77256987999999,17.692708979453123],[-93.77608233999996,17.690345449453165],[-93.77830185999996,17.69242984945311],[-93.77793508999999,17.68992794945315],[-93.78052297999994,17.688672349453203],[-93.78222413999998,17.690060059453177],[-93.78123222999994,17.693237509453112],[-93.78478630999996,17.69090248945314],[-93.78708279999995,17.694246549453073],[-93.79106522999996,17.694737179453057],[-93.79204511999995,17.692619049453132],[-93.79784967999997,17.69224457945308],[-93.79626193999997,17.6899042894532],[-93.79889114999997,17.687403319453235],[-93.80515465999997,17.689355509453183],[-93.80724050999999,17.69725981945299],[-93.80516485,17.70337344945283],[-93.80698907999994,17.70591902945277],[-93.81260942999997,17.702517939452854],[-93.81066328999998,17.70617470945272],[-93.81254059999998,17.706923169452708],[-93.81932611999997,17.699467939452898],[-93.82145337999998,17.70108359945289],[-93.82234067999997,17.699576509452903],[-93.82288677999998,17.704100049452762],[-93.82599556999998,17.705959399452745],[-93.82351079999995,17.709428599452625],[-93.82864664999995,17.712940149452574],[-93.82671591999997,17.714738739452486],[-93.82658642999996,17.719191619452406],[-93.82849647999996,17.718470569452382],[-93.83045721999997,17.71370168945254],[-93.83490716999995,17.716549739452475],[-93.83738056999994,17.713611079452566],[-93.83991213999997,17.714900449452536],[-93.83883585999996,17.71149005945262],[-93.84302008999998,17.711366579452616],[-93.84589041999999,17.717187259452455],[-93.84699616999997,17.7140932594525],[-93.85040267999995,17.716656219452467],[-93.84819756999997,17.718000619452436],[-93.84858130999999,17.72070888945232],[-93.85617631999997,17.719503479452403],[-93.85928591999999,17.71685271945248],[-93.86040493999997,17.7178314794524],[-93.85867857999995,17.72089053945232],[-93.86499602999999,17.72218662945233],[-93.86918279999998,17.717978719452443],[-93.86461927999994,17.71671567945245],[-93.86721757999999,17.716146279452456],[-93.86640881999995,17.714073029452543],[-93.86999707999998,17.713536029452552],[-93.87441639999997,17.717888479452434],[-93.87586297999997,17.726528879452193],[-93.87749351999997,17.72440814945224],[-93.88072221999994,17.726277619452222],[-93.88039516999999,17.728840679452155],[-93.87616259999999,17.733298939452023],[-93.88366159999998,17.735533779451927],[-93.878224,17.73751879945188],[-93.87712084999998,17.735585909451956],[-93.87376016999997,17.734662969451964],[-93.87432614999994,17.739929089451813],[-93.87263521999995,17.740884819451843],[-93.86960850999998,17.73932330945183],[-93.87040245999998,17.743893249451723],[-93.87466808999994,17.747206309451617],[-93.87003316999994,17.750609649451555],[-93.87423610999997,17.755290199451416],[-93.87744531999994,17.753640339451472],[-93.87704877999995,17.756563579451363],[-93.88123702999997,17.75129821945151],[-93.88488735,17.754268289451428],[-93.88309825999994,17.75657468945137],[-93.88534876999995,17.757224719451386],[-93.88790339999997,17.75377307945144],[-93.88665891999995,17.75101579945155],[-93.89128016999996,17.748080779451623],[-93.89388491999995,17.749646259451602],[-93.89386324999998,17.75143844945149],[-93.89068557999997,17.75112690945153],[-93.89220573999995,17.753677349451443],[-93.89907136999994,17.753512259451455],[-93.90106887999997,17.75566931945139],[-93.90172377999994,17.75193139945151],[-93.90433336999996,17.75012248945153],[-93.90787088999998,17.75292627945149],[-93.90795019999996,17.75463524945142],[-93.91011941999994,17.75469101945143],[-93.91329630999996,17.75366859945143],[-93.91428734999994,17.749827849451552],[-93.92011561999999,17.7497042294516],[-93.92231462999996,17.746328339451658],[-93.92393930999998,17.74838028945161],[-93.92709681999997,17.74809437945162],[-93.92461376999995,17.75091342945151],[-93.92912550999995,17.753256799451464],[-93.93330425999994,17.751761079451516],[-93.94010726,17.753169909451476],[-93.94142982999995,17.75558007945143],[-93.93772199999997,17.755782279451413],[-93.93525945999994,17.75909684945131],[-93.94114362999994,17.759849719451285],[-93.93988661999998,17.762258309451237],[-93.94084801999998,17.76510601945119],[-93.94949856999995,17.769488779451063],[-93.94924721999996,17.773178289450925],[-93.95610381999995,17.781720179450698],[-93.95294708999997,17.786687949450567],[-93.95533971999998,17.799586149450228],[-93.95222861999997,17.79850917945027],[-93.95063139999996,17.800412419450208],[-93.95770688999994,17.802439739450183],[-93.96006344999995,17.80154499945016],[-93.96060173999996,17.798299289450256],[-93.96316787999996,17.799502259450247],[-93.95782751999997,17.80557344945008],[-93.95680096999996,17.810640249449953],[-93.96339844999996,17.812715649449867],[-93.96799616999994,17.81787167944975],[-93.96712142999996,17.819423949449696],[-93.96246677999994,17.81839933944972],[-93.95832777999999,17.819728999449698],[-93.96311776999994,17.824042449449564],[-93.96499468999998,17.829967549449428],[-93.95844454999997,17.830243849449406],[-93.95915547999994,17.826154019449515],[-93.95744271999996,17.82531527944954],[-93.95595002999994,17.833395179449298],[-93.95983876999998,17.837271049449203],[-93.96289504999999,17.834308049449316],[-93.96787885999998,17.83704665944923],[-93.96858739999999,17.838915079449187],[-93.96562364999994,17.841404259449117],[-93.96778616999995,17.845252339449022],[-93.97317925999995,17.842335919449074],[-93.97594836999997,17.8503722494489],[-93.98456725999995,17.85157493944882],[-93.98624362,17.84705893944899],[-93.98164461999994,17.847202549448983],[-93.98116908999998,17.84603333944902],[-93.98317261999996,17.839857149449163],[-93.98596039999995,17.844392919449064],[-93.98823917999994,17.84472084944902],[-93.98626850999995,17.836348199449233],[-93.98787081999996,17.834358249449288],[-93.99035974999998,17.83547344944927],[-93.99461467999998,17.846020109448975],[-93.99763750999995,17.839520339449148],[-93.99387305999994,17.839495719449168],[-93.99561230999996,17.83661807944924],[-93.99792662999994,17.83710428944925],[-94.00296837999997,17.84225513944912],[-94.00622607999999,17.839954779449126],[-94.01634294999997,17.844492379449058],[-94.01755996999998,17.843109479449083],[-94.01702710999996,17.83955496944916],[-94.02226290999994,17.84112227944911],[-94.02594742999997,17.840380619449167],[-94.02632659999995,17.841932369449104],[-94.02279679999998,17.844186479449075],[-94.02303867999996,17.846257249449],[-94.02944750999995,17.845669539449027],[-94.02855610999995,17.850638549448863],[-94.02982281999994,17.85330984944882],[-94.03286496999999,17.85491997944873],[-94.03268201999998,17.86212641944854],[-94.03753442999994,17.862658779448555],[-94.03799322999998,17.86997208944833],[-94.03315859999998,17.87033808944837],[-94.03315847999994,17.87255721944827],[-94.04289808999994,17.873506429448284],[-94.04162425999999,17.868305349448416],[-94.04287642999999,17.8674399094484],[-94.04742156999998,17.87058062944834],[-94.05198237999997,17.87074319944833],[-94.05374877999998,17.867648629448446],[-94.06260454999995,17.863087799448557],[-94.06484813999998,17.86414641944851],[-94.06511344999996,17.868453779448377],[-94.07230093999999,17.86555885944844],[-94.07627257999997,17.868756909448383],[-94.08343074999999,17.869868489448343],[-94.08386554999998,17.872945349448287],[-94.08142159999994,17.878069829448158],[-94.08308959999994,17.881194059448035],[-94.08288376999997,17.885771969447937],[-94.07930881999994,17.891045849447803],[-94.08513513999998,17.892874089447766],[-94.08182211999997,17.899911019447547],[-94.08800991999999,17.906480819447395],[-94.08497336999994,17.915530579447136],[-94.08622614999997,17.92182764944698],[-94.08994645999996,17.92693428944685],[-94.09132710999995,17.936572339446574],[-94.08864136999995,17.940922079446466],[-94.09023310999999,17.946886709446307],[-94.08719594999997,17.95176201944616],[-94.08714876999996,17.95839593944599],[-94.09199011999999,17.9619319394459],[-94.08888842999994,17.97062022944567],[-94.08074627999997,17.968339199445737],[-94.08014431999999,17.972397799445634],[-94.08250047999998,17.9779535094455],[-94.07623831999996,17.98226413944534],[-94.07353268999998,17.987770579445225],[-94.07129896999999,17.986881662445246],[-94.07119730999995,17.980908689445368],[-94.06851631999996,17.979592649445394],[-94.06140030999995,17.988124339445214],[-94.06548725,17.990030229445157],[-94.06699227999998,17.992537139445048],[-94.06424602999994,18.00233836944484],[-94.06652362999995,18.009396199444602],[-94.07273274999996,18.010140849444586],[-94.08116839999997,18.004522017444746],[-94.08374865999997,18.00646408944472],[-94.07985270999995,18.022327459444288],[-94.08355705999998,18.033903649443996],[-94.07801559999996,18.043075909443704],[-94.07435811999994,18.058593089443313],[-94.08461744999994,18.06933974944302],[-94.09428191999996,18.07360127944291],[-94.09715948999997,18.078627579442777],[-94.09589899999997,18.08345521944268],[-94.08305159999998,18.09077922944248],[-94.08110824999996,18.095772539442322],[-94.08340667999994,18.102442909442146],[-94.09656427999994,18.112523739441862],[-94.10044356999998,18.1259159394415],[-94.10100254999998,18.131851709441356],[-94.09825637999997,18.14809168944095],[-94.09388791999999,18.155370249440722],[-94.09468017999997,18.16066996944063],[-94.09990723,18.17109074944036],[-94.10467885999998,18.173950029440277],[-94.10946071999996,18.173411319440298],[-94.12029964999994,18.164959169440483],[-94.12691877999998,18.16825002944038],[-94.12915442999997,18.175140419440226],[-94.13002516999995,18.21285119943922],[-94.14489274999994,18.21080825943924],[-94.29321824999994,18.175390489440193],[-94.37297590999998,18.161415479440606],[-94.40611296999998,18.15952393944063],[-94.41244915,18.166598109440454],[-94.40761496999994,18.159676769440615],[-94.41561411999999,18.158230339440664],[-94.41574381999999,18.166434659440448],[-94.41584056999996,18.158114799440703],[-94.41997151999999,18.156813859440703],[-94.45323265999997,18.151901379440815],[-94.47551756999997,18.15057591944088],[-94.50743637999994,18.153288079440795],[-94.53979457999998,18.161206119440575],[-94.56192636999998,18.170310079440334],[-94.56721441999997,18.174866349440236],[-94.56844551999995,18.174381309440246],[-94.58778010999998,18.18561937943995],[-94.60699861999996,18.204038919439476],[-94.60981982999994,18.21043768943929],[-94.61119985999994,18.219396369439025],[-94.61751696999994,18.2314289694387],[-94.62435930999999,18.25349496943817],[-94.62708397999995,18.277198549437497],[-94.62570625999996,18.285544859437316],[-94.62310173999998,18.287129419437246],[-94.63954682999997,18.29741147943698],[-94.65711427999997,18.31161407943659],[-94.66501985999997,18.3276209794362],[-94.66606330999997,18.332418259436054],[-94.66340427999995,18.334569449436014],[-94.66398379999998,18.33838964943591],[-94.66622231999997,18.337083399435915],[-94.67028816999994,18.339199479435873],[-94.67270831999997,18.341656369435828],[-94.67229941999994,18.343471859435734],[-94.67396674999998,18.342704349435817],[-94.68186953999998,18.349068689435594],[-94.68338134999999,18.354007249435483],[-94.71371243,18.372542739434977],[-94.73652933999995,18.393889369434454],[-94.74148010999994,18.402893289434207],[-94.74413419999996,18.41182353943396],[-94.74379302999995,18.421747139433684],[-94.76011039999999,18.435359889433318],[-94.77369968999996,18.44920542943299],[-94.77569656999998,18.45637971943276],[-94.77425457999999,18.46384288943257],[-94.77948861999995,18.47412225943233],[-94.78296524999996,18.491973679431858],[-94.78749408999994,18.50568559943149],[-94.794130936,18.514060526431248],[-94.79955991999998,18.52490864943098],[-94.80779833999998,18.528202089430877],[-94.81030259999994,18.533959219430734],[-94.81657371999995,18.53857587943063],[-94.83298444999997,18.543025709430513],[-94.84085073999995,18.543483939430487],[-94.84464431999999,18.545763769430447],[-94.86334664699997,18.544992104430467],[-94.87412173399997,18.548747992430382],[-94.89076257399995,18.54789419443035],[-94.90071259799998,18.54934729243033],[-94.90701756399994,18.547360571430403],[-94.95112340799996,18.550541413430327],[-94.96846722499998,18.554125897430215],[-94.97525377999995,18.558278519430104],[-94.97715684799994,18.55615669943014],[-94.98587933999994,18.55747562943013],[-94.98795481999997,18.55444788943022],[-94.98891397999995,18.556810027430124],[-94.98774521199995,18.5579421284301],[-95.00105948599997,18.56039059343007],[-95.03381277999995,18.572341909429717],[-95.04492204999997,18.578364629429593],[-95.05058727299996,18.58393700642942],[-95.05217913199999,18.589371695429303],[-95.049349953,18.592876641429168],[-95.05150695199995,18.59511940142911],[-95.04946131499999,18.599747825429024],[-95.05431547999996,18.599613089429006],[-95.06006818799996,18.60659060842881],[-95.05776614999996,18.611347284428685],[-95.06142542999999,18.612440289428683],[-95.06184964199998,18.616868984428564],[-95.06483943499995,18.61948258442852],[-95.06517493899997,18.622205877428428],[-95.06903210299998,18.620645707428466],[-95.06977800599998,18.62177995442841],[-95.06824920299994,18.623487217428384],[-95.07024794999995,18.62193461942843],[-95.072710692,18.62320763042842],[-95.08095611899995,18.6308111984282],[-95.07953213099995,18.64190745742791],[-95.08479597399997,18.64255062642789],[-95.08494636599994,18.64457422742786],[-95.08670933599996,18.64342295642786],[-95.08785834099996,18.64506333642785],[-95.09092235099996,18.64523692442783],[-95.09316536999995,18.648239719427743],[-95.09436497699994,18.64558693742783],[-95.09635070999997,18.646688309427795],[-95.09796555599996,18.64370217242788],[-95.12163597999997,18.652491889427612],[-95.12764120199995,18.658320192427492],[-95.13073577999995,18.674294949427058],[-95.13276865499995,18.671422408427148],[-95.13703125999997,18.67145257942714],[-95.14431414999996,18.676213119427022],[-95.14620208999997,18.681022679426906],[-95.15083744999998,18.681672619426852],[-95.15424289399995,18.685129115426783],[-95.15762310099996,18.68390967842683],[-95.16759645999997,18.687617889426736],[-95.18191797999998,18.69797925942645],[-95.18359639999996,18.70203074942635],[-95.18141550999997,18.706028029426214],[-95.18470436999998,18.708069829426183],[-95.18607719199998,18.706102272426232],[-95.18898039999999,18.70973785942616],[-95.18949904999994,18.708440349426155],[-95.19125013999998,18.709845164426127],[-95.19289298099996,18.709079103426166],[-95.19480009999997,18.70458653942626],[-95.20498298899999,18.70613466442622],[-95.21492616199998,18.703216850426283],[-95.23241080199995,18.703935802426273],[-95.24403041999994,18.706656599426186],[-95.24716488999998,18.70370513942631],[-95.263240409,18.705713723426264],[-95.28168086899996,18.71169106242608],[-95.28825471999996,18.716673969425944],[-95.28991293999997,18.714518019426034],[-95.29483814999998,18.713569879426007],[-95.36684535199998,18.710750485426114],[-95.43987947999995,18.71073570942611],[-95.49493856699996,18.712862220426036],[-95.56937154099995,18.71924925442585],[-95.61100144699998,18.7267341514257],[-95.64480891799998,18.73580805342548],[-95.66999889899995,18.74453683442525],[-95.70075956399997,18.758241611424882],[-95.72024675899996,18.7688362974246],[-95.73387084999997,18.779623679424297],[-95.74263188599998,18.788695356424075],[-95.74262591899999,18.790812764424025],[-95.74303317,18.787343079424094],[-95.75213243899998,18.791845993423966],[-95.75037625899995,18.795411525423912],[-95.75234837199997,18.79193112542401],[-95.78237181599997,18.799663601423802],[-95.83440504999999,18.819470259423277],[-95.86226856999997,18.832503509422914],[-95.90082493999995,18.85943785942225],[-95.90399968999998,18.86486365942206],[-95.90891510999997,18.867363539422012],[-95.92821364999998,18.88670794942154],[-95.94076812599997,18.90509847942103],[-95.94336501999999,18.913896849420837],[-95.94110621199997,18.92104039942062],[-95.94172219999996,18.926859179420497],[-95.95219687999997,18.942722047420077],[-95.95962079799995,18.961619727419592],[-95.96521037999997,18.995991109418664],[-95.96693524699998,19.01980659141807],[-95.96539111999994,19.022335853418006],[-95.968221681,19.032080775417732],[-95.96984071199995,19.05023800841727],[-95.97196438099996,19.055692922417112],[-95.97937640199997,19.06433631541688],[-95.979855269,19.06253684741694],[-95.98155955799997,19.063964524416935],[-95.98258240899997,19.062997388416925],[-95.98172017099995,19.06578481141688],[-95.97815990299995,19.065329740416853],[-95.98144978899995,19.06613352541685],[-95.98230849,19.065468932416863],[-95.98257975199994,19.063982370416934],[-95.99193039499994,19.063025125416953],[-95.99230497799995,19.06412971141693],[-95.99297972499996,19.064337530416896],[-95.99282983199998,19.063174935416935],[-96.00728380499999,19.057271394417086],[-96.03146507699996,19.056693185417128],[-96.05757371299995,19.063438957416942],[-96.07295276199994,19.07093080241675],[-96.08260236899997,19.077673429416564],[-96.08827768299994,19.082841558416405],[-96.08740965599998,19.084952615416388],[-96.08888108199994,19.083835216416407],[-96.08931151899998,19.08374661341641],[-96.08761333799998,19.08582635341637],[-96.09011540699998,19.08532780441639],[-96.09943993999997,19.097391889416034],[-96.10015348099995,19.100634715415982],[-96.09828035399994,19.101659118415913],[-96.09882519099996,19.10341363941589],[-96.09580990699999,19.105018340415857],[-96.09780296999998,19.10423996241588],[-96.10084682199994,19.108889837415745],[-96.10504465099997,19.123694016415364],[-96.10481339999995,19.129444169415226],[-96.10049649299998,19.133998272415084],[-96.10102437599996,19.14122933541489],[-96.09897851599999,19.14487324141484],[-96.09353267999995,19.14818082941475],[-96.09271277999994,19.151529509414637],[-96.09868221999994,19.15857394941447],[-96.09856550999996,19.16020342941439],[-96.10021686,19.160464079414425],[-96.09981001599999,19.161813872414353],[-96.10220147999996,19.16172288941441],[-96.10365460499997,19.165313410414296],[-96.11622697799999,19.169495973414154],[-96.12361086999994,19.179625387413903],[-96.12390471399999,19.184395562413812],[-96.12184283,19.187084769413744],[-96.12370300299995,19.18971532841364],[-96.12229929599994,19.190556117413664],[-96.12047900799996,19.187573700413736],[-96.12166147299997,19.190142437413666],[-96.12229358499998,19.19072030041364],[-96.12288595299998,19.190510929413666],[-96.12383039999999,19.191523279413634],[-96.12125999999995,19.200774339413385],[-96.12344634999995,19.194581779413554],[-96.12794861199995,19.19540022341348],[-96.13000691999997,19.198260629413436],[-96.12641667999998,19.200406019413393],[-96.12600533999995,19.201782649413335],[-96.12951388999994,19.198701399413437],[-96.13228243799996,19.203449075413282],[-96.13545619999996,19.201570679413333],[-96.13607664999995,19.20249547941333],[-96.13427427999994,19.203572319413297],[-96.13621488999996,19.20276845941334],[-96.13697291999995,19.20388882941328],[-96.13533383,19.204861969413244],[-96.13803917999996,19.205535029413277],[-96.13487565999998,19.20743799941318],[-96.13808430999995,19.20670410941321],[-96.13868457999996,19.207612619413222],[-96.13656808999997,19.208857679413164],[-96.13916022999996,19.208373859413175],[-96.13674970999995,19.209827549413152],[-96.14027596999996,19.21005765941316],[-96.13832425999999,19.211212879413118],[-96.13966648999997,19.213277849413057],[-96.136776479,19.213887061413015],[-96.13626078,19.21218084941307],[-96.13538698699995,19.214118861413052],[-96.13313462199994,19.209905188413128],[-96.13194494,19.210311419413113],[-96.13256902999996,19.209390719413143],[-96.12693261999999,19.20753697941319],[-96.12713436999998,19.205407029413262],[-96.12669510999996,19.207595629413213],[-96.12541257999999,19.20544199941327],[-96.12410576999999,19.20814254941318],[-96.12366537999998,19.20558376941323],[-96.12352169999997,19.205614075413276],[-96.12361077599996,19.20543841741323],[-96.12348898299996,19.205465926413236],[-96.12334083699994,19.204562780413276],[-96.12324412899994,19.20458059941326],[-96.12374396999996,19.208179179413186],[-96.12032968999995,19.203595349413302],[-96.12344502999997,19.208163629413193],[-96.12350288,19.213872689413062],[-96.12712948999996,19.21705914941298],[-96.13318417299996,19.21804233441293],[-96.15549825999994,19.215645279412986],[-96.15436631999995,19.21754884941296],[-96.14179045999998,19.217614519412926],[-96.13186595199994,19.219435508412886],[-96.13203013499998,19.21998516441285],[-96.14173896299997,19.217984152412907],[-96.15416982999994,19.2179471564129],[-96.15685184999995,19.21612974941298],[-96.16495953799995,19.21941910341289],[-96.167399038,19.222883347412782],[-96.17156392799997,19.246941483412176],[-96.16440698499997,19.24546669341224],[-96.155786198,19.23185522441258],[-96.15799051099998,19.226197818412718],[-96.15377623099995,19.229410030412634],[-96.16471486699999,19.246617162412193],[-96.17672918099998,19.247461725412155],[-96.18167209599994,19.250695558412094],[-96.189351807,19.251314218412073],[-96.19684115999996,19.2572926144119],[-96.20765645999995,19.259251309411837],[-96.22688507999999,19.267588029411677],[-96.25207998799999,19.282872492411276],[-96.26822321699996,19.294861328410974],[-96.28387442999997,19.31015421941058],[-96.29364676599995,19.321278011410275],[-96.30338471099999,19.336397106409873],[-96.31076181299994,19.35676276240936],[-96.30636855499995,19.372055709408944],[-96.31650840099996,19.395184394408364],[-96.32173622999994,19.414344119407886],[-96.31967579599996,19.418469864407797],[-96.32079223099998,19.432571104407376],[-96.31934687999996,19.452794459406903],[-96.30867231999997,19.462556689406632],[-96.31236338599996,19.471398078406395],[-96.31263543899996,19.47865650440623],[-96.31394414199997,19.48175932240616],[-96.32063518599995,19.486827573406035],[-96.33208094899999,19.499540145405707],[-96.35749730299995,19.53244578740488],[-96.37039279199996,19.55349331040433],[-96.37561927999998,19.56644479940399],[-96.37776674199996,19.578388420403684],[-96.37729917799999,19.584905764403484],[-96.37904443499997,19.589579205403385],[-96.37716354799994,19.594963984403247],[-96.37165271699996,19.60143611840306],[-96.37388988599997,19.60832637140289],[-96.39082569999994,19.63595191340219],[-96.39691976999995,19.649789969401837],[-96.39848161499998,19.66282435640151],[-96.39759716999998,19.672832909401283],[-96.39563847999995,19.676688749401155],[-96.39108624999996,19.677265305401143],[-96.39211417799999,19.678982086401128],[-96.39476251799994,19.679114146401112],[-96.40627903999996,19.700439191400555],[-96.40681882999998,19.70912673940033],[-96.40432802999999,19.715703649400147],[-96.40111334999995,19.717393349400144],[-96.40388510999998,19.71787624940015],[-96.40193125999997,19.72026622940006],[-96.40303374999996,19.721540119400025],[-96.39965042999997,19.71887001940011],[-96.40062967999995,19.71535221940019],[-96.39942430999999,19.717679019400126],[-96.39954330999996,19.71907001940011],[-96.40178039999995,19.721899429400036],[-96.40107125999998,19.725334339399954],[-96.40216528999999,19.727300849399896],[-96.40449522999997,19.727664889399847],[-96.40831313999996,19.738621649399565],[-96.40670871999998,19.743869619399458],[-96.40724484999998,19.748315319399378],[-96.41042819999996,19.749126049399305],[-96.41473590999999,19.75604624939916],[-96.42389285999997,19.777815919398567],[-96.42461497999996,19.782047309398493],[-96.42215051999995,19.783862139398448],[-96.42187614999995,19.78656864939837],[-96.43606157999994,19.804282379397947],[-96.43890793999998,19.81085801939778],[-96.43918103,19.8166758593976],[-96.44704033999994,19.830217029397247],[-96.44677274999998,19.841454059396973],[-96.44949564999996,19.849204179396818],[-96.46001507999996,19.86092968939649],[-96.46299386,19.86094531939649],[-96.47135416999998,19.867292349396347],[-96.49081125,19.885171349395897],[-96.49646330999998,19.894234539395672],[-96.51968961999995,19.917183259395067],[-96.55171111999995,19.95450802939414],[-96.56411959999997,19.97156305939369],[-96.57411465999998,19.99190284939316],[-96.57432985999998,20.00520757939284],[-96.58255202999999,20.01223724939266],[-96.69839036999997,20.146456649389293],[-96.71018865999997,20.165220749388823],[-96.77126361999996,20.224681459387334],[-96.78016117999994,20.237835629387007],[-96.78374308999997,20.240649049386928],[-96.78527751999998,20.244769619386826],[-96.84568485999995,20.302408139385385],[-96.92411037999996,20.3819863793834],[-96.95507728999996,20.417379769382485],[-96.98573184999998,20.463822079381366],[-96.99151065999996,20.469025199381196],[-96.99885733999997,20.47258871938113],[-97.03085613999997,20.49943674938044],[-97.05748387999995,20.523739999379842],[-97.11238633999994,20.578938829378473],[-97.15479262999997,20.627270259377287],[-97.16540741999997,20.641712429376934],[-97.17746751999994,20.662087889376444],[-97.18349697999997,20.679256679376],[-97.18997416999997,20.68964524937577],[-97.19432322999997,20.700329429375508],[-97.19588250999999,20.720287089375002],[-97.20117844999999,20.72455788937487],[-97.19834511,20.732800999374682],[-97.19368819999994,20.73886530937453],[-97.20388722999998,20.758367429374083],[-97.20517304999998,20.776131549373623],[-97.21861771999994,20.796248109373096],[-97.22464116999998,20.811110749372773],[-97.22513233999996,20.819212229372557],[-97.22838708999996,20.830278089372275],[-97.24180119999994,20.847693139371856],[-97.25999548,20.875938049371168],[-97.29712688999996,20.946401679369448],[-97.30563345999998,20.966699689368916],[-97.30152002999995,20.969985179368834],[-97.30497437999998,20.96783554936893],[-97.30616154999996,20.971577289368792],[-97.30165104999998,20.974069849368743],[-97.30589233999996,20.971983919368824],[-97.31126401999995,20.978640449368644],[-97.32628121999994,21.005664079367964],[-97.32834128999997,21.016011379367733],[-97.32546988999997,21.01716013936769],[-97.32664067999997,21.01874890936766],[-97.32936961999997,21.017835889367703],[-97.33693894999999,21.031632629367344],[-97.36456033999997,21.09595019936578],[-97.36424647999998,21.097961679365707],[-97.36584557999998,21.098370489365703],[-97.38057516999999,21.125967849365036],[-97.39813999999996,21.16237091936416],[-97.41224645999996,21.200708219363197],[-97.42024157999998,21.23089713936245],[-97.42235528999998,21.249138769362066],[-97.42070271999995,21.25874925936182],[-97.41870487999996,21.25874279936182],[-97.42026253999997,21.258888489361816],[-97.41831377999995,21.26051516936179],[-97.42092008999998,21.2706982793615],[-97.42039328,21.293942539360955],[-97.41443779999997,21.32539094936018],[-97.41059808999997,21.337835059359882],[-97.40156314999996,21.357673879359414],[-97.37528997999999,21.399216569358444],[-97.35058664999997,21.456606249357026],[-97.34157813999997,21.486831399356277],[-97.33047811999995,21.515979079355564],[-97.32932439999996,21.523532139355407],[-97.33280550999997,21.538959909355057],[-97.33274461999999,21.551303169354735],[-97.33150297999998,21.556379089354632],[-97.32732224999995,21.56288219935447],[-97.32790439999997,21.567165199354342],[-97.34023767999997,21.57934354935406],[-97.34358819999994,21.587690569353878],[-97.35410239999999,21.5933532793537],[-97.37530037,21.60842664935339],[-97.44231796999998,21.658918319352164],[-97.47294945999994,21.689925349351434],[-97.52192390999994,21.72936344935048],[-97.56433442999999,21.770793819349493],[-97.58827581999998,21.798723509348825],[-97.61612992,21.83488085934796],[-97.69806587999996,21.95648362934505],[-97.73089014,22.015329459343654],[-97.75194968999995,22.06210505934259],[-97.77178474999995,22.11771227934123],[-97.78525241999995,22.166325259340123],[-97.79275533999999,22.21200219933901],[-97.79370936999999,22.24970150933811],[-97.79268467999998,22.257494829337958],[-97.79041488999997,22.259891919337893],[-97.77434770999997,22.263916049337798],[-97.79241482999998,22.260350600337876],[-97.82481536799997,22.244145020338287],[-97.83211250899996,22.238102710338435],[-97.83649439999999,22.22992724933863],[-97.83769337899997,22.21243375033902],[-97.83968322899996,22.208886280339105],[-97.84488828999997,22.206965829339154],[-97.86026831899994,22.210084199339065],[-97.89496246099998,22.222378437338815],[-97.89783290899999,22.229706719338587],[-97.90241888999998,22.233343449338552],[-97.91793965999994,22.239985830338398],[-97.92028411899997,22.246004220338264],[-97.91717639999996,22.248024569338167],[-97.91679042899996,22.252593090338074],[-97.91862524899996,22.251144249338097],[-97.92567961899995,22.250678570338103],[-97.93459508899997,22.254594050338014],[-97.93540741999999,22.25644377033796],[-97.93182013999997,22.264540619337797],[-97.93166064999998,22.27104657033765],[-97.942475679,22.27728471933752],[-97.95386293999996,22.287041980337285],[-97.95670761699995,22.29389237033709],[-97.96210628999995,22.294080570337105],[-97.96946557999996,22.297406450337007],[-97.97145810999996,22.29618944933704],[-97.97880259899995,22.301615600336913],[-97.98270782899999,22.302613509336926],[-97.98309396899998,22.298930450336986],[-97.98693884899996,22.301634980336935],[-97.99266414999994,22.29277470933714],[-98.00032404899999,22.297432490337023],[-97.99832661999994,22.29898731033702],[-97.99764661999995,22.302678480336894],[-97.99894939899997,22.31432675033665],[-97.99541927899999,22.313690690336625],[-97.99530573899996,22.31126500033669],[-97.98397990899997,22.30467125933689],[-97.98278594999994,22.311052950336677],[-97.97912322999998,22.313182459336673],[-97.97874751899997,22.317309090336533],[-97.97050973899998,22.32805022033633],[-97.97040542999997,22.332897779336207],[-97.97346013999999,22.333638049336177],[-97.97759419999994,22.339025950336048],[-97.98524296899996,22.341178080336014],[-97.99002024899994,22.350863819335746],[-97.99269751899999,22.351332890335733],[-97.99625125899996,22.348482709335826],[-98.00071010899995,22.34815705033583],[-98.01290141999999,22.35327950933572],[-98.02107445899998,22.352783579335718],[-98.024614919,22.35683600033561],[-98.02847210999995,22.35839209033559],[-98.03872447899994,22.355764280335674],[-98.05396048999995,22.355540170335644],[-98.05945171899998,22.34637702933586],[-98.06495170899996,22.348641219335832],[-98.07080182899995,22.346954119335898],[-98.07426330999999,22.347781200335817],[-98.08601530899995,22.370153659335298],[-98.09549367899996,22.37269445033524],[-98.10245293899999,22.366695540335424],[-98.10621311899997,22.366712310335426],[-98.11186567899995,22.378152180335167],[-98.11127007899996,22.39207820033482],[-98.11353596999999,22.395303280334733],[-98.15156019999996,22.4129446293343],[-98.16328724999994,22.409984829334388],[-98.17345765899995,22.418348970334208],[-98.187485489,22.42386850933405],[-98.19045319999998,22.429563720333903],[-98.18974319999995,22.44179051933364],[-98.199884679,22.44903587933349],[-98.19256221899997,22.46705511033305],[-98.19677091899996,22.469547830333017],[-98.205382419,22.46434991933315],[-98.20882776899998,22.464762369333137]]],[[[-96.09228829699998,19.173751502414085],[-96.09098319899994,19.175454924414037],[-96.09212775899994,19.177245709413956],[-96.09295015199996,19.176180609414025],[-96.09228829699998,19.173751502414085]]],[[[-97.22520921199998,21.473048021356632],[-97.22085439899996,21.477570333356535],[-97.22849500499996,21.472673047356626],[-97.22667097499999,21.471368513356687],[-97.23040281799996,21.46864569135674],[-97.22503679199997,21.46873686235674],[-97.22520921199998,21.473048021356632]]]]}}]}
