{"type":"FeatureCollection","features":[{"type":"Feature","properties":{"cve_ent":"32","cvegeo":"32","nombre_inegi":"Zacatecas","nombre_catalogo":"Zacatecas"},"geometry":{"type":"Polygon","coordinates":[[[-102.29547728999995,25.12518887927407],[-102.46332519999999,25.115916149274245],[-102.44676344999999,24.99951541927669],[-102.66969397999998,25.06663648927533],[-102.65242208999996,25.045229059275762],[-102.65344385999998,25.040682709275863],[-102.64954536999994,25.0279557992761],[-102.64300188999995,25.027812829276154],[-102.62888482999995,25.008321659276525],[-102.63554291999998,25.00416908927664],[-102.63382805999998,24.999553949276727],[-102.64295554999995,24.97864816927716],[-102.67298444999994,24.978818249277186],[-102.67306156999996,24.942752079277923],[-102.56623577999996,24.90222074927876],[-102.56537288999999,24.86635541927955],[-102.54918188,24.829935579280313],[-102.51218230999996,24.709721109282874],[-102.49464142999996,24.612555219284978],[-102.47980696999998,24.490448049287618],[-102.48699621999998,24.444228379288585],[-102.47918619999996,24.44376270928861],[-102.47312687999994,24.445214779288612],[-102.47269697999997,24.439679739288678],[-102.47510282999997,24.438900259288697],[-102.48026727999996,24.42801387928895],[-102.49214908999994,24.42558064928899],[-102.52014630999997,24.42393213928903],[-102.52279225999996,24.41524711928925],[-102.52670188999997,24.416227059289202],[-102.53393142,24.40772210928941],[-102.60659276999996,24.41116881928932],[-102.60729902999998,24.405399219289446],[-102.61181447999998,24.399955309289563],[-102.61856430999995,24.39637839928965],[-102.65506330999996,24.388603709289804],[-102.65966944999997,24.385904909289895],[-102.66235859999995,24.381576629289953],[-102.69904311,24.376248249290086],[-102.69990439999998,24.373971849290115],[-102.70398678,24.374132539290134],[-102.70881295,24.377838059290035],[-102.71437301999998,24.37821684929004],[-102.72202721999997,24.37536277929009],[-102.73801276999997,24.377453319290034],[-102.75160008999995,24.375826849290107],[-102.75665431999995,24.376982999290064],[-102.75909951999996,24.38064441929],[-102.76363051999999,24.382618399289957],[-102.76507719999995,24.3847061492899],[-102.76444545999999,24.38702156928985],[-102.77935194999998,24.395802489289654],[-102.77916450999999,24.400144579289577],[-102.78107750999999,24.40273162928951],[-102.78885239999994,24.406248479289417],[-102.79199064999995,24.405402139289436],[-102.79757654999997,24.39872334928961],[-102.80109722999998,24.398460969289584],[-102.81241554999998,24.38949442928982],[-102.8167878,24.389915769289807],[-102.82217602999998,24.386567569289866],[-102.83173561999996,24.384691909289916],[-102.83404482999998,24.390108549289756],[-102.84590276999997,24.39808257928961],[-102.85389204999997,24.42435914928902],[-102.85858259999999,24.422926829289064],[-102.86501268999997,24.43031207928894],[-102.86181750999998,24.430115459288878],[-102.86062091999997,24.434492349288792],[-102.86409574,24.43643705928878],[-102.87377337,24.449999779288476],[-102.87491325999997,24.450962089288485],[-102.87758771999995,24.44940004928851],[-102.89189094999995,24.461118119288223],[-102.89425088999997,24.458383849288325],[-102.89042735,24.451474259288446],[-102.89487591999995,24.450350709288486],[-102.89507921999996,24.441341659288646],[-102.9017922,24.435713779288815],[-102.90010650999994,24.428500479288928],[-102.96744016999997,24.457703629288282],[-102.9835728,24.43325714928883],[-103.04315021999999,24.46650085928813],[-103.07508096999999,24.422624579289064],[-103.08751464999996,24.4360270492888],[-103.09852727999998,24.401626599289525],[-103.13170882999998,24.42467699928901],[-103.13950925999995,24.428470919288948],[-103.14606059999994,24.427395309288983],[-103.14518602,24.42673151928897],[-103.15772581999994,24.42784062928897],[-103.16525892,24.43519842928883],[-103.17545685999994,24.43326099928887],[-103.18185468999997,24.424165579289067],[-103.18195341999997,24.41989657928914],[-103.18728456999997,24.423288449289043],[-103.20209150999995,24.42446913928902],[-103.20241077999998,24.421374859289124],[-103.21733185999996,24.42081082928911],[-103.21788779999997,24.417209919289206],[-103.22283353999995,24.41710276928918],[-103.22224622999995,24.42059368928911],[-103.22724847999996,24.42038921928913],[-103.22682556999997,24.423810889289022],[-103.23377654999997,24.42350090928904],[-103.23365551999996,24.427162979288976],[-103.23663564999998,24.427056599289003],[-103.23693331999999,24.43059097928889],[-103.23362853999998,24.4307303092889],[-103.23397954999996,24.435838229288795],[-103.23798653999995,24.43555036928879],[-103.24287782999994,24.439934969288668],[-103.24527739999996,24.44498985928862],[-103.25353177999996,24.447253799288553],[-103.26176502,24.44054644928869],[-103.26451907999996,24.43458091928879],[-103.27149308999999,24.43332496928884],[-103.27282074999994,24.430680919288893],[-103.27381625999999,24.43171571928888],[-103.28029530999999,24.42973054928892],[-103.28073053999998,24.430814429288898],[-103.28264548,24.42883702928896],[-103.28879947999997,24.4292717092889],[-103.29096757999997,24.43176890928889],[-103.29836261999999,24.430184169288932],[-103.30438019999997,24.432508089288863],[-103.30539530999994,24.434456079288836],[-103.30608936999994,24.432687249288875],[-103.30747002999999,24.434959629288795],[-103.30835590999999,24.433451849288815],[-103.31025019999998,24.435657849288784],[-103.31040331999998,24.433931659288817],[-103.31650308999997,24.428994229288953],[-103.32202622999995,24.428381199288953],[-103.32392877999997,24.426505629289004],[-103.33004213999999,24.42816005928894],[-103.38620479999997,24.422964719289055],[-103.38760504999999,24.427461599288993],[-103.39405637999995,24.432099289288875],[-103.39974886,24.43277867928887],[-103.39919505999997,24.428832279288937],[-103.40592901999997,24.429604769288893],[-103.40624939999998,24.42779151928894],[-103.40992739999997,24.428547289288925],[-103.40981447999997,24.42628188928899],[-103.41325453999997,24.429002349288965],[-103.41551447999996,24.42806644928898],[-103.41933239999997,24.430488089288897],[-103.41988888999998,24.425478859289008],[-103.42192691999998,24.424212819289032],[-103.41995232,24.421893089289064],[-103.42220922999996,24.420920859289083],[-103.42161928999998,24.416587629289204],[-103.42533807999996,24.415296599289203],[-103.42567385999996,24.412976449289264],[-103.42893322999998,24.411678279289315],[-103.43023702999994,24.408909149289382],[-103.42835348999996,24.403089719289476],[-103.43035861999999,24.401357169289525],[-103.43002986,24.399108219289612],[-103.42514894,24.387856369289835],[-103.42802728999999,24.38655850928984],[-103.42537691999996,24.379393349290005],[-103.42977741999995,24.374377349290107],[-103.42795087999997,24.37189897929015],[-103.43117559999996,24.361992259290364],[-103.43052251999997,24.360146229290436],[-103.43573596999994,24.35503474929056],[-103.43786428999994,24.34938241929066],[-103.43680985999998,24.347049519290696],[-103.44133057,24.341279259290864],[-103.44236791999998,24.342069169290838],[-103.44893017999999,24.33861576929089],[-103.44726753999998,24.336530539290955],[-103.44834004999996,24.332600459291022],[-103.45827597999995,24.32734028929114],[-103.46269671999994,24.320468579291312],[-103.46788261999995,24.319795859291318],[-103.47168717999995,24.321574429291264],[-103.48406262999998,24.318340939291332],[-103.48685814999999,24.310678679291478],[-103.48492925999994,24.30867565929156],[-103.48601790999999,24.30494304929165],[-103.48500177999996,24.300930489291712],[-103.50454726,24.29576931929181],[-103.50429121999997,24.292202349291873],[-103.50665084999997,24.29096604929195],[-103.50675541999999,24.287964049291975],[-103.51283325999998,24.288965969291986],[-103.51444353999995,24.286790979291997],[-103.52375756999999,24.288959429291953],[-103.53124325,24.293908999291865],[-103.53781552,24.290359309291947],[-103.54769677999997,24.291456349291916],[-103.55885881999997,24.287507859292024],[-103.56834993999998,24.28637125929204],[-103.56741990999996,24.276861879292262],[-103.56879594999998,24.270763829292402],[-103.56744387999998,24.270266509292387],[-103.56641774999997,24.261106909292547],[-103.56474973999997,24.260121289292595],[-103.56466217999998,24.257300719292665],[-103.56300341999997,24.257314109292665],[-103.56158639999995,24.249959379292836],[-103.55649277999999,24.242003979293],[-103.56257794999999,24.231107369293266],[-103.56191237999997,24.222938999293422],[-103.56552308999996,24.211406919293687],[-103.56537510999999,24.207996519293747],[-103.56283747999998,24.206131139293756],[-103.56310594999998,24.20360661929386],[-103.55925834999994,24.198411449293943],[-103.55953634999999,24.19378885929405],[-103.56606430999996,24.18522431929422],[-103.58097185999998,24.17958328929435],[-103.57955822999998,24.178458019294396],[-103.60576554000001,24.151154479295],[-103.62200667999998,24.117464689295744],[-103.63596953999996,24.110293379295868],[-103.66036154999995,24.149326289295008],[-103.69522973999995,24.130291749295417],[-103.760029999,24.077245751296623],[-103.79761148899998,24.049460971297247],[-103.79977033899996,24.05056446129721],[-103.81028151899996,24.04009194029745],[-103.81327411899998,24.021973581297814],[-103.83222450899996,24.02398042129774],[-103.843128849,24.026967121297684],[-103.84782597899999,24.003236151298236],[-103.87238657899996,24.00702172129814],[-103.85027577899996,23.988837431298524],[-103.83879928899995,23.964824351299086],[-103.83754902899994,23.964081001299103],[-103.83394656899998,23.96964229129899],[-103.81835982899997,23.964908601299065],[-103.82329184999999,23.953004151299353],[-103.830795949,23.907798751300366],[-103.85311234899997,23.874615551301048],[-103.849754309,23.862565981301323],[-103.832621519,23.848930371301627],[-103.83118636999995,23.82466185130221],[-103.81606697899998,23.80765032130254],[-103.82224814899996,23.80076260130274],[-103.82027328899994,23.7918795113029],[-103.82357753899998,23.78891306130299],[-103.83509494899994,23.78508918130304],[-103.83539096899996,23.782591381303142],[-103.84370334899995,23.77484658030331],[-103.84406937899996,23.772787821303336],[-103.85028579899996,23.77068522130339],[-103.85122068899996,23.766701881303476],[-103.86236233899996,23.752638381303775],[-103.85448991899995,23.727922341304332],[-103.84101461899996,23.70124289130491],[-103.84429845899996,23.684573231305304],[-103.85108053899997,23.679599230305413],[-103.78510350899995,23.67656489030548],[-103.79354177999994,23.630855061306463],[-103.81130193899999,23.613648801306883],[-103.81916216899998,23.616667941306815],[-103.84917850899996,23.64008171130628],[-103.87742901899998,23.628969941306515],[-103.87344901899996,23.62046751130673],[-103.87780456999997,23.61870486130679],[-103.88252237999997,23.59227057930736],[-103.89900682999998,23.603971709307082],[-103.90257762999994,23.60504465930705],[-103.90266777999994,23.602529979307114],[-103.90686730999994,23.601870949307123],[-103.90352459999997,23.59893467930723],[-103.90485119999995,23.597106109307223],[-103.89375382999998,23.585883659307488],[-103.88985383,23.58492781930755],[-103.89107057999996,23.58120564930763],[-103.89008692,23.579827579307604],[-103.91193356999997,23.57608287930772],[-103.91404887999995,23.583267569307544],[-103.91227714999997,23.58812204930745],[-103.92146859999997,23.589175339307417],[-103.91994544999996,23.57577865930769],[-103.91701449,23.572294779307793],[-103.91627065999995,23.56572524930797],[-103.92171539999998,23.562046419308043],[-103.92531341999995,23.55698267930812],[-103.93998708999999,23.547322399308353],[-103.94303074,23.54688444930836],[-103.95030113999998,23.53851839930855],[-103.95694554,23.538382019308543],[-103.96276537999995,23.529894089308733],[-103.96965743,23.526553149308818],[-103.97252270999996,23.527171369308842],[-103.97794179999994,23.522777309308903],[-103.98270911999998,23.522162029308948],[-103.98415777999999,23.519375819308994],[-103.98624334999995,23.51956331930897],[-103.99019439999995,23.51559197930909],[-103.99634087999999,23.514741369309057],[-104.00388487999999,23.509185739309242],[-104.00387097999999,23.507839259309222],[-104.06597709,23.463493279310224],[-104.06493050999997,23.4607569193103],[-104.08095930999998,23.42134565931119],[-104.08626759999999,23.39862762931173],[-104.09943605999997,23.37858514931215],[-104.10116799999999,23.36673714931244],[-104.10677337999999,23.355138509312717],[-104.10969642999999,23.355127179312706],[-104.11121459999998,23.351205489312765],[-104.11519233999996,23.328505109313276],[-104.11286019999994,23.32556507931335],[-104.11517344999999,23.31417716931362],[-104.11377417999996,23.306626629313776],[-104.11597507999994,23.30166287931387],[-104.11639222999999,23.295397969314052],[-104.11997634999994,23.28822176931422],[-104.12091270999997,23.279799459314393],[-104.12902261999994,23.182214219316595],[-104.17213239999995,23.12840767931784],[-104.17361445999995,22.982444949321156],[-104.16284704999998,22.97530248932131],[-104.16823333999997,22.964216059321586],[-104.16748762999998,22.955704139321742],[-104.16427108999994,22.94931139932192],[-104.16659288999996,22.945220719322023],[-104.16529673999999,22.941752019322063],[-104.15732977,22.94095179932211],[-104.15409568999996,22.937837979322172],[-104.15528896999996,22.928434429322376],[-104.15112207999994,22.92213711932254],[-104.14195134999994,22.921960199322555],[-104.13595534999996,22.91811616932266],[-104.13479522999995,22.915672749322695],[-104.13706204999995,22.911687399322798],[-104.13391381999999,22.910142939322835],[-104.13299401999997,22.90495854932295],[-104.12292173999998,22.90343330932295],[-104.11675502999998,22.907669829322845],[-104.11264435,22.905118029322928],[-104.11613821999998,22.902625999322993],[-104.11773917,22.897706849323132],[-104.11192410999996,22.888361599323314],[-104.10750488999999,22.884796219323395],[-104.10719633999997,22.882152029323443],[-104.10952085999999,22.87835304932353],[-104.10714348999994,22.8722378193237],[-104.10838843,22.86648291932383],[-104.10630402999999,22.85688771932402],[-104.10768465999996,22.854688399324083],[-104.11592967999997,22.8553447393241],[-104.11682767999997,22.850951909324166],[-104.11543241999999,22.848003089324273],[-104.10891402999994,22.84257405932437],[-104.10635207999998,22.834595629324518],[-104.10430787999998,22.833600969324596],[-104.11021424999996,22.822516489324826],[-104.10623784999997,22.81313785932504],[-104.11148479999999,22.810310859325128],[-104.10022985999997,22.8055539993252],[-104.09522717999994,22.805838849325205],[-104.09437087999999,22.800730909325306],[-104.09932033999998,22.79813168932539],[-104.10022417999996,22.79482521932548],[-104.09773033999994,22.79256405932554],[-104.09682481999995,22.788138749325604],[-104.09433364999995,22.78992356932557],[-104.09218154999996,22.78852442932562],[-104.09101545999994,22.78290393932573],[-104.09375471999999,22.77884814932583],[-104.09066559999998,22.775304319325905],[-104.08549244999995,22.775581369325902],[-104.08237450999997,22.77364742932594],[-104.08007162999998,22.769909079326034],[-104.08047522999999,22.76661681932609],[-104.08209328999999,22.76450208932619],[-104.09042807999998,22.76243025932619],[-104.09129031999998,22.76061142932624],[-104.09528524999996,22.759243509326275],[-104.10361376999998,22.767497319326125],[-104.10720302999994,22.76860051932609],[-104.11098750999997,22.767088419326107],[-104.11337965999998,22.764113109326164],[-104.11938148999997,22.7622557193262],[-104.13061351999995,22.76383291932616],[-104.13925774999997,22.7684208193261],[-104.14261241999998,22.767726539326105],[-104.14566197999994,22.76376007932618],[-104.15737939999998,22.759679649326287],[-104.16567156999997,22.758734429326307],[-104.17134623,22.759985259326292],[-104.18218084999997,22.758268109326327],[-104.18706919999995,22.760760519326276],[-104.18661407999997,22.763576819326158],[-104.19139131999998,22.770724109326014],[-104.19637182999998,22.772267719325992],[-104.20000462999997,22.77668350932588],[-104.20970431999996,22.779743259325798],[-104.21341328999995,22.777260599325853],[-104.21864767999996,22.779245829325806],[-104.22574408999998,22.77831491932587],[-104.22779313999997,22.774867109325935],[-104.22449759999995,22.77182599932598],[-104.22458851,22.76668979932611],[-104.22683601999995,22.764106739326163],[-104.22640234,22.762412629326196],[-104.23190265999996,22.757772509326315],[-104.23207464999996,22.753103939326447],[-104.23734984999999,22.74978342932649],[-104.24410984999999,22.75007288932653],[-104.25077897999995,22.747998769326532],[-104.25836750999999,22.73892579932677],[-104.26634439999998,22.736539369326817],[-104.26915234999996,22.720864889327146],[-104.26833893999999,22.71754701932723],[-104.26270779999999,22.717643479327243],[-104.26669130999994,22.712548109327365],[-104.27080401999996,22.710993059327425],[-104.27100807999994,22.707716119327465],[-104.27762982999998,22.70240682932758],[-104.27959610999996,22.69523516932776],[-104.27833139999996,22.69022310932786],[-104.27438177999994,22.684920569327982],[-104.27512442999995,22.681084859328095],[-104.27953741999995,22.674313939328247],[-104.27919331999999,22.671065419328333],[-104.28661496999997,22.66810707932837],[-104.28801231999995,22.665789909328456],[-104.28770724999998,22.661951049328522],[-104.28066084999995,22.653743369328705],[-104.28197745999995,22.651022979328786],[-104.28912770999995,22.64926968932882],[-104.28962405,22.64445997932897],[-104.28183122999998,22.645840049328918],[-104.26927493999996,22.63582110932914],[-104.27338924999998,22.630941079329272],[-104.27366333999998,22.627092149329357],[-104.28248568999999,22.622597079329438],[-104.28301761999995,22.62037668932951],[-104.28151576999994,22.617068859329592],[-104.27606536999998,22.61570316932963],[-104.27623010999999,22.61290530932965],[-104.27254467999997,22.604975909329863],[-104.26745853999996,22.603129549329914],[-104.26053470999994,22.59616731933008],[-104.26140747999996,22.586202849330313],[-104.27058765999999,22.588955249330198],[-104.27436149,22.58737567933025],[-104.27817273999995,22.583070969330358],[-104.27886679999996,22.576604319330517],[-104.28377768999997,22.57099461933067],[-104.28432313999997,22.565911489330787],[-104.28928534999996,22.560142829330935],[-104.28884961999995,22.552965229331047],[-104.30240857999996,22.558050319330956],[-104.30568928999999,22.55788864933095],[-104.31118348999996,22.554010459331018],[-104.31318365999999,22.547228019331172],[-104.31005541999998,22.5461366893312],[-104.31408866,22.54072722933137],[-104.31551154999994,22.541166089331334],[-104.32106328999998,22.53551631933148],[-104.32582416999998,22.537396659331446],[-104.32219697,22.53246977933153],[-104.31899229,22.532052019331534],[-104.32092972,22.526546339331667],[-104.31949916999997,22.51766331933188],[-104.31436284999995,22.50709542933212],[-104.30283131999994,22.492016709332454],[-104.29612582,22.472989079332915],[-104.29902541999998,22.461701879333212],[-104.31148657999995,22.449247309333458],[-104.31542710999999,22.448151119333488],[-104.31572443,22.44204601933367],[-104.31824184999999,22.440745169333688],[-104.31751091999998,22.438278999333704],[-104.31910465999994,22.43810256933375],[-104.31941184999995,22.43581102933377],[-104.32220507999996,22.435252049333783],[-104.32018805999996,22.430094249333894],[-104.32300884999995,22.428014419333994],[-104.32748368999995,22.429326779333934],[-104.32933357999997,22.428283139333995],[-104.32933182999994,22.43224028933386],[-104.33060261999998,22.432229679333858],[-104.32944781999998,22.426765259333973],[-104.33094447999997,22.424195489334057],[-104.33416036999995,22.42166342933409],[-104.33697821999999,22.42403714933407],[-104.33821293999995,22.422180489334128],[-104.33571782999996,22.420293019334128],[-104.34278502999996,22.41881364933419],[-104.34474734999999,22.41586819933424],[-104.34445864999999,22.417571479334214],[-104.34884291999998,22.409716649334406],[-104.35177101999996,22.40775833933444],[-104.35353304999997,22.401315249334587],[-104.35166127999999,22.3891928293349],[-104.35004091999998,22.386405419334963],[-104.32531585,22.380749399335098],[-104.29312754999997,22.365131149335415],[-104.28999082999997,22.358098719335597],[-104.28574027999997,22.356366139335623],[-104.28927664999999,22.35214659933572],[-104.28884661999996,22.349132289335824],[-104.29269401999994,22.345337969335908],[-104.29207912,22.343957259335912],[-104.28560270999998,22.345659119335906],[-104.27477250999999,22.342795219335937],[-104.26659487999996,22.34324771933592],[-104.26529505999997,22.34658882933585],[-104.26265707999994,22.345634919335907],[-104.25474252,22.348789419335834],[-104.25518271999995,22.357744489335644],[-104.25666771,22.359331689335555],[-104.25508908999996,22.37328414933527],[-104.25934944999996,22.378054679335133],[-104.25833936999999,22.384658309335006],[-104.25725071999994,22.386135999334975],[-104.25302436999999,22.386600919334928],[-104.25444241999998,22.392476289334795],[-104.25173784999998,22.393989979334783],[-104.25303941999995,22.39497521933474],[-104.24097865,22.412772949334304],[-104.23865759999995,22.41206233933433],[-104.23357217999995,22.415088709334302],[-104.23000807999995,22.414548509334264],[-104.22572359999998,22.41933777933415],[-104.22074991999996,22.42109973933413],[-104.21652064999995,22.421083459334113],[-104.21495047999997,22.422765909334107],[-104.20703704999995,22.42169687933413],[-104.20160257999999,22.416277109334256],[-104.19918770999999,22.407302549334453],[-104.19520351999995,22.404117859334516],[-104.19304396999996,22.399123179334655],[-104.19016859999999,22.399068549334633],[-104.17770137999997,22.389634739334895],[-104.16709236999998,22.387624549334927],[-104.16463733999996,22.3918581693348],[-104.16644971999995,22.394989859334764],[-104.16557437999995,22.39773559933466],[-104.16825167999997,22.404885089334513],[-104.17371065999998,22.408261739334442],[-104.17192725999998,22.41011930933436],[-104.17442245999996,22.420836449334107],[-104.17737436999994,22.422998619334084],[-104.17885577999999,22.427432489333995],[-104.17592624999997,22.427372089334003],[-104.17638207999995,22.428857279333954],[-104.17381682999996,22.42954514933391],[-104.17605485999997,22.431731229333856],[-104.17403399999996,22.432135519333855],[-104.17474868999996,22.43366481933383],[-104.17356162999994,22.43765325933374],[-104.17174485999999,22.438089539333752],[-104.17225330999999,22.44042457933371],[-104.16997448999996,22.440905949333686],[-104.16748677999999,22.445150489333585],[-104.17506237999999,22.4424854193336],[-104.17506579999997,22.4467799693335],[-104.17956002999996,22.45005439933346],[-104.18151124999997,22.44801093933353],[-104.18488041999996,22.448383339333525],[-104.19011882999996,22.446090889333547],[-104.19510027999996,22.447631479333506],[-104.19987397999996,22.456306889333323],[-104.19821093999997,22.456300619333298],[-104.19789984999994,22.460620509333232],[-104.19574300000001,22.46220401933318],[-104.18498051999997,22.46462205933314],[-104.18764748999997,22.46822571933306],[-104.18572953999995,22.471412709332938],[-104.18635814,22.471786449332924],[-104.18703522999999,22.469843229332973],[-104.18995691999999,22.46825248933303],[-104.18833324999999,22.470098779332996],[-104.19077917999999,22.470384769333002],[-104.19324494999996,22.47543551933289],[-104.19521319999996,22.47294327933291],[-104.19729707999994,22.47712227933283],[-104.20042714999995,22.472966479332904],[-104.20491650999999,22.47190781933297],[-104.19887402999996,22.48045730933276],[-104.20118608999996,22.483017829332685],[-104.21129376999995,22.481414029332736],[-104.21482799999997,22.48416148933269],[-104.20879179999997,22.483375309332676],[-104.20752733999997,22.485458599332652],[-104.20169985999996,22.486958779332603],[-104.20232716999999,22.48871848933255],[-104.19896145999996,22.494949569332437],[-104.19366470999995,22.499833709332325],[-104.19505190999998,22.503676219332203],[-104.19265030999998,22.503790599332213],[-104.19022997999997,22.50761151933213],[-104.18241750999994,22.507667709332146],[-104.17805470999998,22.50529604933215],[-104.17483441999998,22.507538679332114],[-104.17056205999997,22.507232419332112],[-104.16685768999997,22.51228773933199],[-104.16316299999994,22.514443539331968],[-104.15835345999996,22.509325079332076],[-104.15694459999999,22.510101339332067],[-104.15661164999995,22.515213339331943],[-104.15199817999996,22.514650849331964],[-104.15040713999998,22.51627590933191],[-104.14982148999997,22.50974385933209],[-104.14309113999997,22.504651479332196],[-104.12455396999997,22.50247537933226],[-104.12134651999997,22.49667602933238],[-104.11350891999997,22.496609859332352],[-104.11521911999995,22.4995864593323],[-104.11297233999994,22.503857369332202],[-104.11154010999998,22.503504719332184],[-104.11326948999994,22.507067399332122],[-104.11256607999998,22.509234279332063],[-104.12076677999994,22.51562719933192],[-104.12079624999996,22.51704862933187],[-104.11498122999997,22.517875689331866],[-104.10998645999996,22.522820539331768],[-104.10658061999999,22.523252939331783],[-104.10351551999997,22.53109484933156],[-104.09484964999997,22.532852419331515],[-104.09009147999996,22.531831919331566],[-104.08802242999997,22.533368919331515],[-104.07771582999999,22.532306679331526],[-104.06879524999994,22.521999679331813],[-104.07415519999996,22.51566225933194],[-104.07417874999999,22.513317649331967],[-104.06938108999998,22.5090171193321],[-104.07171364999999,22.503002139332214],[-104.05659261999996,22.49279927933245],[-104.05450716999997,22.488359349332573],[-104.05567516999997,22.483479119332646],[-104.05351334999995,22.479661919332777],[-104.05152245999994,22.467388739333057],[-104.05745093999998,22.45576645933335],[-104.06224102999994,22.451277309333392],[-104.05767284999996,22.447572259333533],[-104.05860145999998,22.44348691933362],[-104.06356561999998,22.441262459333686],[-104.06163699999996,22.42580007933402],[-104.06321854999999,22.42500356933406],[-104.06648205,22.426887829334007],[-104.07127910999999,22.422242599334115],[-104.07284696999994,22.42026497933417],[-104.07346651999997,22.4132439493343],[-104.07681797,22.407188419334474],[-104.07619399999999,22.398784089334654],[-104.08101345999997,22.389778019334873],[-104.07539095,22.383130739335037],[-104.07877851999996,22.376906489335184],[-104.08441272,22.37445105933524],[-104.08802328999998,22.3746473493352],[-104.08856362999997,22.378891769335123],[-104.09489488999998,22.376306419335165],[-104.09733741999999,22.370820309335315],[-104.09558127999999,22.36584734933539],[-104.09734545999999,22.357824399335584],[-104.09416085999999,22.355047949335646],[-104.08368628999995,22.357829309335614],[-104.07530997999999,22.364390319335453],[-104.07157141999996,22.361800849335538],[-104.06747547999998,22.361406849335513],[-104.06671142999994,22.36413310933549],[-104.06458044999994,22.363306419335505],[-104.05678865999995,22.372090229335257],[-104.05307768999995,22.371785219335287],[-104.04875281999995,22.376444619335157],[-104.04194964999999,22.37583697933517],[-104.03323433999999,22.370806249335303],[-104.02933362999994,22.37108173933528],[-104.02317904999995,22.36449347933548],[-104.01513379999996,22.364812889335447],[-104.01501277999995,22.36843267933539],[-104.01206348999996,22.37080357933528],[-104.01268310999997,22.378549889335122],[-104.00325093999999,22.389929819334895],[-104.00631971999998,22.40279670933459],[-104.00590628999998,22.40868368933441],[-104.00325388999994,22.410275049334384],[-103.99282858,22.410489999334363],[-103.98639205999996,22.414832939334282],[-103.98500421999995,22.423080999334065],[-103.98275865999994,22.423680879334082],[-103.98152596999995,22.426106379334044],[-103.97897690999997,22.425367539334008],[-103.97646910999998,22.42725697933399],[-103.97650933999996,22.430398879333907],[-103.97465936999998,22.431256029333888],[-103.97652477999998,22.435423969333797],[-103.97556485999996,22.436191649333793],[-103.96738071999994,22.433112539333838],[-103.96057010999999,22.433179149333867],[-103.96028954999997,22.444647579333566],[-103.95795614999999,22.448144539333498],[-103.95865975,22.451085179333443],[-103.95340067999996,22.455098779333365],[-103.94932772,22.46179168933318],[-103.93795301999995,22.46275545933316],[-103.93797061999999,22.466255739333086],[-103.93681102999996,22.466396199333094],[-103.93848038,22.469731859332978],[-103.93344307999996,22.47120041933297],[-103.93462948999998,22.47319122933293],[-103.93816221999998,22.473285539332924],[-103.93779077999994,22.47520344933285],[-103.93466408999996,22.47662997933283],[-103.93147641999997,22.473600249332925],[-103.92939267999999,22.476098569332834],[-103.93167351999996,22.47707144933281],[-103.93980819999996,22.488939399332548],[-103.93924294,22.4900559793325],[-103.93504970999999,22.488050369332573],[-103.93308154999994,22.489092799332532],[-103.93807466,22.49541647933243],[-103.93441110999999,22.499922139332263],[-103.94065865,22.499381579332294],[-103.94172841999995,22.502187219332246],[-103.94558174999997,22.504098889332173],[-103.94994134999996,22.502870849332197],[-103.95113191999997,22.50530264933215],[-103.95004112,22.508887289332115],[-103.95241353999997,22.50854314933208],[-103.95354832,22.505497249332183],[-103.95636330999999,22.50455365933219],[-103.95828848999997,22.507693349332136],[-103.96181808999997,22.509097949332112],[-103.96341101999997,22.50804047933209],[-103.96314416999996,22.515019379331964],[-103.96619677999998,22.517225909331877],[-103.97432597999995,22.516237719331908],[-103.97515856999998,22.51346942933197],[-103.97785590999997,22.51675847933193],[-103.98064873999999,22.515102679331935],[-103.98028830999999,22.519037749331847],[-103.98483267999997,22.51913785933186],[-103.98815262999995,22.523545309331737],[-103.99125622999998,22.523266509331737],[-103.98722748999995,22.528841349331618],[-103.99038101999997,22.527713399331635],[-103.99377433999996,22.529905479331575],[-103.99976291999997,22.53075682933157],[-104.00277774999995,22.535253769331483],[-104.00557082999995,22.53660027933147],[-104.00314682,22.541273109331353],[-103.99888116999995,22.54360367933128],[-103.98569333999995,22.542661629331313],[-103.98009456999995,22.540617149331357],[-103.97302441999996,22.54312164933129],[-103.97233211999998,22.545113629331258],[-103.98217408999996,22.54950661933114],[-103.98387001999998,22.55405433933104],[-103.98531256999996,22.553449179331025],[-103.98692485999999,22.555897059331013],[-103.99066690999997,22.556951089330965],[-103.99363094999995,22.560984939330844],[-103.99389468,22.56452701933082],[-103.99935091999998,22.564278419330797],[-104.00083897999997,22.566775119330728],[-103.99017416999999,22.573041519330605],[-103.98998581999997,22.58248557933035],[-103.98328601999998,22.585471719330297],[-103.98622197999998,22.590901739330175],[-103.98888407999999,22.59247437933015],[-103.99643357999997,22.590799119330168],[-104.00620617,22.595469909330095],[-104.01806559999996,22.596988739330012],[-104.02340390999997,22.60353785932991],[-104.02411741999998,22.60934382932976],[-104.02700562999996,22.613178149329677],[-104.02489310999995,22.617215649329573],[-104.02663293999997,22.616504309329574],[-104.02594762999998,22.624225579329384],[-104.03068871999994,22.628048449329327],[-104.03329431999998,22.63410922932917],[-104.02769590999998,22.639524969329027],[-104.02746749,22.64841559932887],[-104.02475799999996,22.653022819328733],[-104.02516431899994,22.652013379328736],[-104.01950673999995,22.652648749328723],[-104.01550887999997,22.668910659328372],[-104.02614324999996,22.674319649328233],[-104.03083113999999,22.679059819328167],[-104.03423953999999,22.670517909328343],[-104.04326676999996,22.671893489328312],[-104.04693721999996,22.67713808932816],[-104.05447734999996,22.678142579328153],[-104.04688781999994,22.681807919328058],[-104.04751316999995,22.685598539328],[-104.05099894999995,22.688420549327915],[-104.05947477999997,22.68747705932794],[-104.06636359999999,22.69076814932787],[-104.07045330999995,22.690610829327838],[-104.07334965999996,22.694061289327774],[-104.07247739999997,22.700999829327642],[-104.06903059999996,22.701245749327622],[-104.06256688999999,22.6927165093278],[-104.05916421999996,22.692063659327825],[-104.05796327999997,22.696663949327757],[-104.06077062999998,22.69911979932768],[-104.06415096999996,22.706963059327517],[-104.05611105999999,22.709025949327458],[-104.05107205999998,22.70782447932748],[-104.04774765999998,22.712151399327368],[-104.05546551999998,22.720135279327156],[-104.05591150999999,22.723978199327085],[-104.04663130999995,22.72859028932699],[-104.04080919999997,22.728063459326997],[-104.03698339999994,22.729616599326953],[-104.03597924999997,22.734036149326883],[-104.02766699999995,22.739044749326766],[-104.02777664999998,22.741742689326664],[-104.02569051999996,22.743278149326642],[-104.01652382999998,22.744937889326632],[-104.01192704999994,22.74792754932654],[-104.00951704999994,22.74741648932654],[-104.00776494999997,22.744251949326614],[-104.00299341999994,22.746894619326554],[-103.99192674999995,22.74800156932653],[-103.98891533999996,22.7464894593266],[-103.99037245999996,22.743120339326687],[-103.98910721999995,22.74184187932668],[-103.97860582,22.746717059326556],[-103.97434224999995,22.74702216932655],[-103.97509450999998,22.744942419326595],[-103.97201105999994,22.7416486593267],[-103.97064844999994,22.7456782893266],[-103.96804630999998,22.746922649326567],[-103.96147182999994,22.74705250932658],[-103.95863494999998,22.74532639932663],[-103.95097190999996,22.747318819326534],[-103.94669539999995,22.745740749326583],[-103.94038381999997,22.75024593932652],[-103.93135824999996,22.74522979932662],[-103.92345668999997,22.74849584932652],[-103.90934245999995,22.750123799326488],[-103.90927108999995,22.747409309326535],[-103.90660099999997,22.746286749326558],[-103.90246050999998,22.73835077932679],[-103.90157297999998,22.734947819326855],[-103.90342694999998,22.73090521932695],[-103.89832762999998,22.72827730932701],[-103.89112467999996,22.735164579326845],[-103.88139794999995,22.734543849326826],[-103.87511417999997,22.737157689326803],[-103.87367110999998,22.73516881932686],[-103.87030881999999,22.73546990932685],[-103.86775305999998,22.73240045932692],[-103.86546261999996,22.73540877932684],[-103.85800048999994,22.73334571932688],[-103.85460434999999,22.729701829326984],[-103.84874085999996,22.73159553932693],[-103.83853688999996,22.731828199326912],[-103.83621310999997,22.728007449327013],[-103.83272237999995,22.7335684593269],[-103.82986456999998,22.732969919326923],[-103.82947491999994,22.730928479326934],[-103.82660974,22.73494368932682],[-103.82163346,22.734040399326844],[-103.81917231999995,22.728331059327026],[-103.81887276999998,22.73024205932693],[-103.81675454999998,22.728462319327008],[-103.80557517999995,22.731574449326903],[-103.80502534999994,22.730006489326968],[-103.80090314999997,22.731503339326956],[-103.79991562999999,22.73003610932699],[-103.79528957999999,22.730381089326936],[-103.79392387999998,22.729046199326955],[-103.79105603,22.73072188932693],[-103.78628633999996,22.73003736932695],[-103.78445891999996,22.73163567932694],[-103.78138526,22.72981707932695],[-103.77467362,22.7338689093269],[-103.77174004999995,22.733287049326893],[-103.76922714999996,22.727258859327033],[-103.76907413999999,22.720392059327175],[-103.75480616999995,22.719547779327172],[-103.75571987999996,22.715215629327297],[-103.75198621999999,22.711645309327388],[-103.75361253999995,22.708290219327452],[-103.75154864999998,22.703635889327558],[-103.75335330999998,22.698500169327676],[-103.75131115,22.695047109327803],[-103.75621059999997,22.690112919327877],[-103.76319764999994,22.67701814932817],[-103.76194131999995,22.675487179328226],[-103.76370448999997,22.672075049328292],[-103.76161245999998,22.668403619328377],[-103.76355525999998,22.66267784932848],[-103.75987145,22.660822429328565],[-103.75866850999995,22.65842087932861],[-103.76164953999995,22.650460689328796],[-103.76659208999996,22.649335629328828],[-103.76845996999998,22.643328649328975],[-103.76519644999996,22.62951064932928],[-103.76085868999996,22.625802249329368],[-103.77274062,22.614494339329664],[-103.77345074999994,22.611495479329676],[-103.81960013999998,22.59557936933007],[-103.82327337999999,22.59281516933014],[-103.825206,22.587970889330265],[-103.82776217999998,22.588360319330235],[-103.83343676999999,22.585767379330296],[-103.83449762,22.583445229330344],[-103.84309868999998,22.579056339330425],[-103.84835959999998,22.579291949330425],[-103.85238997999994,22.577617939330477],[-103.85533353999995,22.57495196933053],[-103.85536544999997,22.5718355793306],[-103.85725361999994,22.571659289330647],[-103.85601051999998,22.570332689330645],[-103.85791116999998,22.566512909330722],[-103.86072056999996,22.567618859330704],[-103.86073774,22.565089449330802],[-103.85223068999994,22.55626782933096],[-103.85179797999996,22.553620079331033],[-103.85416419999996,22.549435379331133],[-103.86121742999997,22.54790765933121],[-103.86688267999996,22.544696049331225],[-103.86805753999995,22.54239568933129],[-103.86468328999996,22.539446689331356],[-103.86990303,22.53962076933138],[-103.87150967999997,22.538171309331403],[-103.87518637999996,22.5215758793318],[-103.87243041999994,22.518436309331836],[-103.86815962999998,22.51778825933185],[-103.86420607999999,22.513463849331977],[-103.86599511999998,22.512516519332024],[-103.86355808999997,22.509932979332042],[-103.8651966,22.50958179933206],[-103.86486307999996,22.5075038493321],[-103.86323714999999,22.507060719332106],[-103.86443497999994,22.50389654933219],[-103.86231608999998,22.501891679332235],[-103.86398531999998,22.491443419332498],[-103.86793879999999,22.482028219332737],[-103.86776744999997,22.478417749332795],[-103.87106987999994,22.472474679332947],[-103.87612668999998,22.471981249332952],[-103.88118619999995,22.474720229332895],[-103.88208544999999,22.477173369332835],[-103.88536856999998,22.473525089332924],[-103.88477731999996,22.468974889332987],[-103.88184197999999,22.468826599333028],[-103.88287925999998,22.454551369333355],[-103.87843245999996,22.451363979333433],[-103.87609834999995,22.441183909333674],[-103.88069521999995,22.439915879333707],[-103.89024930999996,22.44180467933367],[-103.89469999999996,22.438163859333716],[-103.88487334999996,22.43058884933391],[-103.87318079999994,22.42476077933404],[-103.87270802999996,22.422806489334068],[-103.87934301999998,22.420689379334142],[-103.88062275,22.418162519334217],[-103.87370716999999,22.41906470933418],[-103.87464665,22.41699871933422],[-103.87303236999998,22.416004199334242],[-103.87078042999997,22.41729713933425],[-103.86964181999997,22.415362599334255],[-103.86597617999996,22.41522722933425],[-103.86692938,22.409380629334407],[-103.86931231999995,22.40126241933457],[-103.88257159999995,22.40161499933458],[-103.88619958,22.400203229334615],[-103.88359819999995,22.395015879334764],[-103.88345065999994,22.390024059334845],[-103.89245501999994,22.388028139334928],[-103.89124273999994,22.383571629335016],[-103.89731201999996,22.381646779335043],[-103.89872736999996,22.37957661933508],[-103.89574001999995,22.36411474933547],[-103.89914291999997,22.363031519335493],[-103.90434296999997,22.364562549335478],[-103.90786301999998,22.36205047933552],[-103.91183684999999,22.352255059335747],[-103.92129979999999,22.34788031933585],[-103.91997587999998,22.335613109336144],[-103.92612424999999,22.332072819336233],[-103.92253064999994,22.327208749336343],[-103.92368268999996,22.32387111933639],[-103.92039294999996,22.322292879336473],[-103.92250993999994,22.319802489336485],[-103.91971139999998,22.31658585933656],[-103.92096345999994,22.31427454933663],[-103.9157914,22.311312119336673],[-103.91892728,22.304382289336843],[-103.91404361999997,22.300898909336954],[-103.91612647999995,22.300081119336983],[-103.91595708999995,22.29271336933714],[-103.91335704999995,22.292244249337163],[-103.91492451,22.29088836933719],[-103.91430259999998,22.2891439393372],[-103.91599413999995,22.28854365933725],[-103.91369689,22.287195859337274],[-103.91364381999996,22.284854219337326],[-103.91014942,22.28332784933734],[-103.91017807999998,22.281058719337388],[-103.91227130999995,22.281658279337382],[-103.91207416999998,22.27960984933744],[-103.91421991,22.27822593933745],[-103.91395250999994,22.272214599337598],[-103.91175422999999,22.27047517933767],[-103.91630009000001,22.26670824933772],[-103.91787556999998,22.26197044933785],[-103.91456968999995,22.26065190933788],[-103.91016859999998,22.25453404933807],[-103.90767896999995,22.25460817933804],[-103.90165639999998,22.23708094933846],[-103.89242214999997,22.228846779338618],[-103.88613881999999,22.22617667933868],[-103.88440279999998,22.22027959933882],[-103.88508996999997,22.217292519338912],[-103.88217451999999,22.214518369338982],[-103.88108779999999,22.2061040493392],[-103.88509425999996,22.196416079339418],[-103.87689425999999,22.192140719339505],[-103.87342734999999,22.184540689339695],[-103.873117,22.1783974493398],[-103.86293599999999,22.166882429340085],[-103.85779328999996,22.188158119339572],[-103.84407554999996,22.222065919338778],[-103.84467244999996,22.23035624933861],[-103.84350930999994,22.231237489338596],[-103.84227865999999,22.250317219338147],[-103.84486834999997,22.26255144933784],[-103.84253037999997,22.266435109337735],[-103.83983822999994,22.266287519337755],[-103.82861981999997,22.2866128893373],[-103.83665764999996,22.30429430933686],[-103.84115948999994,22.322620519336432],[-103.84596193999995,22.330348119336257],[-103.84543422999998,22.342757489335973],[-103.84148537999994,22.34560471933589],[-103.83745559999996,22.35200028933573],[-103.83062267999999,22.35518834933567],[-103.82788073999997,22.354243419335692],[-103.82616714999995,22.35628507933568],[-103.82680756999997,22.358284169335594],[-103.81753250999999,22.367891799335375],[-103.81745910999996,22.371458849335305],[-103.81115171999994,22.37674522933515],[-103.81300797999995,22.383919889335022],[-103.81164481999997,22.39258545933482],[-103.80870381999995,22.398745029334645],[-103.81246425999996,22.401505349334585],[-103.81325891999997,22.405543319334488],[-103.81008799999995,22.4127235693343],[-103.81017641999996,22.427285229333993],[-103.80804634999998,22.43133956933387],[-103.80625787999999,22.441831479333676],[-103.80275490999998,22.445110519333593],[-103.80152068999996,22.44988981933348],[-103.79918082999997,22.4521563393334],[-103.79561024999998,22.46502441933314],[-103.78698273999998,22.477768019332803],[-103.78379943,22.48882681933255],[-103.78504903,22.49921302933234],[-103.78355370999998,22.50981202933205],[-103.78514021999996,22.508991349332057],[-103.78565965999998,22.510457489332083],[-103.78314843,22.511123719332037],[-103.77738530999996,22.5249338593317],[-103.77385487999999,22.54640573933123],[-103.76910209,22.55578914933101],[-103.75997621999994,22.55560076933101],[-103.75924137999999,22.551665429331116],[-103.75528898,22.554220139331022],[-103.75310831999998,22.557870879330945],[-103.74450268999999,22.558498569330922],[-103.73845165999995,22.571963999330606],[-103.72655501999998,22.574146629330556],[-103.71151596999995,22.564547629330786],[-103.70084610999999,22.563031279330858],[-103.69400273999999,22.55860690933092],[-103.68692723,22.558353889330927],[-103.68178951999994,22.554800089331035],[-103.67416145999994,22.561272849330834],[-103.67258582999995,22.561129219330873],[-103.66101050999998,22.54714437933123],[-103.65964979999995,22.550272229331156],[-103.65593964999994,22.551628539331066],[-103.65454390999997,22.554704049331026],[-103.65156505,22.55647821933095],[-103.64617044999996,22.55483257933101],[-103.63622767999999,22.560018909330907],[-103.63048105999997,22.5593188793309],[-103.62815731999996,22.561941819330876],[-103.62238237999998,22.563574179330818],[-103.61852714999998,22.56367093933083],[-103.61748505999998,22.560367999330875],[-103.61178254,22.558422799330952],[-103.60974988999999,22.559716149330896],[-103.60275867999997,22.556791539330987],[-103.60212279999996,22.551913979331093],[-103.60447834999997,22.551452029331113],[-103.60600094999995,22.545677259331235],[-103.60303270999998,22.543506969331293],[-103.60476391999998,22.538409659331414],[-103.60236847999995,22.535692689331484],[-103.59933478,22.526374599331675],[-103.58527928999996,22.525278849331713],[-103.58373416999997,22.521965999331808],[-103.58422245999999,22.518816029331845],[-103.58850413999994,22.514432289331967],[-103.58902447999999,22.508080749332084],[-103.59460128999996,22.505447259332154],[-103.5890204,22.501592979332262],[-103.58627245999998,22.502049079332256],[-103.58337477999999,22.498714889332305],[-103.58018961999994,22.498719379332336],[-103.57933408999997,22.4961963793324],[-103.58040931999994,22.495474679332386],[-103.57907859999995,22.490961399332516],[-103.58245708999999,22.48879347933252],[-103.57992774999997,22.48050573933277],[-103.58060056999996,22.477398109332793],[-103.57362915,22.473056459332934],[-103.57082585999996,22.469171649333042],[-103.57208345,22.466705769333053],[-103.57390645,22.46656007933304],[-103.57257556999998,22.464544339333102],[-103.57390705999995,22.461077169333215],[-103.56990373999997,22.45556533933335],[-103.57069965999995,22.45306873933338],[-103.56891236999996,22.446273259333545],[-103.57218635,22.44106864933365],[-103.57252854999997,22.437540769333747],[-103.56766011999997,22.437790049333742],[-103.56495788999996,22.43513287933378],[-103.56405584999999,22.430833229333928],[-103.55919371,22.428427549333946],[-103.56069731999997,22.422815289334117],[-103.57101853999997,22.418215619334212],[-103.57842454999998,22.410498419334406],[-103.58550191999997,22.40937268933441],[-103.58963281999996,22.406971519334487],[-103.59401973999996,22.407214939334473],[-103.59441345,22.394575979334775],[-103.59275584999996,22.38927661933486],[-103.59592910999999,22.383191029335],[-103.59756302999995,22.374530279335225],[-103.60033622999998,22.370294459335298],[-103.60284428999995,22.360903749335527],[-103.60980890999998,22.361544019335525],[-103.61068717999996,22.359841819335546],[-103.60948177999995,22.35269557933573],[-103.60263975,22.346316479335872],[-103.60480234999996,22.340142309336017],[-103.60671057999997,22.338305799336077],[-103.61199574999995,22.337961019336042],[-103.62139768999998,22.340707659336037],[-103.62741531999995,22.340400939336018],[-103.63495294999996,22.343483279335945],[-103.64211147999998,22.340873349335993],[-103.63826681999996,22.337171119336094],[-103.63818074999995,22.335169289336147],[-103.64496405999995,22.31783768933653],[-103.64474825999997,22.31497387933659],[-103.63778808999996,22.295233109337055],[-103.62849957999998,22.29395159933713],[-103.62561874999996,22.28810819933726],[-103.62345802999994,22.287471879337257],[-103.61922561999995,22.281793319337417],[-103.61068814,22.27895770933745],[-103.60770977,22.27974413933745],[-103.60094347999996,22.278158659337464],[-103.59490324999996,22.27307834933759],[-103.60280081999997,22.269961479337685],[-103.61736521999997,22.25105819933811],[-103.6308964,22.2389179693384],[-103.63600341999995,22.22828474933866],[-103.63642256999998,22.221024859338822],[-103.63934891999999,22.218186709338884],[-103.64111330999998,22.209824919339106],[-103.64767699999999,22.20305230933922],[-103.64723677999996,22.201586319339267],[-103.64911925999998,22.20205641933929],[-103.64900724999997,22.19614307933942],[-103.65251774999996,22.187165139339612],[-103.65609516999996,22.186137169339645],[-103.65575928999999,22.184834419339687],[-103.65775988999997,22.183843339339713],[-103.65662974999998,22.181297229339744],[-103.65892285999996,22.175215519339893],[-103.65447364999994,22.17193621934],[-103.66100056999994,22.16695642934008],[-103.67613550999995,22.148753949340545],[-103.67753736999998,22.141266429340668],[-103.68203067999998,22.135157709340838],[-103.68813457999994,22.133165399340886],[-103.69029297999998,22.130093279340954],[-103.69079810999995,22.128276629341027],[-103.68726252,22.12545216934109],[-103.68022234999995,22.123704479341132],[-103.67737107999994,22.118706289341212],[-103.67830833999994,22.115370749341324],[-103.68593251999994,22.11409910934133],[-103.68609821999998,22.111401999341417],[-103.68384731999998,22.109205229341445],[-103.67013303,22.108494059341478],[-103.66231328999999,22.10303745934159],[-103.65391513999998,22.104001259341594],[-103.65125716999995,22.10089422934165],[-103.64795373999999,22.100496149341637],[-103.63613473999999,22.106422689341507],[-103.62852699999996,22.106325459341512],[-103.62622190999997,22.102632369341592],[-103.62039770999998,22.098486139341688],[-103.61087830999998,22.09710544934176],[-103.60470456999997,22.09794157934173],[-103.60477342999997,22.10164831934161],[-103.60108816999997,22.103436949341585],[-103.59404341999999,22.111646719341415],[-103.58526511999997,22.109392539341442],[-103.58111988999997,22.104870739341532],[-103.57736539999996,22.119976999341215],[-103.57971191999997,22.12256650934115],[-103.57995033999998,22.126827119341016],[-103.57612579999996,22.130937849340963],[-103.56972305999996,22.13192287934092],[-103.56686622999996,22.13608251934082],[-103.56014086,22.1365856593408],[-103.55476985999996,22.134322369340875],[-103.55021567999997,22.135679179340844],[-103.55068596999996,22.13061250934095],[-103.54525719999998,22.126942369341037],[-103.54505571,22.12274579934116],[-103.54273656999999,22.120612119341164],[-103.53396807999998,22.121053799341155],[-103.53062434999998,22.126843479341037],[-103.51455096999997,22.129108569340964],[-103.51423374999996,22.12605056934108],[-103.51785119999995,22.120881319341148],[-103.51589707999995,22.109916199341423],[-103.51179085999998,22.107514479341525],[-103.50438537999997,22.108242599341473],[-103.50156419999996,22.10556401934152],[-103.49679182999996,22.106796079341496],[-103.49559910999996,22.11051239934143],[-103.48613410999998,22.106529889341513],[-103.48493236999997,22.10779424934147],[-103.48609196999998,22.110625369341406],[-103.48294785999997,22.11130113934137],[-103.47930394999997,22.114793999341344],[-103.47325005999996,22.11117911934139],[-103.47318090999994,22.10553196934156],[-103.46647804999998,22.107308969341524],[-103.45918285999994,22.10587997934154],[-103.45929682999997,22.10873482934147],[-103.46172261999999,22.111141059341385],[-103.45493576999996,22.115308619341324],[-103.45040347999998,22.11422571934132],[-103.44669357,22.11525130934134],[-103.44558779999994,22.113498319341375],[-103.43949965999997,22.117639199341244],[-103.43942242999998,22.121907339341163],[-103.43734327999995,22.1255241093411],[-103.43828925999998,22.12885102934102],[-103.43627333999996,22.126904879341026],[-103.43458477999997,22.1328845093409],[-103.43413856999996,22.130783689340934],[-103.43357481999999,22.13284377934088],[-103.43210547999996,22.13162308934094],[-103.43216382999998,22.134492289340834],[-103.43046410999995,22.134605429340883],[-103.42818141999999,22.13928387934074],[-103.42593379999995,22.139424649340707],[-103.42881325999997,22.148286429340516],[-103.42703259999996,22.154501969340398],[-103.42917624999995,22.162184509340186],[-103.42509857999994,22.170261029340033],[-103.42531097999995,22.176464859339877],[-103.41968573999998,22.177482849339835],[-103.42532479999996,22.18262690933974],[-103.43050876999996,22.182497199339725],[-103.43131270999999,22.18732256933961],[-103.43412467999998,22.19076053933953],[-103.42385828999996,22.1891903793396],[-103.42295987999996,22.19129773933951],[-103.42166685999996,22.189544449339543],[-103.41723121999998,22.190476089339555],[-103.40895962999998,22.215364909338962],[-103.38565691999997,22.212528599339013],[-103.38435088999995,22.21373834933897],[-103.38516261999997,22.21581824933894],[-103.38017104999994,22.219001369338862],[-103.38398502999996,22.22199017933879],[-103.38302630999999,22.22701341933867],[-103.36969073999995,22.231305999338606],[-103.36183034999999,22.239164579338368],[-103.35531461999996,22.240935679338364],[-103.34973585999997,22.23921496933837],[-103.33769677999999,22.24516367933828],[-103.33151836999997,22.241000319338365],[-103.32831984999996,22.240087679338362],[-103.32651617999994,22.24172679933832],[-103.31193416999997,22.233256979338563],[-103.29510442999998,22.253285279338066],[-103.29712753999998,22.257245429337985],[-103.31393821999997,22.258710749337908],[-103.30531631999997,22.26565899933775],[-103.30489939999997,22.270102709337678],[-103.30684371999996,22.2732318493376],[-103.30598401999998,22.276283089337532],[-103.30783883,22.28171433933741],[-103.30040342999996,22.29618544933706],[-103.29779033999996,22.298337259336993],[-103.30688274,22.306283059336828],[-103.32770581999995,22.307360369336767],[-103.33837631999995,22.28751282933724],[-103.35568810999996,22.27979924933745],[-103.35284628999995,22.285733309337317],[-103.35009274,22.307456549336784],[-103.36375647999995,22.31448316933665],[-103.35955890999998,22.320649229336503],[-103.34936414999999,22.32593984933636],[-103.34720274999995,22.33096187933626],[-103.34295527999996,22.33512236933618],[-103.36255319999998,22.3363539993361],[-103.36668297999996,22.351039019335747],[-103.36471667999996,22.369535629335324],[-103.35990885999996,22.37126319933529],[-103.35313999999994,22.369387459335343],[-103.34744957999999,22.375500579335192],[-103.34806445,22.379546049335097],[-103.33963830999996,22.385496019334973],[-103.32928682999994,22.384536859334965],[-103.32552936999997,22.38904144933488],[-103.32338404999997,22.38914816933488],[-103.31458462999996,22.404908219334498],[-103.30952896999999,22.39833839933467],[-103.30917588999995,22.39200819933484],[-103.30526297999995,22.39040904933488],[-103.30050157999995,22.392990119334776],[-103.29650745999999,22.395882339334747],[-103.29544950999997,22.39873147933464],[-103.29307671999999,22.39873776933463],[-103.28564191999999,22.40557411933449],[-103.28523071999996,22.4142441493343],[-103.27855093999995,22.411098569334353],[-103.27468719999996,22.411393829334376],[-103.27489417999999,22.40955370933442],[-103.26622134999998,22.41194811933433],[-103.26346317999999,22.41064641933436],[-103.26024568999999,22.41185839933433],[-103.25838528999998,22.406441889334477],[-103.25508259999998,22.404820139334483],[-103.25218624999997,22.398945349334678],[-103.24446324999997,22.399428199334633],[-103.23503990999995,22.397115379334707],[-103.23212056999995,22.39339385933479],[-103.22606724999997,22.404495179334504],[-103.22092165,22.409589109334416],[-103.21341273999997,22.410073249334374],[-103.20392659999999,22.40406950933453],[-103.20531213999999,22.400530419334622],[-103.20316898,22.39877084933467],[-103.19877087999998,22.38060122933506],[-103.18936257999998,22.39024553933483],[-103.18254031999999,22.38877137933487],[-103.18130908999997,22.390404569334844],[-103.17785897999995,22.38671750933493],[-103.16857768999995,22.385012799334948],[-103.17050451999997,22.37890294933512],[-103.17286679999995,22.37961628933511],[-103.17404821999999,22.377759849335167],[-103.16642497999999,22.370589889335335],[-103.17044709,22.361832519335522],[-103.16858992,22.354615659335664],[-103.17276491999998,22.352367019335727],[-103.17289682999997,22.350163599335772],[-103.17761514999997,22.346028629335876],[-103.17892354999998,22.34257016933596],[-103.18268561999997,22.342918849335952],[-103.18481056999997,22.34102825933598],[-103.18487625999995,22.338603939336057],[-103.19408541999996,22.33198105933619],[-103.20419159999996,22.334367449336174],[-103.20823259999997,22.33308119933617],[-103.21012299999995,22.328264829336284],[-103.20951841999994,22.320191619336498],[-103.21271434999994,22.31905434933652],[-103.20963929,22.314572259336614],[-103.21303581999996,22.30692097933679],[-103.21500907999996,22.30579956933681],[-103.21505949,22.30164584933694],[-103.21743802999998,22.30180319933692],[-103.21657364999999,22.299329659336994],[-103.22036907999997,22.296401139337064],[-103.22080181999996,22.292362659337126],[-103.21835084999998,22.289977879337194],[-103.21892805999994,22.286854769337275],[-103.22233751999994,22.283060449337363],[-103.22062194999995,22.280466169337437],[-103.21442479999997,22.27751082933748],[-103.20374484999998,22.281251649337406],[-103.20191644999994,22.280304419337426],[-103.19548490999996,22.290544599337167],[-103.19634704999999,22.292489679337166],[-103.19476425999994,22.292371999337153],[-103.19057381999995,22.29852701933699],[-103.16505704999999,22.294798799337066],[-103.16474479999994,22.297102479337017],[-103.15979641999996,22.29599324933705],[-103.15465293999996,22.298413459337013],[-103.15254065999996,22.295994569337058],[-103.14012477999995,22.29365579933713],[-103.13149405999998,22.29519021933709],[-103.12604265999994,22.2931928493371],[-103.11709756999996,22.29558650933709],[-103.10098771999999,22.29397485933711],[-103.09899854999998,22.292308679337168],[-103.09977991999995,22.288635509337244],[-103.09807594999997,22.2862918593373],[-103.09111959999997,22.285909149337307],[-103.08762917999996,22.28238314933737],[-103.08721894999998,22.278382089337462],[-103.08295987999998,22.277082739337477],[-103.08382539999997,22.26343362933784],[-103.08181636999997,22.26333128933782],[-103.07827382999994,22.257097659337976],[-103.07472105999994,22.257558459337947],[-103.07387764999999,22.25485522933801],[-103.06828853999998,22.255109799338037],[-103.06238245999998,22.252238679338102],[-103.06288571,22.249267179338165],[-103.05545517999998,22.247256319338227],[-103.05568107999994,22.241242369338366],[-103.06206928999995,22.228267979338657],[-103.05782353999997,22.228272889338633],[-103.05971474999996,22.224241369338767],[-103.05232630999996,22.220652259338845],[-103.05477016999998,22.213826859338972],[-103.05981131999994,22.217222229338912],[-103.06964402999995,22.211219799339037],[-103.07193037999997,22.21196882933903],[-103.07284744999998,22.21036751933906],[-103.07104342999999,22.203543139339203],[-103.07600077999996,22.20232933933927],[-103.08819961999995,22.204383979339205],[-103.09209125999998,22.19841488933933],[-103.10605876999995,22.19135602933954],[-103.10144536999996,22.17862094933981],[-103.10387845999999,22.172047459339968],[-103.10277750999995,22.171114089340005],[-103.10591382999998,22.168153419340086],[-103.10486988999997,22.15751701934032],[-103.10869414999996,22.153423279340387],[-103.10652719999996,22.151821459340468],[-103.10254337999999,22.15360296934043],[-103.10879837999994,22.144340909340613],[-103.09593116999997,22.145466029340568],[-103.09069310999998,22.143505939340667],[-103.09011184999997,22.14004044934075],[-103.08418951999994,22.137251629340774],[-103.07875079999997,22.137052549340833],[-103.07588044999994,22.13324833934086],[-103.08158074999996,22.13011616934097],[-103.07651191999997,22.12783750934104],[-103.07702473999996,22.125504419341045],[-103.08023137999999,22.12450877934109],[-103.08173384999998,22.1202727193412],[-103.08772187999996,22.11781957934126],[-103.08452544999996,22.11399673934135],[-103.08615697999994,22.112244569341367],[-103.08670787999995,22.1148516293413],[-103.08948996999999,22.11519137934132],[-103.09037617999998,22.11387781934132],[-103.08833,22.112908379341388],[-103.09237591999995,22.109897259341405],[-103.09614037999997,22.111355859341415],[-103.10097375,22.107804859341478],[-103.10170033999998,22.10179799934161],[-103.11672164999999,22.10236419934163],[-103.12558531999998,22.104791479341568],[-103.13502933999997,22.097629679341736],[-103.13509314999999,22.090462339341887],[-103.13864325999998,22.09134025934187],[-103.14341313999996,22.08723081934199],[-103.15278374999997,22.087622049341963],[-103.15215565999995,22.082555049342083],[-103.15428531999999,22.072236819342333],[-103.14437402,22.067920429342454],[-103.10790861999999,22.063395779342546],[-103.10616573999994,22.046988219342932],[-103.10845111999998,22.039164649343096],[-103.11406537999994,22.03905147934313],[-103.10906454999999,22.02895436934336],[-103.11024533999996,22.027522489343355],[-103.10891176999996,22.02579194934341],[-103.11158925999996,22.02112585934352],[-103.10999096999996,22.01740564934363],[-103.11148644999997,22.0142613093437],[-103.1171212,22.01288064934374],[-103.12086894,22.01518174934369],[-103.13284431999995,22.00303731934394],[-103.13796773999997,22.003047949343966],[-103.14371762999997,22.00796976934385],[-103.14599799999996,22.005277949343906],[-103.16007577999996,22.003171349343976],[-103.15960505,22.000629319344007],[-103.16565748999996,21.996814619344125],[-103.16805551999995,21.99855744934409],[-103.17253558,21.996619819344094],[-103.18006589,21.998420369344096],[-103.18173025,21.997083179344113],[-103.19072667999997,21.99790519934408],[-103.19669367999997,22.000861709343997],[-103.19768508,21.99906571934404],[-103.20166176999999,21.998568119344096],[-103.20304974999999,21.995963849344143],[-103.20213113999995,21.993391219344176],[-103.19403244999995,21.990072949344285],[-103.19819045999998,21.9846368193444],[-103.19547059999996,21.97978976934449],[-103.19207479999994,21.97933774934455],[-103.19181225999996,21.97444979934465],[-103.19255999999997,21.969899859344757],[-103.20408214999998,21.96770684934482],[-103.20556791999996,21.965194379344883],[-103.20866010999998,21.96514287934484],[-103.21066188999998,21.968050029344766],[-103.21571248999999,21.966750249344845],[-103.22150724999995,21.967986949344816],[-103.22397705999998,21.97180704934471],[-103.23997131999995,21.976722309344602],[-103.24514077999999,21.97720882934458],[-103.24681757999998,21.975947109344613],[-103.24144585999996,21.97075561934471],[-103.24475011999999,21.966603229344813],[-103.25276282999994,21.96958724934477],[-103.25709341999999,21.969581859344768],[-103.26215088999999,21.972557749344716],[-103.26471534999996,21.971844979344716],[-103.27335042999995,21.979082309344502],[-103.27596824999995,21.98869394934428],[-103.27856102,21.989650149344275],[-103.30919124999997,21.96628610934484],[-103.31013613999994,21.959097599345018],[-103.31830944999997,21.956054879345086],[-103.32357164999996,21.95111241934522],[-103.32438226000001,21.948437579345274],[-103.33046437999997,21.945891519345302],[-103.33190798,21.94302236934539],[-103.33874090999996,21.942302179345432],[-103.34135087999995,21.940403139345463],[-103.34167341999995,21.938802709345495],[-103.33978913999995,21.93815648934549],[-103.34102981999996,21.932154629345654],[-103.34395594999997,21.929694539345718],[-103.34156327999996,21.92102571934591],[-103.34407999999996,21.913471949346068],[-103.35511814999995,21.91493101934605],[-103.36897801999999,21.91230942934612],[-103.37479762999999,21.9136835193461],[-103.38979568999999,21.905472719346267],[-103.39067976999998,21.9040412593463],[-103.38915131999995,21.898720379346425],[-103.39377127999995,21.898229229346438],[-103.39433887999996,21.896694569346455],[-103.40505987999997,21.901824509346355],[-103.40837539999997,21.907623999346228],[-103.41387008999999,21.905455399346273],[-103.41281156999999,21.903684999346318],[-103.41412102,21.90312245934636],[-103.41391814999997,21.900645429346397],[-103.41632977999997,21.899363949346434],[-103.41624090999996,21.897504429346448],[-103.42173242999996,21.89529587934652],[-103.42072828999994,21.893143429346587],[-103.42251035,21.89108590934665],[-103.42581136999998,21.891046179346624],[-103.42751201999994,21.885660819346747],[-103.43535385999996,21.876052369346958],[-103.43573969,21.871051979347108],[-103.43931348999996,21.864560029347267],[-103.45132804999999,21.85392011934751],[-103.44970193999995,21.848052599347664],[-103.45330624999997,21.84419707934776],[-103.45319651999995,21.840626279347806],[-103.45591162999995,21.8405905793478],[-103.45716908999998,21.838476419347884],[-103.45724239999998,21.836457879347932],[-103.45513605999999,21.835428539347962],[-103.45535730999995,21.83279590934803],[-103.46672988999995,21.83996174934783],[-103.46984027999997,21.839266679347833],[-103.47235653999996,21.836003879347956],[-103.47513568999995,21.826610579348188],[-103.47286317,21.8246118493482],[-103.47400968999995,21.819661049348298],[-103.47052996999997,21.81354025934844],[-103.47568402999997,21.812411569348484],[-103.48250755,21.813264449348498],[-103.48272705999995,21.81741719934834],[-103.49559257,21.82354711934824],[-103.50281744999995,21.83307470934801],[-103.50969601999999,21.827490199348144],[-103.52568105999995,21.81893687934831],[-103.53142528999996,21.81783856934836],[-103.53003822999995,21.811654999348487],[-103.52609308999996,21.809674219348544],[-103.52605765,21.80506524934866],[-103.53654173999996,21.805157679348643],[-103.55484873999995,21.80091234934874],[-103.56055850999996,21.801113139348757],[-103.56194804999997,21.80357974934869],[-103.56674084999999,21.804651949348674],[-103.57262726,21.803489829348706],[-103.57149091999997,21.80008759934877],[-103.56894824999996,21.799600739348815],[-103.56789859999999,21.797109849348836],[-103.56943930999995,21.789216319349038],[-103.56592021999995,21.784822149349125],[-103.56262359999994,21.78567465934913],[-103.56076288999998,21.780283939349268],[-103.55379477999998,21.779778199349284],[-103.54325814999999,21.77112239934945],[-103.52789016999998,21.772328479349447],[-103.52601150999999,21.769915249349513],[-103.52725659999999,21.768037309349566],[-103.52358685999998,21.76572059934962],[-103.52342630999999,21.76097934934974],[-103.51469150999998,21.749156079349984],[-103.51214068999997,21.748268909350017],[-103.50847354999996,21.73973504935021],[-103.51065424999997,21.737006679350284],[-103.50936582999998,21.730709199350425],[-103.51080076999995,21.72571704935059],[-103.51012851999997,21.72145254935065],[-103.50776768999998,21.719694919350705],[-103.50984392,21.713005879350845],[-103.51286282999997,21.714296819350867],[-103.51785264999997,21.7114691793509],[-103.51914710999995,21.702101089351125],[-103.52392385999997,21.695534909351288],[-103.52657033999998,21.687002949351516],[-103.52566814999994,21.678557139351707],[-103.52671001999994,21.675563319351753],[-103.52951476999999,21.672443019351853],[-103.53655833999996,21.668891719351908],[-103.53750432,21.66633564935199],[-103.54079634,21.66529313935203],[-103.54700668999999,21.650719219352354],[-103.55224484999998,21.645842229352454],[-103.55169924999997,21.640907419352626],[-103.55549174,21.634083509352745],[-103.55555587999999,21.625407709352952],[-103.55384568999996,21.62455097935298],[-103.55061948999997,21.61343884935322],[-103.55039833999997,21.596995849353632],[-103.54522217999995,21.587638909353885],[-103.55243002999998,21.583911569353955],[-103.55466611999998,21.576634619354135],[-103.55889182999994,21.576404089354124],[-103.56623337999997,21.581649449354018],[-103.57260408999997,21.581934679354024],[-103.57422273999998,21.58489804935393],[-103.57998864999998,21.584199139353967],[-103.58201637999997,21.589229579353834],[-103.59049656999997,21.589794679353837],[-103.59476411999998,21.58171317935403],[-103.59329024999994,21.575945889354173],[-103.59674713999999,21.565468059354405],[-103.59291831999997,21.559225919354567],[-103.60332174999996,21.558481339354586],[-103.60811447999998,21.556535149354634],[-103.61314139999996,21.55806617935455],[-103.61900468999995,21.556863679354603],[-103.62158339999996,21.55813644935459],[-103.62129410999995,21.564628769354442],[-103.62455827999997,21.565829369354407],[-103.62489738,21.568599519354354],[-103.62979379999996,21.573350649354232],[-103.63990748999998,21.574314919354208],[-103.64003111999995,21.576282279354135],[-103.64487827999996,21.576454179354133],[-103.66003688999997,21.564789379354412],[-103.66066159999997,21.56054402935455],[-103.65831644999997,21.555906539354602],[-103.66635383,21.558039619354567],[-103.67359181999996,21.554852509354664],[-103.67638407999999,21.555320279354646],[-103.67816088999996,21.55775410935461],[-103.67921304999999,21.555929179354656],[-103.68164008999999,21.55589622935462],[-103.68080533999995,21.5578013793546],[-103.68320365999995,21.55771879935457],[-103.68705367999998,21.556035509354647],[-103.68978888,21.552353149354712],[-103.68947851999997,21.54404014935492],[-103.68662901999994,21.539080619355037],[-103.68628544999996,21.53505462935513],[-103.69349701999995,21.532530049355195],[-103.69448699999998,21.52888687935531],[-103.68666033999995,21.52473748935539],[-103.68608639999997,21.52118484935548],[-103.68424599999997,21.521997509355465],[-103.68158216999996,21.520467629355483],[-103.67980558,21.511196689355728],[-103.67538981999996,21.510819649355696],[-103.67258827999996,21.507979709355766],[-103.67257824999996,21.505454739355862],[-103.68489914999998,21.501499739355932],[-103.69177899999994,21.495602879356074],[-103.69425737999997,21.490207449356237],[-103.69223250999995,21.48708747935632],[-103.69317402999998,21.479039309356512],[-103.69938827999994,21.472784619356606],[-103.70146471999999,21.466265909356796],[-103.69774972,21.46702147935676],[-103.68494633999997,21.46356545935685],[-103.66930584999996,21.465702459356798],[-103.65874325,21.463697659356836],[-103.66469634999999,21.45487325935708],[-103.66334830999995,21.446462079357275],[-103.66078976999995,21.441583569357377],[-103.65030921999994,21.434596119357547],[-103.64924650999997,21.438593549357478],[-103.63892381999995,21.437323049357484],[-103.63419571999998,21.439259399357418],[-103.63053437999997,21.436946999357477],[-103.63035222999997,21.435117489357527],[-103.62652536999998,21.434482059357563],[-103.62624959999994,21.429320109357683],[-103.62336316999995,21.426684339357767],[-103.62041145999996,21.42666114935772],[-103.62122201999996,21.42531665935781],[-103.61932132,21.424031709357823],[-103.62255424999996,21.423910369357813],[-103.62430854999998,21.420302429357896],[-103.62290521999995,21.413111459358067],[-103.61584064999994,21.41169127935812],[-103.61569707999998,21.407693629358185],[-103.60981411999997,21.407243619358184],[-103.61028297999997,21.40532819935825],[-103.60030627999998,21.398231289358453],[-103.60096241999997,21.39385393935853],[-103.59813665999997,21.394474539358505],[-103.59531165,21.390906229358606],[-103.59268156999997,21.393633249358544],[-103.58882224999998,21.39361239935855],[-103.58974982999996,21.3918731193586],[-103.58639428,21.39236630935859],[-103.58516547999996,21.402690459358304],[-103.58726628999996,21.4028632893583],[-103.58708957,21.407890779358212],[-103.58442019999997,21.410074799358178],[-103.58227625999996,21.417616849357973],[-103.58232047999996,21.424025429357794],[-103.58047016999996,21.424692229357813],[-103.58153752,21.427453829357724],[-103.57842576999998,21.429125249357668],[-103.57598599999996,21.428549969357714],[-103.57751801999996,21.43426721935755],[-103.57588364999998,21.436153979357496],[-103.57376319999999,21.435963489357547],[-103.57114668999998,21.439713199357406],[-103.56975984999998,21.438374049357456],[-103.56772230999997,21.439297149357458],[-103.56545748999997,21.438236969357458],[-103.56040667999997,21.43021830935765],[-103.55838350999996,21.4361883793575],[-103.55463608999997,21.437946569357493],[-103.55291177,21.436090649357507],[-103.54826384999996,21.440481849357386],[-103.54385244999999,21.43734101935751],[-103.53870025999998,21.444770919357314],[-103.53858299999997,21.441155199357375],[-103.53712336999996,21.44059461935743],[-103.53742930999994,21.431588719357624],[-103.53383519999996,21.42558504935777],[-103.53358948999994,21.420613279357905],[-103.52182527999997,21.405721829358264],[-103.52178457999997,21.40141411935833],[-103.50939722999999,21.392396119358587],[-103.50817431999997,21.380321489358842],[-103.50392024999996,21.37683701935894],[-103.51308304999999,21.364066969359282],[-103.50996401999998,21.354892879359458],[-103.51799516999996,21.35511348935949],[-103.51941176999998,21.356488569359467],[-103.52325710999997,21.352008339359553],[-103.52496894999996,21.353477629359514],[-103.52703199999996,21.352222479359526],[-103.53540725,21.35387234935952],[-103.54832817,21.350102819359627],[-103.55064150999999,21.350936999359575],[-103.55737057999994,21.348126689359667],[-103.56263168999999,21.35265584935956],[-103.56506453999998,21.350517969359586],[-103.56763001999997,21.352215859359557],[-103.56858687999994,21.337623679359883],[-103.57407837999995,21.332668309359992],[-103.57710491999995,21.332716339360015],[-103.57845238,21.330234289360117],[-103.58444213999996,21.335374739359985],[-103.58398723,21.336926739359885],[-103.58662245,21.3380673993599],[-103.5886766,21.342193399359793],[-103.59330791999997,21.340571769359826],[-103.59274550999999,21.34226164935981],[-103.59559326,21.34386502935977],[-103.59808172,21.34190288935977],[-103.59954334999998,21.346940849359694],[-103.60295327999997,21.349126679359607],[-103.61116557999998,21.348785539359625],[-103.61694508999996,21.353409649359524],[-103.61659821999996,21.347496419359636],[-103.61871934,21.344480709359704],[-103.62548365999999,21.343406919359772],[-103.62900961999998,21.34537362935971],[-103.63153265999995,21.34432848935975],[-103.63154617999999,21.34156496935979],[-103.63443159999998,21.340096029359845],[-103.63811748999996,21.344850199359726],[-103.64305077999995,21.34173321935978],[-103.64623617999996,21.34441422935972],[-103.64629651999998,21.342389829359796],[-103.64975561999997,21.34180354935981],[-103.64888322999997,21.33743214935989],[-103.65513953999994,21.33920819935984],[-103.65812059999996,21.33625571935994],[-103.66361501999995,21.338127999359873],[-103.67171139999999,21.322472109360245],[-103.67431796999996,21.32309339936027],[-103.67443187999999,21.321408319360295],[-103.67740381999994,21.319910949360345],[-103.68096599999996,21.320748649360308],[-103.68256501999998,21.31875753936035],[-103.68983433999995,21.321290459360295],[-103.69139516999998,21.320102969360327],[-103.69605401999996,21.323950519360213],[-103.70508454999998,21.325497719360193],[-103.70723670999996,21.31990819936032],[-103.71112063,21.317747289360387],[-103.71094759999994,21.31354237936048],[-103.72083908999998,21.307961079360613],[-103.72078353999997,21.301024779360773],[-103.71958316999996,21.299922059360792],[-103.72214114999998,21.28394233936121],[-103.71990567999997,21.2831259193612],[-103.72028873999996,21.275178719361413],[-103.71743353999994,21.273409449361438],[-103.71621137999995,21.267868479361596],[-103.71347719999994,21.26674404936162],[-103.71259793999997,21.267991549361582],[-103.71410887999997,21.26997474936157],[-103.71102601999998,21.271973309361524],[-103.71075713999994,21.274483479361454],[-103.70625811999997,21.27571959936141],[-103.69750995,21.282856259361246],[-103.68992665999997,21.285411229361152],[-103.68363911999995,21.28551381936117],[-103.67628321999997,21.28341159936119],[-103.66668050999999,21.290465109361058],[-103.66478924999996,21.290215259361023],[-103.65819359999995,21.280431619361302],[-103.65707667999999,21.28211347936128],[-103.65216182999997,21.28202505936121],[-103.64822628999997,21.28386702936121],[-103.63513697999997,21.283179849361243],[-103.63399334999998,21.28229184936122],[-103.63639245999997,21.278937569361318],[-103.63946809,21.277527619361372],[-103.63703713999996,21.2759777793614],[-103.63742945999998,21.26912856936159],[-103.63784433999997,21.266903419361626],[-103.64002985999997,21.266263969361642],[-103.64130716999995,21.2594934793618],[-103.64168336999997,21.25404082936194],[-103.63941485999999,21.251667769361976],[-103.63969730999997,21.243383799362192],[-103.63669405999998,21.243302599362185],[-103.63631493999999,21.24171042936225],[-103.63909288999997,21.23308256936241],[-103.64019587999996,21.22207241936274],[-103.64844264999999,21.223112619362674],[-103.65674262999994,21.222019779362697],[-103.66335210999996,21.224162649362636],[-103.66402611999996,21.21817522936278],[-103.66732405,21.216048549362835],[-103.66058927999995,21.215521569362885],[-103.66007322999998,21.21389964936288],[-103.65607768999996,21.212660859362913],[-103.65676432,21.211124259362997],[-103.65373259999996,21.20875704936301],[-103.64853710999996,21.206979449363075],[-103.64538302999995,21.20305876936316],[-103.63712918,21.19972836936325],[-103.63280188999994,21.1933862293634],[-103.63337119999996,21.19125284936346],[-103.62986268999998,21.193963999363383],[-103.62478950999997,21.193315829363424],[-103.61863425999996,21.1887786203635],[-103.61611891999996,21.185743569363595],[-103.61815019999996,21.183527920363662],[-103.61135922999996,21.17873673936374],[-103.61287774999994,21.167572939364046],[-103.61184787999997,21.164797259364107],[-103.61484501999998,21.159346549364244],[-103.61405779999996,21.156929350364273],[-103.61166007999998,21.155159619364348],[-103.60706402999996,21.155322170364297],[-103.60198245999999,21.1516709493644],[-103.60137833999995,21.147852489364503],[-103.59782370999996,21.143624000364593],[-103.59768779999997,21.14216317036465],[-103.59933033999995,21.141673220364687],[-103.59699525999997,21.139774370364695],[-103.59681881999997,21.135256450364803],[-103.59044102999997,21.12752206036498],[-103.58328107999995,21.127826829365006],[-103.58372228999997,21.12601023036506],[-103.58054542999997,21.12730474936502],[-103.57733525999998,21.121453949365137],[-103.57306561999997,21.121597029365134],[-103.56895877999996,21.11671774936529],[-103.56694627999997,21.120787259365166],[-103.56515531999997,21.11793519936522],[-103.56473591999999,21.119634219365174],[-103.55996521999998,21.118256030365224],[-103.55714779999995,21.119833999365163],[-103.55444725999996,21.11657979936529],[-103.55452170999996,21.12090664936516],[-103.55034431999998,21.12498044936508],[-103.54671851999996,21.126899909365047],[-103.54105604999995,21.12628531936501],[-103.52978687999997,21.134091740364873],[-103.53314205999999,21.138507150364735],[-103.53146479999998,21.141977510364658],[-103.51865493999999,21.14173941936469],[-103.51096404999998,21.146222150364572],[-103.50951431999994,21.143564200364622],[-103.51015557999995,21.137790459364787],[-103.50729379999997,21.13503663036481],[-103.50618399999996,21.129033380364977],[-103.50405153999998,21.127738680364992],[-103.47538465999999,21.137274339364748],[-103.46925637999999,21.143362079364596],[-103.45830908,21.14190436936468],[-103.44979953999996,21.143872689364585],[-103.44522925999996,21.141027949364645],[-103.44261407999996,21.14301781936465],[-103.43477256999995,21.142080109364652],[-103.4285824,21.146723819364517],[-103.428007,21.141208749364655],[-103.42567401999997,21.13899684936474],[-103.41626570999996,21.13727776936474],[-103.42322685,21.125232419365048],[-103.41898082999997,21.119551769365188],[-103.41828057999999,21.115230079365315],[-103.41148905999995,21.111522819365405],[-103.40367074999995,21.102693509365604],[-103.40123521999999,21.103037279365573],[-103.40136188999999,21.0998283693657],[-103.39841110999998,21.098105619365736],[-103.39607965999994,21.098677169365683],[-103.39604430999998,21.093696689365835],[-103.39385754999995,21.09336668936582],[-103.39299536999995,21.091072049365874],[-103.39648127999999,21.0900735193659],[-103.39443768999996,21.087117689366],[-103.39768299999997,21.08477353936606],[-103.39596290999998,21.08028844936617],[-103.39104194,21.078434939366165],[-103.38786187999995,21.07921839936618],[-103.38863150999998,21.076503219366256],[-103.38436911999997,21.071377889366396],[-103.38550744999998,21.067390429366462],[-103.38055377999996,21.06784807936644],[-103.37660739999995,21.065900509366525],[-103.36843187999995,21.05667096936671],[-103.36901628,21.05195765936683],[-103.36272319999995,21.05032277936688],[-103.36078039999995,21.051348109366867],[-103.35310293999999,21.045259949367033],[-103.34720702,21.044208629367066],[-103.34401099999997,21.046164859366964],[-103.34020450999999,21.04224324936711],[-103.33500396999995,21.042644459367104],[-103.33250428999999,21.045151459367013],[-103.33297214999999,21.052379719366822],[-103.33031672,21.054501119366805],[-103.32337668999998,21.055949479366753],[-103.31669456999998,21.05407767936679],[-103.31468551999995,21.055905309366775],[-103.30703627999999,21.05752491936671],[-103.30188571999997,21.054583709366764],[-103.29655830999997,21.06483841936654],[-103.28864308999994,21.061591219366584],[-103.28530661999997,21.057978629366684],[-103.27909134999999,21.056453339366765],[-103.27773108999997,21.051932519366826],[-103.27573076999994,21.05144664936687],[-103.27228522999997,21.0540243193668],[-103.26947344999998,21.059964179366666],[-103.26232168999996,21.062558799366574],[-103.25994356999996,21.068628309366456],[-103.25720191999994,21.070731349366408],[-103.26169035,21.07459533936628],[-103.25854445999995,21.07851227936619],[-103.25823461999994,21.083066429366067],[-103.25523962999996,21.08462825936605],[-103.25583501999996,21.082583829366083],[-103.25365441999998,21.083132219366078],[-103.25238830999996,21.081015769366115],[-103.24351453999999,21.08405821936605],[-103.23778644999999,21.07861807936622],[-103.23258605999996,21.079094429366194],[-103.22741497999999,21.084923949366075],[-103.22279491999996,21.086790259365987],[-103.21999379999995,21.085642169366004],[-103.21596110999997,21.09079608936588],[-103.212657,21.09107931936591],[-103.20960164999998,21.094220599365798],[-103.20722517999997,21.091665659365873],[-103.20515461999997,21.09258008936587],[-103.20170922999995,21.08590501936601],[-103.18844688999997,21.085152859366033],[-103.18867007999997,21.08161544936615],[-103.19170851999996,21.0793354193662],[-103.18696259999996,21.074351649366292],[-103.18836733999996,21.07065971936638],[-103.18007639999996,21.074605979366304],[-103.17878227999995,21.071931779366373],[-103.17021742999998,21.07243781936636],[-103.16614699999997,21.069205919366432],[-103.16236861999995,21.069771949366437],[-103.16288174999994,21.072885649366334],[-103.15243402999994,21.069304599366436],[-103.15008063,21.065056969366527],[-103.14703144999999,21.065916449366487],[-103.14571747999999,21.064290379366543],[-103.14320399999998,21.06574279936652],[-103.14129921999995,21.061065999366615],[-103.13403990999996,21.058418149366663],[-103.13231430999998,21.054813999366804],[-103.12930547999997,21.053277849366786],[-103.12623476999994,21.054435579366807],[-103.12148773999998,21.06240961936658],[-103.12439884999998,21.065384819366535],[-103.12332314999999,21.066803909366467],[-103.11442381999997,21.06790981936647],[-103.11297265999998,21.065780909366516],[-103.10770447999994,21.06542813936652],[-103.10503465999994,21.062015949366597],[-103.09764334999994,21.064788489366556],[-103.08842456999999,21.06574181936649],[-103.08284641999995,21.07190954936635],[-103.07815059999996,21.073398119366306],[-103.07736293999994,21.07243119936634],[-103.07463864999994,21.074308249366318],[-103.07539301999998,21.075785079366273],[-103.06495602999998,21.086950799366008],[-103.06455276999998,21.090794849365913],[-103.05931568999996,21.093070659365814],[-103.05647536999999,21.099319749365705],[-103.05827842999997,21.098445149365695],[-103.06326621999995,21.100588629365674],[-103.06321728999995,21.103908139365586],[-103.06520679999994,21.10433021936559],[-103.06628817999996,21.099688029365673],[-103.07231370999995,21.0986099793657],[-103.07385028999994,21.096325119365794],[-103.07579039999996,21.096888889365758],[-103.07540559999995,21.101125149365632],[-103.07701884999996,21.101964139365645],[-103.07365130999996,21.109954109365425],[-103.08460793999997,21.11054573936545],[-103.08502574999994,21.11472896936531],[-103.08958950999994,21.116755279365275],[-103.09173542999999,21.11581899936528],[-103.09255887999996,21.12125661936516],[-103.09401845999997,21.121426479365123],[-103.09850012,21.128493309365],[-103.09861505999999,21.13117151936493],[-103.09546196999997,21.13185364936488],[-103.09562793999999,21.133026399364876],[-103.07812255,21.14001124936469],[-103.07137585999999,21.152933749364383],[-103.07737970999995,21.162843709364157],[-103.07547199999999,21.167668089364046],[-103.07865144999994,21.170045719363994],[-103.08359336999997,21.182118089363698],[-103.08430634999998,21.194059489363354],[-103.08102557999996,21.198684369363253],[-103.07906304999995,21.19844336936329],[-103.07879974999997,21.202294909363168],[-103.07464137999995,21.205374819363087],[-103.07204451999996,21.205067479363084],[-103.06924422999998,21.209929309363],[-103.07708770999994,21.212156399362932],[-103.07752825999995,21.21544991936284],[-103.07417109,21.218335119362806],[-103.06812031,21.235085249362385],[-103.05698519999999,21.24678759936211],[-103.0655,21.255806449361852],[-103.06304816999995,21.255454179361905],[-103.05275830999994,21.262621459361718],[-103.04489187999998,21.262365259361697],[-103.04340516999997,21.260352519361742],[-103.04774231,21.255594659361876],[-103.04592621999997,21.25394259936196],[-103.04588370999994,21.249425689362056],[-103.04072510999998,21.249704979362033],[-103.04005637999995,21.247956249362097],[-103.03887581999999,21.24963573936201],[-103.02976599999995,21.251065259362026],[-103.03008108999997,21.24826328936208],[-103.02724256999996,21.245790579362147],[-103.02650488999997,21.242124109362248],[-103.01701353999995,21.241048539362254],[-103.01162616999994,21.245626939362104],[-103.01117902999995,21.255370089361882],[-102.99690402,21.259681939361798],[-102.99146207999998,21.255405819361926],[-102.98950402999998,21.256675739361867],[-102.98677589,21.249413379362068],[-102.97933828999999,21.24647428936209],[-102.97904885999999,21.239731079362294],[-102.97578814999997,21.23921924936231],[-102.96803888999995,21.241726249362223],[-102.96707305999996,21.23984219936228],[-102.96450424999995,21.24010077936225],[-102.96549404999998,21.237761019362317],[-102.96360294,21.235209479362364],[-102.95917901999998,21.235234879362398],[-102.95909882999996,21.233619859362392],[-102.95441264999994,21.234032939362436],[-102.95190051999998,21.231635849362455],[-102.95034016999995,21.232972199362457],[-102.95186307999997,21.23408245936238],[-102.94629391999996,21.234443449362427],[-102.94877762999995,21.233604829362424],[-102.94630059999997,21.2302564193625],[-102.94963517999999,21.226832349362585],[-102.9478112,21.214601119362896],[-102.92146368999994,21.209990889362974],[-102.91065216999999,21.20523465936309],[-102.90915244999997,21.20739774936305],[-102.91038930999997,21.211246849362976],[-102.90830094999995,21.219565819362785],[-102.90976602999997,21.22063765936271],[-102.90841230999997,21.223059349362646],[-102.90531617999994,21.223458969362635],[-102.90568413999995,21.225052599362613],[-102.90423574999994,21.224823169362615],[-102.90397217999998,21.227430599362567],[-102.90216056999998,21.22829681936252],[-102.90302865999996,21.23518599936239],[-102.89869397999996,21.237506999362328],[-102.89167377999998,21.233513259362425],[-102.89180721999999,21.237578599362337],[-102.88644272,21.235434709362373],[-102.88505399999998,21.23839728936228],[-102.88312047999996,21.238734229362283],[-102.88365656999999,21.241810909362194],[-102.88022134999994,21.23941970936228],[-102.88081976999997,21.23798253936233],[-102.87657365999996,21.23663401936236],[-102.87473041999999,21.24266525936218],[-102.87135056999995,21.247281779362073],[-102.87348034999997,21.252868169361953],[-102.87286122999996,21.255162949361903],[-102.86851159999998,21.2549435993619],[-102.86801397,21.252831229361938],[-102.86574764999996,21.25458994936189],[-102.86500630999996,21.25250344936198],[-102.86365471,21.252756979361976],[-102.86332419999998,21.25555281936189],[-102.86091174999997,21.255973829361896],[-102.86353750999997,21.260882719361746],[-102.85882523,21.266534169361627],[-102.85939676999999,21.27047848936155],[-102.85199621999999,21.275463509361426],[-102.84482944999998,21.277326849361383],[-102.84680142999997,21.280167709361294],[-102.85078825999994,21.281390289361255],[-102.84877753999996,21.293176289361003],[-102.84420873999994,21.294036459360928],[-102.84290742999997,21.297592619360863],[-102.83992886,21.298134679360842],[-102.83973944999998,21.3015738593608],[-102.83710213999996,21.303410799360734],[-102.81515902999996,21.294668999360937],[-102.81769093999999,21.299673829360838],[-102.81805788999998,21.307168659360638],[-102.81607031999994,21.310673719360572],[-102.81760068999996,21.318541109360382],[-102.81570299999998,21.318829169360367],[-102.81196378,21.32371681936026],[-102.80773382999996,21.322722969360242],[-102.80573721999997,21.320235379360312],[-102.79849936999994,21.306913779360656],[-102.79137073999999,21.327954319360142],[-102.78891601999999,21.329507399360118],[-102.78371297999996,21.329523399360074],[-102.77485396999998,21.317571769360363],[-102.77181771999996,21.316005879360407],[-102.75875621999995,21.320474909360296],[-102.75528087999999,21.32315859936026],[-102.75890221999998,21.327504139360126],[-102.75522834999998,21.33100514936008],[-102.75525581999996,21.33342099935999],[-102.75925142999995,21.335444029359977],[-102.75776542999995,21.339186179359885],[-102.75097944999999,21.34565647935971],[-102.74045867999996,21.346598859359652],[-102.73489504999998,21.352976579359563],[-102.72795976999998,21.357087799359416],[-102.73265985999996,21.369163199359146],[-102.72930976999999,21.374356909359026],[-102.72912805999995,21.387355539358698],[-102.72431973999996,21.386744969358713],[-102.72055071999995,21.381095199358867],[-102.71326385999998,21.379768059358895],[-102.71171039999997,21.375382289359003],[-102.70062784999999,21.361300049359343],[-102.70126853999996,21.35978961935939],[-102.69928294999994,21.35650185935942],[-102.70092414999999,21.351934029359562],[-102.69975244999996,21.349401179359596],[-102.70102841999996,21.34825424935962],[-102.69947227999995,21.344511779359745],[-102.69505531999994,21.340744459359826],[-102.68651902,21.343065859359744],[-102.68437088999997,21.34308162935975],[-102.68184344999997,21.339158079359873],[-102.67777702999996,21.340890029359798],[-102.65122430999998,21.363577419359288],[-102.64558221999994,21.364549459359228],[-102.64259488999996,21.367200599359172],[-102.64043436999998,21.381976909358823],[-102.64282359999999,21.388065419358654],[-102.63927428999995,21.389950119358616],[-102.63814061999994,21.393236519358577],[-102.64440488999999,21.392922849358552],[-102.64683967999999,21.394224579358543],[-102.64925419999999,21.399993819358414],[-102.65569259999997,21.402421459358308],[-102.65221110999994,21.407502049358214],[-102.65869321999998,21.409047619358144],[-102.65966945999999,21.410877019358118],[-102.65592401999999,21.413191649358062],[-102.65213068999998,21.41221265935807],[-102.65289384999994,21.416210399358018],[-102.65603254999996,21.418672109357935],[-102.65726357999995,21.42221556935785],[-102.65575611999999,21.423905419357805],[-102.65326019999998,21.42158396935785],[-102.65430601999998,21.425943229357742],[-102.65198251999999,21.42583710935775],[-102.65167553999999,21.431903119357635],[-102.65475568999994,21.432198649357588],[-102.65432810999994,21.435625429357554],[-102.65106708999998,21.436873459357525],[-102.65409727999999,21.4370515793575],[-102.65524502999995,21.439249919357458],[-102.65350981999997,21.441458509357414],[-102.65065608999998,21.440787549357392],[-102.65025836999997,21.441983119357364],[-102.65500685999996,21.446649519357262],[-102.65167337999998,21.446798419357265],[-102.65130931999995,21.448674449357213],[-102.64737021999997,21.447716139357258],[-102.64449867999997,21.449810629357195],[-102.63894941999996,21.455543459357067],[-102.63612985999998,21.46290781935688],[-102.63670437999997,21.464817109356854],[-102.64315433999997,21.461163249356897],[-102.64788297999996,21.462537489356876],[-102.64906724999999,21.47419657935662],[-102.64266208,21.476070719356557],[-102.64234796999995,21.478640749356515],[-102.63890668999996,21.481262249356423],[-102.63968314999995,21.476984549356537],[-102.63666772,21.477116449356522],[-102.63427588999998,21.481675979356407],[-102.63812548999994,21.48271059935642],[-102.63268631999995,21.490940709356227],[-102.63217836999998,21.496900739356064],[-102.62484150999995,21.501411489355963],[-102.62989608,21.508327909355774],[-102.64216684999997,21.51872134935555],[-102.63879719999996,21.523358379355418],[-102.63121843,21.52793874935529],[-102.63073432,21.53398333935518],[-102.64199387999997,21.53594882935512],[-102.65104907999995,21.53439619935515],[-102.65532068,21.53541441935512],[-102.65956854999996,21.533647709355133],[-102.66518956999995,21.539887089355005],[-102.68249777999995,21.543921049354918],[-102.68715242999997,21.542540949354944],[-102.68933461999995,21.54491893935491],[-102.69217869,21.542068849354987],[-102.69641016999998,21.543030339354925],[-102.69714465999999,21.55152839935474],[-102.69232831999996,21.563110049354453],[-102.69510073999999,21.57291282935423],[-102.70890991,21.57182610935428],[-102.71148116999996,21.57285551935425],[-102.71710455,21.571307369354265],[-102.71800910999997,21.57618841935414],[-102.72213797999997,21.576613569354155],[-102.72187716999997,21.58094430935404],[-102.72462550999995,21.584232619353934],[-102.72391173999996,21.58666090935387],[-102.72540676999996,21.58984176935385],[-102.72950817999998,21.593058219353736],[-102.73525768999997,21.59112022935379],[-102.73740499999998,21.586760199353915],[-102.76474133999994,21.59606457935369],[-102.76835190999998,21.603697319353476],[-102.76750751999998,21.608381569353384],[-102.77093185999996,21.611768599353308],[-102.77082211,21.614761339353194],[-102.77535277,21.62156597935308],[-102.77436971999998,21.62689473935294],[-102.77757250999998,21.63217497935281],[-102.77756544999995,21.638947379352636],[-102.77919322999998,21.6398721493526],[-102.78037402999998,21.644764139352517],[-102.78361468999998,21.646693369352448],[-102.77978759999998,21.651528779352322],[-102.77345914999997,21.65478511935225],[-102.77340510999994,21.658306079352172],[-102.78355097999999,21.659787629352127],[-102.78865834999999,21.663607459352036],[-102.79519714999999,21.663466489352082],[-102.80213150999998,21.66698607935199],[-102.80527896999996,21.671282399351863],[-102.79804865999995,21.67028357935188],[-102.79554750999995,21.675939289351742],[-102.79176399999994,21.67697256935171],[-102.78938092,21.674863919351797],[-102.78609553999998,21.67491041935179],[-102.78314678,21.678212119351716],[-102.77916997999995,21.67924250935168],[-102.77630094999995,21.683628739351583],[-102.76649213999997,21.68692827935151],[-102.76596877999998,21.68953988935142],[-102.76147231,21.69291057935135],[-102.74529993999995,21.720052309350674],[-102.77218090999997,21.737823769350264],[-102.77569696999996,21.734589399350362],[-102.77950817999994,21.739871579350226],[-102.77825627999994,21.742674949350146],[-102.78520485999998,21.74565339935008],[-102.79230964999999,21.754990119349877],[-102.80370410999996,21.761238659349722],[-102.80599111999999,21.763965689349682],[-102.81691625999999,21.766475369349557],[-102.82112513999999,21.773435619349428],[-102.82133024999996,21.777830599349343],[-102.82009511999998,21.778456819349284],[-102.82719539999995,21.787073019349087],[-102.82707390999997,21.79044753934902],[-102.82999349,21.793142889348967],[-102.83126215,21.797248579348835],[-102.83930907999998,21.796865489348892],[-102.84240485999999,21.79853071934881],[-102.84225074999995,21.804757200348657],[-102.84596214,21.799983259348775],[-102.85334505999998,21.79905314934884],[-102.85011553999999,21.80954045934856],[-102.85179110999997,21.811937749348484],[-102.84949042999996,21.813692689348457],[-102.84754474999995,21.818940199348337],[-102.84725584999995,21.82239261934829],[-102.85028565999994,21.825088579348197],[-102.84752271999997,21.828591849348125],[-102.84731474999995,21.833409219348017],[-102.85274554999995,21.834317819347945],[-102.85805096999997,21.83322634934801],[-102.86456959999998,21.84352690934774],[-102.87092330999997,21.84615056934772],[-102.87417657999998,21.85277099934755],[-102.87282539999997,21.856428619347426],[-102.86338011999999,21.863765779347265],[-102.86241381999997,21.871339779347068],[-102.85960756999998,21.87487145934701],[-102.86054613999994,21.880259689346897],[-102.85574727999996,21.883761089346816],[-102.85664931999997,21.887794459346715],[-102.85369427999996,21.89063465934663],[-102.85484205999995,21.891628859346582],[-102.85185665999995,21.89554545934651],[-102.84918761999997,21.906722999346254],[-102.84335033999999,21.912370949346094],[-102.84609464999994,21.9137391993461],[-102.84622056999997,21.915398139346028],[-102.84429962999997,21.916467029346006],[-102.84364333999997,21.92599336934581],[-102.83933642999996,21.933672539345597],[-102.83825044999999,21.939298649345492],[-102.83728974999998,21.94061770934542],[-102.83372501999999,21.94030339934546],[-102.82322329,21.95554237934509],[-102.82073082999995,21.964244739344846],[-102.80104968999997,22.00394099934395],[-102.79559968999997,22.008985149343836],[-102.79149861999997,22.01598834934365],[-102.78331024999996,22.01769191934363],[-102.78228607999996,22.028132059343392],[-102.77632261999997,22.031024909343294],[-102.77426556999995,22.036048139343187],[-102.76898125999998,22.037822889343122],[-102.76769310999998,22.039975309343077],[-102.77046484999994,22.041597889343045],[-102.76098973999996,22.046286739342918],[-102.75943462,22.05142481934279],[-102.75547308999997,22.056300599342702],[-102.75557210999995,22.061060119342578],[-102.75318025999998,22.063257819342528],[-102.75637944999995,22.068320629342434],[-102.75580570999996,22.073662079342323],[-102.72866684999998,22.08850505934194],[-102.71048910999997,22.093886139341812],[-102.70942084999996,22.096845489341764],[-102.69776648,22.10151571934166],[-102.69086522999999,22.1065550293415],[-102.69185624999996,22.114779649341326],[-102.69014194999994,22.123394979341125],[-102.68750508999995,22.124215579341108],[-102.68341413999997,22.129913579340972],[-102.68586615,22.133214089340857],[-102.68612113999997,22.137908849340754],[-102.68173368,22.14107408934072],[-102.68102277999998,22.14371885934063],[-102.68244094,22.145925249340596],[-102.67928941999998,22.145048579340592],[-102.67434470999997,22.147781429340565],[-102.67405431999998,22.15125008934049],[-102.66941568999995,22.15958957934027],[-102.67549173999998,22.168495779340066],[-102.67589450999999,22.1755725193399],[-102.67473251999998,22.177966379339825],[-102.66874757999994,22.17793830933984],[-102.66671834999994,22.180940979339773],[-102.66931007999995,22.194023579339472],[-102.66512696999997,22.194115059339456],[-102.66107762999997,22.190904829339498],[-102.65159597999997,22.19314022933946],[-102.65527667999999,22.19497659933946],[-102.64582154999994,22.20430604933923],[-102.64580234999994,22.213211829338988],[-102.64371071999994,22.221172109338813],[-102.63929893999995,22.22603917933869],[-102.64168494999997,22.22635565933867],[-102.64138711999999,22.228447539338635],[-102.67001704999996,22.24570242933825],[-102.66874284999994,22.29187104933716],[-102.52703933999999,22.290899029337176],[-102.50663071999998,22.29381253933709],[-102.50126510999996,22.304269769336887],[-102.48909239999995,22.30348314933687],[-102.48853117999994,22.305408319336816],[-102.47020162999996,22.309210199336746],[-102.46724377999999,22.3120315193367],[-102.46608419999995,22.322281479336468],[-102.46371329,22.321166259336458],[-102.46066150999997,22.323691109336387],[-102.46185013999997,22.326979419336332],[-102.46102085999996,22.33175887933622],[-102.46809330999999,22.332388029336222],[-102.47118781999995,22.33625487933614],[-102.46864194999995,22.35188147933573],[-102.46564584999999,22.350194799335792],[-102.45105888899998,22.35212554933574],[-102.43233384999998,22.357458079335647],[-102.38787899999994,22.364141199335474],[-102.37844281899999,22.360878580335545],[-102.35925027899998,22.38495169033495],[-102.36287707899999,22.388747280334904],[-102.32136471999996,22.388532649334902],[-102.32103050999997,22.41829134933421],[-102.31204004999995,22.440818199333652],[-102.31180479999995,22.45691581933331],[-102.29830684999996,22.459589679333263],[-102.29007639999998,22.419917949334195],[-102.28752816999999,22.416076579334227],[-102.28537562999999,22.417120579334252],[-102.28183928999995,22.41380416933429],[-102.27398105999998,22.414331149334316],[-102.27091788999996,22.411751779334335],[-102.27305419999999,22.40877259933445],[-102.26739404999996,22.40656667933445],[-102.26430721999998,22.399215319334647],[-102.26095042999998,22.398604049334683],[-102.26081044999995,22.395663819334715],[-102.25563085999994,22.39144730933482],[-102.25524871999994,22.387428659334937],[-102.25364344999997,22.387421349334932],[-102.25362544999996,22.388817889334877],[-102.25029936999994,22.38722170933493],[-102.24917570999997,22.385639349334994],[-102.25056548999999,22.38085391933507],[-102.25494322999998,22.37886836933515],[-102.25320071,22.3744945093352],[-102.23557696999997,22.373543879335248],[-102.22813254,22.374680909335215],[-102.22517159999995,22.374062659335227],[-102.22333065999999,22.371336399335323],[-102.21198681999999,22.372697319335252],[-102.211979199,22.362465179335523],[-102.17737533999998,22.362429739335496],[-102.18072210999998,22.35039793933579],[-102.14984747999995,22.347175059335854],[-102.15323047999999,22.29041021933721],[-102.10658379999995,22.28536545933729],[-102.10780648999999,22.282730459337365],[-102.10524985999996,22.280792829337425],[-102.09092467999994,22.29120717933719],[-102.08957139999997,22.288998859337216],[-102.07562704999998,22.30607277933681],[-102.05673139999999,22.299937799336977],[-102.05760444999999,22.296147539337067],[-102.0556638,22.295306169337092],[-102.05840776999999,22.29365485933713],[-102.05121357999997,22.29121302933716],[-102.04348324999995,22.293922149337135],[-102.04178071999996,22.295203629337088],[-102.04233673999995,22.297013849337027],[-102.03726965,22.298975679337012],[-102.03178993999995,22.288899549337227],[-102.02988251999996,22.28899299933723],[-102.02799927999996,22.278659969337447],[-102.02976388999997,22.27836325933746],[-102.02921025999997,22.26900467933767],[-102.02228976699996,22.245829581338242],[-102.02249457899997,22.241585490338313],[-102.00247462999994,22.24144405933834],[-101.99971607999998,22.23365602933855],[-101.99908422999995,22.208321219339137],[-102.00096244999997,22.193949819339462],[-102.00099307999994,22.168110549340064],[-102.02946713999995,22.16866561934008],[-102.03773733999998,22.159776089340244],[-102.04109447999997,22.161799229340208],[-102.04077477999999,22.159741659340277],[-102.04327051999996,22.158712719340276],[-102.04522131,22.153733229340407],[-102.01707548999998,22.153961279340386],[-102.02591517999998,22.129770999340987],[-102.00816514999997,22.123752169341106],[-101.98602794999994,22.120827449341157],[-101.96757393999997,22.11120247934138],[-101.88314393999997,22.055485059342697],[-101.86427510999994,22.04150948034305],[-101.86229336999997,22.046736550342917],[-101.85519153999996,22.046511170342967],[-101.85565517999999,22.045117480342956],[-101.85415982999996,22.044344680342974],[-101.85516287999998,22.04179854034305],[-101.86149129099994,22.035902538343205],[-101.85915459999995,22.034418260343205],[-101.86166981999997,22.02888383034333],[-101.84059013999996,22.026635050343387],[-101.83049662999998,22.02153459934352],[-101.81567304999999,22.019983089343548],[-101.80749908999998,22.023201979343494],[-101.80143614999999,22.03099619934331],[-101.80116818,22.028348029343395],[-101.80426344999997,22.02525273934343],[-101.79341411999997,22.02326061934347],[-101.78442974999996,22.024098279343452],[-101.78475894999998,22.022748399343513],[-101.77890046,22.017599889343607],[-101.77882157999994,22.015288459343644],[-101.77722901999994,22.01534504934369],[-101.77763308,22.00730174934388],[-101.75965482999999,22.009042999343844],[-101.75100399999997,22.01464542934367],[-101.74662981999995,22.012064629343758],[-101.72997491999996,22.00213836934401],[-101.73232108999997,21.99506919934414],[-101.70911521999994,21.97992597934453],[-101.71065837999998,21.97393524934467],[-101.68291417999995,21.96288530934492],[-101.66911359999995,21.945765429345315],[-101.65914108999999,21.941594889345403],[-101.65966504999994,21.940619079345417],[-101.65710167999998,21.939254969345463],[-101.65897347999999,21.93600459934555],[-101.65639993999999,21.933570719345585],[-101.65786851999997,21.92978982934571],[-101.65456248999999,21.930604799345648],[-101.65232734999995,21.927780999345742],[-101.65414124999995,21.927369549345755],[-101.65248004999995,21.924416059345827],[-101.65398822999998,21.924159919345804],[-101.64957661999995,21.92029197934594],[-101.65069568999998,21.907675399346253],[-101.64830631999997,21.90718197934626],[-101.64471022,21.909798879346173],[-101.63677627999999,21.907743369346207],[-101.62894522999996,21.910902739346138],[-101.62623833999999,21.914592769346086],[-101.62091905999995,21.917619719346003],[-101.61671188999999,21.929447969345723],[-101.61145151999995,21.91923127934598],[-101.59584886,21.909962619346164],[-101.59227962999995,21.909643879346152],[-101.59085804999995,21.915434049346036],[-101.58339216999997,21.914494889346095],[-101.58360582999995,21.915575579346047],[-101.57839831999996,21.917090379346],[-101.57791634999995,21.91584789134603],[-101.56980627999997,21.91708073934602],[-101.56913851999997,21.894730539346547],[-101.56642441999998,21.876368889346953],[-101.56518213999999,21.876445629346954],[-101.56439422999995,21.87234039934705],[-101.56469308999999,21.86416102934725],[-101.56275474999995,21.855387369347497],[-101.56596355,21.84203333934779],[-101.56197047999996,21.840012229347856],[-101.56142128999996,21.836051259347915],[-101.54823039999997,21.834085549347975],[-101.53701197999999,21.810462049348555],[-101.52782407999996,21.809177889348582],[-101.52976401999997,21.81310750934848],[-101.52204408999995,21.818023049348326],[-101.51976007999997,21.812979019348482],[-101.51782007999998,21.814755579348436],[-101.51054174999996,21.799058489348813],[-101.49633124999997,21.809939659348558],[-101.50351527999999,21.83012397934807],[-101.48609133999997,21.841886719347784],[-101.48818333999998,21.85342771934753],[-101.48364884999995,21.85645341934744],[-101.48417336999995,21.85814521934739],[-101.48041131999999,21.859258059347386],[-101.48319622999998,21.86768077934718],[-101.46808377999997,21.87026574934711],[-101.46834237999997,21.877117079346966],[-101.46645764999994,21.880224909346868],[-101.45270888999994,21.885086449346787],[-101.44533496999998,21.88997817934667],[-101.44595537,21.892051889346604],[-101.44067482999998,21.8927162293466],[-101.44639445999996,21.90625567934628],[-101.44180285999994,21.909337829346164],[-101.44011214999995,21.910265279346152],[-101.43459591999999,21.89706505934647],[-101.42734559999997,21.901770709346366],[-101.41022761999994,21.908693539346217],[-101.41267927999998,21.915030849346056],[-101.41199137999996,21.918655939345978],[-101.43038399999996,21.93229854934563],[-101.42917285999995,21.934361139345626],[-101.40516116999999,21.948492119345232],[-101.39715037999997,21.96776207934481],[-101.39370062999996,21.967892139344805],[-101.38862045999998,21.9713599793447],[-101.38808601999995,21.973846909344672],[-101.38391173999997,21.973990719344677],[-101.38443574999998,21.982296399344456],[-101.37659028999997,21.981184219344467],[-101.37336571999998,21.99024934934427],[-101.37084659999994,21.991477939344232],[-101.36218987999996,21.990289779344277],[-101.36054022999997,21.995241119344158],[-101.32748462999996,21.997026449344137],[-101.32769725999998,21.999697859344018],[-101.32651029,21.999728049344036],[-101.32679624999999,22.005079059343934],[-101.32981487999996,22.004819319343895],[-101.32939744999999,22.00716908934386],[-101.34529847999995,22.005879919343883],[-101.34474261999999,22.0141424293437],[-101.35243928999996,22.013081579343744],[-101.34857244999996,22.02807111934337],[-101.33932908999999,22.02443319934344],[-101.33776502999996,22.025133019343443],[-101.33923530999999,22.0149857093437],[-101.32794248999994,22.01646845934366],[-101.32720847999997,22.021498049343517],[-101.33246662,22.024611489343446],[-101.33090074999996,22.035315179343215],[-101.35167499999994,22.043789149343024],[-101.35462068999999,22.030413059343324],[-101.36239301999996,22.033508659343248],[-101.36569228999997,22.018548429343614],[-101.38275537,22.020737909343538],[-101.38069119999994,22.02875933934332],[-101.36973831999995,22.027517249343397],[-101.36857336999998,22.03303101934327],[-101.37589797,22.033885289343235],[-101.37446371999994,22.041365139343046],[-101.3776094,22.042127249343075],[-101.37707836999999,22.044962139342978],[-101.36101176999995,22.041001059343053],[-101.36000037999997,22.044758629342965],[-101.35679094999995,22.043487879343],[-101.35417596999999,22.044704079342957],[-101.35167041999996,22.051613019342813],[-101.34658727999994,22.04969007934287],[-101.34588527999995,22.053606399342765],[-101.35335910999999,22.055924539342705],[-101.35117648999994,22.06755408934243],[-101.35475102999999,22.068914049342403],[-101.35423973999997,22.071735289342335],[-101.35076347999996,22.087758969341944],[-101.32938230999997,22.1356051793408],[-101.32774497999998,22.144112059340625],[-101.33769285999995,22.143522509340617],[-101.35130593999997,22.17675965933989],[-101.32425314999996,22.20989345933908],[-101.33233951999995,22.21204176933902],[-101.33872403,22.22016416933882],[-101.35285397999996,22.22920364933863],[-101.36167067999997,22.238483819338413],[-101.36444928999998,22.244415949338297],[-101.36291099999995,22.249492279338128],[-101.36704465999998,22.25310339933807],[-101.37123222999998,22.253564049338035],[-101.37680381999996,22.26165582933786],[-101.38201885999996,22.26101841933786],[-101.38535404999999,22.265093339337813],[-101.41625891999996,22.26734553933775],[-101.41013331999994,22.275080949337564],[-101.40899934999999,22.28043661933743],[-101.40490159999996,22.278683309337495],[-101.39815042,22.28142681933738],[-101.40075302999998,22.286986279337285],[-101.39890010999996,22.29340019933714],[-101.39143494999996,22.299901879336964],[-101.39920956999998,22.303857479336862],[-101.40551610999997,22.303457749336896],[-101.40841330999996,22.305983649336802],[-101.41057391999999,22.311175019336716],[-101.41973248999996,22.3150418193366],[-101.41843511999997,22.31645253933658],[-101.42547748,22.324387859336408],[-101.42907771999995,22.332896889336176],[-101.43441031999998,22.33774047933607],[-101.43512541999998,22.341533979336003],[-101.43297234999994,22.363276739335497],[-101.38191054999999,22.357485079335635],[-101.37358844999994,22.43955339933367],[-101.37478574999994,22.45645836933333],[-101.31372633999996,22.453490169333396],[-101.31538349,22.46964896933298],[-101.28572637999999,22.507855649332132],[-101.28661187999997,22.51495802933195],[-101.29511076999995,22.528450309331618],[-101.29455262,22.53130984933158],[-101.29632362999996,22.535478199331475],[-101.29460762999999,22.536423229331426],[-101.28908622999995,22.558613539330953],[-101.28751928999998,22.55981131933091],[-101.29358956999994,22.584513979330335],[-101.29681036999996,22.583539049330373],[-101.29885396999998,22.58752607933025],[-101.29795279999998,22.59320593933016],[-101.30362153999994,22.601930349329905],[-101.30570907999999,22.609930309329723],[-101.31444565999999,22.6157428293296],[-101.32210299999998,22.628280659329295],[-101.32578410999999,22.6297500893293],[-101.32548565999998,22.636885419329126],[-101.33041157999999,22.641529219329],[-101.32964956999996,22.642480799328975],[-101.33387373999996,22.642113139329],[-101.33693696999997,22.658756049328577],[-101.34700924999999,22.65762213932864],[-101.34765993999999,22.656190079328656],[-101.35937608999996,22.653532939328723],[-101.38001824999998,22.67583491932822],[-101.34923391999996,22.71177928932736],[-101.36005761999996,22.714337199327318],[-101.39279816999999,22.7381310793268],[-101.41107707899994,22.747680689326536],[-101.49096453899995,22.74287734932668],[-101.49700359999997,22.701541019327607],[-101.56739799999997,22.65677631932866],[-101.57387968999996,22.6337324193292],[-101.57279717999995,22.630124219329247],[-101.57382101999998,22.612816109329657],[-101.58732499999998,22.621131719329473],[-101.58773231999999,22.626611859329326],[-101.59528731999995,22.624072489329418],[-101.59008314999994,22.589035749330222],[-101.65647741999999,22.513262139331975],[-101.65650773999994,22.510438859332023],[-101.65990645999995,22.50532039933219],[-101.67474957999997,22.506539889332142],[-101.68546694999999,22.51164931933204],[-101.68796904999999,22.51599165933192],[-101.69490199999997,22.517768909331853],[-101.69601848999997,22.520422109331797],[-101.74617507999994,22.508693259332073],[-101.73536074999998,22.480214949332765],[-101.77153528999997,22.48816331933259],[-101.77849501999998,22.484868089332664],[-101.78336073999998,22.465033829333095],[-101.79927570999997,22.470559459332986],[-101.83714104999996,22.49969213933228],[-101.83043790999996,22.512013479332023],[-101.82565548999997,22.534004059331487],[-101.81989151999994,22.551294709331085],[-101.87295770999998,22.563073349330804],[-101.85328423,22.656025109328652],[-101.93975602999997,22.645725489328928],[-102.12489687999994,22.782952199325756],[-102.17613125999998,22.843023489324366],[-102.19213176999995,22.864902059323878],[-102.22815162999996,22.996523399320836],[-102.23808164999997,23.04764387931968],[-102.26005096999995,23.0459155093197],[-102.24973142,23.07545759931904],[-102.24153882999998,23.086335459318775],[-102.22373131999996,23.119418179317996],[-102.21415462999995,23.131319859317795],[-102.22992522999999,23.151884309317314],[-102.24097402999996,23.169380429316895],[-102.23945770999995,23.209493289315997],[-102.28936897999995,23.2316909393155],[-102.28582547999997,23.273320139314553],[-102.25279624999997,23.271235199314567],[-102.24467211999998,23.276768749314442],[-102.23159684999997,23.315116349313584],[-102.24106911999996,23.314981619313563],[-102.24675622999996,23.293322539314104],[-102.24985345999995,23.29101767931413],[-102.25469950999998,23.28083373931436],[-102.25639242999995,23.282420379314356],[-102.25780388999999,23.280079049314374],[-102.26953365999998,23.279912879314377],[-102.26457904999997,23.29009291931417],[-102.29603841999995,23.32050128931345],[-102.26826193999995,23.342277889312978],[-102.25361147999996,23.364955889312437],[-102.23815030999998,23.446901429310593],[-102.19361521999997,23.447599109310598],[-102.19616030999998,23.424894019311132],[-102.19134225999996,23.401387919311645],[-102.16861496999998,23.39890751931168],[-102.16879911999997,23.361025649312545],[-102.12253245999995,23.353860089312732],[-102.01194382999996,23.372748549312284],[-101.77512244999998,23.447629349310603],[-101.43711471999995,23.717031079304554],[-101.34099179999998,23.796487349302808],[-101.32699342999996,23.81266856930243],[-101.24813245999998,23.876434119301038],[-101.19250494999996,23.918559139300125],[-101.21674637999996,24.15973190929481],[-101.17323215,24.164136619294727],[-101.06540151999997,24.20702110929375],[-101.01268867999995,24.39081913928979],[-100.98732704999998,24.43251931928884],[-100.98484085999996,24.427267919289005],[-100.98791817999995,24.41779337928916],[-100.99009996999996,24.417975749289152],[-100.98760950999997,24.41254161928931],[-100.98823465,24.409551939289333],[-100.9930604,24.411349119289344],[-100.99463127999996,24.40736834928942],[-100.99766542999998,24.40730385928942],[-100.99768617999996,24.40416816928947],[-100.99966879999995,24.403871179289496],[-101.00002179999996,24.398441539289625],[-101.00294974999998,24.397542629289603],[-101.00143907999995,24.394767649289697],[-101.00849585999998,24.38757419928986],[-101.00739145999995,24.385113749289903],[-101.00986827999998,24.385117369289873],[-101.00638850999997,24.380510289290015],[-101.00758448,24.380584519290004],[-101.00742944999996,24.37761591929004],[-101.004757,24.377502199290046],[-101.00671761999996,24.37358756929013],[-101.00543461999996,24.368570709290232],[-101.00369933999998,24.36916917929021],[-101.00328204999994,24.36801007929024],[-101.00619430999997,24.358597049290477],[-101.01129742999996,24.35795948929048],[-101.01032721999998,24.34962977929065],[-101.00686474999999,24.345522059290765],[-101.00679004999996,24.340243249290882],[-101.00548197999997,24.339184999290882],[-101.00667462999998,24.335834779290934],[-100.94528597999994,24.28119588929215],[-100.85038307999999,24.343538539290797],[-100.81850801999997,24.377870419290065],[-100.80771464999998,24.387327799289825],[-100.80994754999996,24.38696341928983],[-100.74232428999996,24.46043545928824],[-100.79993411999999,24.556186079286164],[-100.81041634999998,24.551593780286307],[-100.84780564899995,24.555618600286202],[-100.88281444899998,24.571614890285833],[-100.90223377999996,24.583917740285592],[-100.95879259899999,24.54268406028647],[-101.08049513999998,24.59118530928545],[-101.12761959999995,24.62336177028477],[-101.16464593999996,24.681558970283508],[-101.18180281899998,24.73901496928224],[-101.20172559999997,24.76548832028173],[-101.21503913899994,24.77516785028149],[-101.23608890999998,24.777878969281456],[-101.31312313899997,24.801410859280917],[-101.34214156999997,24.813352510280684],[-101.40215705999998,24.788222430281227],[-101.41265494899996,24.77205502028153],[-101.46163934899995,24.736756819282306],[-101.49170531999995,24.743775859282135],[-101.51941564899994,24.746469860282087],[-101.54057874899996,24.7455812502821],[-101.62226970999997,24.758983079281855],[-101.64076722999994,24.80070353928092],[-101.60901162999994,24.78966413928121],[-101.60126062999997,24.835563199280184],[-101.65633176999997,24.8607931692797],[-101.68514948999997,24.840012659280124],[-101.77346294999997,24.875535119279352],[-101.83189845999999,24.97217321927731],[-101.84880999999996,25.01762361927634],[-102.08180562999996,25.070700599275234],[-102.23762219999998,25.118462379274206],[-102.29547728999995,25.12518887927407]]]}}]}
